lemme	cgram	genre	nombre	ortho
abaca	NOM	m	p	abacas
abaissant	ADJ	f	p	abaissantes
abaissant	ADJ	m	p	abaissants
abaisse	NOM	f	p	abaisses
abaissement	NOM	m	p	abaissements
abandonneur	NOM	m	s	abandonneur
abaque	NOM	m	p	abaques
abasourdi	ADJ	f	p	abasourdies
abasourdissant	ADJ	f	p	abasourdissantes
abasourdissant	ADJ	f	s	abasourdissante
abatture	NOM	f	s	abatture
abbatial	ADJ	m	p	abbatiaux
abbatiale	NOM	f	p	abbatiales
abdomen	NOM	m	p	abdomens
abdominal	NOM	m	s	abdominal
abducteur	ADJ	f	p	abductrices
abducteur	ADJ	f	s	abductrice
abducteur	ADJ	m	p	abducteurs
abduction	NOM	f	p	abductions
aber	NOM	m	p	abers
abhorré	ADJ	f	p	abhorrées
abhorré	ADJ	m	p	abhorrés
abkhaze	ADJ	f	p	abkhazes
abkhaze	ADJ	m	p	abkhazes
abkhaze	ADJ	m	s	abkhaze
ablatif	NOM	m	p	ablatifs
able	NOM	m	p	ables
abnégation	NOM	f	p	abnégations
abolition	NOM	f	p	abolitions
abolitionniste	ADJ	f	p	abolitionnistes
abolitionniste	ADJ	f	s	abolitionniste
abolitionniste	ADJ	m	p	abolitionnistes
abondance	NOM	f	p	abondances
abonné	ADJ	f	p	abonnées
abordé	ADJ	f	s	abordée
abornement	NOM	m	p	abornements
abortif	ADJ	m	p	abortifs
abouchement	NOM	m	s	abouchement
aboulie	NOM	f	p	aboulies
abouna	NOM	m	s	abouna
about	NOM	m	p	abouts
abouti	ADJ	f	p	abouties
aboutissement	NOM	m	p	aboutissements
aboyant	ADJ	f	p	aboyantes
aboyant	ADJ	m	p	aboyants
aboyeur	ADJ	f	p	aboyeuses
aboyeur	ADJ	f	s	aboyeuse
abracadabra	NOM	m	p	abracadabras
abrasif	ADJ	f	p	abrasives
abrasion	NOM	f	p	abrasions
abreuvage	NOM	m	p	abreuvages
abreuvé	ADJ	f	p	abreuvées
abreuvé	ADJ	f	s	abreuvée
abricotine	NOM	f	p	abricotines
abritant	ADJ	f	p	abritantes
abritant	ADJ	f	s	abritante
abritant	ADJ	m	p	abritants
abrité	ADJ	f	p	abritées
abrogation	NOM	f	p	abrogations
abrogé	ADJ	f	p	abrogées
abrogé	ADJ	f	s	abrogée
abrogé	ADJ	m	p	abrogés
abrutissement	NOM	m	p	abrutissements
abrutisseur	NOM	m	p	abrutisseurs
abrégé	ADJ	f	p	abrégées
abréviatif	ADJ	f	p	abréviatives
abréviatif	ADJ	f	s	abréviative
abréviatif	ADJ	m	p	abréviatifs
abscisse	NOM	f	p	abscisses
abscission	NOM	f	p	abscissions
abscons	ADJ	m	p	abscons
abscons	ADJ	m	s	abscons
absentéisme	NOM	m	p	absentéismes
absentéiste	ADJ	f	p	absentéistes
absentéiste	ADJ	f	s	absentéiste
absentéiste	ADJ	m	p	absentéistes
absidial	ADJ	f	s	absidiale
absidial	ADJ	m	p	absidiaux
absidial	ADJ	m	s	absidial
absidiole	NOM	f	p	absidioles
absinthe	NOM	f	p	absinthes
absolution	NOM	f	p	absolutions
absolutisme	NOM	m	p	absolutismes
absolvant	ADJ	f	p	absolvantes
absolvant	ADJ	f	s	absolvante
absolvant	ADJ	m	p	absolvants
absorbable	ADJ	f	p	absorbables
absorbable	ADJ	f	s	absorbable
absorbable	ADJ	m	s	absorbable
absorbant	NOM	m	p	absorbants
absorbeur	NOM	m	p	absorbeurs
absoute	NOM	f	p	absoutes
abstention	NOM	f	p	abstentions
abstinent	ADJ	f	p	abstinentes
abstinent	ADJ	m	p	abstinents
abstrus	ADJ	m	s	abstrus
abuseur	NOM	m	p	abuseurs
abyme	NOM	m	p	abymes
abyssal	ADJ	m	p	abyssaux
abyssin	ADJ	f	p	abyssines
abyssin	ADJ	f	s	abyssine
abyssin	NOM	m	p	abyssins
abyssinien	ADJ	f	p	abyssiniennes
abyssinien	ADJ	f	s	abyssinienne
abyssinien	ADJ	m	p	abyssiniens
abâtardi	ADJ	f	p	abâtardies
abâtardi	ADJ	m	p	abâtardis
abâtardi	ADJ	m	s	abâtardi
abécédaire	NOM	m	p	abécédaires
abêti	ADJ	f	s	abêtie
abêtissement	NOM	m	p	abêtissements
acadien	ADJ	f	p	acadiennes
acadien	ADJ	f	s	acadienne
acadien	ADJ	m	p	acadiens
acadienne	NOM	f	p	acadiennes
académisme	NOM	m	p	académismes
acarien	NOM	m	s	acarien
acariâtre	ADJ	f	s	acariâtre
acariâtre	ADJ	m	p	acariâtres
acariâtre	ADJ	m	s	acariâtre
accaparant	ADJ	f	p	accaparantes
accaparant	ADJ	m	p	accaparants
accapareur	ADJ	f	p	accapareuses
accapareur	ADJ	f	s	accapareuse
accapareur	ADJ	m	p	accapareurs
accenteur	NOM	m	p	accenteurs
accentuation	NOM	f	p	accentuations
acceptant	NOM	m	p	acceptants
accesseur	NOM	m	s	accesseur
accessibilité	NOM	f	p	accessibilités
accession	NOM	f	p	accessions
accessit	NOM	m	p	accessits
acclimatation	NOM	f	p	acclimatations
acclimatement	NOM	m	p	acclimatements
accolement	NOM	m	p	accolements
accolé	ADJ	m	s	accolé
accommodateur	ADJ	f	s	accommodatrice
accommodateur	ADJ	m	p	accommodateurs
accommodateur	ADJ	m	s	accommodateur
accommodation	NOM	f	p	accommodations
accompagnant	ADJ	f	p	accompagnantes
accompagnant	ADJ	f	s	accompagnante
accompagnant	ADJ	m	p	accompagnants
accompli	NOM	m	p	accomplis
accordement	NOM	m	p	accordements
accordeur	NOM	m	p	accordeurs
accordo	NOM	m	p	accordos
accore	ADJ	f	p	accores
accore	ADJ	m	p	accores
accore	ADJ	m	s	accore
accore	NOM	m	s	accore
accostage	NOM	m	p	accostages
accostant	ADJ	f	p	accostantes
accostant	ADJ	f	s	accostante
accostant	ADJ	m	p	accostants
accotoir	NOM	m	s	accotoir
accoudé	ADJ	f	p	accoudées
accoutré	ADJ	f	p	accoutrées
accra	NOM	m	s	accra
accro	ADJ	f	p	accros
accro	ADJ	f	s	accro
accroissement	NOM	m	p	accroissements
accroupissement	NOM	m	p	accroupissements
accrue	NOM	f	p	accrues
accréditif	NOM	m	p	accréditifs
accrédité	ADJ	f	p	accréditées
accrédité	NOM	m	s	accrédité
accrétion	NOM	f	p	accrétions
acculturation	NOM	f	p	acculturations
acculé	ADJ	f	p	acculées
acculé	ADJ	f	s	acculée
accusateur	ADJ	f	p	accusatrices
accusatif	NOM	m	p	accusatifs
accélérant	ADJ	f	p	accélérantes
accélérant	ADJ	f	s	accélérante
accélérateur	ADJ	f	p	accélératrices
accéléré	ADJ	f	p	accélérées
accéléré	ADJ	f	s	accélérée
accéléré	NOM	m	p	accélérés
ace	NOM	m	p	aces
acellulaire	ADJ	f	p	acellulaires
acellulaire	ADJ	f	s	acellulaire
acellulaire	ADJ	m	p	acellulaires
acerbe	ADJ	f	s	acerbe
acerbe	ADJ	m	p	acerbes
acerbe	ADJ	m	s	acerbe
acetabulum	NOM	m	p	acetabulums
achalandage	NOM	m	p	achalandages
acheminement	NOM	m	p	acheminements
achillée	NOM	f	p	achillées
achoppement	NOM	m	p	achoppements
acidocétose	NOM	f	p	acidocétoses
acidose	NOM	f	p	acidoses
acnéique	ADJ	f	p	acnéiques
acnéique	ADJ	f	s	acnéique
acnéique	ADJ	m	s	acnéique
aconier	NOM	m	s	aconier
aconit	NOM	m	p	aconits
acouphène	NOM	m	p	acouphènes
acquis	ADJ	m	p	acquis
acquis	ADJ	m	s	acquis
acquittement	NOM	m	p	acquittements
acquitté	ADJ	f	p	acquittées
acra	NOM	m	p	acras
acrimonie	NOM	f	p	acrimonies
acrimonieux	ADJ	m	p	acrimonieux
acromion	NOM	m	p	acromions
acronyme	NOM	m	p	acronymes
acrophobie	NOM	f	p	acrophobies
acropole	NOM	f	p	acropoles
acrostiche	NOM	m	p	acrostiches
acrotère	NOM	m	p	acrotères
acrylonitrile	NOM	m	p	acrylonitriles
actine	NOM	f	p	actines
actinie	NOM	f	s	actinie
actionnariat	NOM	m	p	actionnariats
actionnement	NOM	m	p	actionnements
actionneur	NOM	m	p	actionneurs
activant	ADJ	f	p	activantes
activant	ADJ	f	s	activante
activant	ADJ	m	p	activants
activateur	NOM	m	p	activateurs
activisme	NOM	m	p	activismes
activiste	ADJ	f	p	activistes
activiste	ADJ	f	s	activiste
activiste	ADJ	m	s	activiste
actualisation	NOM	f	p	actualisations
actuariel	ADJ	f	p	actuarielles
actuariel	ADJ	f	s	actuarielle
actuariel	ADJ	m	p	actuariels
actuation	NOM	f	p	actuations
acuité	NOM	f	p	acuités
acumen	NOM	m	p	acumens
acuponcteur	NOM	m	p	acuponcteurs
acupuncteur	NOM	m	p	acupuncteurs
acupuncture	NOM	f	p	acupunctures
acétate	NOM	m	p	acétates
acétique	ADJ	f	p	acétiques
acétique	ADJ	f	s	acétique
acétique	ADJ	m	p	acétiques
acétone	NOM	f	p	acétones
acétylcholine	NOM	f	p	acétylcholines
acétylsalicylique	ADJ	f	p	acétylsalicyliques
acétylsalicylique	ADJ	f	s	acétylsalicylique
acétylsalicylique	ADJ	m	p	acétylsalicyliques
acétylène	NOM	m	p	acétylènes
ada	NOM	m	p	adas
adagio	NOM	m	p	adagios
adamantin	ADJ	f	p	adamantines
adamantin	ADJ	m	p	adamantins
adamique	ADJ	f	p	adamiques
adamique	ADJ	f	s	adamique
adamique	ADJ	m	p	adamiques
adaptabilité	NOM	f	p	adaptabilités
adaptable	ADJ	f	p	adaptables
adaptable	ADJ	f	s	adaptable
adaptable	ADJ	m	s	adaptable
adaptatif	ADJ	f	p	adaptatives
adaptatif	ADJ	f	s	adaptative
addendum	NOM	m	p	addenda
addendum	NOM	m	p	addendums
addiction	NOM	f	p	addictions
additif	ADJ	f	p	additives
additif	ADJ	f	s	additive
adduction	NOM	f	p	adductions
adent	NOM	m	p	adents
adipeux	ADJ	m	p	adipeux
adipeux	ADJ	m	s	adipeux
adipique	ADJ	f	p	adipiques
adipique	ADJ	f	s	adipique
adipique	ADJ	m	p	adipiques
adiposité	NOM	f	p	adiposités
adjectif	ADJ	f	p	adjectives
adjectif	ADJ	m	p	adjectifs
adjoint	ADJ	f	p	adjointes
adjonction	NOM	f	p	adjonctions
adjutrice	NOM	f	p	adjutrices
adjuvant	ADJ	f	p	adjuvantes
adjuvant	ADJ	f	s	adjuvante
adjuvant	ADJ	m	s	adjuvant
adjuvant	NOM	m	s	adjuvant
administrant	ADJ	f	p	administrantes
administrant	ADJ	f	s	administrante
administrant	ADJ	m	p	administrants
administré	ADJ	m	p	administrés
admirateur	ADJ	f	p	admiratrices
admis	ADJ	m	p	admis
admis	ADJ	m	s	admis
admissibilité	NOM	f	p	admissibilités
admissible	ADJ	f	s	admissible
admissible	ADJ	m	p	admissibles
admixtion	NOM	f	p	admixtions
adobe	NOM	m	p	adobes
adon	NOM	m	p	adons
adoptable	ADJ	f	p	adoptables
adoptable	ADJ	m	p	adoptables
adoptable	ADJ	m	s	adoptable
adoptant	ADJ	f	p	adoptantes
adoptant	ADJ	f	s	adoptante
adoptant	ADJ	m	p	adoptants
adoptant	NOM	m	p	adoptants
adorant	ADJ	f	p	adorantes
adossé	ADJ	f	p	adossées
adoubement	NOM	m	p	adoubements
adouci	ADJ	f	p	adoucies
adouci	ADJ	f	s	adoucie
adoucissant	ADJ	f	s	adoucissante
adoucissant	ADJ	m	p	adoucissants
adoucissant	NOM	m	p	adoucissants
adragant	ADJ	f	p	adragantes
adragant	ADJ	m	p	adragants
adragant	ADJ	m	s	adragant
adressage	NOM	m	p	adressages
adret	NOM	m	p	adrets
adulateur	ADJ	f	p	adulatrices
adulateur	ADJ	f	s	adulatrice
adulateur	ADJ	m	p	adulateurs
adulateur	NOM	m	p	adulateurs
adultération	NOM	f	p	adultérations
adultérin	ADJ	f	p	adultérines
adventice	ADJ	f	p	adventices
adventice	ADJ	f	s	adventice
adventice	ADJ	m	s	adventice
adventiste	ADJ	f	p	adventistes
adventiste	ADJ	m	p	adventistes
adventiste	ADJ	m	s	adventiste
advenu	ADJ	f	p	advenues
advenu	ADJ	m	p	advenus
advenu	ADJ	m	s	advenu
adénine	NOM	f	p	adénines
adénocarcinome	NOM	m	p	adénocarcinomes
adénome	NOM	m	p	adénomes
adénopathie	NOM	f	p	adénopathies
adénosine	NOM	f	p	adénosines
adéquation	NOM	f	p	adéquations
aegipan	NOM	m	s	aegipan
affacturage	NOM	m	p	affacturages
affadissement	NOM	m	p	affadissements
affaiblissant	ADJ	f	p	affaiblissantes
affaiblissant	ADJ	f	s	affaiblissante
affaiblissant	ADJ	m	p	affaiblissants
affaiblissement	NOM	m	p	affaiblissements
affairisme	NOM	m	p	affairismes
affairiste	ADJ	f	p	affairistes
affairiste	ADJ	f	s	affairiste
affairiste	ADJ	m	p	affairistes
affalement	NOM	m	p	affalements
affamant	ADJ	f	s	affamante
affamant	ADJ	m	p	affamants
affamant	ADJ	m	s	affamant
affect	NOM	m	p	affects
affectionné	ADJ	f	p	affectionnées
affectivité	NOM	f	p	affectivités
affectueux	ADJ	m	p	affectueux
affectueux	ADJ	m	s	affectueux
affermissement	NOM	m	p	affermissements
affichant	ADJ	f	p	affichantes
affichant	ADJ	f	s	affichante
affichant	ADJ	m	p	affichants
affidavit	NOM	m	p	affidavits
affidé	ADJ	f	p	affidées
affidé	ADJ	m	p	affidés
affidé	ADJ	m	s	affidé
affin	ADJ	f	p	affines
affin	ADJ	f	s	affine
affin	ADJ	m	p	affins
affinage	NOM	m	p	affinages
affinement	NOM	m	p	affinements
affiné	ADJ	f	p	affinées
affiné	ADJ	m	p	affinés
affiquet	NOM	m	s	affiquet
affirmatif	ADJ	f	p	affirmatives
affirmative	NOM	f	p	affirmatives
affixé	ADJ	f	p	affixées
affixé	ADJ	f	s	affixée
affixé	ADJ	m	p	affixés
affleurant	ADJ	f	p	affleurantes
affleurant	ADJ	f	s	affleurante
affleurant	ADJ	m	p	affleurants
affligé	ADJ	f	p	affligées
affluence	NOM	f	p	affluences
affluent	ADJ	f	s	affluente
affolement	NOM	m	p	affolements
affranchissement	NOM	m	p	affranchissements
affre	NOM	f	s	affre
affreux	ADJ	m	p	affreux
affreux	ADJ	m	s	affreux
affronté	ADJ	f	s	affrontée
affronté	ADJ	m	s	affronté
affrètement	NOM	m	p	affrètements
affréteur	NOM	m	p	affréteurs
affublement	NOM	m	p	affublements
affublé	ADJ	f	p	affublées
affusion	NOM	f	s	affusion
affété	ADJ	f	s	affétée
affété	ADJ	m	p	affétés
affété	ADJ	m	s	affété
affûtage	NOM	m	p	affûtages
affûteur	NOM	m	p	affûteurs
africanisme	NOM	m	p	africanismes
afrikaans	ADJ	f	p	afrikaans
afrikaans	ADJ	m	p	afrikaans
afrikaans	ADJ	m	s	afrikaans
agace	NOM	f	p	agaces
agaceur	NOM	m	p	agaceurs
agame	NOM	m	s	agame
agami	NOM	m	p	agamis
agasse	NOM	f	s	agasse
agathe	NOM	f	p	agathes
agenouillement	NOM	m	p	agenouillements
aggiornamento	NOM	m	p	aggiornamentos
agglo	NOM	m	p	agglos
agglomérat	NOM	m	p	agglomérats
aggloméré	ADJ	f	p	agglomérées
aggloméré	ADJ	f	s	agglomérée
agglutinatif	ADJ	f	p	agglutinatives
agglutinatif	ADJ	f	s	agglutinative
agglutinatif	ADJ	m	p	agglutinatifs
agglutination	NOM	f	p	agglutinations
agglutinement	NOM	m	p	agglutinements
agglutinogène	NOM	m	p	agglutinogènes
aggravant	ADJ	m	p	aggravants
aggravant	ADJ	m	s	aggravant
aggravation	NOM	f	p	aggravations
aggrave	NOM	f	p	aggraves
aggravée	NOM	f	p	aggravées
agha	NOM	m	s	agha
agio	NOM	m	s	agio
agioteur	NOM	m	p	agioteurs
agissant	ADJ	m	p	agissants
agitant	ADJ	f	p	agitantes
agitant	ADJ	f	s	agitante
agitant	ADJ	m	p	agitants
agnat	NOM	m	p	agnats
agnathe	NOM	m	s	agnathe
agnelage	NOM	m	p	agnelages
agnelet	NOM	m	p	agnelets
agneline	NOM	f	p	agnelines
agnosie	NOM	f	p	agnosies
agnostique	ADJ	f	p	agnostiques
agnostique	ADJ	m	p	agnostiques
agnostique	ADJ	m	s	agnostique
agonique	ADJ	f	p	agoniques
agonique	ADJ	m	p	agoniques
agonique	ADJ	m	s	agonique
agora	NOM	f	p	agoras
agoraphobe	ADJ	f	p	agoraphobes
agoraphobe	ADJ	f	s	agoraphobe
agoraphobe	ADJ	m	p	agoraphobes
agoraphobie	NOM	f	p	agoraphobies
agrafage	NOM	m	p	agrafages
agrafeur	NOM	m	p	agrafeurs
agrainage	NOM	m	p	agrainages
agranulocytose	NOM	f	p	agranulocytoses
agrarien	ADJ	f	p	agrariennes
agrarien	ADJ	f	s	agrarienne
agrarien	ADJ	m	p	agrariens
agresseur	ADJ	f	p	agresseuses
agresseur	ADJ	f	s	agresseuse
agreste	ADJ	f	s	agreste
agreste	ADJ	m	p	agrestes
agreste	ADJ	m	s	agreste
agriculture	NOM	f	p	agricultures
agrippant	ADJ	f	p	agrippantes
agrippant	ADJ	f	s	agrippante
agrippement	NOM	m	p	agrippements
agroalimentaire	ADJ	f	p	agroalimentaires
agroalimentaire	ADJ	f	s	agroalimentaire
agroalimentaire	ADJ	m	p	agroalimentaires
agroalimentaire	NOM	m	p	agroalimentaires
agronomie	NOM	f	p	agronomies
agroville	NOM	f	s	agroville
agrégatif	ADJ	f	p	agrégatives
agrégatif	ADJ	f	s	agrégative
agrégatif	ADJ	m	p	agrégatifs
agrégation	NOM	f	p	agrégations
agrégative	NOM	f	p	agrégatifs
agrégative	NOM	f	p	agrégatives
agrégé	ADJ	f	p	agrégées
agrégé	ADJ	f	s	agrégée
agrémenté	ADJ	f	p	agrémentées
agrémenté	ADJ	m	p	agrémentés
agréé	ADJ	f	p	agréées
agréé	NOM	m	p	agréés
aguardiente	NOM	f	p	aguardientes
aguichage	NOM	m	p	aguichages
aguichant	ADJ	m	p	aguichants
aguiche	NOM	f	p	aguiches
ahanant	ADJ	f	p	ahanantes
ahanant	ADJ	m	p	ahanants
aiglefin	NOM	m	p	aiglefins
aigret	ADJ	m	p	aigrets
aigret	ADJ	m	s	aigret
aiguade	NOM	f	p	aiguades
aiguail	NOM	m	p	aiguails
aiguillat	NOM	m	p	aiguillats
aiguillette	NOM	f	s	aiguillette
aiguillonnant	ADJ	f	p	aiguillonnantes
aiguillonnant	ADJ	m	p	aiguillonnants
aiguillonnant	ADJ	m	s	aiguillonnant
aiguiseur	NOM	m	p	aiguiseurs
aiguisoir	NOM	m	p	aiguisoirs
aiguière	NOM	f	p	aiguières
ail	NOM	m	p	ails
ail	NOM	m	p	aulx
aimantation	NOM	f	p	aimantations
airain	NOM	m	p	airains
airedale	NOM	m	p	airedales
aisseau	NOM	m	p	aisseaux
aixois	ADJ	f	p	aixoises
aixois	ADJ	f	s	aixoise
aixois	ADJ	m	p	aixois
ajax	NOM	m	p	ajax
ajiste	ADJ	f	s	ajiste
ajiste	ADJ	m	p	ajistes
ajiste	ADJ	m	s	ajiste
ajour	NOM	m	s	ajour
ajourné	ADJ	f	p	ajournées
ajustage	NOM	m	p	ajustages
ajusture	NOM	f	p	ajustures
ajutage	NOM	m	p	ajutages
akkadien	NOM	m	p	akkadiens
akvavit	NOM	m	p	akvavits
alabandine	NOM	f	s	alabandine
alacrité	NOM	f	p	alacrités
alaise	NOM	f	p	alaises
alambiqué	ADJ	m	s	alambiqué
alanguissant	ADJ	f	p	alanguissantes
alanguissant	ADJ	m	p	alanguissants
alanguissant	ADJ	m	s	alanguissant
alarmisme	NOM	m	p	alarmismes
alarmiste	ADJ	f	p	alarmistes
alarmiste	ADJ	m	p	alarmistes
alarmiste	ADJ	m	s	alarmiste
albacore	NOM	m	p	albacores
albanais	ADJ	m	p	albanais
albanais	ADJ	m	s	albanais
albanophone	ADJ	f	p	albanophones
albanophone	ADJ	f	s	albanophone
albanophone	ADJ	m	p	albanophones
albe	NOM	m	p	albes
albinisme	NOM	m	p	albinismes
albugo	NOM	m	p	albugos
albumineux	ADJ	f	p	albumineuses
albumineux	ADJ	m	p	albumineux
albumineux	ADJ	m	s	albumineux
albène	NOM	m	p	albènes
alcade	NOM	m	p	alcades
alcalinité	NOM	f	p	alcalinités
alcalose	NOM	f	p	alcaloses
alcaloïde	NOM	m	p	alcaloïdes
alcazar	NOM	m	p	alcazars
alchimique	ADJ	f	s	alchimique
alchimique	ADJ	m	p	alchimiques
alchimique	ADJ	m	s	alchimique
alcibiade	NOM	m	p	alcibiades
alcoolisme	NOM	m	p	alcoolismes
alcoolo	ADJ	f	p	alcoolos
alcoolo	ADJ	f	s	alcoolo
alcoolo	ADJ	m	s	alcoolo
alcoolémie	NOM	f	p	alcoolémies
alcoomètre	NOM	m	p	alcoomètres
alcootest	NOM	m	p	alcootests
alcoran	NOM	m	p	alcorans
alcée	NOM	f	s	alcée
alde	NOM	m	p	aldes
alderman	NOM	m	p	aldermans
alderman	NOM	m	p	aldermen
aldol	NOM	m	p	aldols
aldéhyde	NOM	m	p	aldéhydes
ale	NOM	f	p	ales
alentour	NOM	m	s	alentour
alexandra	NOM	m	p	alexandras
alexie	NOM	f	p	alexies
alfénide	NOM	m	s	alfénide
algie	NOM	f	p	algies
algonquin	ADJ	f	p	algonquines
algonquin	ADJ	f	s	algonquine
algonquin	ADJ	m	p	algonquins
algonquin	NOM	m	p	algonquins
algèbre	NOM	f	p	algèbres
algérois	ADJ	f	p	algéroises
algérois	ADJ	m	p	algérois
algérois	ADJ	m	s	algérois
alidade	NOM	f	p	alidades
aligot	NOM	m	p	aligots
aligoté	ADJ	f	p	aligotées
aligoté	ADJ	f	s	aligotée
aligoté	ADJ	m	p	aligotés
aligoté	NOM	m	p	aligotés
alisier	NOM	m	p	alisiers
alitement	NOM	m	p	alitements
alizé	ADJ	f	p	alizées
alizé	ADJ	f	s	alizée
aliénant	ADJ	f	p	aliénantes
aliénant	ADJ	m	p	aliénants
aliénation	NOM	f	p	aliénations
aliéné	ADJ	f	p	aliénées
alkali	NOM	m	p	alkalis
allaitant	ADJ	m	p	allaitants
allaitement	NOM	m	p	allaitements
allant	ADJ	f	p	allantes
allant	ADJ	m	p	allants
allant	NOM	m	p	allants
allegro	NOM	m	p	allegri
allegro	NOM	m	p	allegros
allergologie	NOM	f	p	allergologies
allergène	ADJ	f	s	allergène
allergène	ADJ	m	p	allergènes
alliacé	ADJ	f	p	alliacées
alliacé	ADJ	f	s	alliacée
alliacé	ADJ	m	p	alliacés
allitératif	ADJ	f	p	allitératives
allitératif	ADJ	f	s	allitérative
allitératif	ADJ	m	p	allitératifs
allochtone	NOM	m	p	allochtones
allogreffe	NOM	f	p	allogreffes
allogène	ADJ	f	s	allogène
allogène	ADJ	m	p	allogènes
allogène	ADJ	m	s	allogène
allongement	NOM	m	p	allongements
allopathie	NOM	f	p	allopathies
allostérique	ADJ	f	p	allostériques
allostérique	ADJ	f	s	allostérique
allostérique	ADJ	m	p	allostériques
allumage	NOM	m	p	allumages
allumoir	NOM	m	p	allumoirs
alluré	ADJ	f	p	allurées
alluré	ADJ	f	s	allurée
alluré	ADJ	m	p	allurés
allèle	ADJ	f	p	allèles
allèle	ADJ	f	s	allèle
allèle	ADJ	m	p	allèles
allèle	NOM	m	p	allèles
aloi	NOM	m	p	alois
alopécie	NOM	f	p	alopécies
alourdissement	NOM	m	p	alourdissements
aloyau	NOM	m	p	aloyaux
alpaga	NOM	m	p	alpagas
alpenstock	NOM	m	p	alpenstocks
alpestre	ADJ	f	p	alpestres
alpestre	ADJ	f	s	alpestre
alpestre	ADJ	m	s	alpestre
alphabétisation	NOM	f	p	alphabétisations
alphabétisé	ADJ	f	p	alphabétisées
alphabétisé	ADJ	f	s	alphabétisée
alphabétisé	ADJ	m	p	alphabétisés
alphanumérique	ADJ	f	p	alphanumériques
alphanumérique	ADJ	f	s	alphanumérique
alphanumérique	ADJ	m	p	alphanumériques
alpinisme	NOM	m	p	alpinismes
alternant	ADJ	f	p	alternantes
alternant	ADJ	f	s	alternante
alternant	ADJ	m	p	alternants
alternateur	NOM	m	p	alternateurs
alterne	ADJ	f	p	alternes
alterne	ADJ	f	s	alterne
alterne	ADJ	m	p	alternes
altruisme	NOM	m	p	altruismes
altérité	NOM	f	p	altérités
alude	NOM	f	s	alude
aluette	NOM	f	p	aluettes
aluminium	NOM	m	p	aluminiums
alun	NOM	m	p	aluns
alvin	ADJ	f	p	alvines
alvin	ADJ	f	s	alvine
alvin	ADJ	m	p	alvins
alvéolaire	ADJ	f	p	alvéolaires
alvéolaire	ADJ	m	p	alvéolaires
alvéolaire	ADJ	m	s	alvéolaire
alène	NOM	f	p	alènes
alèse	NOM	f	p	alèses
aléoutien	ADJ	f	p	aléoutiennes
aléoutien	ADJ	f	s	aléoutienne
aléoutien	ADJ	m	p	aléoutiens
amadou	NOM	m	p	amadous
amaigrissement	NOM	m	p	amaigrissements
aman	NOM	m	p	amans
amateur	ADJ	f	p	amateurs
amateur	ADJ	f	p	amatrices
amateur	ADJ	m	p	amateurs
amateur	ADJ	m	s	amateur
amateurisme	NOM	m	p	amateurismes
amaurose	NOM	f	p	amauroses
amazonien	ADJ	m	p	amazoniens
ambidextre	ADJ	f	p	ambidextres
ambidextre	ADJ	m	p	ambidextres
ambidextre	ADJ	m	s	ambidextre
ambitieuse	NOM	f	s	ambitieuse
ambitieux	ADJ	m	p	ambitieux
ambitieux	ADJ	m	s	ambitieux
ambivalent	ADJ	f	p	ambivalentes
ambivalent	ADJ	m	p	ambivalents
amble	NOM	m	p	ambles
ambon	NOM	m	p	ambons
ambre	NOM	m	p	ambres
ambroisie	NOM	f	p	ambroisies
amenuisement	NOM	m	p	amenuisements
amenée	NOM	f	p	amenées
amerrissage	NOM	m	p	amerrissages
amharique	NOM	m	p	amhariques
amiable	ADJ	f	p	amiables
amiable	ADJ	f	s	amiable
amiable	ADJ	m	p	amiables
amiante	NOM	m	p	amiantes
amibien	ADJ	f	p	amibiennes
amibien	ADJ	m	p	amibiens
amibien	ADJ	m	s	amibien
amicalité	NOM	f	s	amicalité
amidon	NOM	m	p	amidons
amincissement	NOM	m	p	amincissements
amine	NOM	f	p	amines
aminoacide	NOM	m	s	amino-acide
aminoacide	NOM	m	s	aminoacide
aminophylline	NOM	f	p	aminophyllines
aminé	ADJ	f	p	aminées
aminé	ADJ	f	s	aminée
amiral	ADJ	f	p	amirales
amiral	ADJ	m	p	amiraux
amitieux	ADJ	f	p	amitieuses
amitieux	ADJ	m	p	amitieux
amitieux	ADJ	m	s	amitieux
ammoniac	ADJ	f	p	ammoniaques
ammoniac	ADJ	f	s	ammoniaque
ammoniac	ADJ	m	p	ammoniacs
ammoniac	ADJ	m	p	ammoniaques
ammoniac	NOM	m	p	ammoniacs
ammoniacal	ADJ	m	s	ammoniacal
ammoniaque	NOM	f	p	ammoniaques
ammoniaqué	ADJ	m	p	ammoniaqués
ammonite	NOM	f	p	ammonites
ammonium	NOM	m	p	ammoniums
amniocentèse	NOM	f	p	amniocentèses
amniotique	ADJ	f	p	amniotiques
amniotique	ADJ	f	s	amniotique
amniotique	ADJ	m	p	amniotiques
amnistiant	ADJ	f	p	amnistiantes
amnistiant	ADJ	m	p	amnistiants
amnistiant	ADJ	m	s	amnistiant
amnistié	ADJ	f	p	amnistiées
amnistié	ADJ	m	s	amnistié
amnistié	NOM	m	p	amnistiés
amoindrissement	NOM	m	p	amoindrissements
amok	NOM	m	p	amoks
amollissant	ADJ	f	p	amollissantes
amollissant	ADJ	f	s	amollissante
amollissant	ADJ	m	p	amollissants
amollissement	NOM	m	p	amollissements
amont	NOM	m	p	amonts
amontillado	NOM	m	p	amontillados
amoral	ADJ	f	p	amorales
amoralité	NOM	f	p	amoralités
amortissement	NOM	m	p	amortissements
amorçage	NOM	m	p	amorçages
amorçoir	NOM	m	p	amorçoirs
amour	NOM	m	p	amours
amoureux	ADJ	m	p	amoureux
amoureux	ADJ	m	s	amoureux
amphigourique	ADJ	f	p	amphigouriques
amphigourique	ADJ	f	s	amphigourique
amphigourique	ADJ	m	s	amphigourique
amphitrite	NOM	f	p	amphitrites
amphitryon	NOM	m	p	amphitryons
amplificateur	ADJ	f	p	amplificatrices
amplificateur	ADJ	f	s	amplificatrice
amplitude	NOM	f	p	amplitudes
ampèremètre	NOM	m	p	ampèremètres
ampérage	NOM	m	p	ampérages
amygdalien	ADJ	f	p	amygdaliennes
amygdalien	ADJ	f	s	amygdalienne
amygdalien	ADJ	m	p	amygdaliens
amygdalite	NOM	f	p	amygdalites
amylase	NOM	f	p	amylases
amyle	NOM	m	p	amyles
amylique	ADJ	f	p	amyliques
amylique	ADJ	f	s	amylique
amylique	ADJ	m	p	amyliques
amyotrophique	ADJ	f	p	amyotrophiques
amyotrophique	ADJ	m	p	amyotrophiques
amyotrophique	ADJ	m	s	amyotrophique
amène	ADJ	f	p	amènes
amène	ADJ	f	s	amène
amène	ADJ	m	s	amène
amé	NOM	m	p	amés
améliorateur	ADJ	f	p	amélioratrices
améliorateur	ADJ	f	s	amélioratrice
améliorateur	ADJ	m	p	améliorateurs
aménorrhée	NOM	f	p	aménorrhées
américanisation	NOM	f	p	américanisations
américanité	NOM	f	p	américanités
américium	NOM	m	p	américiums
améthyste	ADJ	f	p	améthyste
améthyste	ADJ	m	p	améthyste
améthyste	ADJ	m	s	améthyste
anabaptiste	ADJ	f	s	anabaptiste
anabaptiste	ADJ	m	p	anabaptistes
anabaptiste	ADJ	m	s	anabaptiste
anabase	NOM	f	p	anabases
anabolisant	ADJ	f	p	anabolisantes
anabolisant	ADJ	f	s	anabolisante
anacoluthe	NOM	f	p	anacoluthes
anadyomène	ADJ	f	p	anadyomènes
anadyomène	ADJ	m	p	anadyomènes
anadyomène	ADJ	m	s	anadyomène
anaglyphe	NOM	m	p	anaglyphes
analeptique	NOM	m	s	analeptique
analgésie	NOM	f	p	analgésies
analgésique	ADJ	f	s	analgésique
analgésique	ADJ	m	p	analgésiques
analphabétisme	NOM	m	p	analphabétismes
analysé	NOM	m	p	analysés
analytique	NOM	f	p	analytiques
anamnèse	NOM	f	p	anamnèses
anamorphose	NOM	f	p	anamorphoses
anaphase	NOM	f	p	anaphases
anaphylaxie	NOM	f	p	anaphylaxies
anar	ADJ	f	p	anars
anar	ADJ	m	p	anars
anar	ADJ	m	s	anar
anarchie	NOM	f	p	anarchies
anarchisant	ADJ	f	p	anarchisantes
anarchisant	ADJ	f	s	anarchisante
anarchisant	ADJ	m	p	anarchisants
anarchisme	NOM	m	p	anarchismes
anatidé	NOM	m	s	anatidé
anatife	NOM	m	s	anatife
anatomophysiologique	ADJ	f	p	anatomophysiologiques
anatomophysiologique	ADJ	f	s	anatomophysiologique
anatomophysiologique	ADJ	m	p	anatomophysiologiques
anaérobie	ADJ	f	p	anaérobies
anaérobie	ADJ	f	s	anaérobie
anaérobie	ADJ	m	p	anaérobies
anche	NOM	f	p	anches
anchoïade	NOM	f	p	anchoïades
ancienneté	NOM	f	p	anciennetés
ancillaire	ADJ	f	p	ancillaires
ancillaire	ADJ	m	p	ancillaires
ancillaire	ADJ	m	s	ancillaire
ancolie	NOM	f	p	ancolies
ancrage	NOM	m	p	ancrages
andante	NOM	m	p	andantes
andin	ADJ	m	p	andins
andin	ADJ	m	s	andin
andorran	ADJ	f	s	andorrane
andorran	ADJ	m	p	andorrans
andorran	ADJ	m	s	andorran
andrinople	NOM	f	p	andrinoples
androgynie	NOM	f	p	androgynies
androgène	NOM	m	s	androgène
andropause	NOM	f	p	andropauses
androïde	ADJ	f	p	androïdes
androïde	ADJ	m	s	androïde
anecdotier	NOM	m	p	anecdotiers
anesthésique	ADJ	f	p	anesthésiques
anesthésique	ADJ	f	s	anesthésique
anesthésique	ADJ	m	p	anesthésiques
aneth	NOM	m	p	aneths
angevin	ADJ	f	p	angevines
angevin	ADJ	m	p	angevins
angevin	NOM	m	s	angevin
angiocholite	NOM	f	p	angiocholites
angiographie	NOM	f	p	angiographies
angiome	NOM	m	p	angiomes
angioplastie	NOM	f	p	angioplasties
anglais	ADJ	m	p	anglais
anglais	ADJ	m	s	anglais
angleterre	NOM	f	p	angleterres
anglican	ADJ	f	p	anglicanes
anglicisation	NOM	f	p	anglicisations
anglicisme	NOM	m	s	anglicisme
anglomanie	NOM	f	p	anglomanies
anglophile	ADJ	f	p	anglophiles
anglophile	ADJ	m	p	anglophiles
anglophile	ADJ	m	s	anglophile
anglophobie	NOM	f	p	anglophobies
angolais	ADJ	f	p	angolaises
angolais	ADJ	f	s	angolaise
angolais	ADJ	m	s	angolais
angon	NOM	m	p	angons
angor	NOM	m	p	angors
angora	ADJ	f	p	angoras
angora	ADJ	f	s	angora
angström	NOM	m	p	angströms
anguillule	NOM	f	s	anguillule
anguleux	ADJ	m	p	anguleux
anguleux	ADJ	m	s	anguleux
angustura	NOM	f	p	angusturas
angéite	NOM	f	p	angéites
angélisme	NOM	m	p	angélismes
anhydre	ADJ	f	p	anhydres
anhydre	ADJ	m	p	anhydres
anhydre	ADJ	m	s	anhydre
anhydride	NOM	m	p	anhydrides
anhélation	NOM	f	s	anhélation
aniline	NOM	f	p	anilines
animal	ADJ	m	p	animaux
animalcule	NOM	m	p	animalcules
animalerie	NOM	f	p	animaleries
animalité	NOM	f	p	animalités
animisme	NOM	m	p	animismes
animiste	ADJ	f	p	animistes
animiste	ADJ	m	p	animistes
animiste	ADJ	m	s	animiste
anionique	ADJ	f	p	anioniques
anionique	ADJ	f	s	anionique
anionique	ADJ	m	p	anioniques
anisé	NOM	m	p	anisés
annamite	ADJ	f	p	annamites
annamite	ADJ	f	s	annamite
annamite	ADJ	m	p	annamites
annelet	NOM	m	s	annelet
annelure	NOM	f	s	annelure
annexé	ADJ	m	s	annexé
annihilant	ADJ	f	p	annihilantes
annihilant	ADJ	m	p	annihilants
annihilateur	ADJ	f	p	annihilatrices
annihilateur	ADJ	f	s	annihilatrice
annihilateur	ADJ	m	p	annihilateurs
annihilation	NOM	f	p	annihilations
annulaire	NOM	m	p	annulaires
anobli	ADJ	m	p	anoblis
anoblissant	ADJ	f	p	anoblissantes
anoblissant	ADJ	m	p	anoblissants
anoblissant	ADJ	m	s	anoblissant
anoblissement	NOM	m	p	anoblissements
anode	NOM	f	p	anodes
anodique	ADJ	f	p	anodiques
anodique	ADJ	m	p	anodiques
anodique	ADJ	m	s	anodique
anomoure	NOM	m	p	anomoures
anonymat	NOM	m	p	anonymats
anophèle	NOM	m	p	anophèles
anorexique	ADJ	f	s	anorexique
anorexique	ADJ	m	p	anorexiques
anorexique	ADJ	m	s	anorexique
anormalité	NOM	f	p	anormalités
anosmie	NOM	f	p	anosmies
anosmique	ADJ	f	p	anosmiques
anosmique	ADJ	f	s	anosmique
anosmique	ADJ	m	p	anosmiques
anoxie	NOM	f	p	anoxies
ansé	ADJ	m	p	ansés
ansé	ADJ	m	s	ansé
antan	NOM	m	p	antans
ante	NOM	f	p	antes
anthonome	NOM	m	p	anthonomes
anthracose	NOM	f	p	anthracoses
anthracène	NOM	m	p	anthracènes
anthraquinone	NOM	f	p	anthraquinones
anthropologie	NOM	f	p	anthropologies
anthropologique	ADJ	f	s	anthropologique
anthropologique	ADJ	m	p	anthropologiques
anthropologique	ADJ	m	s	anthropologique
anthropomorphe	ADJ	f	p	anthropomorphes
anthropomorphe	ADJ	m	p	anthropomorphes
anthropomorphe	ADJ	m	s	anthropomorphe
anthropomorphique	ADJ	f	p	anthropomorphiques
anthropomorphique	ADJ	m	p	anthropomorphiques
anthropomorphique	ADJ	m	s	anthropomorphique
anthropomorphisme	NOM	m	p	anthropomorphismes
anthropométrie	NOM	f	p	anthropométries
anthropométrique	ADJ	f	s	anthropométrique
anthropométrique	ADJ	m	p	anthropométriques
anthropométrique	ADJ	m	s	anthropométrique
anthropophage	ADJ	f	p	anthropophages
anthropophage	ADJ	f	s	anthropophage
anthropophage	ADJ	m	p	anthropophages
anthropophagie	NOM	f	p	anthropophagies
anthropophagique	ADJ	f	s	anthropophagique
anthropophagique	ADJ	m	p	anthropophagiques
anthropophagique	ADJ	m	s	anthropophagique
anthropoïde	ADJ	f	p	anthropoïdes
anthropoïde	ADJ	f	s	anthropoïde
anthropoïde	ADJ	m	p	anthropoïdes
antiacide	ADJ	f	p	antiacides
antiacide	ADJ	f	s	antiacide
antiacide	ADJ	m	s	antiacide
antialcoolique	ADJ	f	p	antialcooliques
antialcoolique	ADJ	m	p	antialcooliques
antialcoolique	ADJ	m	s	antialcoolique
antiallemand	ADJ	f	p	antiallemandes
antiallemand	ADJ	f	s	antiallemande
antiallemand	ADJ	m	s	antiallemand
antiaméricain	ADJ	m	p	antiaméricains
antiaméricanisme	NOM	m	p	antiaméricanismes
antiatomique	ADJ	f	p	antiatomiques
antiatomique	ADJ	f	s	antiatomique
antiatomique	ADJ	m	p	antiatomiques
antibactérien	ADJ	f	p	antibactériennes
antibactérien	ADJ	f	s	antibactérienne
antibactérien	ADJ	m	p	antibactériens
antiblocage	ADJ	f	p	antiblocages
antiblocage	ADJ	f	s	antiblocage
antiblocage	ADJ	m	p	antiblocages
antibrouillard	ADJ	f	p	antibrouillards
antibrouillard	ADJ	f	s	antibrouillard
antibrouillard	ADJ	m	s	antibrouillard
antibruit	ADJ	f	p	antibruits
antibruit	ADJ	m	p	antibruits
antibruit	ADJ	m	s	antibruit
anticalcaire	ADJ	f	p	anticalcaires
anticalcaire	ADJ	f	s	anticalcaire
anticalcaire	ADJ	m	p	anticalcaires
anticatholique	ADJ	f	p	anticatholiques
anticatholique	ADJ	m	p	anticatholiques
anticatholique	ADJ	m	s	anticatholique
antichoc	ADJ	f	s	antichoc
antichoc	ADJ	m	p	antichocs
antichoc	ADJ	m	s	antichoc
antichristianisme	NOM	m	p	antichristianismes
antichrétien	ADJ	f	p	antichrétiennes
antichrétien	ADJ	m	p	antichrétiens
anticipateur	ADJ	f	p	anticipatrices
anticipateur	ADJ	m	p	anticipateurs
anticipatoire	ADJ	f	p	anticipatoires
anticipatoire	ADJ	m	p	anticipatoires
anticipatoire	ADJ	m	s	anticipatoire
anticléricalisme	NOM	m	p	anticléricalismes
anticolonialisme	NOM	m	p	anticolonialismes
anticommunisme	NOM	m	p	anticommunismes
anticonceptionnel	ADJ	m	s	anticonceptionnel
anticonformisme	NOM	m	p	anticonformismes
anticonformiste	ADJ	f	p	anticonformistes
anticonformiste	ADJ	f	s	anticonformiste
anticonformiste	ADJ	m	p	anticonformistes
anticonstitutionnel	ADJ	f	p	anticonstitutionnelles
anticonstitutionnel	ADJ	m	p	anticonstitutionnels
anticyclique	ADJ	f	p	anticycliques
anticyclique	ADJ	m	p	anticycliques
anticyclique	ADJ	m	s	anticyclique
anticyclone	NOM	m	p	anticyclones
anticyclonique	ADJ	f	p	anticycloniques
anticyclonique	ADJ	f	s	anticyclonique
anticyclonique	ADJ	m	s	anticyclonique
antidopage	ADJ	f	p	antidopages
antidopage	ADJ	f	s	antidopage
antidopage	ADJ	m	p	antidopages
antidreyfusard	ADJ	f	p	antidreyfusardes
antidreyfusard	ADJ	m	p	antidreyfusards
antidreyfusard	ADJ	m	s	antidreyfusard
antidémarrage	NOM	m	p	antidémarrages
antidépresseur	ADJ	f	p	antidépresseurs
antidépresseur	ADJ	f	s	antidépresseur
antidérapant	NOM	m	p	antidérapants
antifading	NOM	m	p	antifadings
antifascisme	NOM	m	p	antifascismes
antifasciste	ADJ	f	p	antifascistes
antifasciste	ADJ	f	s	antifasciste
antifasciste	ADJ	m	s	antifasciste
antifongique	NOM	m	p	antifongiques
antifrançais	ADJ	m	p	antifrançais
antifrançais	ADJ	m	s	antifrançais
antifumée	ADJ	f	p	antifumée
antifumée	ADJ	f	s	antifumée
antifumée	ADJ	m	s	antifumée
antigang	ADJ	f	p	antigang
antigang	ADJ	m	p	antigang
antigang	ADJ	m	s	antigang
antigaulliste	ADJ	f	s	antigaulliste
antigaulliste	ADJ	m	p	antigaullistes
antigaulliste	ADJ	m	s	antigaulliste
antigel	ADJ	f	p	antigels
antigel	ADJ	m	p	antigels
antigel	ADJ	m	s	antigel
antigel	NOM	m	p	antigels
antigravitation	NOM	f	p	antigravitations
antigravitationnel	ADJ	f	p	antigravitationnelles
antigravitationnel	ADJ	f	s	antigravitationnelle
antigravitationnel	ADJ	m	p	antigravitationnels
antigravité	NOM	f	p	antigravités
antihistaminique	ADJ	f	p	antihistaminiques
antihistaminique	ADJ	f	s	antihistaminique
antihistaminique	ADJ	m	s	antihistaminique
antihygiénique	ADJ	f	p	antihygiéniques
antihygiénique	ADJ	m	p	antihygiéniques
antihygiénique	ADJ	m	s	antihygiénique
antillais	ADJ	f	s	antillaise
antillais	ADJ	m	p	antillais
antillais	ADJ	m	s	antillais
antimarxiste	ADJ	f	p	antimarxistes
antimarxiste	ADJ	m	p	antimarxistes
antimarxiste	ADJ	m	s	antimarxiste
antimatière	NOM	f	p	antimatières
antimicrobien	ADJ	f	p	antimicrobiennes
antimicrobien	ADJ	f	s	antimicrobienne
antimicrobien	ADJ	m	p	antimicrobiens
antimilitarisme	NOM	m	p	antimilitarismes
antimilitariste	ADJ	f	p	antimilitaristes
antimilitariste	ADJ	f	s	antimilitariste
antimilitariste	ADJ	m	p	antimilitaristes
antimissile	NOM	m	s	antimissile
antimitotique	NOM	m	s	antimitotique
antimoine	NOM	m	p	antimoines
antinational	ADJ	m	p	antinationaux
antinational	ADJ	m	s	antinational
antinaturel	ADJ	f	p	antinaturelles
antinaturel	ADJ	m	p	antinaturels
antinazi	ADJ	f	p	antinazies
antinazi	ADJ	m	s	antinazi
antinazi	NOM	m	s	antinazi
antinomique	ADJ	f	p	antinomiques
antinomique	ADJ	f	s	antinomique
antinomique	ADJ	m	s	antinomique
antinucléaire	ADJ	f	s	antinucléaire
antinucléaire	ADJ	m	p	antinucléaires
antinucléaire	ADJ	m	s	antinucléaire
antiparasite	ADJ	f	p	antiparasites
antipatriote	ADJ	f	p	antipatriotes
antipatriote	ADJ	f	s	antipatriote
antipatriote	ADJ	m	p	antipatriotes
antipatriotique	ADJ	f	s	antipatriotique
antipatriotique	ADJ	m	p	antipatriotiques
antipatriotique	ADJ	m	s	antipatriotique
antipelliculaire	ADJ	f	p	antipelliculaires
antipelliculaire	ADJ	f	s	antipelliculaire
antipelliculaire	ADJ	m	p	antipelliculaires
antipersonnel	ADJ	m	p	antipersonnels
antiphonaire	NOM	m	s	antiphonaire
antiphrase	NOM	f	p	antiphrases
antipodaire	ADJ	f	p	antipodaires
antipodaire	ADJ	f	s	antipodaire
antipodaire	ADJ	m	p	antipodaires
antipoison	ADJ	f	p	antipoisons
antipoison	ADJ	f	s	antipoison
antipoison	ADJ	m	p	antipoisons
antipoison	NOM	m	s	antipoison
antipoliomyélitique	ADJ	f	p	antipoliomyélitiques
antipoliomyélitique	ADJ	f	s	antipoliomyélitique
antipoliomyélitique	ADJ	m	p	antipoliomyélitiques
antiprotéase	NOM	f	p	antiprotéases
antipsychiatrie	NOM	f	p	antipsychiatries
antipsychotique	ADJ	f	p	antipsychotiques
antipsychotique	ADJ	f	s	antipsychotique
antiquaillerie	NOM	f	s	antiquaillerie
antiquark	NOM	m	p	antiquarks
antirabique	ADJ	f	p	antirabiques
antirabique	ADJ	f	s	antirabique
antirabique	ADJ	m	p	antirabiques
antiracisme	NOM	m	p	antiracismes
antiraciste	ADJ	f	p	antiracistes
antiraciste	ADJ	f	s	antiraciste
antiraciste	ADJ	m	s	antiraciste
antireligieux	ADJ	f	p	antireligieuses
antireligieux	ADJ	m	p	antireligieux
antireligieux	ADJ	m	s	antireligieux
antirouille	NOM	m	p	antirouilles
antirusse	ADJ	f	p	antirusses
antirusse	ADJ	f	s	antirusse
antirusse	ADJ	m	p	antirusses
antirépublicain	ADJ	f	p	antirépublicaines
antirépublicain	ADJ	f	s	antirépublicaine
antirépublicain	ADJ	m	p	antirépublicains
antiscientifique	ADJ	f	p	antiscientifiques
antiscientifique	ADJ	m	p	antiscientifiques
antiscientifique	ADJ	m	s	antiscientifique
antisepsie	NOM	f	p	antisepsies
antisexiste	ADJ	f	p	antisexistes
antisexiste	ADJ	f	s	antisexiste
antisexiste	ADJ	m	s	antisexiste
antisocial	NOM	m	p	antisociaux
antisolaire	ADJ	m	p	antisolaires
antisolaire	ADJ	m	s	antisolaire
antisoviétisme	NOM	m	p	antisoviétismes
antispasmodique	NOM	m	p	antispasmodiques
antisportif	ADJ	f	p	antisportives
antisportif	ADJ	f	s	antisportive
antisportif	ADJ	m	p	antisportifs
antistalinien	ADJ	f	p	antistaliniennes
antistalinien	ADJ	f	s	antistalinienne
antistatique	ADJ	f	p	antistatiques
antistatique	ADJ	m	p	antistatiques
antistatique	ADJ	m	s	antistatique
antistress	ADJ	f	p	antistress
antistress	ADJ	f	s	antistress
antistress	ADJ	m	p	antistress
antisémitisme	NOM	m	p	antisémitismes
antisérum	NOM	m	p	antisérums
antitabac	ADJ	f	p	antitabac
antitabac	ADJ	m	p	antitabac
antitabac	ADJ	m	s	antitabac
antiterrorisme	NOM	m	p	antiterrorismes
antitoxine	NOM	f	p	antitoxines
antitussif	ADJ	f	s	antitussive
antitussif	ADJ	m	p	antitussifs
antityphoïdique	ADJ	f	p	antityphoïdiques
antityphoïdique	ADJ	f	s	antityphoïdique
antityphoïdique	ADJ	m	p	antityphoïdiques
antivariolique	ADJ	f	p	antivarioliques
antivariolique	ADJ	f	s	antivariolique
antivariolique	ADJ	m	p	antivarioliques
antivenimeux	ADJ	f	p	antivenimeuses
antivenimeux	ADJ	f	s	antivenimeuse
antivenimeux	ADJ	m	p	antivenimeux
antiviral	ADJ	f	p	antivirales
antiviral	ADJ	f	s	antivirale
antivol	ADJ	f	p	antivols
antivol	ADJ	m	p	antivols
antivol	ADJ	m	s	antivol
antivol	NOM	m	p	antivols
antiémétique	NOM	m	p	antiémétiques
antonomase	NOM	f	p	antonomases
antécédent	ADJ	f	p	antécédentes
antécédent	ADJ	f	s	antécédente
antérograde	ADJ	f	p	antérogrades
antérograde	ADJ	m	p	antérogrades
antérograde	ADJ	m	s	antérograde
anuscopie	NOM	f	p	anuscopies
anxieux	ADJ	m	p	anxieux
anxieux	ADJ	m	s	anxieux
anéantissant	ADJ	m	p	anéantissants
anéantissant	ADJ	m	s	anéantissant
anémiant	ADJ	f	p	anémiantes
anémiant	ADJ	m	p	anémiants
anémiant	ADJ	m	s	anémiant
anémie	NOM	f	p	anémies
anémié	ADJ	f	p	anémiées
anémomètre	NOM	m	p	anémomètres
aoriste	NOM	m	p	aoristes
aorte	NOM	f	p	aortes
aoul	NOM	m	s	aoul
aoûtat	NOM	m	p	aoûtats
aoûtien	NOM	m	p	aoûtiens
apartheid	NOM	m	p	apartheids
apathie	NOM	f	p	apathies
apathique	ADJ	f	p	apathiques
apathique	ADJ	f	s	apathique
apathique	ADJ	m	s	apathique
apatride	ADJ	f	p	apatrides
apatride	ADJ	f	s	apatride
aperception	NOM	f	s	aperception
apesanteur	NOM	f	p	apesanteurs
aphaniptère	NOM	m	s	aphaniptère
aphasie	NOM	f	p	aphasies
aphasique	ADJ	f	p	aphasiques
aphasique	ADJ	f	s	aphasique
aphasique	ADJ	m	s	aphasique
aphone	ADJ	f	p	aphones
aphone	ADJ	f	s	aphone
aphone	ADJ	m	s	aphone
aphonie	NOM	f	p	aphonies
aphrodisiaque	ADJ	f	s	aphrodisiaque
aphrodisiaque	ADJ	m	p	aphrodisiaques
aphrodisiaque	ADJ	m	s	aphrodisiaque
aphrodisie	NOM	f	p	aphrodisies
aphrodite	NOM	f	p	aphrodites
aphte	NOM	m	s	aphte
aphteux	ADJ	f	p	aphteuses
aphteux	ADJ	m	p	aphteux
aphteux	ADJ	m	s	aphteux
aphérèse	NOM	f	p	aphérèses
api	NOM	m	p	api
api	NOM	m	p	apis
apiculture	NOM	f	p	apicultures
apion	NOM	m	p	apions
apitoiement	NOM	m	p	apitoiements
aplanissement	NOM	m	p	aplanissements
aplasie	NOM	f	p	aplasies
apnée	NOM	f	p	apnées
apocope	NOM	f	p	apocopes
apocryphe	ADJ	f	s	apocryphe
apocryphe	ADJ	m	p	apocryphes
apocryphe	ADJ	m	s	apocryphe
apodictique	ADJ	f	p	apodictiques
apodictique	ADJ	m	p	apodictiques
apodictique	ADJ	m	s	apodictique
apogée	NOM	m	p	apogées
apolitique	ADJ	f	p	apolitiques
apolitique	ADJ	f	s	apolitique
apolitique	ADJ	m	p	apolitiques
apolitisme	NOM	m	p	apolitismes
apologie	NOM	f	p	apologies
apologue	NOM	m	p	apologues
apologétique	ADJ	f	p	apologétiques
apologétique	ADJ	f	s	apologétique
apologétique	ADJ	m	s	apologétique
aponévrose	NOM	f	s	aponévrose
aponévrotique	ADJ	f	p	aponévrotiques
aponévrotique	ADJ	m	p	aponévrotiques
aponévrotique	ADJ	m	s	aponévrotique
apophtegme	NOM	m	s	apophtegme
apoptose	NOM	f	p	apoptoses
apostasie	NOM	f	p	apostasies
apostat	ADJ	f	p	apostates
apostat	ADJ	f	s	apostate
apostolat	NOM	m	p	apostolats
apostolique	ADJ	f	s	apostolique
apostolique	ADJ	m	p	apostoliques
apostolique	ADJ	m	s	apostolique
apostume	NOM	m	p	apostumes
apothicairerie	NOM	f	p	apothicaireries
apparentement	NOM	m	p	apparentements
apparenté	ADJ	f	p	apparentées
appartenant	ADJ	f	p	appartenantes
appartenant	ADJ	f	s	appartenante
appartenant	ADJ	m	p	appartenants
appauvrissant	ADJ	f	p	appauvrissantes
appauvrissant	ADJ	m	p	appauvrissants
appauvrissement	NOM	m	p	appauvrissements
appelant	ADJ	f	p	appelantes
appelant	ADJ	f	s	appelante
appelant	ADJ	m	p	appelants
appendicectomie	NOM	f	p	appendicectomies
appendicite	NOM	f	p	appendicites
appesantissement	NOM	m	p	appesantissements
applaudimètre	NOM	m	p	applaudimètres
applaudisseur	NOM	m	p	applaudisseurs
applicabilité	NOM	f	p	applicabilités
applicateur	NOM	m	p	applicateurs
appoint	NOM	m	p	appoints
appointement	NOM	m	s	appointement
appointé	ADJ	f	p	appointées
appontage	NOM	m	p	appontages
appontement	NOM	m	p	appontements
apposition	NOM	f	p	appositions
apprenant	NOM	m	p	apprenants
appris	ADJ	m	p	appris
appris	ADJ	m	s	appris
apprivoiseur	ADJ	f	p	apprivoiseuses
apprivoiseur	ADJ	f	s	apprivoiseuse
apprivoiseur	ADJ	m	p	apprivoiseurs
approbateur	ADJ	f	p	approbatrices
approbatif	ADJ	f	p	approbatives
approbatif	ADJ	f	s	approbative
approbatif	ADJ	m	p	approbatifs
approchant	ADJ	f	p	approchantes
approchant	ADJ	f	s	approchante
approché	ADJ	f	p	approchées
approfondissement	NOM	m	p	approfondissements
appréciable	ADJ	f	p	appréciables
appréciable	ADJ	f	s	appréciable
appréciable	ADJ	m	s	appréciable
appréciateur	NOM	m	p	appréciateurs
appréhensif	ADJ	f	p	appréhensives
appréhensif	ADJ	f	s	appréhensive
appréhensif	ADJ	m	p	appréhensifs
aquaculture	NOM	f	p	aquacultures
aquaplane	NOM	m	p	aquaplanes
aquarellé	ADJ	f	p	aquarellées
aquarellé	ADJ	f	s	aquarellée
aquarellé	ADJ	m	s	aquarellé
aquariophilie	NOM	f	p	aquariophilies
aquatinte	NOM	f	p	aquatintes
aquavit	NOM	m	p	aquavits
aqueux	ADJ	m	p	aqueux
aqueux	ADJ	m	s	aqueux
aquifère	ADJ	f	p	aquifères
aquifère	ADJ	m	p	aquifères
aquifère	ADJ	m	s	aquifère
aquilin	ADJ	f	p	aquilines
aquilin	ADJ	f	s	aquiline
aquilin	ADJ	m	p	aquilins
aquitain	ADJ	f	p	aquitaines
aquitain	ADJ	f	s	aquitaine
aquitain	ADJ	m	p	aquitains
arabisant	ADJ	f	p	arabisantes
arabisant	ADJ	f	s	arabisante
arabisant	NOM	m	s	arabisant
arable	ADJ	f	p	arables
arable	ADJ	m	p	arables
arable	ADJ	m	s	arable
arac	NOM	m	p	aracs
arachnéen	ADJ	m	p	arachnéens
aragonais	ADJ	f	p	aragonaises
aragonais	ADJ	m	p	aragonais
aragonais	ADJ	m	s	aragonais
aragonite	NOM	f	p	aragonites
araire	NOM	m	p	araires
arak	NOM	m	p	araks
aralia	NOM	m	p	aralias
aramide	ADJ	f	p	aramides
aramide	ADJ	m	p	aramides
aramide	ADJ	m	s	aramide
aramon	NOM	m	p	aramons
araméen	ADJ	f	p	araméennes
araméen	ADJ	m	p	araméens
araméen	NOM	m	p	araméens
aranéeux	ADJ	f	p	aranéeuses
aranéeux	ADJ	m	p	aranéeux
aranéeux	ADJ	m	s	aranéeux
arapède	NOM	m	s	arapède
aratoire	ADJ	f	p	aratoires
aratoire	ADJ	f	s	aratoire
araucan	NOM	m	p	araucans
araucanien	ADJ	f	s	araucanienne
arbitraire	NOM	m	p	arbitraires
arbitral	ADJ	f	p	arbitrales
arbitral	ADJ	m	p	arbitraux
arbitral	ADJ	m	s	arbitral
arborescent	ADJ	f	s	arborescente
arboretum	NOM	m	p	arboretums
arboricole	ADJ	f	p	arboricoles
arboricole	ADJ	m	p	arboricoles
arboricole	ADJ	m	s	arboricole
arboriculteur	NOM	m	p	arboriculteurs
arboriculture	NOM	f	p	arboricultures
arborisation	NOM	f	s	arborisation
arbousier	NOM	m	s	arbousier
arcadien	ADJ	f	p	arcadiennes
arcadien	NOM	m	s	arcadien
arcature	NOM	f	s	arcature
archangélique	ADJ	f	p	archangéliques
archangélique	ADJ	f	s	archangélique
archangélique	ADJ	m	p	archangéliques
archaïsant	NOM	m	p	archaïsants
archaïsme	NOM	m	p	archaïsmes
archiatre	NOM	m	p	archiatres
archiconnu	ADJ	f	p	archiconnues
archiconnu	ADJ	f	s	archiconnue
archiconnu	ADJ	m	p	archiconnus
archidiacre	NOM	m	p	archidiacres
archidiocèse	NOM	m	p	archidiocèses
archimandrite	NOM	m	p	archimandrites
archiprêtre	NOM	m	p	archiprêtres
archiprêtre	NOM	m	p	archiprêtresses
architecte	NOM	f	s	architecte
architectonie	NOM	f	p	architectonies
architrave	NOM	f	p	architraves
archivage	NOM	m	p	archivages
archiépiscopal	ADJ	f	p	archiépiscopales
archiépiscopal	ADJ	f	s	archiépiscopale
archiépiscopal	ADJ	m	p	archiépiscopaux
archonte	NOM	m	p	archontes
archéologie	NOM	f	p	archéologies
archétypal	ADJ	f	p	archétypales
archétypal	ADJ	m	s	archétypal
ardoisé	ADJ	f	p	ardoisées
ardoisé	ADJ	m	s	ardoisé
ardéchois	ADJ	f	p	ardéchoises
ardéchois	ADJ	m	s	ardéchois
area	NOM	f	p	areas
arec	NOM	m	p	arecs
argan	NOM	m	s	argan
argentier	NOM	m	p	argentiers
argentifère	ADJ	f	s	argentifère
argentifère	ADJ	m	p	argentifères
argentifère	ADJ	m	s	argentifère
argenton	NOM	m	p	argenton
argenton	NOM	m	p	argentons
argileux	ADJ	f	p	argileuses
argileux	ADJ	m	p	argileux
argilière	NOM	f	p	argilières
argol	NOM	m	p	argols
argon	NOM	m	p	argons
argonaute	NOM	m	p	argonautes
argumentaire	NOM	m	p	argumentaires
argumentateur	NOM	m	p	argumentateurs
aria	NOM	m	s	aria
arianisme	NOM	m	p	arianismes
aridité	NOM	f	p	aridités
ariette	NOM	f	s	ariette
arioso	NOM	m	p	ariosi
arioso	NOM	m	p	ariosos
aristo	ADJ	f	p	aristos
aristo	ADJ	f	s	aristo
aristo	ADJ	m	s	aristo
aristocratie	NOM	f	p	aristocraties
aristocratisme	NOM	m	p	aristocratismes
aristotélicien	ADJ	f	p	aristotéliciennes
aristotélicien	ADJ	m	p	aristotéliciens
arithmomètre	NOM	m	p	arithmomètres
arithmétique	NOM	f	p	arithmétiques
ariégeois	ADJ	f	p	ariégeoises
ariégeois	ADJ	m	p	ariégeois
arkose	NOM	f	p	arkoses
arlésien	NOM	m	p	arlésiens
arlésienne	NOM	f	p	arlésiennes
armadille	NOM	f	p	armadilles
armon	NOM	m	p	armons
armorial	ADJ	f	p	armoriales
armorial	ADJ	f	s	armoriale
armorial	ADJ	m	p	armoriaux
armorial	NOM	m	p	armoriaux
armoricain	ADJ	f	p	armoricaines
armoricain	ADJ	m	p	armoricains
armoricain	ADJ	m	s	armoricain
arobase	NOM	f	p	arobases
aromathérapie	NOM	f	p	aromathérapies
aromatique	NOM	m	s	aromatique
aronde	NOM	f	p	arondes
arousal	NOM	m	p	arousals
arquebusade	NOM	f	p	arquebusades
arquebusier	NOM	m	s	arquebusier
arrachage	NOM	m	p	arrachages
arrachure	NOM	f	s	arrachure
arrimage	NOM	m	p	arrimages
arrivisme	NOM	m	p	arrivismes
arriviste	ADJ	f	p	arrivistes
arriviste	ADJ	f	s	arriviste
arriviste	ADJ	m	s	arriviste
arriération	NOM	f	p	arriérations
arrogance	NOM	f	p	arrogances
arroi	NOM	m	p	arrois
arrosage	NOM	m	p	arrosages
arrérage	NOM	m	s	arrérage
arsenic	NOM	m	p	arsenics
arsenical	ADJ	f	s	arsenicale
arsenical	ADJ	m	p	arsenicaux
arsenical	ADJ	m	s	arsenical
arsouille	ADJ	f	p	arsouilles
arsouille	ADJ	f	s	arsouille
arsouille	ADJ	m	s	arsouille
arsénieux	ADJ	f	p	arsénieuses
arsénieux	ADJ	f	s	arsénieuse
arsénieux	ADJ	m	p	arsénieux
arthritique	ADJ	f	p	arthritiques
arthritique	ADJ	f	s	arthritique
arthritique	ADJ	m	s	arthritique
arthrodèse	NOM	f	p	arthrodèses
arthropathie	NOM	f	p	arthropathies
arthroplastie	NOM	f	p	arthroplasties
arthropode	NOM	m	s	arthropode
arthroscopie	NOM	f	p	arthroscopies
arthurien	ADJ	f	p	arthuriennes
articulet	NOM	m	p	articulets
artificialité	NOM	f	p	artificialités
artificieux	ADJ	m	p	artificieux
artificieux	ADJ	m	s	artificieux
artillerie	NOM	f	p	artilleries
artimon	NOM	m	p	artimons
artisanat	NOM	m	p	artisanats
artison	NOM	m	p	artisons
artériectomie	NOM	f	p	artériectomies
artériel	ADJ	m	p	artériels
artériographie	NOM	f	p	artériographies
artériopathie	NOM	f	p	artériopathies
artériosclérose	NOM	f	p	artérioscléroses
artérite	NOM	f	p	artérites
artésien	ADJ	f	p	artésiennes
artésien	ADJ	f	s	artésienne
artésien	ADJ	m	p	artésiens
arythmie	NOM	f	p	arythmies
arythmique	ADJ	f	p	arythmiques
arythmique	ADJ	f	s	arythmique
arythmique	ADJ	m	p	arythmiques
arzel	NOM	m	s	arzel
aréflexie	NOM	f	p	aréflexies
aréna	NOM	m	p	arénas
aréopagite	NOM	m	p	aréopagites
aréquier	NOM	m	p	aréquiers
arétin	NOM	m	p	arétins
as	NOM	m	p	as
asana	NOM	f	p	asanas
asbeste	NOM	m	p	asbestes
asbestose	NOM	f	p	asbestoses
ascensionnel	ADJ	m	p	ascensionnels
ascite	NOM	f	p	ascites
ascorbique	ADJ	f	p	ascorbiques
ascorbique	ADJ	f	s	ascorbique
ascorbique	ADJ	m	p	ascorbiques
ascétisme	NOM	m	p	ascétismes
asdic	NOM	m	p	asdics
asepsie	NOM	f	p	asepsies
aseptisation	NOM	f	p	aseptisations
asexualité	NOM	f	p	asexualités
asexuel	ADJ	f	p	asexuelles
asexuel	ADJ	m	p	asexuels
asexuel	ADJ	m	s	asexuel
ashram	NOM	m	p	ashrams
asilaire	ADJ	f	p	asilaires
asilaire	ADJ	f	s	asilaire
asilaire	ADJ	m	p	asilaires
asociabilité	NOM	f	p	asociabilités
aspartam	NOM	m	p	aspartams
aspartame	NOM	m	p	aspartames
aspartique	ADJ	f	p	aspartiques
aspartique	ADJ	f	s	aspartique
aspartique	ADJ	m	p	aspartiques
aspergillose	NOM	f	p	aspergilloses
asphalte	NOM	m	p	asphaltes
asphyxiant	ADJ	f	p	asphyxiantes
asphyxie	NOM	f	p	asphyxies
aspirateur	ADJ	f	p	aspiratrices
aspirateur	ADJ	f	s	aspiratrice
aspre	NOM	f	p	aspres
assagi	ADJ	f	p	assagies
assaillant	ADJ	f	p	assaillantes
assainissement	NOM	m	p	assainissements
asse	NOM	f	p	asses
asseau	NOM	m	p	asseaux
assemblé	ADJ	f	p	assemblées
assemblé	ADJ	f	s	assemblée
assermenté	ADJ	f	p	assermentées
assermenté	ADJ	f	s	assermentée
asservissant	ADJ	f	p	asservissantes
asservissant	ADJ	f	s	asservissante
asservissant	ADJ	m	p	asservissants
assignat	NOM	m	s	assignat
assimilant	ADJ	f	p	assimilantes
assimilant	ADJ	f	s	assimilante
assimilant	ADJ	m	p	assimilants
assimilateur	ADJ	f	p	assimilatrices
assimilateur	ADJ	f	s	assimilatrice
assimilateur	ADJ	m	s	assimilateur
assimilé	NOM	m	s	assimilé
assis	ADJ	m	p	assis
assis	ADJ	m	s	assis
assistanat	NOM	m	p	assistanats
assiégeant	ADJ	f	s	assiégeante
assiégeant	ADJ	m	p	assiégeants
assiégeant	ADJ	m	s	assiégeant
associatif	ADJ	f	p	associatives
associatif	ADJ	m	s	associatif
assombrissement	NOM	m	p	assombrissements
assommeur	NOM	m	p	assommeurs
assonant	ADJ	f	p	assonantes
assonant	ADJ	f	s	assonante
assonant	ADJ	m	s	assonant
assoupissant	ADJ	f	p	assoupissantes
assoupissant	ADJ	f	s	assoupissante
assoupissant	ADJ	m	p	assoupissants
assoupissement	NOM	m	p	assoupissements
assouplissant	NOM	m	p	assouplissants
assourdissement	NOM	m	p	assourdissements
assouvissement	NOM	m	p	assouvissements
assujetti	ADJ	f	s	assujettie
assujettissant	ADJ	f	p	assujettissantes
assujettissant	ADJ	f	s	assujettissante
assujettissant	ADJ	m	p	assujettissants
assujettissement	NOM	m	p	assujettissements
assurable	ADJ	f	p	assurables
assurable	ADJ	f	s	assurable
assurable	ADJ	m	p	assurables
assurage	NOM	m	p	assurages
assuétude	NOM	f	p	assuétudes
assèchement	NOM	m	p	assèchements
astarté	NOM	f	p	astartés
aste	NOM	f	p	astes
asti	NOM	m	p	astis
astic	NOM	m	p	astics
asticotage	NOM	m	s	asticotage
astigmate	ADJ	f	p	astigmates
astigmate	ADJ	f	s	astigmate
astigmate	ADJ	m	p	astigmates
astigmatisme	NOM	m	p	astigmatismes
astiquage	NOM	m	p	astiquages
astiqueur	NOM	m	p	astiqueurs
astrakan	NOM	m	p	astrakans
astreignant	ADJ	m	p	astreignants
astringent	ADJ	m	p	astringents
astringent	NOM	m	p	astringents
astrochimie	NOM	f	p	astrochimies
astrologie	NOM	f	p	astrologies
astrométrie	NOM	f	p	astrométries
astronautique	NOM	f	p	astronautiques
astronef	NOM	m	p	astronefs
astronomie	NOM	f	p	astronomies
astrophysique	NOM	f	p	astrophysiques
astroport	NOM	m	p	astroports
astucieux	ADJ	m	p	astucieux
astucieux	ADJ	m	s	astucieux
asturienne	NOM	f	p	asturiennes
astérisme	NOM	m	p	astérismes
asymptomatique	ADJ	f	p	asymptomatiques
asymptomatique	ADJ	f	s	asymptomatique
asymétrie	NOM	f	p	asymétries
asystolie	NOM	f	p	asystolies
ataraxie	NOM	f	p	ataraxies
ataxie	NOM	f	p	ataxies
atellane	NOM	f	s	atellane
athanor	NOM	m	p	athanors
athlétisme	NOM	m	p	athlétismes
athée	ADJ	f	p	athées
athée	ADJ	f	s	athée
athée	ADJ	m	s	athée
athéisme	NOM	m	p	athéismes
athéiste	ADJ	f	p	athéistes
athéiste	ADJ	m	p	athéistes
athéiste	ADJ	m	s	athéiste
athénée	NOM	m	p	athénées
atomiseur	NOM	m	p	atomiseurs
atomiste	ADJ	f	p	atomistes
atomiste	ADJ	f	s	atomiste
atomiste	ADJ	m	p	atomistes
atomisé	ADJ	f	p	atomisées
atomisé	ADJ	m	p	atomisés
atomisé	NOM	m	p	atomisés
atonal	ADJ	m	p	atonals
atonal	ADJ	m	p	atonaux
atone	ADJ	f	p	atones
atone	ADJ	f	s	atone
atone	ADJ	m	s	atone
atonie	NOM	f	p	atonies
atrium	NOM	m	p	atriums
atrophie	NOM	f	p	atrophies
atropine	NOM	f	p	atropines
atrésie	NOM	f	p	atrésies
attachant	ADJ	f	p	attachantes
attaquant	ADJ	f	p	attaquantes
attaqueur	NOM	m	p	attaqueurs
attardement	NOM	m	p	attardements
attenant	ADJ	m	p	attenants
attendant	ADJ	f	p	attendantes
attendant	ADJ	f	s	attendante
attendant	ADJ	m	p	attendants
attendrisseur	NOM	m	p	attendrisseurs
attentatoire	ADJ	f	p	attentatoires
attentatoire	ADJ	f	s	attentatoire
attentatoire	ADJ	m	p	attentatoires
attentisme	NOM	m	p	attentismes
atterrage	NOM	m	s	atterrage
atterrant	ADJ	f	p	atterrantes
atterrant	ADJ	m	p	atterrants
atterré	ADJ	f	p	atterrées
attesté	ADJ	f	p	attestées
attesté	ADJ	m	p	attestés
attique	ADJ	f	s	attique
attique	ADJ	m	p	attiques
attique	ADJ	m	s	attique
attirail	NOM	m	p	attirails
attisement	NOM	m	p	attisements
attisoir	NOM	m	p	attisoirs
attorney	NOM	m	p	attorneys
attractif	ADJ	f	p	attractives
attrapage	NOM	m	p	attrapages
attrapeur	NOM	m	p	attrapeurs
attribuable	ADJ	f	p	attribuables
attribuable	ADJ	f	s	attribuable
attribuable	ADJ	m	p	attribuables
attristant	ADJ	m	p	attristants
attristé	ADJ	f	p	attristées
atténuant	ADJ	m	p	atténuants
atténuant	ADJ	m	s	atténuant
atténuateur	NOM	m	p	atténuateurs
atèle	NOM	m	p	atèles
atélectasie	NOM	f	p	atélectasies
aubade	NOM	f	p	aubades
aubain	NOM	m	p	aubains
aubette	NOM	f	p	aubettes
aubier	NOM	m	p	aubiers
aucuba	NOM	m	s	aucuba
audacieux	ADJ	m	p	audacieux
audacieux	ADJ	m	s	audacieux
audiencier	ADJ	f	p	audiencières
audiencier	ADJ	f	s	audiencière
audiencier	ADJ	m	s	audiencier
audioconférence	NOM	f	p	audioconférences
audiogramme	NOM	m	p	audiogrammes
audiométrie	NOM	f	p	audiométries
audiophone	NOM	m	p	audiophones
audiovisuel	ADJ	m	p	audiovisuels
audiovisuel	NOM	m	p	audiovisuels
augment	NOM	m	p	augments
augural	ADJ	f	p	augurales
augural	ADJ	m	p	auguraux
augustinien	ADJ	f	p	augustiniennes
augustinien	ADJ	f	s	augustinienne
augustinien	ADJ	m	p	augustiniens
aula	NOM	f	p	aulas
aulique	ADJ	f	p	auliques
aulique	ADJ	f	s	aulique
aulique	ADJ	m	p	auliques
aulnaie	NOM	f	p	aulnaies
auloffée	NOM	f	p	auloffées
aumônerie	NOM	f	p	aumôneries
auricule	NOM	f	p	auricules
aurige	NOM	m	p	auriges
aurone	NOM	f	p	aurones
auroral	ADJ	f	p	aurorales
auroral	ADJ	f	s	aurorale
auroral	ADJ	m	p	auroraux
auréolaire	ADJ	f	p	auréolaires
auréolaire	ADJ	m	p	auréolaires
auréolaire	ADJ	m	s	auréolaire
auréomycine	NOM	f	p	auréomycines
auspice	NOM	m	s	auspice
austral	ADJ	m	p	australs
austral	ADJ	m	p	austraux
autan	NOM	m	p	autans
autarcie	NOM	f	p	autarcies
autarcique	ADJ	f	s	autarcique
autarcique	ADJ	m	p	autarciques
autarcique	ADJ	m	s	autarcique
authenticité	NOM	f	p	authenticités
authentification	NOM	f	p	authentifications
autisme	NOM	m	p	autismes
autiste	ADJ	f	p	autistes
autiste	ADJ	f	s	autiste
autiste	ADJ	m	s	autiste
auto	NOM	f	s	auto
autobronzant	NOM	m	p	autobronzants
autocensure	NOM	f	p	autocensures
autochenille	NOM	f	p	auto-chenilles
autochenille	NOM	f	p	autochenilles
autoclave	NOM	m	p	autoclaves
autoconservation	NOM	f	p	autoconservations
autocratie	NOM	f	p	autocraties
autocuiseur	NOM	m	p	autocuiseurs
autodestructeur	ADJ	f	p	autodestructrices
autodestruction	NOM	f	p	autodestructions
autodidacte	ADJ	f	p	autodidactes
autodidacte	ADJ	f	s	autodidacte
autodidacte	ADJ	m	p	autodidactes
autodidactique	ADJ	f	p	autodidactiques
autodidactique	ADJ	m	p	autodidactiques
autodidactique	ADJ	m	s	autodidactique
autodirecteur	ADJ	f	p	autodirectrices
autodirecteur	ADJ	f	s	autodirectrice
autodirecteur	ADJ	m	p	autodirecteurs
autodiscipline	NOM	f	p	autodisciplines
autodrome	NOM	m	p	autodromes
autodéfense	NOM	f	p	autodéfenses
autodérision	NOM	f	p	autodérisions
autodétermination	NOM	f	p	autodéterminations
autofinancement	NOM	m	p	autofinancements
autogestion	NOM	f	p	autogestions
autographe	ADJ	f	s	autographe
autographe	ADJ	m	p	autographes
autographe	ADJ	m	s	autographe
autoguidage	NOM	m	p	autoguidages
autoguidé	ADJ	f	p	autoguidées
autoguidé	ADJ	f	s	autoguidée
autoguidé	ADJ	m	p	autoguidés
autogène	ADJ	f	p	autogènes
autogène	ADJ	m	p	autogènes
autogène	ADJ	m	s	autogène
autogéré	ADJ	f	p	autogérées
autogéré	ADJ	m	p	autogérés
autogéré	ADJ	m	s	autogéré
autologue	ADJ	f	p	autologues
autologue	ADJ	f	s	autologue
autologue	ADJ	m	s	autologue
autolysat	NOM	m	p	autolysats
autolyse	NOM	f	p	autolyses
automation	NOM	f	p	automations
automatisation	NOM	f	p	automatisations
automnal	ADJ	m	p	automnaux
automoteur	ADJ	f	p	automotrices
automoteur	NOM	m	s	automoteur
automutilation	NOM	f	p	automutilations
automédication	NOM	f	p	automédications
autonettoyant	ADJ	f	p	autonettoyantes
autonettoyant	ADJ	m	p	autonettoyants
autonomie	NOM	f	p	autonomies
autonomiste	ADJ	f	s	autonomiste
autonomiste	ADJ	m	p	autonomistes
autonomiste	ADJ	m	s	autonomiste
autoplastie	NOM	f	p	autoplasties
autopropulseur	NOM	m	p	autopropulseurs
autopropulsé	ADJ	f	p	autopropulsées
autopunition	NOM	f	p	autopunitions
autorail	NOM	m	p	autorails
autoreproduction	NOM	f	p	autoreproductions
autoritarisme	NOM	m	p	autoritarismes
autoroutier	ADJ	f	p	autoroutières
autoroutier	ADJ	m	s	autoroutier
autorégulateur	ADJ	f	p	autorégulatrices
autorégulateur	ADJ	f	s	autorégulatrice
autorégulateur	ADJ	m	p	autorégulateurs
autorégulation	NOM	f	p	autorégulations
autosatisfaction	NOM	f	p	autosatisfactions
autostop	NOM	m	p	autostops
autosubsistance	NOM	f	p	autosubsistances
autosuffisance	NOM	f	p	autosuffisances
autosuffisant	ADJ	f	p	autosuffisantes
autosuffisant	ADJ	f	s	autosuffisante
autosuggestion	NOM	f	p	autosuggestions
autosurveillance	NOM	f	p	autosurveillances
autoérotique	ADJ	f	p	autoérotiques
autoérotique	ADJ	m	p	autoérotiques
autoérotique	ADJ	m	s	autoérotique
avachissement	NOM	m	p	avachissements
aval	NOM	m	p	avals
avalage	NOM	m	p	avalages
avalant	ADJ	f	p	avalantes
avalant	ADJ	f	s	avalante
avalant	ADJ	m	p	avalants
avalement	NOM	m	p	avalements
avaliseur	NOM	m	p	avaliseurs
avaloire	NOM	f	s	avaloire
avantageux	ADJ	m	p	avantageux
avantageux	ADJ	m	s	avantageux
avaricieux	ADJ	f	p	avaricieuses
avaricieux	ADJ	m	p	avaricieux
avaricieux	ADJ	m	s	avaricieux
aveline	NOM	f	s	aveline
avent	NOM	m	p	avents
aventureux	ADJ	m	p	aventureux
aventureux	ADJ	m	s	aventureux
aventurier	ADJ	f	p	aventurières
aventurine	NOM	f	s	aventurine
avenu	ADJ	f	s	avenue
avertisseur	ADJ	f	s	avertisseuse
avicole	ADJ	f	p	avicoles
avicole	ADJ	m	p	avicoles
avicole	ADJ	m	s	avicole
aviculture	NOM	f	p	avicultures
avignonnais	ADJ	f	p	avignonnaises
avignonnais	ADJ	m	p	avignonnais
avignonnais	ADJ	m	s	avignonnais
avilissement	NOM	m	p	avilissements
avionique	NOM	f	p	avioniques
avionnette	NOM	f	s	avionnette
avionneur	NOM	m	s	avionneur
avis	NOM	m	s	avis
avitaminose	NOM	f	p	avitaminoses
avivé	ADJ	f	p	avivées
avivé	ADJ	f	s	avivée
avivé	ADJ	m	p	avivés
avocaillon	NOM	m	p	avocaillons
avocasserie	NOM	f	s	avocasserie
avocatier	NOM	m	p	avocatiers
avocette	NOM	f	p	avocettes
avrillée	NOM	f	p	avrillées
avulsion	NOM	f	p	avulsions
avunculat	NOM	m	p	avunculats
avènement	NOM	m	p	avènements
axial	ADJ	f	p	axiales
axial	ADJ	m	p	axiaux
axiomatisation	NOM	f	p	axiomatisations
axonge	NOM	f	p	axonges
aya	NOM	f	p	ayas
ayan	NOM	m	s	ayan
ayuntamiento	NOM	m	p	ayuntamientos
azimutal	ADJ	f	p	azimutales
azimutal	ADJ	f	s	azimutale
azimutal	ADJ	m	p	azimutaux
azimuté	ADJ	f	p	azimutées
azimuté	ADJ	f	s	azimutée
azimuté	ADJ	m	p	azimutés
azoospermie	NOM	f	p	azoospermies
azote	NOM	m	p	azotes
azoture	NOM	m	p	azotures
azoïque	ADJ	f	p	azoïques
azoïque	ADJ	f	s	azoïque
azoïque	ADJ	m	p	azoïques
azygos	ADJ	f	p	azygos
azygos	ADJ	m	p	azygos
azygos	ADJ	m	s	azygos
azyme	ADJ	f	p	azymes
azyme	ADJ	f	s	azyme
azyme	ADJ	m	p	azymes
azéri	ADJ	f	p	azéries
azéri	ADJ	f	s	azérie
aérage	NOM	m	p	aérages
aérodynamique	NOM	f	p	aérodynamiques
aérodynamisme	NOM	m	p	aérodynamismes
aérographe	NOM	m	p	aérographes
aérologie	NOM	f	p	aérologies
aéromobile	ADJ	f	p	aéromobiles
aéromobile	ADJ	m	p	aéromobiles
aéromobile	ADJ	m	s	aéromobile
aéromodélisme	NOM	m	p	aéromodélismes
aéronautique	ADJ	f	p	aéronautiques
aéronautique	ADJ	f	s	aéronautique
aéronautique	ADJ	m	s	aéronautique
aéronavale	NOM	f	p	aéronavales
aéropathie	NOM	f	p	aéropathies
aérophagie	NOM	f	p	aérophagies
aéropostale	NOM	f	p	aéropostales
aérospatial	ADJ	f	p	aérospatiales
aérospatial	ADJ	m	p	aérospatiaux
aérospatiale	NOM	f	p	aérospatiales
aérostat	NOM	m	p	aérostats
aérotrain	NOM	m	s	aérotrain
aînesse	NOM	f	p	aînesses
aï	NOM	m	p	aïs
aïkido	NOM	m	p	aïkido
aïkido	NOM	m	p	aïkidos
aïoli	NOM	m	p	aïolis
baba	ADJ	f	p	babas
baba	ADJ	f	s	baba
baba	ADJ	m	p	babas
babeurre	NOM	m	p	babeurres
babillard	ADJ	f	p	babillardes
babillard	ADJ	m	p	babillards
babillard	NOM	m	p	babillards
babiroussa	NOM	m	p	babiroussas
babylonien	ADJ	f	p	babyloniennes
babélien	ADJ	f	p	babéliennes
babélien	ADJ	m	p	babéliens
babélien	ADJ	m	s	babélien
baccalauréat	NOM	m	p	baccalauréats
baccara	NOM	m	p	baccaras
baccarat	NOM	m	p	baccarats
bacchanal	NOM	m	p	bacchanals
bachagha	NOM	m	s	bachagha
bachique	ADJ	f	p	bachiques
bachique	ADJ	f	s	bachique
bachique	ADJ	m	p	bachiques
bachotage	NOM	m	p	bachotages
bacillaire	ADJ	f	s	bacillaire
bacillaire	ADJ	m	p	bacillaires
bacillaire	ADJ	m	s	bacillaire
backgammon	NOM	m	p	backgammons
background	NOM	m	p	backgrounds
bacon	NOM	m	p	bacons
bactéricide	ADJ	f	p	bactéricides
bactéricide	ADJ	f	s	bactéricide
bactéricide	ADJ	m	p	bactéricides
bactérien	ADJ	m	p	bactériens
bactériologie	NOM	f	p	bactériologies
bactériophage	NOM	m	p	bactériophages
bactériémie	NOM	f	p	bactériémies
badaud	ADJ	f	p	badaudes
badaud	ADJ	f	s	badaude
badgé	ADJ	f	p	badgées
badgé	ADJ	f	s	badgée
badgé	ADJ	m	s	badgé
badigeonneur	NOM	m	p	badigeonneurs
badin	ADJ	f	p	badines
badminton	NOM	m	p	badmintons
badois	ADJ	f	p	badoises
badois	ADJ	m	s	badois
bafouilleur	NOM	m	p	bafouilleurs
bagagerie	NOM	f	p	bagageries
bagasse	NOM	f	p	bagasses
bagou	NOM	m	p	bagous
baguage	NOM	m	p	baguages
baguenaude	NOM	f	p	baguenaudes
bai	ADJ	f	p	baies
bai	ADJ	f	s	baie
bail	NOM	m	p	baux
bailliage	NOM	m	p	bailliages
baillive	NOM	f	p	baillives
baisade	NOM	f	p	baisades
baisement	NOM	m	p	baisements
baisodrome	NOM	m	p	baisodromes
baissement	NOM	m	p	baissements
baisser	NOM	m	p	baissers
baissier	ADJ	f	p	baissières
baissier	ADJ	f	s	baissière
baissier	ADJ	m	p	baissiers
bajoyer	NOM	m	s	bajoyer
bakélite	NOM	f	p	bakélites
balafré	ADJ	f	p	balafrées
balaise	ADJ	f	p	balaises
balaise	ADJ	f	s	balaise
balancine	NOM	f	s	balancine
balane	NOM	f	s	balane
balboa	NOM	m	p	balboas
balbutiant	ADJ	m	p	balbutiants
balbuzard	NOM	m	p	balbuzards
baleineau	NOM	m	p	baleineaux
balinais	ADJ	f	p	balinaises
balinais	ADJ	m	p	balinais
balisage	NOM	m	p	balisages
balistique	NOM	f	p	balistiques
ballonnant	ADJ	f	p	ballonnantes
ballonnet	NOM	m	s	ballonnet
ballot	ADJ	f	p	ballottes
ballot	ADJ	f	s	ballotte
ballote	NOM	f	p	ballotes
ballottement	NOM	m	p	ballottements
ballotté	ADJ	f	p	ballottées
ballotté	ADJ	m	p	ballottés
balnéaire	ADJ	f	s	balnéaire
balnéaire	ADJ	m	p	balnéaires
balnéaire	ADJ	m	s	balnéaire
balnéothérapie	NOM	f	p	balnéothérapies
balourd	ADJ	f	p	balourdes
balsa	NOM	m	p	balsas
balsamique	ADJ	f	p	balsamiques
balsamique	ADJ	f	s	balsamique
balsamique	ADJ	m	s	balsamique
baltique	ADJ	f	s	baltique
baltique	ADJ	m	p	baltiques
baltique	ADJ	m	s	baltique
balzacien	NOM	m	p	balzaciens
balzane	NOM	f	s	balzane
bambara	ADJ	f	p	bambaras
bambara	ADJ	f	s	bambara
bambara	ADJ	m	p	bambaras
bamboche	NOM	f	p	bamboches
bambocheur	NOM	m	s	bambocheur
bamboula	NOM	f	p	bamboulas
banalisation	NOM	f	p	banalisations
bananeraie	NOM	f	p	bananeraies
bananier	ADJ	f	p	bananières
banco	ADJ	f	p	bancos
banco	ADJ	f	s	banco
banco	ADJ	m	p	bancos
banditisme	NOM	m	p	banditismes
bandoline	NOM	f	p	bandolines
bandonéon	NOM	m	p	bandonéons
bandothèque	NOM	f	p	bandothèques
bandoulière	NOM	f	p	bandoulières
banne	NOM	f	s	banne
bantou	ADJ	f	p	bantoues
bantou	ADJ	m	p	bantous
bantou	NOM	m	p	bantous
baptiseur	NOM	m	p	baptiseurs
baptistère	NOM	m	p	baptistères
baragouinage	NOM	m	p	baragouinages
baragouineur	NOM	m	p	baragouineurs
baraka	NOM	f	p	barakas
baralipton	NOM	m	p	baraliptons
baraqué	ADJ	f	p	baraquées
baraterie	NOM	f	p	barateries
baratineur	ADJ	f	p	baratineuses
baratineur	ADJ	m	p	baratineurs
barattage	NOM	m	p	barattages
barbaque	NOM	f	p	barbaques
barbaresque	ADJ	f	p	barbaresques
barbaresque	ADJ	f	s	barbaresque
barbaresque	ADJ	m	p	barbaresques
barbette	NOM	f	p	barbettes
barbichette	NOM	f	p	barbichettes
barbichu	ADJ	f	p	barbichues
barbichu	ADJ	f	s	barbichue
barbiturique	ADJ	f	p	barbituriques
barbiturique	ADJ	f	s	barbiturique
barbot	NOM	m	p	barbots
barbotage	NOM	m	s	barbotage
barbote	NOM	f	p	barbotes
barboteur	ADJ	f	s	barboteuse
barboteur	ADJ	m	p	barboteurs
barboteur	ADJ	m	s	barboteur
barbotière	NOM	f	p	barbotières
barbouille	NOM	f	p	barbouilles
barbule	NOM	f	s	barbule
barcarolle	NOM	f	p	barcarolles
bardage	NOM	m	p	bardages
bardeur	NOM	m	s	bardeur
barge	ADJ	f	s	barge
barge	ADJ	m	p	barges
barge	ADJ	m	s	barge
barine	NOM	m	p	barines
bariolure	NOM	f	s	bariolure
barnum	NOM	m	p	barnums
barotraumatisme	NOM	m	p	barotraumatismes
baroud	NOM	m	p	barouds
barouf	NOM	m	p	baroufs
barricadier	NOM	m	p	barricadiers
barye	NOM	f	p	baryes
baryon	NOM	m	p	baryons
baryte	NOM	f	p	barytes
baryté	ADJ	f	p	barytées
baryté	ADJ	f	s	barytée
baryté	ADJ	m	p	barytés
baryum	NOM	m	p	baryums
barzoï	NOM	m	p	barzoïs
bas	ADJ	m	p	bas
bas	ADJ	m	s	bas
bas	NOM	m	s	bas
basal	ADJ	f	p	basales
basal	ADJ	f	s	basale
basal	ADJ	m	p	basaux
basculant	ADJ	f	p	basculantes
basculement	NOM	m	p	basculements
baseball	NOM	m	p	baseballs
basic	NOM	m	p	basics
basilic	NOM	m	p	basilics
basin	NOM	m	p	basins
basmati	NOM	m	p	basmatis
basoche	NOM	f	p	basoches
basquais	ADJ	f	p	basquaises
basquais	ADJ	m	s	basquais
bassette	NOM	f	p	bassettes
bassinet	NOM	m	p	bassinets
basson	NOM	m	p	bassons
bastonneur	NOM	m	s	bastonneur
bataclan	NOM	m	p	bataclans
batailleur	NOM	m	p	batailleurs
batardeau	NOM	m	p	batardeaux
batelet	NOM	m	s	batelet
batellerie	NOM	f	p	batelleries
bathyal	ADJ	f	p	bathyales
bathyal	ADJ	m	p	bathyaux
bathyal	ADJ	m	s	bathyal
bathymètre	NOM	m	p	bathymètres
bathymétrique	ADJ	f	p	bathymétriques
bathymétrique	ADJ	f	s	bathymétrique
bathymétrique	ADJ	m	p	bathymétriques
bathyscaphe	NOM	m	p	bathyscaphes
bathysphère	NOM	f	p	bathysphères
batifoleur	NOM	m	s	batifoleur
batik	NOM	m	p	batiks
batiste	NOM	f	p	batistes
batracien	ADJ	f	p	batraciennes
batracien	ADJ	m	p	batraciens
batracien	ADJ	m	s	batracien
batée	NOM	f	p	batées
bau	NOM	m	p	baux
baud	NOM	m	p	bauds
baudelairien	ADJ	f	s	baudelairienne
bauxite	NOM	f	p	bauxites
bavarois	ADJ	m	p	bavarois
bavarois	ADJ	m	s	bavarois
baveur	ADJ	f	p	baveuses
baveur	ADJ	f	s	baveuse
baveur	NOM	m	p	baveurs
baveux	ADJ	m	p	baveux
baveux	ADJ	m	s	baveux
baveux	NOM	m	p	baveux
bayadère	ADJ	f	s	bayadère
bayadère	ADJ	m	p	bayadères
bayard	NOM	m	p	bayards
bazardeur	NOM	m	p	bazardeurs
beau	NOM	m	p	beaux
beaupré	NOM	m	p	beauprés
becquetance	NOM	f	p	becquetances
becquée	NOM	f	p	becquées
bectance	NOM	f	p	bectances
beeper	NOM	m	p	beepers
beethovénien	ADJ	f	p	beethovéniennes
beethovénien	ADJ	f	s	beethovénienne
beethovénien	ADJ	m	p	beethovéniens
beffroi	NOM	m	p	beffrois
beige	ADJ	f	p	beiges
beige	ADJ	f	s	beige
bel	ADJ	f	p	belles
bel	ADJ	m	p	beaux
bellevillois	ADJ	f	p	bellevilloises
bellevillois	ADJ	m	p	bellevillois
bellevillois	ADJ	m	s	bellevillois
belliciste	ADJ	f	p	bellicistes
belliciste	ADJ	m	p	bellicistes
belliciste	ADJ	m	s	belliciste
belligérance	NOM	f	p	belligérances
belliqueux	ADJ	m	p	belliqueux
belliqueux	ADJ	m	s	belliqueux
bellissime	ADJ	f	p	bellissimes
bellissime	ADJ	m	p	bellissimes
bellissime	ADJ	m	s	bellissime
bellot	ADJ	f	p	bellottes
bellot	ADJ	f	s	bellotte
bellot	ADJ	m	p	bellots
belluaire	NOM	m	p	belluaires
bellâtre	NOM	m	p	bellâtres
beloteur	NOM	m	s	beloteur
beluga	NOM	m	p	belugas
bengalais	ADJ	f	p	bengalaises
bengalais	ADJ	f	s	bengalaise
bengali	ADJ	f	p	bengalies
bengali	ADJ	f	s	bengalie
benjoin	NOM	m	p	benjoins
benoît	ADJ	f	p	benoîtes
benoît	ADJ	m	p	benoîts
benoîte	NOM	f	p	benoîtes
benthique	ADJ	f	p	benthiques
benthique	ADJ	f	s	benthique
benthique	ADJ	m	p	benthiques
benzidine	NOM	f	p	benzidines
benzine	NOM	f	p	benzines
benzoate	NOM	m	p	benzoates
benzodiazépine	NOM	f	p	benzodiazépines
benzonaphtol	NOM	m	p	benzonaphtols
benzylique	ADJ	f	p	benzyliques
benzylique	ADJ	f	s	benzylique
benzylique	ADJ	m	p	benzyliques
benzène	NOM	m	p	benzènes
benêt	ADJ	f	p	benêtes
benêt	ADJ	f	s	benête
ber	NOM	m	p	bers
bercail	NOM	m	p	bercails
bercelonnette	NOM	f	p	bercelonnettes
bergamasque	NOM	f	s	bergamasque
bergamote	NOM	f	p	bergamotes
berle	NOM	f	p	berles
berlinois	ADJ	m	p	berlinois
berlinois	ADJ	m	s	berlinois
berne	NOM	f	p	bernes
bernois	ADJ	f	s	bernoise
bernois	ADJ	m	s	bernois
berrichon	ADJ	f	p	berrichonnes
berrichon	ADJ	m	p	berrichons
berthe	NOM	f	p	berthes
besaiguë	NOM	f	p	besaiguës
besogneux	ADJ	m	p	besogneux
besogneux	ADJ	m	s	besogneux
bestiasse	NOM	f	p	bestiasses
betteravier	NOM	m	p	betteraviers
beur	ADJ	f	p	beurs
beur	ADJ	f	s	beur
beur	ADJ	m	p	beurs
beurrage	NOM	m	p	beurrages
beurrier	NOM	m	p	beurriers
bey	NOM	m	p	beys
biais	ADJ	m	p	biais
biaisement	NOM	m	s	biaisement
biaisé	ADJ	f	p	biaisées
biaisé	ADJ	m	p	biaisés
biathlon	NOM	m	p	biathlons
bibard	NOM	m	p	bibards
bibendum	NOM	m	p	bibendums
bibiche	NOM	f	p	bibiches
bibite	NOM	f	p	bibites
bibliographique	ADJ	f	s	bibliographique
bibliographique	ADJ	m	p	bibliographiques
bibliographique	ADJ	m	s	bibliographique
bibliophilie	NOM	f	p	bibliophilies
bibliophilique	ADJ	f	p	bibliophiliques
bibliophilique	ADJ	m	p	bibliophiliques
bibliophilique	ADJ	m	s	bibliophilique
bic	NOM	m	p	bics
bicaméral	ADJ	f	p	bicamérales
bicaméral	ADJ	m	p	bicaméraux
bicaméral	ADJ	m	s	bicaméral
bicentenaire	NOM	m	p	bicentenaires
bichette	NOM	f	p	bichettes
bichon	NOM	m	p	bichons
bicorne	ADJ	f	p	bicornes
bicorne	ADJ	f	s	bicorne
biculturel	ADJ	f	p	biculturelles
biculturel	ADJ	m	p	biculturels
biculturel	ADJ	m	s	biculturel
bidimensionnel	ADJ	f	p	bidimensionnelles
bidimensionnel	ADJ	f	s	bidimensionnelle
bidimensionnel	ADJ	m	p	bidimensionnels
bidonnage	NOM	m	p	bidonnages
bidonnant	ADJ	f	p	bidonnantes
bidonnant	ADJ	m	p	bidonnants
bidouillage	NOM	m	p	bidouillages
bidouille	NOM	f	p	bidouilles
bienfaisance	NOM	f	p	bienfaisances
bienheureux	ADJ	m	p	bienheureux
bienheureux	ADJ	m	s	bienheureux
biennale	NOM	f	p	biennales
bienvenu	ADJ	f	p	bienvenues
bienvenu	ADJ	f	s	bienvenue
biface	ADJ	f	p	bifaces
biface	ADJ	f	s	biface
biface	ADJ	m	s	biface
biface	NOM	m	p	bifaces
biffe	NOM	f	p	biffes
bifide	ADJ	f	s	bifide
bifide	ADJ	m	p	bifides
bifide	ADJ	m	s	bifide
bigaille	NOM	f	p	bigailles
bigame	ADJ	f	p	bigames
bigame	ADJ	f	s	bigame
bigame	ADJ	m	p	bigames
bigame	NOM	m	p	bigames
bigamie	NOM	f	p	bigamies
bigarreau	NOM	m	p	bigarreaux
bigle	ADJ	f	p	bigles
bigle	ADJ	f	s	bigle
bigle	ADJ	m	s	bigle
bigle	NOM	m	s	bigle
bigleux	ADJ	f	p	bigleuses
bigleux	ADJ	m	p	bigleux
bigleux	ADJ	m	s	bigleux
bignonia	NOM	m	s	bignonia
bigophone	NOM	m	p	bigophones
bigot	ADJ	f	p	bigotes
bigoterie	NOM	f	p	bigoteries
bigouden	ADJ	f	p	bigoudens
bigouden	ADJ	m	p	bigoudens
bigouden	ADJ	m	s	bigouden
bigre	NOM	m	p	bigres
bigue	NOM	f	p	bigues
biguine	NOM	f	p	biguines
bihoreau	NOM	m	p	bihoreaux
bijou	NOM	m	p	bijoux
bilatéral	ADJ	f	p	bilatérales
bilharziose	NOM	f	p	bilharzioses
bilieux	ADJ	m	p	bilieux
bilinguisme	NOM	m	p	bilinguismes
bilirubine	NOM	f	p	bilirubines
billette	NOM	f	s	billette
billon	NOM	m	p	billons
bilobé	ADJ	f	p	bilobées
bilobé	ADJ	m	p	bilobés
bilobé	ADJ	m	s	bilobé
bimensuel	ADJ	m	p	bimensuels
bimestre	NOM	m	p	bimestres
bimoteur	ADJ	f	p	bimotrices
bimoteur	ADJ	f	s	bimotrice
bimoteur	ADJ	m	p	bimoteurs
bimétallisme	NOM	m	p	bimétallismes
bingo	NOM	m	p	bingos
binoclard	ADJ	f	p	binoclardes
binoculaire	ADJ	f	p	binoculaires
binoculaire	ADJ	m	p	binoculaires
binoculaire	ADJ	m	s	binoculaire
biochimie	NOM	f	p	biochimies
biodiversité	NOM	f	p	biodiversités
biodégradable	ADJ	f	s	biodégradable
biodégradable	ADJ	m	p	biodégradables
biogénique	ADJ	f	p	biogéniques
biogénique	ADJ	f	s	biogénique
biogénique	ADJ	m	p	biogéniques
biologie	NOM	f	p	biologies
bioluminescence	NOM	f	p	bioluminescences
bioluminescent	ADJ	f	p	bioluminescentes
bioluminescent	ADJ	m	p	bioluminescents
bioluminescent	ADJ	m	s	bioluminescent
biomasse	NOM	f	p	biomasses
biomécanique	NOM	f	p	biomécaniques
biomédical	ADJ	f	p	biomédicales
biométrie	NOM	f	p	biométries
biométrique	NOM	f	p	biométriques
bionique	NOM	f	p	bioniques
biophysique	NOM	f	p	biophysiques
biosphère	NOM	f	p	biosphères
biotechnique	NOM	f	p	biotechniques
biotechnologie	NOM	f	p	biotechnologies
biotite	NOM	f	p	biotites
biotope	NOM	m	p	biotopes
bioxyde	NOM	m	p	bioxydes
bipartisme	NOM	m	p	bipartismes
biphényle	NOM	m	p	biphényles
biplan	ADJ	f	p	biplanes
biplan	ADJ	f	s	biplane
biplan	ADJ	m	p	biplans
bipolaire	ADJ	f	p	bipolaires
bipolaire	ADJ	m	s	bipolaire
bipolarité	NOM	f	p	bipolarités
biquotidien	ADJ	f	p	biquotidiennes
biquotidien	ADJ	m	s	biquotidien
bire	NOM	f	p	bires
biribi	NOM	m	p	biribis
biréfringence	NOM	f	p	biréfringences
bis	ADJ	f	s	bis
bis	ADJ	f	s	bise
bis	ADJ	m	p	bis
bis	ADJ	m	s	bis
bisannuel	ADJ	f	s	bisannuelle
bisannuel	ADJ	m	p	bisannuels
bisaïeul	NOM	m	p	bisaïeuls
bisaïeul	NOM	m	p	bisaïeux
biscaïen	NOM	m	p	biscaïens
bischof	NOM	m	p	bischofs
biscoteau	NOM	m	s	biscoteau
biscoto	NOM	m	s	biscoto
biscuiterie	NOM	f	p	biscuiteries
biset	NOM	m	s	biset
bisexualité	NOM	f	p	bisexualités
bisexué	ADJ	f	p	bisexuées
bisexué	ADJ	f	s	bisexuée
bismarckien	ADJ	f	p	bismarckiennes
bismarckien	ADJ	f	s	bismarckienne
bismarckien	ADJ	m	p	bismarckiens
bismuth	NOM	m	p	bismuths
bissel	NOM	m	p	bissels
bistorte	NOM	f	p	bistortes
bistouille	NOM	f	p	bistouilles
bistroquet	NOM	m	p	bistroquets
bistré	ADJ	f	p	bistrées
bistré	ADJ	m	s	bistré
bisulfite	NOM	m	p	bisulfites
bitoniau	NOM	m	p	bitoniaux
bitte	NOM	f	s	bitte
bitter	NOM	m	s	bitter
bitumeux	ADJ	f	p	bitumeuses
bitumeux	ADJ	m	s	bitumeux
bitumineux	ADJ	f	p	bitumineuses
bitumineux	ADJ	m	s	bitumineux
bivalent	ADJ	f	p	bivalentes
bivalent	ADJ	m	p	bivalents
bivalent	ADJ	m	s	bivalent
bivalve	NOM	m	p	bivalves
bizarde	ADJ	f	p	bizardes
bizou	NOM	m	p	bizous
blablateur	NOM	m	s	blablateur
black	ADJ	f	p	blacks
black	ADJ	f	s	black
blagueur	ADJ	f	s	blagueuse
blanchet	NOM	m	p	blanchets
blanchissage	NOM	m	p	blanchissages
blanchissement	NOM	m	p	blanchissements
blanchisserie	NOM	f	p	blanchisseries
blanchon	NOM	m	p	blanchons
blandice	NOM	f	s	blandice
blanque	NOM	f	p	blanques
blasphémateur	ADJ	f	p	blasphématrices
blasphémateur	ADJ	f	s	blasphématrice
blasphématoire	ADJ	f	s	blasphématoire
blasphématoire	ADJ	m	p	blasphématoires
blasphématoire	ADJ	m	s	blasphématoire
blastula	NOM	f	p	blastulas
blennie	NOM	f	s	blennie
blennorragie	NOM	f	p	blennorragies
blette	NOM	f	s	blette
blettissement	NOM	m	p	blettissements
bleuette	NOM	f	p	bleuettes
bleuissant	ADJ	m	p	bleuissants
bleuissant	ADJ	m	s	bleuissant
bliaut	NOM	m	p	bliauts
blitzkrieg	NOM	m	p	blitzkriegs
blocaille	NOM	f	p	blocailles
blondasse	ADJ	f	p	blondasses
blondasse	ADJ	f	s	blondasse
blondasse	ADJ	m	s	blondasse
blondin	ADJ	m	p	blondins
blondin	NOM	m	p	blondins
blondinet	ADJ	f	p	blondinettes
blondinet	ADJ	m	p	blondinets
bloom	NOM	m	p	blooms
bloomer	NOM	m	p	bloomers
bloquant	ADJ	f	p	bloquantes
bloquant	ADJ	f	s	bloquante
bloquant	ADJ	m	p	bloquants
bloqueur	ADJ	f	p	bloqueuses
bloqueur	ADJ	f	s	bloqueuse
bloum	NOM	m	p	bloums
blousant	ADJ	f	s	blousante
blousant	ADJ	m	p	blousants
blousant	ADJ	m	s	blousant
bluet	NOM	m	s	bluet
blutoir	NOM	m	p	blutoirs
blâmable	ADJ	f	p	blâmables
blâmable	ADJ	m	p	blâmables
blâmable	ADJ	m	s	blâmable
blèsement	NOM	m	p	blèsements
blépharite	NOM	f	p	blépharites
blêmissant	ADJ	f	p	blêmissantes
blêmissant	ADJ	m	p	blêmissants
blêmissant	ADJ	m	s	blêmissant
bobby	NOM	m	p	bobbies
bobinage	NOM	m	p	bobinages
bobineau	NOM	m	p	bobineaus
bobineau	NOM	m	p	bobineaux
bobsleigh	NOM	m	p	bobsleighs
bocager	ADJ	f	s	bocagère
bocager	ADJ	m	p	bocagers
bocager	ADJ	m	s	bocager
bocard	NOM	m	p	bocards
bochiman	NOM	m	p	bochimans
bodhi	NOM	f	p	bodhis
bodo	NOM	m	p	bodos
body	NOM	m	p	bodies
body	NOM	m	p	bodys
bodybuilding	NOM	m	p	bodybuildings
bogie	NOM	m	p	bogies
bogomile	NOM	m	s	bogomile
boguet	NOM	m	p	boguets
bohème	ADJ	f	p	bohèmes
bohème	ADJ	f	s	bohème
bohème	ADJ	m	s	bohème
bohémien	ADJ	f	p	bohémiennes
boire	NOM	m	p	boires
boiseur	NOM	m	p	boiseurs
boisselier	NOM	m	p	boisseliers
boitement	NOM	m	p	boitements
boiterie	NOM	f	p	boiteries
boiteux	ADJ	m	p	boiteux
boiteux	ADJ	m	s	boiteux
boitillant	ADJ	f	p	boitillantes
boitillant	ADJ	f	s	boitillante
boitillant	ADJ	m	p	boitillants
bolchevisme	NOM	m	p	bolchevismes
boldo	NOM	m	p	boldos
bolduc	NOM	m	p	bolducs
bolge	NOM	f	p	bolges
bolivar	NOM	m	p	bolivars
bolivien	ADJ	f	p	boliviennes
bolonais	ADJ	f	p	bolonaises
bolonais	ADJ	m	p	bolonais
bolonais	ADJ	m	s	bolonais
bombage	NOM	m	p	bombages
bombement	NOM	m	s	bombement
bombeur	NOM	m	p	bombeurs
bombillement	NOM	m	p	bombillements
bonasserie	NOM	f	p	bonasseries
bondieusard	NOM	m	p	bondieusards
bondrée	NOM	f	p	bondrées
bonhomie	NOM	f	p	bonhomies
bonhomme	ADJ	f	p	bonhommes
bonhomme	ADJ	f	s	bonhomme
bonhomme	ADJ	m	s	bonhomme
bonification	NOM	f	p	bonifications
bonneteau	NOM	m	p	bonneteaux
bonzaï	NOM	m	p	bonzaïs
boomer	NOM	m	p	boomers
boomerang	NOM	m	p	boomerangs
bop	NOM	m	p	bops
boquillon	NOM	m	s	boquillon
bordelais	ADJ	f	p	bordelaises
bordelais	ADJ	m	p	bordelais
bordelais	ADJ	m	s	bordelais
borderie	NOM	f	p	borderies
borderline	NOM	m	p	borderlines
bordier	ADJ	f	p	bordières
bordier	ADJ	f	s	bordière
bordier	ADJ	m	p	bordiers
bordj	NOM	m	p	bordjs
bordé	ADJ	f	p	bordées
bordé	ADJ	f	s	bordée
bordélique	ADJ	f	s	bordélique
bordélique	ADJ	m	p	bordéliques
bordélique	ADJ	m	s	bordélique
bore	NOM	m	p	bores
borie	NOM	f	p	bories
borique	ADJ	f	p	boriques
borique	ADJ	f	s	borique
borique	ADJ	m	p	boriques
borough	NOM	m	p	boroughs
borsalino	NOM	m	p	borsalinos
bortsch	NOM	m	p	bortschs
boréal	ADJ	m	p	boréals
boréal	ADJ	m	p	boréaux
bosco	NOM	m	p	boscos
boscot	ADJ	f	p	boscotes
boscot	ADJ	f	p	boscottes
boscot	ADJ	m	p	boscos
boscot	ADJ	m	p	boscots
boscot	ADJ	m	s	boscot
boskoop	NOM	f	p	boskoops
bosnien	ADJ	f	p	bosniennes
bosnien	ADJ	f	s	bosnienne
bosnien	ADJ	m	p	bosniens
bossage	NOM	m	p	bossages
bosse	NOM	f	s	bosse
bosselure	NOM	f	p	bosselures
bosseur	ADJ	f	p	bosseuses
bossué	ADJ	f	p	bossuées
boston	NOM	m	p	bostons
bostonien	ADJ	f	p	bostoniennes
bot	ADJ	f	p	botes
bot	ADJ	m	p	bots
botanique	NOM	f	p	botaniques
bottelé	ADJ	f	p	bottelées
bottelé	ADJ	f	s	bottelée
bottelé	ADJ	m	p	bottelés
botulique	ADJ	f	p	botuliques
botulique	ADJ	m	p	botuliques
botulique	ADJ	m	s	botulique
botulisme	NOM	m	p	botulismes
boucan	NOM	m	p	boucans
bouchage	NOM	m	p	bouchages
boucharde	NOM	f	p	bouchardes
bouchonné	ADJ	f	p	bouchonnées
bouchonné	ADJ	f	s	bouchonnée
bouchonné	ADJ	m	p	bouchonnés
bouchoteur	NOM	m	s	bouchoteur
bouchure	NOM	f	p	bouchures
bouclage	NOM	m	p	bouclages
bouddhique	ADJ	f	s	bouddhique
bouddhique	ADJ	m	p	bouddhiques
bouddhique	ADJ	m	s	bouddhique
bouddhisme	NOM	m	p	bouddhismes
boudeur	NOM	m	p	boudeurs
boudine	NOM	f	p	boudines
boueux	ADJ	m	p	boueux
boueux	ADJ	m	s	boueux
bouffant	NOM	m	p	bouffants
bouffe	ADJ	f	p	bouffes
bouffe	ADJ	f	s	bouffe
bouffe	ADJ	m	s	bouffe
bouffetance	NOM	f	p	bouffetances
bouffette	NOM	f	s	bouffette
bouffonnant	ADJ	f	p	bouffonnantes
bouffonnant	ADJ	m	p	bouffonnants
bougeotte	NOM	f	p	bougeottes
bougon	ADJ	f	p	bougonnes
bougonnement	NOM	m	p	bougonnements
bougran	NOM	m	p	bougrans
bougresse	NOM	f	p	bougresses
bouif	NOM	m	p	bouifs
bouillabaisse	NOM	f	p	bouillabaisses
bouillasse	NOM	f	p	bouillasses
bouillonneux	ADJ	f	p	bouillonneuses
bouillonneux	ADJ	f	s	bouillonneuse
bouillonneux	ADJ	m	p	bouillonneux
boulange	NOM	f	p	boulanges
boulangisme	NOM	m	p	boulangismes
boulant	NOM	m	s	boulant
boulder	NOM	m	p	boulders
boulevardier	ADJ	f	p	boulevardières
boulevardier	ADJ	m	p	boulevardiers
boulgour	NOM	m	p	boulgours
boulin	NOM	m	s	boulin
boulingrin	NOM	m	s	boulingrin
boulodrome	NOM	m	p	boulodromes
bouloir	NOM	m	p	bouloirs
boulonnage	NOM	m	p	boulonnages
boulonnais	ADJ	f	p	boulonnaises
boulonnais	ADJ	f	s	boulonnaise
boulonnais	ADJ	m	p	boulonnais
boulonnerie	NOM	f	p	boulonneries
boulu	ADJ	f	p	boulues
boulu	ADJ	f	s	boulue
bounioul	NOM	m	s	bounioul
bouquetier	NOM	m	p	bouquetiers
bouqueté	ADJ	f	p	bouquetées
bouqueté	ADJ	f	s	bouquetée
bouqueté	ADJ	m	p	bouquetés
bouquinage	NOM	m	p	bouquinages
bouquineur	NOM	m	p	bouquineurs
bourbe	NOM	f	p	bourbes
bourbeux	ADJ	m	p	bourbeux
bourbeux	ADJ	m	s	bourbeux
bourbonien	ADJ	f	p	bourboniennes
bourbonien	ADJ	m	p	bourboniens
bourdalou	NOM	m	s	bourdalou
bourdillon	NOM	m	p	bourdillons
bourge	ADJ	f	s	bourge
bourge	ADJ	m	p	bourges
bourge	ADJ	m	s	bourge
bourgeois	ADJ	m	p	bourgeois
bourgeois	ADJ	m	s	bourgeois
bourgeoisisme	NOM	m	p	bourgeoisismes
bourgeonnant	ADJ	f	p	bourgeonnantes
bourgeonneux	ADJ	f	p	bourgeonneuses
bourgeonneux	ADJ	m	p	bourgeonneux
bourgeonneux	ADJ	m	s	bourgeonneux
bourgue	NOM	m	s	bourgue
bourlingue	NOM	f	p	bourlingues
bourlingueur	NOM	m	p	bourlingueurs
bourrache	NOM	f	p	bourraches
bourratif	ADJ	m	p	bourratifs
bourrellerie	NOM	f	p	bourrelleries
bourreur	NOM	m	p	bourreurs
bourrichon	NOM	m	p	bourrichons
bourrine	NOM	f	p	bourrines
bourrée	NOM	f	s	bourrée
boursicot	NOM	m	p	boursicots
boursicotage	NOM	m	p	boursicotages
boursouflement	NOM	m	p	boursouflements
bousard	NOM	m	s	bousard
bousilleur	NOM	m	p	bousilleurs
bousine	NOM	f	p	bousines
boustrophédon	NOM	m	p	boustrophédons
boutargue	NOM	f	p	boutargues
boutillier	NOM	m	p	boutilliers
boutiquier	ADJ	f	s	boutiquière
boutisse	NOM	f	s	boutisse
boutoir	NOM	m	p	boutoirs
boutonnage	NOM	m	p	boutonnages
boutonnant	ADJ	f	p	boutonnantes
boutonnant	ADJ	f	s	boutonnante
boutonnant	ADJ	m	p	boutonnants
boutonneux	ADJ	m	p	boutonneux
boutonneux	ADJ	m	s	boutonneux
bouvet	NOM	m	p	bouvets
bouvillon	NOM	m	p	bouvillons
bouzine	NOM	f	p	bouzines
bouzouki	NOM	m	p	bouzoukis
bowling	NOM	m	p	bowlings
boycott	NOM	m	p	boycotts
boëtte	NOM	f	s	boëtte
brabant	NOM	m	p	brabants
brabançon	ADJ	f	p	brabançonnes
brabançon	ADJ	m	p	brabançons
brabançon	NOM	m	s	brabançon
brachial	ADJ	f	p	brachiales
brachial	ADJ	m	p	brachiaux
brachiocéphalique	ADJ	f	p	brachiocéphaliques
brachiocéphalique	ADJ	f	s	brachiocéphalique
brachiocéphalique	ADJ	m	p	brachiocéphaliques
brachiosaure	NOM	m	p	brachiosaures
brachycéphale	ADJ	f	p	brachycéphales
brachycéphale	ADJ	f	s	brachycéphale
brachycéphale	ADJ	m	s	brachycéphale
bractée	NOM	f	s	bractée
bradycardie	NOM	f	p	bradycardies
bragard	NOM	m	p	bragards
brahmanique	ADJ	f	p	brahmaniques
brahmanique	ADJ	f	s	brahmanique
brahmanique	ADJ	m	p	brahmaniques
brahmanisme	NOM	m	p	brahmanismes
brahmaniste	ADJ	f	p	brahmanistes
brahmaniste	ADJ	f	s	brahmaniste
brahmaniste	ADJ	m	s	brahmaniste
braie	NOM	f	s	braie
braille	NOM	m	p	brailles
brailleur	ADJ	f	p	brailleuses
brailleur	ADJ	f	s	brailleuse
braisillant	ADJ	f	p	braisillantes
braisillant	ADJ	m	p	braisillants
braisé	ADJ	f	p	braisées
bran	NOM	m	p	brans
branchial	ADJ	f	p	branchiales
branchial	ADJ	m	p	branchiaux
branchial	ADJ	m	s	branchial
branchu	ADJ	f	p	branchues
brand	NOM	m	p	brands
brandade	NOM	f	p	brandades
brandebourg	NOM	m	s	brandebourg
brandebourgeois	ADJ	f	p	brandebourgeoises
brandebourgeois	ADJ	f	s	brandebourgeoise
brandevin	NOM	m	p	brandevins
brandevinier	NOM	m	p	brandeviniers
brandy	NOM	m	p	brandies
brandy	NOM	m	p	brandys
branlement	NOM	m	p	branlements
branlée	NOM	f	p	branlées
brasage	NOM	m	p	brasages
brasillement	NOM	m	p	brasillements
brassicourt	ADJ	m	p	brassicourts
brasure	NOM	f	p	brasures
bravache	ADJ	f	p	bravaches
bravache	ADJ	f	s	bravache
braverie	NOM	f	s	braverie
bravoure	NOM	f	p	bravoures
brayon	NOM	m	s	brayon
breakdance	NOM	f	p	breakdances
bredin	NOM	m	p	bredins
bredouillage	NOM	m	p	bredouillages
bredouillant	ADJ	f	p	bredouillantes
bredouillant	ADJ	m	p	bredouillants
bredouille	ADJ	f	p	bredouilles
bredouille	ADJ	f	s	bredouille
bredouille	ADJ	m	s	bredouille
bredouilleur	NOM	m	s	bredouilleur
bregma	NOM	m	p	bregmas
brestois	ADJ	f	p	brestoises
bretonnant	ADJ	f	p	bretonnantes
bretonnant	ADJ	f	s	bretonnante
brette	NOM	f	p	brettes
bri	NOM	m	p	bris
briard	ADJ	f	p	briardes
briard	ADJ	m	p	briards
bricheton	NOM	m	p	brichetons
bridgeur	NOM	m	s	bridgeur
brigandeau	NOM	m	s	brigandeau
brigantin	NOM	m	p	brigantins
brigantine	NOM	f	p	brigantines
brignolet	NOM	m	p	brignolets
brigue	NOM	f	s	brigue
brillantage	NOM	m	p	brillantages
brillantine	NOM	f	p	brillantines
brinde	NOM	f	s	brinde
bringue	NOM	f	p	bringues
brinquebalant	ADJ	f	p	brinquebalantes
brinquebalant	ADJ	f	s	brinquebalante
brinquebalant	ADJ	m	s	brinquebalant
brio	NOM	m	p	brios
brioché	ADJ	f	p	briochées
brion	NOM	m	s	brion
briquage	NOM	m	p	briquages
briquetage	NOM	m	p	briquetages
briquetier	NOM	m	p	briquetiers
briqueté	ADJ	f	s	briquetée
briqueté	ADJ	m	p	briquetés
briqueté	ADJ	m	s	briqueté
brisque	NOM	f	p	brisques
brisé	ADJ	f	p	brisées
brivadois	ADJ	f	p	brivadoises
brivadois	ADJ	m	p	brivadois
brivadois	ADJ	m	s	brivadois
brize	NOM	f	p	brizes
brièveté	NOM	f	p	brièvetés
brocatelle	NOM	f	p	brocatelles
brochant	ADJ	f	p	brochantes
brochant	ADJ	f	s	brochante
brochant	ADJ	m	p	brochants
brochoir	NOM	m	s	brochoir
broché	NOM	m	p	brochés
broker	NOM	m	p	brokers
brol	NOM	m	p	brols
brome	NOM	m	p	bromes
bronchiole	NOM	f	s	bronchiole
bronchique	ADJ	f	p	bronchiques
bronchique	ADJ	f	s	bronchique
bronchique	ADJ	m	s	bronchique
bronchitique	ADJ	f	p	bronchitiques
bronchitique	ADJ	m	p	bronchitiques
bronchitique	ADJ	m	s	bronchitique
broncho	NOM	m	p	bronchos
bronchoscope	NOM	m	p	bronchoscopes
bronchoscopie	NOM	f	p	bronchoscopies
bronzant	ADJ	f	p	bronzantes
bronzier	NOM	m	p	bronziers
broquart	NOM	m	s	broquart
broquette	NOM	f	s	broquette
brossage	NOM	m	p	brossages
brossier	NOM	m	p	brossiers
brou	NOM	m	p	brous
brouillade	NOM	f	p	brouillades
brouillamini	NOM	m	p	brouillaminis
brouillardeux	ADJ	f	p	brouillardeuses
brouillardeux	ADJ	m	p	brouillardeux
brouillasse	NOM	f	p	brouillasses
broussailleux	ADJ	m	p	broussailleux
broussailleux	ADJ	m	s	broussailleux
broussard	NOM	m	p	broussards
brout	NOM	m	p	brouts
broutage	NOM	m	p	broutages
broutant	ADJ	f	s	broutante
broutant	ADJ	m	p	broutants
broutant	ADJ	m	s	broutant
broutard	NOM	m	p	broutards
broyeur	ADJ	f	p	broyeuses
brucellose	NOM	f	p	brucelloses
brugeois	ADJ	m	p	brugeois
brugeois	ADJ	m	s	brugeois
bruiteur	NOM	m	p	bruiteurs
brumaille	NOM	f	p	brumailles
brumaire	NOM	m	p	brumaires
brumeux	ADJ	m	p	brumeux
brumeux	ADJ	m	s	brumeux
brumisateur	NOM	m	p	brumisateurs
brunch	NOM	m	p	brunches
brunch	NOM	m	p	brunchs
brunet	ADJ	f	p	brunettes
brunet	ADJ	m	p	brunets
bruni	NOM	m	p	brunis
brunissage	NOM	m	p	brunissages
brunissoir	NOM	m	p	brunissoirs
brunissure	NOM	f	s	brunissure
brushing	NOM	m	p	brushings
brusquet	ADJ	f	p	brusquettes
brusquet	ADJ	m	p	brusquets
brusquet	ADJ	m	s	brusquet
bruxellois	ADJ	f	p	bruxelloises
bruxellois	ADJ	m	p	bruxellois
bruxellois	ADJ	m	s	bruxellois
bréchet	NOM	m	p	bréchets
bréhaigne	ADJ	m	p	bréhaignes
bréhaigne	ADJ	m	s	bréhaigne
bréviaire	NOM	m	p	bréviaires
brûlage	NOM	m	p	brûlages
brûloir	NOM	m	s	brûloir
buccin	NOM	m	p	buccins
buccinateur	NOM	m	p	buccinateurs
buccogénital	ADJ	f	s	buccogénitale
buccogénital	ADJ	m	p	buccogénitaux
buccogénital	ADJ	m	s	buccogénital
bucoliaste	NOM	m	s	bucoliaste
bucolique	ADJ	f	p	bucoliques
bucolique	ADJ	f	s	bucolique
bucolique	ADJ	m	s	bucolique
bucolique	NOM	f	s	bucolique
bucrane	NOM	m	s	bucrane
bucéphale	NOM	m	s	bucéphale
budgétisation	NOM	f	p	budgétisations
buggy	NOM	m	p	buggies
buggy	NOM	m	p	buggys
bugle	NOM	m	p	bugles
buire	NOM	f	s	buire
buissonnant	ADJ	f	p	buissonnantes
buissonnant	ADJ	f	s	buissonnante
buissonneux	ADJ	m	s	buissonneux
buissonnier	ADJ	m	p	buissonniers
buissonnier	ADJ	m	s	buissonnier
bulbeux	ADJ	f	p	bulbeuses
bulbeux	ADJ	m	p	bulbeux
bulbul	NOM	m	p	bulbuls
bulge	NOM	m	p	bulges
bullaire	NOM	m	p	bullaires
bulleux	ADJ	f	p	bulleuses
bulleux	ADJ	f	s	bulleuse
bulleux	ADJ	m	p	bulleux
buna	NOM	m	p	buna
buna	NOM	m	p	bunas
bunraku	NOM	m	p	bunraku
bupreste	NOM	m	s	bupreste
bureautique	ADJ	f	p	bureautiques
bureautique	ADJ	m	p	bureautiques
bureautique	ADJ	m	s	bureautique
bureautique	NOM	f	p	bureautiques
burg	NOM	m	p	burgs
burgonde	ADJ	f	p	burgondes
burgonde	ADJ	f	s	burgonde
burgonde	ADJ	m	s	burgonde
burgraviat	NOM	m	p	burgraviats
buron	NOM	m	s	buron
bursite	NOM	f	p	bursites
bush	NOM	m	p	bushes
bush	NOM	m	p	bushs
bushido	NOM	m	p	bushido
bushman	NOM	m	p	bushmen
busqué	ADJ	f	p	busquées
busqué	ADJ	f	s	busquée
busqué	ADJ	m	p	busqués
bustier	NOM	m	p	bustiers
butadiène	NOM	m	p	butadiènes
butane	NOM	m	p	butanes
buteur	NOM	m	p	buteurs
butineur	ADJ	m	p	butineurs
butée	NOM	f	p	butées
byronien	ADJ	f	p	byroniennes
byronien	ADJ	f	s	byronienne
byronien	ADJ	m	p	byroniens
byte	NOM	m	s	byte
byzantin	NOM	m	s	byzantin
byzantinisme	NOM	m	p	byzantinismes
bâbord	NOM	m	p	bâbords
bâcleur	NOM	m	s	bâcleur
bâtonnier	NOM	m	p	bâtonniers
bâté	ADJ	f	p	bâtées
bâté	ADJ	f	s	bâtée
béance	NOM	f	p	béances
béarnais	ADJ	f	p	béarnaises
béarnais	ADJ	m	s	béarnais
béatifique	ADJ	f	p	béatifiques
béatifique	ADJ	f	s	béatifique
béatifique	ADJ	m	p	béatifiques
bécabunga	NOM	m	p	bécabungas
bécard	NOM	m	p	bécards
bécarre	NOM	m	p	bécarres
béchamel	NOM	f	p	béchamels
bécher	NOM	m	p	béchers
bécoteur	ADJ	f	p	bécoteuses
bécoteur	ADJ	f	s	bécoteuse
bécoteur	ADJ	m	p	bécoteurs
bécoteur	NOM	m	p	bécoteurs
bédane	NOM	m	p	bédanes
bée	ADJ	f	p	bées
bégayeur	ADJ	f	p	bégayeuses
bégayeur	ADJ	f	s	bégayeuse
bégayeur	ADJ	m	p	bégayeurs
bégonia	NOM	m	s	bégonia
bégueule	ADJ	f	p	bégueules
bégueule	ADJ	m	p	bégueules
bégueule	ADJ	m	s	bégueule
bégueulerie	NOM	f	p	bégueuleries
bégueulerie	NOM	f	p	bégueules
béguinage	NOM	m	p	béguinages
béguine	NOM	f	p	béguines
bégum	NOM	f	p	bégums
béhémoth	NOM	m	p	béhémoths
béjaune	NOM	m	p	béjaunes
bélinogramme	NOM	m	p	bélinogrammes
bélouga	NOM	m	p	bélougas
bélître	NOM	m	p	bélîtres
bénard	ADJ	f	p	bénardes
bénignité	NOM	f	p	bénignités
béninois	ADJ	f	p	béninoises
béninois	ADJ	f	s	béninoise
béninois	ADJ	m	p	béninois
bénisseur	ADJ	f	p	bénisseuses
bénévolat	NOM	m	p	bénévolats
bénévolence	NOM	f	p	bénévolences
béotien	ADJ	f	p	béotiennes
béquillard	ADJ	f	p	béquillardes
béquillard	ADJ	f	s	béquillarde
béquillard	ADJ	m	p	béquillards
béribéri	NOM	m	p	béribéris
béryllium	NOM	m	p	bérylliums
bésigue	NOM	m	p	bésigues
bétel	NOM	m	p	bétels
bétoine	NOM	f	p	bétoines
bétonnage	NOM	m	p	bétonnages
bétonneur	NOM	m	s	bétonneur
bézoard	NOM	m	p	bézoards
bêlant	ADJ	f	s	bêlante
bêtatron	NOM	m	p	bêtatrons
bêtifiant	ADJ	f	p	bêtifiantes
bêtifiant	ADJ	f	s	bêtifiante
bêtifiant	ADJ	m	p	bêtifiants
bêtisier	NOM	m	p	bêtisiers
bôme	NOM	f	p	bômes
bûcheur	ADJ	f	p	bûcheuses
bûcheur	ADJ	f	s	bûcheuse
cabanette	NOM	f	s	cabanette
cabernet	NOM	m	p	cabernets
cabestan	NOM	m	p	cabestans
cabiai	NOM	m	s	cabiai
cabillaud	NOM	m	p	cabillauds
cabillot	NOM	m	s	cabillot
cabochard	ADJ	f	p	cabochardes
cabossage	NOM	m	s	cabossage
cabotage	NOM	m	p	cabotages
caboteur	NOM	m	p	caboteurs
cabotinage	NOM	m	p	cabotinages
cabrade	NOM	f	p	cabrades
cabrage	NOM	m	p	cabrages
cabrette	NOM	f	p	cabrettes
cabus	ADJ	m	p	cabus
cacahuète	NOM	f	p	cacahuètes
cacaotier	NOM	m	p	cacaotiers
cacaoté	ADJ	f	p	cacaotées
cacaoté	ADJ	f	s	cacaotée
cacaoté	ADJ	m	s	cacaoté
cacaoyer	NOM	m	p	cacaoyers
cachectique	ADJ	f	p	cachectiques
cachectique	ADJ	m	s	cachectique
cachexie	NOM	f	p	cachexies
cacochyme	ADJ	f	p	cacochymes
cacochyme	ADJ	f	s	cacochyme
cacochyme	ADJ	m	s	cacochyme
cacodylate	NOM	m	p	cacodylates
cacophonique	ADJ	f	p	cacophoniques
cacophonique	ADJ	f	s	cacophonique
cacophonique	ADJ	m	s	cacophonique
cactée	NOM	f	s	cactée
cadastral	ADJ	f	p	cadastrales
cadavéreux	ADJ	f	p	cadavéreuses
cadavéreux	ADJ	m	p	cadavéreux
cadavéreux	ADJ	m	s	cadavéreux
caddy	NOM	m	p	caddies
caddy	NOM	m	p	caddys
cade	NOM	m	p	cades
cadi	NOM	m	p	cadis
cadmium	NOM	m	p	cadmiums
cadogan	NOM	m	p	cadogans
caduc	ADJ	f	p	caducs
caduc	ADJ	f	p	caduques
caduc	ADJ	f	s	caduc
caduc	ADJ	f	s	caduque
caducité	NOM	f	p	caducités
caduque	NOM	f	s	caduque
cadène	NOM	f	s	cadène
caecum	NOM	m	p	caecums
caesium	NOM	m	p	caesiums
cafard	ADJ	f	p	cafardes
cafardage	NOM	m	p	cafardages
cafardeur	NOM	m	p	cafardeurs
cafeteur	NOM	m	p	cafeteurs
cafouilleux	ADJ	f	p	cafouilleuses
cafouilleux	ADJ	m	p	cafouilleux
cafouilleux	ADJ	m	s	cafouilleux
cafre	NOM	m	p	cafres
caftage	NOM	m	p	caftages
caféine	NOM	f	p	caféines
cagnard	ADJ	f	p	cagnardes
cagnard	ADJ	f	s	cagnarde
cagne	NOM	f	p	cagnes
cagneux	ADJ	m	p	cagneux
cagneux	ADJ	m	s	cagneux
cagnotte	NOM	f	p	cagnottes
cagot	ADJ	f	s	cagote
cagot	ADJ	m	p	cagots
cagou	NOM	m	p	cagous
cagoulé	ADJ	f	p	cagoulées
cagoulé	ADJ	f	s	cagoulée
cahotant	ADJ	f	p	cahotantes
cahotant	ADJ	m	p	cahotants
cahotement	NOM	m	p	cahotements
cahoteux	ADJ	m	p	cahoteux
cahoteux	ADJ	m	s	cahoteux
caillette	NOM	f	p	caillettes
cailloutage	NOM	m	p	cailloutages
caillouteux	ADJ	m	p	caillouteux
caillouteux	ADJ	m	s	caillouteux
caillé	ADJ	f	p	caillées
caillé	ADJ	f	s	caillée
caillé	ADJ	m	p	caillés
caillé	NOM	m	p	caillés
cairote	ADJ	f	p	cairotes
cairote	ADJ	m	p	cairotes
cairote	ADJ	m	s	cairote
cajoleur	ADJ	f	p	cajoleuses
cajoleur	ADJ	m	p	cajoleurs
cajun	ADJ	f	s	cajun
cajun	ADJ	m	p	cajuns
cajun	ADJ	m	s	cajun
calabrais	ADJ	f	s	calabraise
calabrais	ADJ	m	p	calabrais
calabrais	ADJ	m	s	calabrais
calade	NOM	f	p	calades
calaison	NOM	f	p	calaisons
calamistré	ADJ	f	p	calamistrées
calamiteux	ADJ	m	p	calamiteux
calandre	NOM	f	p	calandres
calao	NOM	m	p	calaos
calcification	NOM	f	p	calcifications
calcifié	ADJ	f	p	calcifiées
calcifié	ADJ	m	p	calcifiés
calcination	NOM	f	p	calcinations
calcium	NOM	m	p	calciums
calculable	ADJ	f	s	calculable
calculable	ADJ	m	p	calculables
calculable	ADJ	m	s	calculable
calculateur	ADJ	f	p	calculatrices
calculateur	ADJ	f	s	calculatrice
calculeux	ADJ	f	p	calculeuses
calculeux	ADJ	m	p	calculeux
calculeux	ADJ	m	s	calculeux
calcémie	NOM	f	p	calcémies
caldarium	NOM	m	p	caldariums
caldeira	NOM	f	p	caldeiras
calebassier	NOM	m	p	calebassiers
calebombe	NOM	f	p	calebombes
calecif	NOM	m	p	calecifs
calendaire	ADJ	f	p	calendaires
calendaire	ADJ	m	p	calendaires
calendaire	ADJ	m	s	calendaire
calendula	NOM	m	p	calendulas
caleçonnade	NOM	f	p	caleçonnades
calf	NOM	m	p	calfs
calfatage	NOM	m	p	calfatages
calfeutrage	NOM	m	p	calfeutrages
calibration	NOM	f	p	calibrations
califat	NOM	m	p	califats
californie	NOM	f	p	californies
californium	NOM	m	p	californiums
calla	NOM	f	p	callas
calleux	ADJ	m	p	calleux
calleux	ADJ	m	s	calleux
calligramme	NOM	m	s	calligramme
calligraphique	ADJ	f	p	calligraphiques
calligraphique	ADJ	m	s	calligraphique
callipyge	ADJ	f	p	callipyges
callipyge	ADJ	m	p	callipyges
callipyge	ADJ	m	s	callipyge
calmant	ADJ	f	p	calmantes
calo	NOM	m	p	calos
calomel	NOM	m	p	calomels
calomnieux	ADJ	m	s	calomnieux
caloporteur	NOM	m	p	caloporteurs
calorifuge	NOM	m	s	calorifuge
calorifère	ADJ	f	p	calorifères
calorifère	ADJ	f	s	calorifère
calvinisme	NOM	m	p	calvinismes
calviniste	ADJ	f	p	calvinistes
calviniste	ADJ	m	p	calvinistes
calviniste	ADJ	m	s	calviniste
calypso	NOM	m	p	calypsos
calédonien	ADJ	f	p	calédoniennes
calédonien	ADJ	m	p	calédoniens
calédonien	NOM	m	s	calédonien
caléidoscope	NOM	m	p	caléidoscopes
camard	ADJ	f	p	camardes
camarilla	NOM	f	p	camarillas
camaïeu	NOM	m	p	camaïeux
cambrement	NOM	m	p	cambrements
cambrien	ADJ	f	p	cambriennes
cambrien	ADJ	m	p	cambriens
cambrien	ADJ	m	s	cambrien
cambusier	NOM	m	p	cambusiers
camerounais	ADJ	f	p	camerounaises
camerounais	ADJ	m	p	camerounais
camerounais	ADJ	m	s	camerounais
camionnage	NOM	m	p	camionnages
camisard	NOM	m	s	camisard
campanaire	ADJ	f	p	campanaires
campanaire	ADJ	f	s	campanaire
campanaire	ADJ	m	p	campanaires
campanelle	NOM	f	s	campanelle
camphre	NOM	m	p	camphres
camphrier	NOM	m	p	camphriers
camphré	ADJ	m	p	camphrés
camphré	ADJ	m	s	camphré
campé	ADJ	f	p	campées
campé	ADJ	m	p	campés
campêche	NOM	m	p	campêches
camus	ADJ	f	p	camuses
camus	ADJ	m	p	camus
canada	NOM	f	p	canadas
canadien	ADJ	f	p	canadiennes
canadien	ADJ	f	s	canadienne
canaillerie	NOM	f	p	canailleries
canalicule	NOM	m	s	canalicule
canalisateur	NOM	m	p	canalisateurs
cananéen	ADJ	f	p	cananéennes
cananéen	ADJ	f	s	cananéenne
cananéen	ADJ	m	p	cananéens
canaque	ADJ	f	p	canaques
canaque	ADJ	f	s	canaque
canaque	ADJ	m	p	canaques
canardeau	NOM	m	s	canardeau
canasta	NOM	f	p	canastas
cancanier	ADJ	f	p	cancanières
cancanier	ADJ	m	p	cancaniers
cancanier	NOM	m	p	cancaniers
cancel	NOM	m	p	cancels
canche	NOM	f	p	canches
cancoillotte	NOM	f	p	cancoillottes
cancéreux	ADJ	m	p	cancéreux
cancéreux	ADJ	m	s	cancéreux
cancérigène	NOM	m	s	cancérigène
cancérogène	ADJ	f	p	cancérogènes
cancérogène	ADJ	f	s	cancérogène
cancérogène	ADJ	m	p	cancérogènes
cancérogène	NOM	m	p	cancérogènes
cancérologie	NOM	f	p	cancérologies
candida	NOM	m	p	candida
candidose	NOM	f	p	candidoses
canebière	NOM	f	p	canebières
canepetière	NOM	f	p	canepetières
canetille	NOM	f	p	canetilles
canfouine	NOM	f	p	canfouines
cangue	NOM	f	p	cangues
caniculaire	ADJ	f	p	caniculaires
caniculaire	ADJ	f	s	caniculaire
caniculaire	ADJ	m	s	caniculaire
canidé	NOM	m	s	canidé
canin	ADJ	f	p	canines
canin	ADJ	f	s	canine
canisse	NOM	f	s	canisse
cannage	NOM	m	p	cannages
cannelier	NOM	m	s	cannelier
cannelle	NOM	f	p	cannelles
cannibalisme	NOM	m	p	cannibalismes
canné	ADJ	m	p	cannés
canon	ADJ	f	p	canons
canon	ADJ	f	s	canon
canonial	ADJ	m	p	canoniaux
canonial	ADJ	m	s	canonial
canonique	ADJ	f	s	canonique
canonique	ADJ	m	p	canoniques
canonique	ADJ	m	s	canonique
canonnage	NOM	m	p	canonnages
canotage	NOM	m	p	canotages
canoteur	NOM	m	s	canoteur
cantabile	NOM	m	p	cantabiles
cantal	NOM	m	p	cantals
canter	NOM	m	p	canters
cantilever	ADJ	f	p	cantilevers
cantilever	ADJ	f	s	cantilever
cantilever	ADJ	m	p	cantilevers
cantilever	NOM	m	p	cantilevers
cantilène	NOM	f	p	cantilènes
cantonade	NOM	f	p	cantonades
cantonais	ADJ	f	p	cantonaises
cantonais	ADJ	m	p	cantonais
cantonal	ADJ	m	p	cantonaux
cantre	NOM	m	p	cantres
canule	NOM	f	p	canules
canzonette	NOM	f	s	canzonette
caoutchouteux	ADJ	m	p	caoutchouteux
caoutchouteux	ADJ	m	s	caoutchouteux
capelage	NOM	m	p	capelages
capharnaüm	NOM	m	p	capharnaüms
capillarité	NOM	f	p	capillarités
capilliculteur	NOM	m	p	capilliculteurs
capitainerie	NOM	f	p	capitaineries
capitalisation	NOM	f	p	capitalisations
capitalisme	NOM	m	p	capitalismes
capitalistique	ADJ	f	s	capitalistique
capitalistique	ADJ	m	p	capitalistiques
capitalistique	ADJ	m	s	capitalistique
capitanat	NOM	m	p	capitanats
capitane	ADJ	f	p	capitanes
capitane	ADJ	m	p	capitanes
capitane	ADJ	m	s	capitane
capiteux	ADJ	m	p	capiteux
capiteux	ADJ	m	s	capiteux
capitole	NOM	m	p	capitoles
capitonnage	NOM	m	p	capitonnages
capitoul	NOM	m	s	capitoul
capitulaire	ADJ	f	p	capitulaires
capitulaire	ADJ	f	s	capitulaire
capitulaire	ADJ	m	p	capitulaires
capitulard	NOM	m	p	capitulards
capoc	NOM	m	p	capocs
capon	ADJ	f	p	caponnes
capon	ADJ	f	s	caponne
cappa	NOM	f	p	cappas
capricant	ADJ	f	p	capricantes
capricant	ADJ	f	s	capricante
capricieux	ADJ	m	p	capricieux
capricieux	ADJ	m	s	capricieux
caprin	ADJ	f	p	caprines
caprin	ADJ	m	p	caprins
caprin	ADJ	m	s	caprin
capsulaire	ADJ	f	p	capsulaires
capsulaire	ADJ	m	p	capsulaires
capsulaire	ADJ	m	s	capsulaire
captage	NOM	m	p	captages
captieux	ADJ	f	p	captieuses
captieux	ADJ	m	s	captieux
captivant	ADJ	m	p	captivants
captivité	NOM	f	p	captivités
capulet	NOM	m	p	capulets
capétien	ADJ	m	p	capétiens
caquelon	NOM	m	p	caquelons
caquetant	ADJ	m	p	caquetants
carabiné	ADJ	f	p	carabinées
carabosse	NOM	f	p	carabosses
caracal	NOM	m	p	caracals
caracolade	NOM	f	p	caracolades
caracolant	ADJ	f	p	caracolantes
caracolant	ADJ	f	s	caracolante
caracolant	ADJ	m	p	caracolants
caracole	NOM	f	p	caracoles
caractérisant	ADJ	f	p	caractérisantes
caractérisant	ADJ	f	s	caractérisante
caractérisant	ADJ	m	p	caractérisants
caractérisation	NOM	f	p	caractérisations
caractérologie	NOM	f	p	caractérologies
caracul	NOM	m	p	caraculs
carambouillage	NOM	m	p	carambouillages
carambouille	NOM	f	p	carambouilles
carambouilleur	NOM	m	s	carambouilleur
caraque	NOM	f	p	caraques
carbet	NOM	m	s	carbet
carbonade	NOM	f	p	carbonades
carbonate	NOM	m	p	carbonates
carbonique	ADJ	f	p	carboniques
carbonique	ADJ	f	s	carbonique
carbonique	ADJ	m	s	carbonique
carbonisation	NOM	f	p	carbonisations
carboné	ADJ	f	p	carbonées
carboné	ADJ	f	s	carbonée
carboné	ADJ	m	p	carbonés
carboxyhémoglobine	NOM	f	p	carboxyhémoglobines
carburant	ADJ	f	p	carburantes
carburant	ADJ	f	s	carburante
carburation	NOM	f	p	carburations
carbure	NOM	m	p	carbures
carcajou	NOM	m	p	carcajous
carcinome	NOM	m	p	carcinomes
carcinoïde	NOM	m	p	carcinoïdes
cardage	NOM	m	p	cardages
carderie	NOM	f	p	carderies
cardeur	NOM	m	p	cardeurs
cardia	NOM	m	p	cardias
cardinalice	ADJ	m	p	cardinalices
cardinalice	ADJ	m	s	cardinalice
cardiogramme	NOM	m	p	cardiogrammes
cardiographe	NOM	m	p	cardiographes
cardiographie	NOM	f	p	cardiographies
cardiologie	NOM	f	p	cardiologies
cardiomyopathie	NOM	f	p	cardiomyopathies
cardiomégalie	NOM	f	p	cardiomégalies
cardite	NOM	f	p	cardites
cardium	NOM	m	p	cardiums
cardé	NOM	m	s	cardé
caresseur	ADJ	f	p	caresseuses
caresseur	ADJ	f	s	caresseuse
caresseur	ADJ	m	s	caresseur
caret	NOM	m	p	carets
caribéen	ADJ	f	p	caribéennes
caribéen	ADJ	m	p	caribéens
caribéen	ADJ	m	s	caribéen
carien	ADJ	f	p	cariennes
carien	ADJ	f	s	carienne
carien	ADJ	m	p	cariens
carillonneur	NOM	m	p	carillonneurs
carillonné	ADJ	f	s	carillonnée
carioca	ADJ	f	p	cariocas
carioca	ADJ	f	s	carioca
carioca	ADJ	m	p	cariocas
carié	ADJ	m	p	cariés
carline	NOM	f	s	carline
carlisme	NOM	m	p	carlismes
carliste	ADJ	f	p	carlistes
carliste	ADJ	m	p	carlistes
carliste	ADJ	m	s	carliste
carmel	NOM	m	p	carmels
carnation	NOM	f	p	carnations
carogne	NOM	f	p	carognes
carole	NOM	f	p	caroles
carolin	ADJ	m	s	carolin
carolin	ADJ	m	s	caroline
carolingien	ADJ	f	p	carolingiennes
caronade	NOM	f	s	caronade
caroncule	NOM	f	p	caroncules
carotidien	ADJ	f	p	carotidiennes
carotidien	ADJ	m	p	carotidiens
carottage	NOM	m	p	carottages
carotteur	ADJ	f	p	carotteuses
carotteur	ADJ	m	p	carotteurs
carotteur	NOM	m	p	carotteurs
carottier	ADJ	f	p	carottières
carottier	ADJ	f	s	carottière
carottier	ADJ	m	p	carottiers
carotène	NOM	m	p	carotènes
caroube	NOM	f	p	caroubes
caroubleur	NOM	m	p	caroubleurs
carousse	NOM	f	p	carousses
carpaccio	NOM	m	p	carpaccios
carpe	NOM	f	s	carpe
carpien	ADJ	f	p	carpiennes
carpien	ADJ	m	p	carpiens
carpillon	NOM	m	p	carpillons
carpé	ADJ	f	p	carpées
carpé	ADJ	f	s	carpée
carpé	ADJ	m	p	carpés
carrare	NOM	m	p	carrares
carrick	NOM	m	p	carricks
carrière	NOM	f	s	carrière
carriérisme	NOM	m	p	carriérismes
carrossable	ADJ	f	s	carrossable
carrossable	ADJ	m	p	carrossables
carrossable	ADJ	m	s	carrossable
carter	NOM	m	s	carter
carterie	NOM	f	p	carteries
carthaginois	ADJ	f	p	carthaginoises
carthaginois	ADJ	m	p	carthaginois
carthame	NOM	m	p	carthames
cartilagineux	ADJ	m	s	cartilagineux
cartographie	NOM	f	p	cartographies
cartomancie	NOM	f	p	cartomancies
cartomancien	NOM	m	p	cartomanciens
cartonneux	ADJ	m	p	cartonneux
cartonneux	ADJ	m	s	cartonneux
cartonnier	ADJ	f	p	cartonnières
cartonnier	ADJ	f	s	cartonnière
cartonnier	ADJ	m	s	cartonnier
cartothèque	NOM	f	p	cartothèques
cartoucherie	NOM	f	p	cartoucheries
cartulaire	NOM	m	s	cartulaire
cartésianisme	NOM	m	p	cartésianismes
cartésien	NOM	m	p	cartésiens
carvi	NOM	m	p	carvis
caryotype	NOM	m	p	caryotypes
caréné	ADJ	f	p	carénées
caréné	ADJ	f	s	carénée
caréné	ADJ	m	p	carénés
casablancais	ADJ	f	s	casablancaise
casablancais	ADJ	m	p	casablancais
casablancais	ADJ	m	s	casablancais
casanier	NOM	m	s	casanier
casaquin	NOM	m	p	casaquins
casbah	NOM	f	p	casbahs
cascara	NOM	f	p	cascaras
cashmere	NOM	m	p	cashmeres
casimir	NOM	m	p	casimirs
caspien	ADJ	f	s	caspienne
caspien	ADJ	m	p	caspiens
caspien	ADJ	m	s	caspien
casquettier	NOM	m	s	casquettier
casquetté	ADJ	f	p	casquettées
casquetté	ADJ	f	s	casquettée
casquetté	ADJ	m	s	casquetté
cassable	ADJ	f	p	cassables
cassable	ADJ	f	s	cassable
cassable	ADJ	m	s	cassable
cassate	NOM	f	p	cassates
cassetin	NOM	m	s	cassetin
cassier	NOM	m	p	cassiers
cassine	NOM	f	p	cassines
cassitérite	NOM	f	p	cassitérites
casson	NOM	m	s	casson
cassonade	NOM	f	p	cassonades
cassoulet	NOM	m	p	cassoulets
castagne	NOM	f	p	castagnes
castard	NOM	m	p	castards
castel	NOM	m	p	castels
castelet	NOM	m	p	castelets
castille	NOM	f	p	castilles
castine	NOM	f	p	castines
castrateur	ADJ	m	p	castrateurs
castration	NOM	f	p	castrations
castrisme	NOM	m	p	castrismes
castriste	ADJ	f	p	castristes
castriste	ADJ	m	s	castriste
casuel	ADJ	f	p	casuelles
casuel	ADJ	f	s	casuelle
casuel	ADJ	m	p	casuels
casuel	NOM	m	p	casuels
casuiste	NOM	m	s	casuiste
casuistique	NOM	f	p	casuistiques
caséeux	ADJ	f	p	caséeuses
caséeux	ADJ	m	p	caséeux
caséeux	ADJ	m	s	caséeux
caséine	NOM	f	p	caséines
cata	NOM	f	p	catas
catabolique	ADJ	f	p	cataboliques
catabolique	ADJ	f	s	catabolique
catabolique	ADJ	m	p	cataboliques
catachrèse	NOM	f	p	catachrèses
catalaunique	ADJ	f	p	catalauniques
catalaunique	ADJ	f	s	catalaunique
catalaunique	ADJ	m	s	catalaunique
catalogage	NOM	m	p	catalogages
catalogne	NOM	f	p	catalognes
catalyse	NOM	f	s	catalyse
catalytique	ADJ	f	p	catalytiques
catalytique	ADJ	f	s	catalytique
catamaran	NOM	m	p	catamarans
cataphote	NOM	m	s	cataphote
cataplexie	NOM	f	p	cataplexies
catarrhal	ADJ	f	p	catarrhales
catarrhal	ADJ	f	s	catarrhale
catarrhal	ADJ	m	p	catarrhaux
catarrhe	NOM	m	p	catarrhes
catarrheux	ADJ	f	p	catarrheuses
catarrheux	ADJ	m	p	catarrheux
catarrheux	ADJ	m	s	catarrheux
catastrophisme	NOM	m	p	catastrophismes
catatonie	NOM	f	p	catatonies
catch	NOM	m	p	catches
catch	NOM	m	p	catchs
cathare	ADJ	f	p	cathares
cathare	ADJ	f	s	cathare
catherinette	NOM	f	p	catherinettes
cathode	NOM	f	p	cathodes
cathodique	ADJ	f	p	cathodiques
cathodique	ADJ	f	s	cathodique
cathodique	ADJ	m	s	cathodique
catholicisme	NOM	m	p	catholicismes
catholicité	NOM	f	p	catholicités
cathédral	ADJ	f	p	cathédrales
cathédral	ADJ	f	s	cathédrale
cathédral	ADJ	m	p	cathédraux
cathéter	NOM	m	p	cathéters
cathétérisme	NOM	m	p	cathétérismes
cati	NOM	m	p	catis
cation	NOM	m	p	cations
cattleya	NOM	m	s	cattleya
catécholamine	NOM	f	p	catécholamines
catéchèse	NOM	f	p	catéchèses
catégorisation	NOM	f	p	catégorisations
caucasien	ADJ	f	p	caucasiennes
cauchemardesque	ADJ	f	s	cauchemardesque
cauchemardesque	ADJ	m	p	cauchemardesques
cauchemardesque	ADJ	m	s	cauchemardesque
cauchemardeux	ADJ	m	p	cauchemardeux
cauchemardeux	ADJ	m	s	cauchemardeux
cauchois	ADJ	f	s	cauchoise
cauchois	ADJ	m	p	cauchois
cauchois	ADJ	m	s	cauchois
caudal	ADJ	m	p	caudaux
caudebec	NOM	m	p	caudebecs
caudillo	NOM	m	p	caudillos
causal	ADJ	f	p	causales
causal	ADJ	f	s	causale
causal	ADJ	m	p	causals
causal	ADJ	m	p	causaux
causeur	ADJ	f	p	causeuses
causeur	ADJ	f	s	causeuse
causeur	ADJ	m	p	causeurs
caussenard	ADJ	f	p	caussenardes
caussenard	ADJ	f	s	caussenarde
caussenard	ADJ	m	p	caussenards
causticité	NOM	f	p	causticités
caustique	ADJ	f	s	caustique
caustique	ADJ	m	p	caustiques
caustique	ADJ	m	s	caustique
cauteleux	ADJ	m	p	cauteleux
cautionnement	NOM	m	p	cautionnements
cautérisation	NOM	f	p	cautérisations
cavaillon	NOM	m	p	cavaillons
cavaleur	ADJ	f	p	cavaleuses
cavaleur	ADJ	f	s	cavaleuse
cavecé	ADJ	f	p	cavecées
cavecé	ADJ	f	s	cavecée
cavecé	ADJ	m	s	cavecé
caverneux	ADJ	m	p	caverneux
caverneux	ADJ	m	s	caverneux
caviar	NOM	m	p	caviars
cavitation	NOM	f	p	cavitations
cayenne	NOM	f	p	cayennes
cañon	NOM	m	p	cañons
ceint	ADJ	f	p	ceintes
ceint	ADJ	f	s	ceinte
ceint	ADJ	m	p	ceints
cella	NOM	f	p	cellas
cellophane	NOM	f	p	cellophanes
cellular	NOM	m	p	cellulars
celluliteux	ADJ	f	p	celluliteuses
celluliteux	ADJ	f	s	celluliteuse
celluliteux	ADJ	m	p	celluliteuses
cellulose	NOM	f	p	celluloses
celluloïd	NOM	m	p	celluloïds
cellérier	ADJ	f	p	cellérières
cellérier	ADJ	f	s	cellérière
cellérier	ADJ	m	p	cellériers
celtique	NOM	m	s	celtique
celtisant	ADJ	f	p	celtisantes
celtisant	ADJ	f	s	celtisante
celtisant	ADJ	m	s	celtisant
celtisme	NOM	m	p	celtismes
cendreux	ADJ	m	p	cendreux
censier	NOM	m	p	censiers
censitaire	ADJ	f	p	censitaires
censitaire	ADJ	f	s	censitaire
censitaire	ADJ	m	p	censitaires
centaurée	NOM	f	p	centaurées
centigramme	NOM	m	s	centigramme
centile	NOM	m	p	centiles
centilitre	NOM	m	s	centilitre
centon	NOM	m	p	centons
centrafricain	ADJ	f	p	centrafricaines
centrafricain	ADJ	m	p	centrafricains
centrage	NOM	m	p	centrages
centralisateur	ADJ	f	p	centralisatrices
centralisateur	ADJ	m	p	centralisateurs
centralisateur	ADJ	m	s	centralisateur
centralisation	NOM	f	p	centralisations
centralisme	NOM	m	p	centralismes
centrifugation	NOM	f	p	centrifugations
centrifuge	ADJ	f	s	centrifuge
centrifuge	ADJ	m	p	centrifuges
centrifuge	ADJ	m	s	centrifuge
centrifugeur	NOM	m	p	centrifugeurs
centriole	NOM	m	p	centrioles
centripète	ADJ	f	p	centripètes
centripète	ADJ	m	p	centripètes
centripète	ADJ	m	s	centripète
centriste	ADJ	f	p	centristes
centriste	ADJ	f	s	centriste
centriste	ADJ	m	p	centristes
centré	ADJ	f	p	centrées
centuple	NOM	m	p	centuples
cerclage	NOM	m	p	cerclages
cerfeuil	NOM	m	p	cerfeuils
cerisaie	NOM	f	p	cerisaies
cerque	NOM	m	p	cerques
certification	NOM	f	p	certifications
cervidé	NOM	m	s	cervidé
cervoise	NOM	f	p	cervoises
cessant	ADJ	m	p	cessants
cessation	NOM	f	p	cessations
cessionnaire	NOM	m	p	cessionnaires
ceste	NOM	m	p	cestes
chabichou	NOM	m	p	chabichous
chaboisseau	NOM	m	s	chaboisseau
chabraque	NOM	f	p	chabraques
chabrot	NOM	m	p	chabrots
chaconne	NOM	f	p	chaconnes
chafouin	ADJ	f	p	chafouines
chagriné	ADJ	f	p	chagrinées
chah	NOM	m	p	chahs
chahuteur	ADJ	f	p	chahuteuses
chahuteur	ADJ	f	s	chahuteuse
chairman	NOM	m	p	chairmans
chairman	NOM	m	p	chairmen
chalazion	NOM	m	s	chalazion
chaldaïque	ADJ	f	p	chaldaïques
chaldaïque	ADJ	f	s	chaldaïque
chaldaïque	ADJ	m	s	chaldaïque
chaldéen	ADJ	f	p	chaldéennes
chaldéen	ADJ	f	s	chaldéenne
chaldéen	ADJ	m	s	chaldéen
chaleureux	ADJ	m	p	chaleureux
chaleureux	ADJ	m	s	chaleureux
challenge	NOM	m	s	challenge
challengeur	NOM	m	p	challengeurs
chalonnais	ADJ	f	s	chalonnaise
chalonnais	ADJ	m	p	chalonnais
chalonnais	ADJ	m	s	chalonnais
chaloupé	ADJ	f	p	chaloupées
chaloupé	ADJ	m	p	chaloupés
chamade	NOM	f	p	chamades
chamaille	NOM	f	p	chamailles
chamailleur	ADJ	f	p	chamailleuses
chamanisme	NOM	m	p	chamanismes
chamarrure	NOM	f	s	chamarrure
chambard	NOM	m	p	chambards
chambrette	NOM	f	p	chambrettes
chamelier	ADJ	f	p	chamelières
chamelier	ADJ	f	s	chamelière
chamelier	ADJ	m	p	chameliers
chamoisine	NOM	f	p	chamoisines
champagne	ADJ	f	p	champagne
champagne	ADJ	f	s	champagne
champagne	ADJ	m	s	champagne
champenois	ADJ	m	p	champenois
champenois	ADJ	m	s	champenois
champi	ADJ	f	p	champis
champi	ADJ	f	p	champises
champi	ADJ	f	p	champisses
champi	ADJ	f	s	champi
champi	ADJ	f	s	champise
champi	ADJ	f	s	champisse
champi	ADJ	m	p	champis
chance	NOM	f	s	chance
chancel	NOM	m	p	chancels
chancelière	NOM	f	p	chancelières
chanceux	ADJ	m	p	chanceux
chanceux	ADJ	m	s	chanceux
chanci	NOM	m	p	chancis
chandeleur	NOM	f	p	chandeleurs
chanfrein	NOM	m	p	chanfreins
chanteau	NOM	m	p	chanteaux
chantilly	NOM	f	p	chantillys
chantonnement	NOM	m	p	chantonnements
chantoung	NOM	m	p	chantoungs
chantrerie	NOM	f	p	chantreries
chançard	ADJ	f	p	chançardes
chançard	ADJ	f	s	chançarde
chançard	ADJ	m	p	chançards
chançard	NOM	m	p	chançards
chapellerie	NOM	f	p	chapelleries
chaplinesque	ADJ	f	p	chaplinesques
chaplinesque	ADJ	m	p	chaplinesques
chaplinesque	ADJ	m	s	chaplinesque
chapé	ADJ	f	p	chapées
chapé	ADJ	f	s	chapée
chapé	ADJ	m	s	chapé
charale	NOM	f	p	charales
charançonné	ADJ	f	p	charançonnées
charbonnage	NOM	m	s	charbonnage
charbonnette	NOM	f	p	charbonnettes
charbonneux	ADJ	m	p	charbonneux
charbonneux	ADJ	m	s	charbonneux
charbonnière	NOM	f	p	charbonnières
charcutage	NOM	m	p	charcutages
charcutaille	NOM	f	p	charcutailles
chardonay	NOM	m	p	chardonay
chardonay	NOM	m	p	chardonays
chardonnay	NOM	m	p	chardonnay
chardonnay	NOM	m	p	chardonnays
charentais	ADJ	m	p	charentais
charentais	ADJ	m	s	charentais
charia	NOM	f	p	charias
charisme	NOM	m	p	charismes
charlatanerie	NOM	f	p	charlataneries
charleston	NOM	m	p	charlestons
charmé	ADJ	f	p	charmées
charognerie	NOM	f	p	charogneries
charolais	ADJ	f	s	charolaise
charolais	ADJ	m	p	charolais
charolais	ADJ	m	s	charolais
charpenterie	NOM	f	p	charpenteries
charpenté	ADJ	f	p	charpentées
charriage	NOM	m	p	charriages
charriant	ADJ	f	p	charriantes
charriant	ADJ	f	s	charriante
charriant	ADJ	m	p	charriants
charrieur	ADJ	f	p	charrieuses
charrieur	ADJ	f	s	charrieuse
charrieur	ADJ	m	s	charrieur
charrieur	NOM	m	s	charrieur
charrié	ADJ	f	p	charriées
charrié	ADJ	f	s	charriée
charrié	ADJ	m	p	charriés
chartre	NOM	f	p	chartres
charybde	NOM	m	p	charybdes
chassant	ADJ	f	p	chassantes
chassant	ADJ	f	s	chassante
chassant	ADJ	m	p	chassants
chassie	NOM	f	p	chassies
chassieux	ADJ	f	p	chassieuses
chassieux	ADJ	m	p	chassieux
chassieux	ADJ	m	s	chassieux
chasteté	NOM	f	p	chastetés
chatière	NOM	f	p	chatières
chatouilleux	ADJ	m	p	chatouilleux
chatouilleux	ADJ	m	s	chatouilleux
chattemite	NOM	f	p	chattemites
chatterton	NOM	m	p	chattertons
chaudronnée	NOM	f	p	chaudronnées
chauffage	NOM	m	p	chauffages
chauffagiste	NOM	m	p	chauffagistes
chauffe	NOM	f	p	chauffes
chaussant	ADJ	f	p	chaussantes
chaussant	ADJ	f	s	chaussante
chaussant	ADJ	m	p	chaussants
chausse	NOM	f	s	chausse
chauvin	ADJ	f	s	chauvine
chauvin	NOM	m	p	chauvins
chauvinisme	NOM	m	p	chauvinismes
chavirant	ADJ	f	p	chavirantes
chavirant	ADJ	m	p	chavirants
cheap	ADJ	f	p	cheap
cheap	ADJ	f	s	cheap
cheap	ADJ	m	p	cheap
cheddar	NOM	m	p	cheddars
cheddite	NOM	f	p	cheddites
cheeseburger	NOM	m	p	cheeseburgers
cheikh	NOM	m	p	cheikhs
chelem	NOM	m	p	chelems
chemiserie	NOM	f	p	chemiseries
chenillé	ADJ	f	p	chenillées
chenillé	ADJ	f	s	chenillée
cheptel	NOM	m	p	cheptels
chergui	NOM	m	p	cherguis
cherry	NOM	m	p	cherries
cherry	NOM	m	p	cherrys
cherté	NOM	f	p	chertés
chester	NOM	m	p	chesters
chevaleresque	ADJ	f	p	chevaleresques
chevaleresque	ADJ	f	s	chevaleresque
chevaleresque	ADJ	m	s	chevaleresque
chevalin	ADJ	f	p	chevalines
chevance	NOM	f	p	chevances
chevauchant	ADJ	f	p	chevauchantes
chevauchant	ADJ	f	s	chevauchante
chevauchant	ADJ	m	p	chevauchants
chevauchement	NOM	m	p	chevauchements
chevaucheur	NOM	m	p	chevaucheurs
chevillage	NOM	m	p	chevillages
chevillette	NOM	f	p	chevillettes
cheviotte	NOM	f	p	cheviottes
chevronné	ADJ	f	p	chevronnées
chevronné	ADJ	f	s	chevronnée
chevrotant	ADJ	f	p	chevrotantes
chevrotant	ADJ	m	p	chevrotants
chevrotant	ADJ	m	s	chevrotant
chi	NOM	m	p	chi
chialeur	ADJ	f	p	chialeuses
chialeur	ADJ	f	s	chialeuse
chialeur	ADJ	m	p	chialeurs
chialeur	NOM	m	p	chialeurs
chianti	NOM	m	p	chiantis
chiasma	NOM	m	p	chiasmas
chiasme	NOM	m	p	chiasmes
chiatique	ADJ	f	p	chiatiques
chiatique	ADJ	f	s	chiatique
chiatique	ADJ	m	s	chiatique
chibouk	NOM	m	p	chibouks
chicanerie	NOM	f	s	chicanerie
chicaneur	ADJ	f	p	chicaneuses
chicaneur	ADJ	f	s	chicaneuse
chicaneur	ADJ	m	p	chicaneurs
chicaneur	NOM	m	p	chicaneurs
chicanier	ADJ	f	p	chicanières
chicanier	ADJ	m	p	chicaniers
chicanier	NOM	m	s	chicanier
chicano	ADJ	f	p	chicanos
chicano	ADJ	f	s	chicano
chichiteux	ADJ	m	s	chichiteux
chicon	NOM	m	p	chicons
chicotin	NOM	m	p	chicotins
chicotte	NOM	f	p	chicottes
chiendent	NOM	m	p	chiendents
chiffrage	NOM	m	p	chiffrages
chiffrement	NOM	m	p	chiffrements
chiffreur	NOM	m	p	chiffreurs
chimiothérapie	NOM	f	p	chimiothérapies
chinchard	NOM	m	p	chinchards
chinois	ADJ	m	p	chinois
chinois	ADJ	m	s	chinois
chinois	NOM	m	p	chinois
chinook	NOM	m	p	chinooks
chiné	ADJ	f	p	chinées
chiourme	NOM	f	p	chiourmes
chipeur	ADJ	f	p	chipeuses
chipeur	ADJ	f	s	chipeuse
chipeur	ADJ	m	p	chipeurs
chipoteur	ADJ	f	p	chipoteuses
chipoteur	ADJ	m	p	chipoteurs
chiromancie	NOM	f	p	chiromancies
chiropracteur	NOM	m	p	chiropracteurs
chiropraticien	NOM	m	p	chiropraticiens
chiropraxie	NOM	f	p	chiropraxies
chiroptère	NOM	m	p	chiroptères
chistera	NOM	m	p	chisteras
chitine	NOM	f	p	chitines
chitineux	ADJ	f	p	chitineuses
chitineux	ADJ	f	s	chitineuse
chitineux	ADJ	m	s	chitineux
chiton	NOM	m	p	chitons
chlamyde	NOM	f	p	chlamydes
chleuh	ADJ	f	p	chleuhes
chleuh	ADJ	f	p	chleus
chleuh	ADJ	f	s	chleuhe
chloral	NOM	m	p	chlorals
chloramphénicol	NOM	m	p	chloramphénicols
chlorate	NOM	m	p	chlorates
chlorhydrate	NOM	m	p	chlorhydrates
chlorhydrique	ADJ	f	p	chlorhydriques
chlorhydrique	ADJ	f	s	chlorhydrique
chlorhydrique	ADJ	m	p	chlorhydriques
chloroforme	NOM	m	p	chloroformes
chloroformisation	NOM	f	p	chloroformisations
chlorophylle	NOM	f	p	chlorophylles
chlorophyllien	ADJ	f	p	chlorophylliennes
chlorophyllien	ADJ	f	s	chlorophyllienne
chlorophyllien	ADJ	m	p	chlorophylliens
chloroplaste	NOM	m	p	chloroplastes
chloroquine	NOM	f	p	chloroquines
chlorotique	ADJ	m	p	chlorotiques
chlorotique	ADJ	m	s	chlorotique
chlorpromazine	NOM	f	p	chlorpromazines
chloré	ADJ	f	p	chlorées
chloré	ADJ	m	p	chlorés
chnoque	ADJ	f	p	chnoques
chnoque	ADJ	f	s	chnoque
chnoque	ADJ	m	p	chnoques
choane	NOM	m	s	choane
chocard	NOM	m	p	chocards
chocolatier	NOM	m	p	chocolatiers
chocotte	NOM	f	s	chocotte
choke	NOM	m	p	chokes
cholestérol	NOM	m	p	cholestérols
cholinestérase	NOM	f	p	cholinestérases
cholique	ADJ	f	p	choliques
cholique	ADJ	f	s	cholique
cholique	ADJ	m	p	choliques
cholécystectomie	NOM	f	p	cholécystectomies
cholécystite	NOM	f	p	cholécystites
cholédoque	ADJ	f	p	cholédoques
cholédoque	ADJ	f	s	cholédoque
cholédoque	ADJ	m	p	cholédoques
chopper	NOM	m	s	chopper
choreute	NOM	m	s	choreute
chorizo	NOM	m	p	chorizos
chorée	NOM	f	p	chorées
chorégraphique	ADJ	f	p	chorégraphiques
chorégraphique	ADJ	f	s	chorégraphique
chorégraphique	ADJ	m	p	chorégraphiques
chosification	NOM	f	p	chosifications
chott	NOM	m	s	chott
chouannerie	NOM	f	p	chouanneries
chouchoutage	NOM	m	p	chouchoutages
chouia	NOM	m	p	chouias
choupette	NOM	f	p	choupettes
chouquet	NOM	m	p	chouques
chouquette	NOM	f	p	chouquettes
chourineur	NOM	m	s	chourineur
christiania	NOM	m	p	christianias
christianisme	NOM	m	p	christianismes
christique	ADJ	f	p	christiques
christique	ADJ	m	p	christiques
christique	ADJ	m	s	christique
christocentrisme	NOM	m	p	christocentrismes
chromage	NOM	m	p	chromages
chromatogramme	NOM	m	p	chromatogrammes
chromatographie	NOM	f	p	chromatographies
chromosphère	NOM	f	p	chromosphères
chronographe	NOM	m	p	chronographes
chronologie	NOM	f	p	chronologies
chronométrage	NOM	m	p	chronométrages
chronométreur	NOM	m	p	chronométreurs
chronophotographie	NOM	f	p	chronophotographies
chronophotographique	ADJ	f	p	chronophotographiques
chronophotographique	ADJ	f	s	chronophotographique
chronophotographique	ADJ	m	p	chronophotographiques
chrysolite	NOM	f	p	chrysolites
chrysolithe	NOM	f	p	chrysolithes
chrysostome	NOM	m	p	chrysostomes
chrétienté	NOM	f	p	chrétientés
chrême	NOM	m	p	chrêmes
chtarbé	ADJ	m	p	chtarbés
chthonien	ADJ	f	s	chthonienne
chthonien	ADJ	m	p	chthoniens
chthonien	ADJ	m	s	chthonien
chtimi	ADJ	f	p	chtimis
chtimi	ADJ	f	s	chtimi
chtimi	ADJ	m	p	chtimis
chtouille	NOM	f	p	chtouilles
chuchoterie	NOM	f	s	chuchoterie
chuchoteur	ADJ	f	p	chuchoteuses
chuchoteur	ADJ	m	p	chuchoteurs
chuintant	ADJ	f	p	chuintantes
chuintante	NOM	f	p	chuintantes
chulo	NOM	m	p	chulos
chum	NOM	m	p	chums
churro	NOM	m	s	churro
chyle	NOM	m	p	chyles
chypre	NOM	m	p	chypres
châsse	NOM	f	p	châsses
châsse	NOM	m	s	châsse
châteaubriant	NOM	m	p	châteaubriants
châtelet	NOM	m	p	châtelets
châtellenie	NOM	f	p	châtellenies
châtrage	NOM	m	p	châtrages
châtré	ADJ	f	p	châtrées
châtré	ADJ	f	s	châtrée
chélate	NOM	m	p	chélates
chéloïde	NOM	f	p	chéloïdes
chérif	NOM	m	p	chérifs
chérifien	ADJ	f	p	chérifiennes
chérifien	ADJ	m	p	chérifiens
chérifien	ADJ	m	s	chérifien
chérot	ADJ	f	p	chérotes
chérot	ADJ	f	s	chérote
chérot	ADJ	m	p	chérots
chétivité	NOM	f	p	chétivités
chêneteau	NOM	m	p	chêneteaux
chômage	NOM	m	p	chômages
chômé	ADJ	f	p	chômées
ciblage	NOM	m	p	ciblages
ciboule	NOM	f	p	ciboules
ciboulette	NOM	f	p	ciboulettes
cicatriciel	ADJ	f	p	cicatricielles
cicatriciel	ADJ	f	s	cicatricielle
cicatrisant	ADJ	f	p	cicatrisantes
cicatrisant	ADJ	m	s	cicatrisant
cicatrisation	NOM	f	p	cicatrisations
cicéronien	ADJ	f	p	cicéroniennes
cicéronien	ADJ	m	p	cicéroniens
cicéronien	ADJ	m	s	cicéronien
cidre	NOM	m	p	cidres
cidrerie	NOM	f	p	cidreries
cigalon	NOM	m	p	cigalons
cigarettier	NOM	m	p	cigarettiers
ciliaire	ADJ	f	p	ciliaires
ciliaire	ADJ	f	s	ciliaire
ciliaire	ADJ	m	s	ciliaire
cilice	NOM	m	p	cilices
cimarron	NOM	m	p	cimarrons
cinabre	NOM	m	p	cinabres
cinghalais	ADJ	f	s	cinghalaise
cinghalais	ADJ	m	p	cinghalais
cinglage	NOM	m	p	cinglages
cinglement	NOM	m	p	cinglements
cinglon	NOM	m	s	cinglon
cinname	NOM	m	p	cinnames
cinoque	ADJ	f	p	cinoques
cinoque	ADJ	f	s	cinoque
cinoque	ADJ	m	p	cinoques
cinoque	NOM	m	s	cinoque
cintrage	NOM	m	p	cintrages
cinémascope	NOM	m	p	cinémascopes
cinématique	NOM	f	p	cinématiques
cinématographie	NOM	f	p	cinématographies
cinémomètre	NOM	m	s	cinémomètre
cinéphile	ADJ	f	p	cinéphiles
cinéphile	ADJ	f	s	cinéphile
cinéphile	ADJ	m	p	cinéphiles
cinéraire	ADJ	f	p	cinéraires
cinéraire	ADJ	m	p	cinéraires
cinéraire	ADJ	m	s	cinéraire
cinéraire	NOM	f	p	cinéraires
cinérama	NOM	m	p	cinéramas
cinétique	NOM	f	p	cinétiques
cipal	NOM	m	p	cipals
cipolin	NOM	m	p	cipolins
cippe	NOM	m	s	cippe
cirage	NOM	m	p	cirages
circadien	ADJ	f	p	circadiennes
circadien	ADJ	f	s	circadienne
circadien	ADJ	m	p	circadiens
circassien	ADJ	f	p	circassiennes
circassien	ADJ	m	p	circassiens
circassien	ADJ	m	s	circassien
circassien	NOM	m	p	circassiens
circaète	NOM	m	p	circaètes
circonflexe	ADJ	f	p	circonflexes
circonflexe	ADJ	f	s	circonflexe
circonflexe	ADJ	m	s	circonflexe
circonférence	NOM	f	p	circonférences
circonlocution	NOM	f	s	circonlocution
circonstanciel	ADJ	f	p	circonstancielles
circonstancié	ADJ	f	s	circonstanciée
circulant	ADJ	f	p	circulantes
circulant	ADJ	f	s	circulante
circulant	ADJ	m	p	circulants
circularité	NOM	f	p	circularités
circulatoire	ADJ	f	p	circulatoires
circulatoire	ADJ	f	s	circulatoire
circulatoire	ADJ	m	s	circulatoire
circumnavigation	NOM	f	p	circumnavigations
cireux	ADJ	m	p	cireux
cireux	ADJ	m	s	cireux
cirrhose	NOM	f	p	cirrhoses
cirse	NOM	m	s	cirse
ciré	ADJ	f	p	cirées
ciré	ADJ	f	s	cirée
cisaillage	NOM	m	p	cisaillages
cisaillement	NOM	m	p	cisaillements
ciselet	NOM	m	p	ciselets
ciseleur	NOM	m	s	ciseleur
cistercien	ADJ	f	p	cisterciennes
cistercien	NOM	m	s	cistercien
citoyenneté	NOM	f	p	citoyennetés
citrate	NOM	m	p	citrates
citrine	NOM	f	p	citrines
citronné	ADJ	f	p	citronnées
citronné	ADJ	m	p	citronnés
citérieur	ADJ	f	p	citérieures
citérieur	ADJ	m	p	citérieurs
citérieur	ADJ	m	s	citérieur
civadière	NOM	f	p	civadières
civelle	NOM	f	s	civelle
civette	NOM	f	p	civettes
civilisateur	ADJ	f	p	civilisatrices
civilisateur	ADJ	m	p	civilisateurs
civisme	NOM	m	p	civismes
clabauderie	NOM	f	s	clabauderie
clafouti	NOM	m	p	clafouti
clafouti	NOM	m	p	clafoutis
claim	NOM	m	p	claims
clair	NOM	m	s	clair
clairet	ADJ	f	p	clairettes
clairet	ADJ	m	p	clairets
clairet	ADJ	m	s	clairet
clairet	NOM	m	p	clairets
clairette	NOM	f	p	clairettes
clairvoyant	ADJ	f	p	clairvoyantes
clap	NOM	m	p	claps
clapot	NOM	m	p	clapots
clapotant	ADJ	m	p	clapotants
claquage	NOM	m	p	claquages
claquedent	NOM	m	s	claquedent
claquemuré	ADJ	m	p	claquemurés
claquemuré	ADJ	m	s	claquemuré
claquet	NOM	m	p	claquets
claqueur	NOM	m	s	claqueur
claquoir	NOM	m	s	claquoir
clarification	NOM	f	p	clarifications
clarissime	NOM	m	s	clarissime
clash	NOM	m	p	clashes
clash	NOM	m	p	clashs
classicisme	NOM	m	p	classicismes
classieux	ADJ	f	p	classieuses
classieux	ADJ	m	p	classieux
classieux	ADJ	m	s	classieux
classificateur	ADJ	f	p	classificatrices
classificateur	ADJ	m	p	classificateurs
clathre	NOM	m	s	clathre
claudicant	ADJ	f	p	claudicantes
claudication	NOM	f	p	claudications
claudélien	ADJ	f	p	claudéliennes
claudélien	ADJ	m	p	claudéliens
claudélien	ADJ	m	s	claudélien
claustral	ADJ	f	p	claustrales
claustral	ADJ	m	p	claustraux
claustral	ADJ	m	s	claustral
claustration	NOM	f	p	claustrations
claustrophobe	ADJ	f	p	claustrophobes
claustrophobe	ADJ	f	s	claustrophobe
claustrophobe	ADJ	m	p	claustrophobes
claustrophobie	NOM	f	p	claustrophobies
claveau	NOM	m	s	claveau
clavette	NOM	f	p	clavettes
clayette	NOM	f	s	clayette
claymore	NOM	f	p	claymores
clearing	NOM	m	p	clearings
clepsydre	NOM	f	p	clepsydres
cleptomanie	NOM	f	p	cleptomanies
clergeon	NOM	m	p	clergeons
clermontois	ADJ	f	p	clermontoises
clermontois	ADJ	m	p	clermontois
clermontois	ADJ	m	s	clermontois
clichage	NOM	m	p	clichages
clicherie	NOM	f	p	clicheries
clicheur	NOM	m	p	clicheurs
cliché	ADJ	f	p	clichées
click	NOM	m	p	clicks
clignoteur	NOM	m	p	clignoteurs
climatisation	NOM	f	p	climatisations
climatérique	ADJ	f	s	climatérique
climatérique	ADJ	m	p	climatériques
climatérique	ADJ	m	s	climatérique
clinche	NOM	f	p	clinches
clinicat	NOM	m	p	clinicats
clinker	NOM	m	p	clinkers
cliquette	NOM	f	s	cliquette
cliquettement	NOM	m	p	cliquettements
clito	NOM	m	p	clitos
clitoridectomie	NOM	f	p	clitoridectomies
clitoridien	ADJ	f	p	clitoridiennes
clitoridien	ADJ	m	p	clitoridiens
cloacal	ADJ	f	p	cloacales
cloacal	ADJ	f	s	cloacale
cloacal	ADJ	m	p	cloacaux
clochardisation	NOM	f	p	clochardisations
clonage	NOM	m	p	clonages
clonique	ADJ	f	p	cloniques
clonique	ADJ	m	p	cloniques
clonique	ADJ	m	s	clonique
clopinement	NOM	m	s	clopinement
cloqué	ADJ	f	p	cloquées
clos	ADJ	m	p	clos
clos	ADJ	m	s	clos
closerie	NOM	f	p	closeries
clouage	NOM	m	p	clouages
cloueur	NOM	m	p	cloueurs
cloutage	NOM	m	p	cloutages
cloutier	NOM	m	p	cloutiers
clubman	NOM	m	p	clubmans
clubman	NOM	m	p	clubmen
clunisien	ADJ	f	p	clunisiennes
clunisien	ADJ	f	s	clunisienne
clunisien	ADJ	m	p	clunisiens
cluster	NOM	m	p	clusters
clémence	NOM	f	p	clémences
clémentine	NOM	f	p	clémentines
cléricalisme	NOM	m	p	cléricalismes
cléricature	NOM	f	p	cléricatures
coach	NOM	m	p	coaches
coach	NOM	m	p	coachs
coadjuteur	NOM	m	p	coadjuteurs
coagulant	ADJ	f	s	coagulante
coagulant	ADJ	m	p	coagulants
coagulation	NOM	f	p	coagulations
coalisé	ADJ	f	p	coalisées
coalisé	ADJ	m	p	coalisés
coalisé	ADJ	m	s	coalisé
coalisé	NOM	m	s	coalisé
coaltar	NOM	m	p	coaltars
coati	NOM	m	p	coatis
coaxial	ADJ	f	s	coaxiale
coaxial	ADJ	m	p	coaxiaux
cob	NOM	m	p	cobs
cobalt	NOM	m	p	cobalts
cobelligérant	NOM	m	s	cobelligérant
cobol	NOM	m	p	cobols
cocasserie	NOM	f	p	cocasseries
cocaïne	NOM	f	p	cocaïnes
coche	NOM	m	s	coche
cocher	ADJ	m	p	cochers
cocher	ADJ	m	s	cocher
cochléaire	ADJ	f	p	cochléaires
cochléaire	ADJ	f	s	cochléaire
cochlée	NOM	f	p	cochlées
cochonnée	NOM	f	p	cochonnées
cocker	NOM	m	p	cockers
cockpit	NOM	m	p	cockpits
cocoon	NOM	m	p	cocoons
cocoteraie	NOM	f	s	cocoteraie
coction	NOM	f	p	coctions
cocufié	ADJ	f	p	cocufiées
cocufié	ADJ	f	s	cocufiée
cocufié	ADJ	m	p	cocufiés
coda	NOM	f	p	codas
codant	ADJ	f	p	codantes
codant	ADJ	m	p	codants
codant	ADJ	m	s	codant
codeur	NOM	m	p	codeurs
codification	NOM	f	p	codifications
codon	NOM	m	p	codons
codéine	NOM	f	p	codéines
coelacanthe	NOM	m	p	coelacanthes
coeliaque	ADJ	f	p	coeliaques
coeliaque	ADJ	f	s	coeliaque
coeliaque	ADJ	m	p	coeliaques
coentreprise	NOM	f	p	coentreprises
coercitif	ADJ	f	p	coercitives
coercitif	ADJ	m	p	coercitifs
coercition	NOM	f	p	coercitions
coexistant	ADJ	f	p	coexistantes
coexistant	ADJ	f	s	coexistante
coexistant	ADJ	m	s	coexistant
coexistence	NOM	f	p	coexistences
coffin	NOM	m	p	coffins
cofinancement	NOM	m	p	cofinancements
cogito	NOM	m	p	cogitos
cognition	NOM	f	p	cognitions
cogérant	NOM	m	p	cogérants
cohabitant	ADJ	f	p	cohabitantes
cohabitant	ADJ	f	s	cohabitante
cohabitant	ADJ	m	p	cohabitants
cohésif	ADJ	f	p	cohésives
cohésif	ADJ	m	p	cohésifs
cohésif	ADJ	m	s	cohésif
cohésion	NOM	f	p	cohésions
coi	ADJ	m	p	cois
coi	ADJ	m	s	coi
coiffant	ADJ	f	p	coiffantes
coiffant	ADJ	m	p	coiffants
coinceur	NOM	m	p	coinceurs
colchicine	NOM	f	p	colchicines
colcotar	NOM	m	p	colcotars
colectomie	NOM	f	p	colectomies
colibacille	NOM	m	s	colibacille
colin	NOM	m	p	colins
colique	ADJ	f	p	coliques
colique	ADJ	f	s	colique
colique	ADJ	m	s	colique
colistier	NOM	m	p	colistiers
collaborationniste	ADJ	f	p	collaborationnistes
collaborationniste	ADJ	f	s	collaborationniste
collagène	NOM	m	p	collagènes
collationnement	NOM	m	p	collationnements
collatéral	NOM	m	s	collatéral
collecteur	ADJ	f	p	collectrices
collecteur	ADJ	m	p	collecteurs
collecteur	ADJ	m	s	collecteur
collectif	NOM	m	p	collectifs
collectivisation	NOM	f	p	collectivisations
collectivisme	NOM	m	p	collectivismes
collector	NOM	m	p	collectors
colletage	NOM	m	p	colletages
colletin	NOM	m	p	colletins
colleuse	NOM	f	p	colleuses
collignon	NOM	m	p	collignons
collimateur	NOM	m	p	collimateurs
collimation	NOM	f	p	collimations
collodion	NOM	m	p	collodions
colloïdal	ADJ	f	p	colloïdales
colloïdal	ADJ	m	p	colloïdaux
colloïdal	ADJ	m	s	colloïdal
colloïde	NOM	m	p	colloïdes
collure	NOM	f	p	collures
collutoire	NOM	m	p	collutoires
collégiale	NOM	f	p	collégiales
collégialité	NOM	f	p	collégialités
colmatage	NOM	m	p	colmatages
colocation	NOM	f	p	colocations
colombage	NOM	m	s	colombage
colombelle	NOM	f	p	colombelles
colombien	ADJ	f	p	colombiennes
colombin	ADJ	m	p	colombins
colombo	NOM	m	p	colombos
colombophilie	NOM	f	p	colombophilies
colonialiste	ADJ	m	p	colonialistes
colonialiste	ADJ	m	s	colonialiste
colonisateur	ADJ	f	p	colonisatrices
colonisateur	ADJ	m	p	colonisateurs
colonisateur	ADJ	m	s	colonisateur
colonisé	ADJ	f	p	colonisées
colonoscopie	NOM	f	p	colonoscopies
colopathie	NOM	f	p	colopathies
colophane	NOM	f	p	colophanes
colorant	ADJ	f	s	colorante
colorature	NOM	f	p	coloratures
colorectal	ADJ	f	p	colorectales
colorectal	ADJ	f	s	colorectale
colorectal	ADJ	m	p	colorectaux
colorisation	NOM	f	p	colorisations
coloscopie	NOM	f	p	coloscopies
colostomie	NOM	f	p	colostomies
colostrum	NOM	m	p	colostrums
colportage	NOM	m	p	colportages
colposcopie	NOM	f	p	colposcopies
coltin	NOM	m	p	coltins
coltineur	NOM	m	p	coltineurs
columbarium	NOM	m	p	columbaria
columbarium	NOM	m	p	columbariums
coléreux	ADJ	f	p	coléreuses
coléreux	ADJ	m	p	coléreux
coléreux	ADJ	m	s	coléreux
colérique	ADJ	f	s	colérique
colérique	ADJ	m	p	colériques
colérique	ADJ	m	s	colérique
comanche	NOM	m	p	comanches
comateux	ADJ	f	p	comateuses
comateux	ADJ	m	p	comateux
comateux	ADJ	m	s	comateux
combatif	ADJ	f	p	combatives
combativité	NOM	f	p	combativités
combinard	ADJ	f	p	combinardes
combinard	ADJ	f	s	combinarde
combinat	NOM	m	p	combinats
combinatoire	ADJ	m	p	combinatoires
combinatoire	ADJ	m	s	combinatoire
combisme	NOM	m	p	combismes
combo	NOM	m	p	combos
comburant	ADJ	f	p	comburantes
comburant	ADJ	f	s	comburante
comburant	ADJ	m	p	comburants
comestibilité	NOM	f	p	comestibilités
comice	NOM	m	s	comice
comitadji	NOM	m	p	comitadjis
comma	NOM	m	p	commas
command	NOM	m	p	commands
commandant	ADJ	f	p	commandantes
commandité	NOM	m	p	commandités
commensalisme	NOM	m	p	commensalismes
comment	NOM	m	p	comment
commençant	NOM	m	p	commençants
commercialisation	NOM	f	p	commercialisations
comminutif	ADJ	f	p	comminutives
comminutif	ADJ	m	p	comminutifs
comminutif	ADJ	m	s	comminutif
commissural	ADJ	f	p	commissurales
commissural	ADJ	m	p	commissuraux
commissural	ADJ	m	s	commissural
commisération	NOM	f	p	commisérations
communicabilité	NOM	f	p	communicabilités
communicable	ADJ	f	p	communicables
communicable	ADJ	f	s	communicable
communicable	ADJ	m	s	communicable
communicant	ADJ	m	s	communicant
communicant	NOM	m	p	communicants
communicateur	ADJ	f	p	communicatrices
communicateur	ADJ	f	s	communicatrice
communicateur	ADJ	m	p	communicateurs
communicatif	ADJ	f	p	communicatives
communisant	ADJ	f	p	communisantes
communisant	ADJ	f	s	communisante
communisme	NOM	m	p	communismes
commutation	NOM	f	p	commutations
compacité	NOM	f	p	compacités
compactage	NOM	m	p	compactages
comparabilité	NOM	f	p	comparabilités
comparant	ADJ	f	p	comparantes
comparant	ADJ	f	s	comparante
comparant	ADJ	m	p	comparants
comparateur	NOM	m	p	comparateurs
compartimentage	NOM	m	p	compartimentages
compartimenté	ADJ	f	p	compartimentées
compartimenté	ADJ	m	p	compartimentés
comparution	NOM	f	p	comparutions
compassion	NOM	f	p	compassions
compatibilité	NOM	f	p	compatibilités
compensateur	ADJ	f	p	compensatrices
compensateur	ADJ	f	s	compensatrice
compil	NOM	f	p	compils
compilateur	NOM	m	p	compilateurs
complexion	NOM	f	p	complexions
complexé	ADJ	f	p	complexées
complémentarité	NOM	f	p	complémentarités
complétude	NOM	f	p	complétudes
compo	NOM	f	p	compos
componction	NOM	f	p	componctions
comportementalisme	NOM	m	p	comportementalismes
comportementaliste	ADJ	f	p	comportementalistes
comportementaliste	ADJ	f	s	comportementaliste
comportementaliste	ADJ	m	p	comportementalistes
composeur	NOM	m	p	composeurs
composite	ADJ	f	p	composites
composite	ADJ	f	s	composite
composite	ADJ	m	s	composite
compost	NOM	m	p	composts
comprador	NOM	m	p	compradores
comprenette	NOM	f	p	comprenettes
compresseur	ADJ	f	p	compresseuses
compresseur	ADJ	f	s	compresseuse
compressible	ADJ	f	p	compressibles
compressible	ADJ	m	p	compressibles
compressible	ADJ	m	s	compressible
compressif	ADJ	f	p	compressives
compressif	ADJ	f	s	compressive
compressif	ADJ	m	p	compressifs
comprimant	ADJ	f	p	comprimantes
comprimant	ADJ	f	s	comprimante
comprimant	ADJ	m	p	comprimants
compris	ADJ	m	p	compris
compris	ADJ	m	s	compris
compromissoire	ADJ	f	p	compromissoires
compromissoire	ADJ	m	p	compromissoires
compromissoire	ADJ	m	s	compromissoire
comptabilisation	NOM	f	p	comptabilisations
comptage	NOM	m	p	comptages
comptant	ADJ	f	p	comptantes
comptant	ADJ	f	s	comptante
comptant	ADJ	m	p	comptants
comptant	NOM	m	p	comptants
compulsion	NOM	f	p	compulsions
comput	NOM	m	p	computs
computation	NOM	f	s	computation
compétitif	ADJ	f	p	compétitives
compétitivité	NOM	f	p	compétitivités
comtal	ADJ	f	p	comtales
comtal	ADJ	m	p	comtaux
comtois	ADJ	f	p	comtoises
comtois	ADJ	m	p	comtois
comtois	ADJ	m	s	comtois
comédon	NOM	m	s	comédon
concassage	NOM	m	p	concassages
concaténation	NOM	f	p	concaténations
concavité	NOM	f	p	concavités
concentrateur	NOM	m	p	concentrateurs
concentrationnaire	ADJ	f	p	concentrationnaires
concentrationnaire	ADJ	f	s	concentrationnaire
concertina	NOM	m	p	concertinas
concessionnaire	ADJ	f	p	concessionnaires
concessionnaire	ADJ	f	s	concessionnaire
concevable	ADJ	f	s	concevable
concevable	ADJ	m	p	concevables
concevable	ADJ	m	s	concevable
conchoïdal	ADJ	f	p	conchoïdales
conchoïdal	ADJ	f	s	conchoïdale
conchoïdal	ADJ	m	s	conchoïdal
conciliaire	ADJ	f	p	conciliaires
conciliaire	ADJ	f	s	conciliaire
conciliaire	ADJ	m	s	conciliaire
conciliateur	ADJ	f	p	conciliatrices
conciliateur	ADJ	f	s	conciliatrice
concis	ADJ	f	p	concises
concis	ADJ	m	p	concis
concis	ADJ	m	s	concis
concision	NOM	f	p	concisions
conclave	NOM	m	p	conclaves
conclaviste	NOM	m	p	conclavistes
conclusif	ADJ	f	p	conclusives
conclusif	ADJ	m	p	conclusifs
conclusif	ADJ	m	s	conclusif
concoction	NOM	f	p	concoctions
concomitance	NOM	f	p	concomitances
concomitant	ADJ	m	p	concomitants
concordance	NOM	f	p	concordances
concordat	NOM	m	p	concordats
concorde	NOM	f	p	concordes
concourant	ADJ	f	p	concourantes
concourant	ADJ	f	s	concourante
concourant	ADJ	m	p	concourants
concrétisation	NOM	f	p	concrétisations
concurrentiel	ADJ	f	p	concurrentielles
concussion	NOM	f	p	concussions
concussionnaire	ADJ	f	p	concussionnaires
concussionnaire	ADJ	m	p	concussionnaires
concussionnaire	ADJ	m	s	concussionnaire
concédant	NOM	m	p	concédants
condamnable	ADJ	f	p	condamnables
condamnable	ADJ	f	s	condamnable
condamnable	ADJ	m	s	condamnable
condensation	NOM	f	p	condensations
condenseur	NOM	m	p	condenseurs
condensé	ADJ	f	p	condensées
condensé	NOM	m	p	condensés
condescendance	NOM	f	p	condescendances
condescendant	ADJ	f	p	condescendantes
conditionnel	ADJ	m	s	conditionnel
condoléant	ADJ	f	p	condoléantes
condoléant	ADJ	f	s	condoléante
condoléant	ADJ	m	s	condoléant
condom	NOM	m	p	condoms
condominium	NOM	m	p	condominiums
conductance	NOM	f	p	conductances
conductibilité	NOM	f	p	conductibilités
conduction	NOM	f	p	conductions
conductivité	NOM	f	p	conductivités
conduit	ADJ	m	p	conduits
conduit	ADJ	m	s	conduit
confection	NOM	f	p	confections
confesse	NOM	f	p	confesses
confessionnel	ADJ	f	p	confessionnelles
confidentialité	NOM	f	p	confidentialités
confinement	NOM	m	p	confinements
confiturier	NOM	m	s	confiturier
conflagration	NOM	f	p	conflagrations
confluence	NOM	f	p	confluences
confluent	ADJ	f	p	confluentes
confluent	ADJ	f	s	confluente
confluent	ADJ	m	p	confluents
conformation	NOM	f	p	conformations
conformité	NOM	f	p	conformités
conformé	ADJ	f	p	conformées
conformé	ADJ	f	s	conformée
conformé	ADJ	m	p	conformés
confraternité	NOM	f	p	confraternités
confucianisme	NOM	m	p	confucianismes
confucéen	ADJ	f	p	confucéennes
confucéen	ADJ	m	p	confucéens
confucéen	ADJ	m	s	confucéen
confus	ADJ	m	p	confus
confus	ADJ	m	s	confus
confusionnisme	NOM	m	p	confusionnismes
confédéral	ADJ	f	p	confédérales
confédéral	ADJ	f	s	confédérale
confédération	NOM	f	p	confédérations
confédéré	ADJ	f	p	confédérées
conférent	NOM	m	s	conférent
congaye	NOM	f	s	congaye
congaï	NOM	f	s	congaï
congestif	ADJ	f	p	congestives
congestif	ADJ	m	p	congestifs
conglobation	NOM	f	p	conglobations
congolais	ADJ	f	p	congolaises
congolais	ADJ	m	p	congolais
congolais	ADJ	m	s	congolais
congratulation	NOM	f	s	congratulation
congru	ADJ	f	p	congrues
congru	ADJ	m	p	congrus
congru	ADJ	m	s	congru
congrégationaliste	ADJ	f	p	congrégationalistes
congrégationaliste	ADJ	m	p	congrégationalistes
congrégationaliste	ADJ	m	s	congrégationaliste
congédiement	NOM	m	p	congédiements
congédié	ADJ	f	p	congédiées
congédié	ADJ	m	p	congédiés
congélation	NOM	f	p	congélations
congénère	ADJ	f	p	congénères
congénère	ADJ	m	s	congénère
conjectural	ADJ	f	p	conjecturales
conjectural	ADJ	m	p	conjecturaux
conjoncteur	NOM	m	p	conjoncteurs
conjonctif	ADJ	m	p	conjonctifs
conjonctif	NOM	m	p	conjonctifs
conjugalité	NOM	f	p	conjugalités
conjugué	ADJ	f	p	conjuguées
conjugué	ADJ	m	p	conjugués
conjurateur	NOM	m	p	conjurateurs
conjuratoire	ADJ	f	p	conjuratoires
conjuratoire	ADJ	m	p	conjuratoires
conjuratoire	ADJ	m	s	conjuratoire
conjuré	ADJ	f	p	conjurées
connaissable	ADJ	f	p	connaissables
connaissable	ADJ	f	s	connaissable
connaissable	ADJ	m	p	connaissables
connaissant	ADJ	f	p	connaissantes
connaissant	ADJ	f	s	connaissante
connaissant	ADJ	m	p	connaissants
connaisseur	ADJ	f	p	connaisseuses
connard	ADJ	f	p	connardes
connard	ADJ	f	s	connarde
connecteur	NOM	m	p	connecteurs
connectivité	NOM	f	p	connectivités
connexe	ADJ	f	p	connexes
connexe	ADJ	f	s	connexe
connexe	ADJ	m	p	connexes
connil	NOM	m	s	connil
conquis	ADJ	m	p	conquis
conquis	ADJ	m	s	conquis
conquistador	NOM	m	p	conquistadores
conquistador	NOM	m	p	conquistadors
consacrant	NOM	m	p	consacrants
consanguin	ADJ	f	p	consanguines
consanguin	NOM	m	s	consanguin
consciencieux	ADJ	m	p	consciencieux
consciencieux	ADJ	m	s	consciencieux
conscription	NOM	f	p	conscriptions
conseilleur	NOM	m	s	conseilleur
consensuel	ADJ	f	p	consensuelles
consensuel	ADJ	m	p	consensuels
conservation	NOM	f	p	conservations
conservatisme	NOM	m	p	conservatismes
consistoire	NOM	m	p	consistoires
consistorial	ADJ	f	s	consistoriale
consistorial	ADJ	m	p	consistoriaux
consolidation	NOM	f	p	consolidations
consommé	ADJ	f	p	consommées
consomptif	ADJ	f	p	consomptives
consomptif	ADJ	m	p	consomptifs
consomptif	ADJ	m	s	consomptif
consomption	NOM	f	p	consomptions
consoude	NOM	f	p	consoudes
conspirateur	ADJ	f	p	conspiratrices
constable	NOM	m	p	constables
constellé	ADJ	m	p	constellés
consternation	NOM	f	p	consternations
constipant	ADJ	f	p	constipantes
constipant	ADJ	f	s	constipante
constipant	ADJ	m	p	constipants
constipé	ADJ	f	p	constipées
constitutif	ADJ	f	p	constitutives
constitutif	ADJ	f	s	constitutive
constitutionnalité	NOM	f	p	constitutionnalités
constrictif	ADJ	f	p	constrictives
constrictif	ADJ	m	p	constrictifs
constrictif	ADJ	m	s	constrictif
constriction	NOM	f	p	constrictions
constructeur	ADJ	f	p	constructrices
constructeur	ADJ	f	s	constructrice
constructivisme	NOM	m	p	constructivismes
consubstantiel	ADJ	f	p	consubstantielles
consultable	ADJ	f	p	consultables
consultable	ADJ	m	p	consultables
consultable	ADJ	m	s	consultable
consultant	ADJ	f	p	consultantes
consultatif	ADJ	f	p	consultatives
consulte	NOM	f	p	consultes
consumation	NOM	f	p	consumations
consumérisme	NOM	m	p	consumérismes
consumériste	ADJ	f	p	consuméristes
consumériste	ADJ	m	p	consuméristes
consumériste	ADJ	m	s	consumériste
consécration	NOM	f	p	consécrations
consécution	NOM	f	p	consécutions
contacteur	NOM	m	p	contacteurs
contagieux	ADJ	m	p	contagieux
contagieux	ADJ	m	s	contagieux
contagion	NOM	f	p	contagions
contaminant	ADJ	f	p	contaminantes
contaminant	ADJ	f	s	contaminante
contaminateur	NOM	m	p	contaminateurs
contemplateur	NOM	m	p	contemplateurs
contextuel	ADJ	f	p	contextuelles
contextuel	ADJ	f	s	contextuelle
contextuel	ADJ	m	p	contextuels
contiguïté	NOM	f	p	contiguïtés
continence	NOM	f	p	continences
continent	ADJ	f	p	continentes
continent	ADJ	f	s	continente
continent	ADJ	m	p	continents
contingentement	NOM	m	p	contingentements
continu	ADJ	f	s	continue
continuation	NOM	f	p	continuations
continuité	NOM	f	p	continuités
continuum	NOM	m	p	continuums
contondant	ADJ	f	p	contondantes
contraceptif	ADJ	m	p	contraceptifs
contraception	NOM	f	p	contraceptions
contractant	ADJ	f	s	contractante
contractant	ADJ	m	p	contractants
contraignant	ADJ	m	p	contraignants
contrainte	NOM	f	p	contraintes
contrapuntique	ADJ	f	p	contrapuntiques
contrapuntique	ADJ	m	p	contrapuntiques
contrapuntique	ADJ	m	s	contrapuntique
contrastant	ADJ	f	p	contrastantes
contrastant	ADJ	f	s	contrastante
contrastant	ADJ	m	p	contrastants
contrebande	NOM	f	p	contrebandes
contrecoeur	NOM	m	p	contrecoeurs
contrecollé	ADJ	f	p	contrecollées
contrecollé	ADJ	f	s	contrecollée
contrecollé	ADJ	m	p	contrecollés
contrefacteur	NOM	m	s	contrefacteur
contrefait	ADJ	f	p	contrefaites
contrefiche	NOM	f	p	contrefiches
contremarche	NOM	f	s	contremarche
contremarque	NOM	f	s	contremarque
contremaîtresse	NOM	f	p	contremaîtresses
contrepartie	NOM	f	p	contreparties
contreplaqué	NOM	m	p	contreplaqués
contrepoint	NOM	m	p	contrepoints
contreproposition	NOM	f	p	contre-propositions
contreproposition	NOM	f	p	contrepropositions
contrescarpe	NOM	f	p	contrescarpes
contreseing	NOM	m	p	contreseings
contrevallation	NOM	f	p	contrevallations
contributeur	NOM	m	p	contributeurs
contus	ADJ	f	p	contuses
contus	ADJ	m	p	contus
contus	ADJ	m	s	contus
contusionné	ADJ	f	p	contusionnées
convecteur	NOM	m	p	convecteurs
convection	NOM	f	p	convections
convenant	NOM	m	p	convenants
convent	NOM	m	p	convents
conventicule	NOM	m	p	conventicules
conventionné	ADJ	f	p	conventionnées
conventionné	ADJ	m	p	conventionnés
conventionné	ADJ	m	s	conventionné
convergence	NOM	f	p	convergences
converse	NOM	f	p	converses
convexité	NOM	f	p	convexités
convivialité	NOM	f	p	convivialités
convié	ADJ	f	p	conviées
convoiteur	ADJ	f	p	convoiteuses
convoiteur	ADJ	f	s	convoiteuse
convoiteur	ADJ	m	p	convoiteurs
convoiteux	ADJ	f	p	convoiteuses
convoiteux	ADJ	f	s	convoiteuse
convoiteux	ADJ	m	s	convoiteux
convulsionnaire	ADJ	f	p	convulsionnaires
convulsionnaire	ADJ	m	p	convulsionnaires
convulsionnaire	ADJ	m	s	convulsionnaire
cooccupant	ADJ	f	p	cooccupantes
cooccupant	ADJ	f	s	cooccupante
cooccupant	ADJ	m	p	cooccupants
cooptation	NOM	f	p	cooptations
coopérateur	NOM	m	p	coopérateurs
coopération	NOM	f	p	coopérations
coopératisme	NOM	m	p	coopératismes
coordinateur	ADJ	f	p	coordinatrices
coordinateur	ADJ	m	p	coordinateurs
coordination	NOM	f	p	coordinations
coordonnateur	ADJ	f	p	coordonnatrices
coordonnateur	ADJ	f	s	coordonnatrice
coordonnateur	ADJ	m	p	coordonnateurs
coordonnateur	NOM	m	p	coordonnateurs
coordonné	ADJ	f	p	coordonnées
coordonné	ADJ	f	s	coordonnée
coordonné	ADJ	m	p	coordonnés
coordonné	NOM	m	s	coordonné
copal	NOM	m	p	copals
copernicien	ADJ	f	p	coperniciennes
copernicien	ADJ	m	p	coperniciens
copernicien	ADJ	m	s	copernicien
copiable	ADJ	f	p	copiables
copiable	ADJ	f	s	copiable
copiable	ADJ	m	p	copiables
copiage	NOM	m	p	copiages
copieur	ADJ	m	p	copieurs
copieur	ADJ	m	s	copieur
copieux	ADJ	f	p	copieuses
copieux	ADJ	f	s	copieuse
copieux	ADJ	m	p	copieux
copilote	NOM	m	p	copilotes
copinage	NOM	m	p	copinages
copla	NOM	f	p	coplas
coppa	NOM	f	p	coppas
copra	NOM	m	p	copras
coprin	NOM	m	s	coprin
coproculture	NOM	f	p	coprocultures
coproduction	NOM	f	p	coproductions
coprologie	NOM	f	p	coprologies
coprologique	ADJ	f	p	coprologiques
coprologique	ADJ	m	p	coprologiques
coprologique	ADJ	m	s	coprologique
coprophage	ADJ	f	p	coprophages
coprophage	ADJ	m	p	coprophages
coprophage	ADJ	m	s	coprophage
coprophagie	NOM	f	p	coprophagies
coprophilie	NOM	f	p	coprophilies
copropriété	NOM	f	p	copropriétés
coprésidence	NOM	f	p	coprésidences
copulant	NOM	m	p	copulants
copule	NOM	f	p	copules
copyright	NOM	m	p	copyrights
coquebin	ADJ	f	p	coquebines
coquebin	ADJ	f	s	coquebine
coquebin	ADJ	m	p	coquebins
coquebin	NOM	m	p	coquebins
coquelet	NOM	m	p	coquelets
coquelle	NOM	f	p	coquelles
coquemar	NOM	m	p	coquemars
coquerelle	NOM	f	p	coquerelles
coquerie	NOM	f	p	coqueries
coqueron	NOM	m	p	coquerons
coquillart	NOM	m	p	coquillarts
coquillette	NOM	f	s	coquillette
coquilleux	ADJ	f	p	coquilleuses
coquilleux	ADJ	f	s	coquilleuse
coquilleux	ADJ	m	p	coquilleux
coquinet	ADJ	f	p	coquinettes
coquinet	ADJ	f	s	coquinette
coquinet	ADJ	m	p	coquinets
corallien	ADJ	f	p	coralliennes
corallien	ADJ	f	s	corallienne
coran	NOM	m	p	corans
coranique	ADJ	f	p	coraniques
coranique	ADJ	m	s	coranique
corbin	NOM	m	p	corbins
corderie	NOM	f	p	corderies
cordial	NOM	m	p	cordiaux
cordier	NOM	m	s	cordier
cordiforme	ADJ	m	p	cordiformes
cordiforme	ADJ	m	s	cordiforme
cordillère	NOM	f	p	cordillères
cordite	NOM	f	p	cordites
cordonnerie	NOM	f	p	cordonneries
cordouan	ADJ	f	p	cordouanes
cordouan	ADJ	f	s	cordouane
cordouan	ADJ	m	p	cordouans
cordé	ADJ	f	p	cordées
cordé	ADJ	f	s	cordée
coriacité	NOM	f	p	coriacités
coriandre	NOM	f	p	coriandres
corindon	NOM	m	p	corindons
corinthien	ADJ	f	s	corinthienne
cormier	NOM	m	p	cormiers
cornac	NOM	m	p	cornacs
cornillon	NOM	m	p	cornillons
cornière	NOM	f	s	cornière
cornéen	ADJ	f	p	cornéennes
cornéen	ADJ	m	p	cornéens
cornélien	ADJ	m	p	cornéliens
coronaire	ADJ	f	s	coronaire
coronaire	ADJ	m	p	coronaires
coronaire	ADJ	m	s	coronaire
coronal	ADJ	m	p	coronaux
coronarien	ADJ	f	p	coronariennes
coronarien	ADJ	m	p	coronariens
coronarien	NOM	m	p	coronariens
coronille	NOM	f	s	coronille
corozo	NOM	m	p	corozos
corporal	NOM	m	p	corporaux
corporalité	NOM	f	p	corporalités
corporatisme	NOM	m	p	corporatismes
corpsard	NOM	m	p	corpsards
corpulence	NOM	f	p	corpulences
correctif	ADJ	f	p	correctives
correctif	ADJ	m	p	correctifs
correctif	NOM	m	p	correctifs
corregidor	NOM	m	p	corregidores
corregidor	NOM	m	p	corregidors
correspondancier	NOM	m	p	correspondanciers
corroboration	NOM	f	p	corroborations
corrodant	ADJ	f	p	corrodantes
corrodant	ADJ	m	p	corrodants
corroierie	NOM	f	p	corroieries
corrompu	ADJ	f	p	corrompues
corrompu	ADJ	f	s	corrompue
corrosion	NOM	f	p	corrosions
corrupteur	ADJ	m	p	corrupteurs
corrélatif	ADJ	f	p	corrélatives
corrélatif	ADJ	m	p	corrélatifs
corrélation	NOM	f	p	corrélations
corrézien	ADJ	f	s	corrézienne
corrézien	ADJ	m	p	corréziens
corrézien	ADJ	m	s	corrézien
cortine	NOM	f	p	cortines
cortisol	NOM	m	p	cortisols
cortisone	NOM	f	p	cortisones
corton	NOM	m	p	cortons
coruscant	ADJ	f	p	coruscantes
coruscation	NOM	f	p	coruscations
corybante	NOM	m	s	corybante
coryphée	NOM	m	p	coryphées
coryste	NOM	m	p	corystes
coryza	NOM	m	p	coryzas
coré	NOM	f	p	corés
coseigneur	NOM	m	s	coseigneur
cosmodrome	NOM	m	s	cosmodrome
cosmogonique	ADJ	f	p	cosmogoniques
cosmogonique	ADJ	f	s	cosmogonique
cosmogonique	ADJ	m	p	cosmogoniques
cosmographie	NOM	f	p	cosmographies
cosmologie	NOM	f	p	cosmologies
cosmologique	ADJ	f	p	cosmologiques
cosmologique	ADJ	m	s	cosmologique
cosmopolitisme	NOM	m	p	cosmopolitismes
cosmétologie	NOM	f	p	cosmétologies
cossard	ADJ	f	p	cossardes
costal	ADJ	f	p	costales
costar	NOM	m	p	costars
costaricain	ADJ	f	p	costaricaines
costaricain	ADJ	f	s	costaricaine
costaricain	ADJ	m	p	costaricains
costumé	ADJ	f	p	costumées
cotonnerie	NOM	f	p	cotonneries
cotonneux	ADJ	m	p	cotonneux
cotonneux	ADJ	m	s	cotonneux
cotonnier	ADJ	f	p	cotonnières
cotonnier	ADJ	f	s	cotonnière
cotonnier	ADJ	m	p	cotonniers
cotonnier	NOM	m	p	cotonniers
cotonnière	NOM	f	p	cotonnières
cotonéaster	NOM	m	s	cotonéaster
cotret	NOM	m	s	cotret
cotriade	NOM	f	p	cotriades
cotylédon	NOM	m	s	cotylédon
couard	ADJ	f	p	couardes
couardise	NOM	f	p	couardises
couchage	NOM	m	p	couchages
couchant	ADJ	f	p	couchantes
couchant	ADJ	f	s	couchante
couchoir	NOM	m	p	couchoirs
coudreuse	NOM	f	p	coudreuses
coudé	ADJ	m	p	coudés
couillard	NOM	m	p	couillards
couillon	ADJ	f	p	couillonnes
couillon	ADJ	f	s	couillonne
couillu	ADJ	f	p	couillues
couillu	ADJ	f	s	couillue
coulage	NOM	m	p	coulages
coulant	ADJ	f	p	coulantes
coule	NOM	f	p	coules
coulemelle	NOM	f	p	coulemelles
coulissement	NOM	m	s	coulissement
coulissier	NOM	m	p	coulissiers
coulomb	NOM	m	s	attocoulomb
coulomb	NOM	m	s	centicoulomb
coulomb	NOM	m	s	coulomb
coulomb	NOM	m	s	décacoulomb
coulomb	NOM	m	s	décicoulomb
coulomb	NOM	m	s	exacoulomb
coulomb	NOM	m	s	femtocoulomb
coulomb	NOM	m	s	gigacoulomb
coulomb	NOM	m	s	hectocoulomb
coulomb	NOM	m	s	kilocoulomb
coulomb	NOM	m	s	microcoulomb
coulomb	NOM	m	s	millicoulomb
coulomb	NOM	m	s	mégacoulomb
coulomb	NOM	m	s	nanocoulomb
coulomb	NOM	m	s	petacoulomb
coulomb	NOM	m	s	picocoulomb
coulomb	NOM	m	s	pétacoulomb
coulomb	NOM	m	s	téracoulomb
coulomb	NOM	m	s	yoctocoulomb
coulomb	NOM	m	s	yottacoulomb
coulomb	NOM	m	s	zeptocoulomb
coulomb	NOM	m	s	zettacoulomb
coulpe	NOM	f	p	coulpes
coumarine	NOM	f	p	coumarines
couperose	NOM	f	p	couperoses
couperosé	ADJ	m	p	couperosés
couple	NOM	m	s	couple
couplé	NOM	m	p	couplés
couque	NOM	f	s	couque
cour	NOM	f	p	cours
courageux	ADJ	m	p	courageux
courageux	ADJ	m	s	courageux
courbatu	ADJ	f	p	courbatues
courbaturé	ADJ	f	p	courbaturées
courbaturé	ADJ	m	p	courbaturés
courriel	NOM	m	p	courriels
courtaud	NOM	m	p	courtauds
courtil	NOM	m	s	courtil
courtisan	ADJ	f	p	courtisanes
courtisan	ADJ	f	s	courtisane
courtisanerie	NOM	f	p	courtisaneries
courtois	ADJ	m	p	courtois
courtois	ADJ	m	s	courtois
coutelier	NOM	m	p	couteliers
coutil	NOM	m	p	coutils
couturé	ADJ	m	p	couturés
couvade	NOM	f	p	couvades
couvet	NOM	m	p	couvets
couvi	ADJ	m	s	couvi
couvrant	ADJ	m	p	couvrants
covalent	ADJ	f	p	covalentes
covalent	ADJ	m	p	covalents
covenant	NOM	m	p	covenants
covoiturage	NOM	m	p	covoiturages
coxalgie	NOM	f	p	coxalgies
coïncident	ADJ	f	p	coïncidentes
coïncident	ADJ	f	s	coïncidente
coïncident	ADJ	m	p	coïncidents
coûtant	ADJ	f	p	coûtantes
coûtant	ADJ	f	s	coûtante
coûtant	ADJ	m	p	coûtants
coûteux	ADJ	m	p	coûteux
coûteux	ADJ	m	s	coûteux
crac	NOM	m	p	cracs
crachotant	ADJ	f	s	crachotante
craché	ADJ	f	p	crachées
cracking	NOM	m	p	crackings
cracra	ADJ	f	p	cracra
cracra	ADJ	m	p	cracra
cracra	ADJ	m	s	cracra
craniométrie	NOM	f	p	craniométries
craniotomie	NOM	f	p	craniotomies
crapoteux	ADJ	m	p	crapoteux
crapoteux	ADJ	m	s	crapoteux
craps	NOM	m	s	craps
crapulerie	NOM	f	p	crapuleries
crapuleux	ADJ	m	p	crapuleux
crapuleux	ADJ	m	s	crapuleux
craquage	NOM	m	p	craquages
craquèlement	NOM	m	p	craquèlements
crase	NOM	f	p	crases
crash	NOM	m	p	crashes
crash	NOM	m	p	crashs
crasseux	ADJ	m	p	crasseux
crasseux	ADJ	m	s	crasseux
crawl	NOM	m	p	crawls
crawlé	ADJ	f	p	crawlées
crawlé	ADJ	f	s	crawlée
crawlé	ADJ	m	p	crawlés
crayeux	ADJ	m	p	crayeux
crayeux	ADJ	m	s	crayeux
crematorium	NOM	m	p	crematoriums
crescendo	NOM	m	p	crescendos
cressonnette	NOM	f	p	cressonnettes
creuseur	NOM	m	p	creuseurs
creux	ADJ	m	p	creux
creux	ADJ	m	s	creux
crevant	ADJ	f	p	crevantes
crevard	ADJ	f	p	crevardes
crevard	ADJ	m	s	crevard
crevé	ADJ	f	p	crevées
crevé	ADJ	f	s	crevée
crevé	ADJ	m	p	crevés
criaillement	NOM	m	p	criaillements
criant	ADJ	m	p	criants
crib	NOM	m	p	cribs
criblage	NOM	m	p	criblages
criminalité	NOM	f	p	criminalités
criminologie	NOM	f	p	criminologies
crispant	ADJ	m	p	crispants
crispin	NOM	m	p	crispins
cristallisation	NOM	f	p	cristallisations
cristallisé	ADJ	m	p	cristallisés
cristallographie	NOM	f	p	cristallographies
cristallomancie	NOM	f	p	cristallomancies
cristalloïde	ADJ	f	p	cristalloïdes
cristalloïde	ADJ	f	s	cristalloïde
cristalloïde	ADJ	m	p	cristalloïdes
croassant	ADJ	f	p	croassantes
croassant	ADJ	f	s	croassante
croassant	ADJ	m	p	croassants
crochetage	NOM	m	p	crochetages
croisette	NOM	f	p	croisettes
cromorne	NOM	m	p	cromornes
croquenot	NOM	m	s	croquenot
croquet	NOM	m	p	croquets
croqueur	ADJ	f	p	croqueuses
croqueur	ADJ	m	p	croqueurs
croqueur	NOM	m	p	croqueurs
croquignolet	ADJ	f	p	croquignolettes
croquignolet	ADJ	f	s	croquignolette
crossman	NOM	m	p	crossmen
crossé	ADJ	f	p	crossées
crossé	ADJ	f	s	crossée
crossé	ADJ	m	p	crossés
croton	NOM	m	p	crotons
croule	NOM	f	p	croules
croulement	NOM	m	p	croulements
croup	NOM	m	p	croups
croupade	NOM	f	p	croupades
croupi	ADJ	m	p	croupis
croupissant	ADJ	m	p	croupissants
croupissoir	NOM	m	p	croupissoirs
croupissure	NOM	f	p	croupissures
croupon	NOM	m	p	croupons
croît	NOM	m	p	croîts
croûteux	ADJ	m	p	croûteux
croûteux	ADJ	m	s	croûteux
cruche	ADJ	f	p	cruche
cruche	ADJ	m	p	cruche
cruche	ADJ	m	s	cruche
crucifiant	ADJ	f	p	crucifiantes
crucifiant	ADJ	m	p	crucifiants
crucifiement	NOM	m	p	crucifiements
cruciforme	ADJ	f	p	cruciformes
cruciforme	ADJ	m	p	cruciformes
cruciforme	ADJ	m	s	cruciforme
cruiser	NOM	m	p	cruisers
crustacé	ADJ	f	p	crustacées
crustacé	ADJ	f	s	crustacée
cryogénie	NOM	f	p	cryogénies
cryogénisation	NOM	f	p	cryogénisations
cryotechnique	NOM	f	p	cryotechniques
cryptage	NOM	m	p	cryptages
cryptique	ADJ	f	s	cryptique
cryptique	ADJ	m	p	cryptiques
crypto	NOM	m	p	cryptos
cryptogame	NOM	m	s	cryptogame
cryptogamique	ADJ	f	p	cryptogamiques
cryptogamique	ADJ	m	p	cryptogamiques
cryptogamique	ADJ	m	s	cryptogamique
cryptographie	NOM	f	p	cryptographies
cryptologie	NOM	f	p	cryptologies
cryptomère	NOM	m	p	cryptomères
crâne	ADJ	f	p	crânes
crâne	ADJ	f	s	crâne
crâne	ADJ	m	s	crâne
crânerie	NOM	f	p	crâneries
crâneur	ADJ	f	p	crâneuses
crânien	ADJ	f	p	crâniennes
créancier	ADJ	f	p	créancières
créancier	ADJ	f	s	créancière
créancier	ADJ	m	s	créancier
créatine	NOM	f	p	créatines
créatinine	NOM	f	p	créatinines
créationnisme	NOM	m	p	créationnismes
créative	NOM	f	p	créatifs
créative	NOM	f	p	créatives
créativité	NOM	f	p	créativités
crédibilité	NOM	f	p	crédibilités
créditeur	ADJ	f	p	créditrices
crémant	ADJ	f	p	crémantes
crémant	ADJ	f	s	crémante
crémant	ADJ	m	p	crémants
crémant	NOM	m	p	crémants
crématoire	ADJ	f	p	crématoires
crématoire	ADJ	f	s	crématoire
crématoire	ADJ	m	s	crématoire
crématorium	NOM	m	p	crématoriums
crémeux	ADJ	m	p	crémeux
crémeux	ADJ	m	s	crémeux
crémone	NOM	f	p	crémones
créosote	NOM	f	p	créosotes
crépin	NOM	m	s	crépin
crépine	NOM	f	p	crépines
crépissage	NOM	m	p	crépissages
crépitation	NOM	f	p	crépitations
créquier	NOM	m	p	créquiers
crésol	NOM	m	p	crésols
crésyl	NOM	m	p	crésyls
crésylé	ADJ	f	p	crésylées
crésylé	ADJ	m	p	crésylés
crésylé	ADJ	m	s	crésylé
crétacé	ADJ	f	p	crétacées
crétacé	ADJ	m	p	crétacés
crétacé	ADJ	m	s	crétacé
crétacé	NOM	m	p	crétacés
crételle	NOM	f	p	crételles
crétin	ADJ	f	p	crétines
crétinisant	ADJ	f	p	crétinisantes
crétinisant	ADJ	f	s	crétinisante
crétinisant	ADJ	m	p	crétinisants
crétinisation	NOM	f	p	crétinisations
crétinisme	NOM	m	p	crétinismes
crétois	ADJ	m	p	crétois
crêpelure	NOM	f	p	crêpelures
crêpelé	ADJ	f	s	crêpelée
crêpelé	ADJ	m	s	crêpelé
crêpé	ADJ	f	p	crêpées
crêpé	ADJ	m	s	crêpé
crêt	NOM	m	p	crêts
crêté	ADJ	f	p	crêtées
crêté	ADJ	m	s	crêté
cubisme	NOM	m	p	cubismes
cubiste	ADJ	f	p	cubistes
cubiste	ADJ	f	s	cubiste
cubiste	ADJ	m	s	cubiste
cubitainer	NOM	m	p	cubitainers
cubital	ADJ	f	p	cubitales
cubital	ADJ	m	p	cubitaux
cubitière	NOM	f	s	cubitière
cucurbitacée	NOM	f	p	cucurbitacées
cucuterie	NOM	f	p	cucuteries
cueillaison	NOM	f	p	cueillaisons
cuesta	NOM	f	p	cuestas
cuiller	NOM	f	s	cuiller
cuilleron	NOM	m	p	cuillerons
cuirassement	NOM	m	s	cuirassement
cuiseur	NOM	m	s	cuiseur
cuisinette	NOM	f	p	cuisinettes
cuissage	NOM	m	p	cuissages
cuissarde	NOM	f	s	cuissarde
culbutage	NOM	m	s	culbutage
culminance	NOM	f	p	culminances
culminant	ADJ	f	p	culminantes
culminant	ADJ	f	s	culminante
culmination	NOM	f	p	culminations
culotté	ADJ	f	p	culottées
culpabilisant	ADJ	f	p	culpabilisantes
culpabilisant	ADJ	f	s	culpabilisante
culpabilisant	ADJ	m	p	culpabilisants
culpabilisation	NOM	f	p	culpabilisations
culpabilité	NOM	f	p	culpabilités
cultural	ADJ	f	p	culturales
cultural	ADJ	f	s	culturale
cultural	ADJ	m	p	culturaux
culturalisme	NOM	m	s	culturalisme
culturisme	NOM	m	p	culturismes
culturiste	ADJ	f	p	culturistes
culturiste	ADJ	f	s	culturiste
culturiste	ADJ	m	p	culturistes
culée	NOM	f	p	culées
cumin	NOM	m	p	cumins
cumul	NOM	m	p	cumuls
cumulard	NOM	m	p	cumulards
cumulatif	ADJ	f	p	cumulatives
cumulation	NOM	f	p	cumulations
cupidité	NOM	f	p	cupidités
cuprique	ADJ	f	s	cuprique
cuprique	ADJ	m	p	cupriques
cuprique	ADJ	m	s	cuprique
cupronickel	NOM	m	p	cupronickels
curable	ADJ	f	p	curables
curable	ADJ	m	p	curables
curable	ADJ	m	s	curable
curage	NOM	m	p	curages
curaillon	NOM	m	p	curaillons
curare	NOM	m	p	curares
curarisant	ADJ	f	p	curarisantes
curarisant	ADJ	f	s	curarisante
curarisant	ADJ	m	p	curarisants
curateur	NOM	m	p	curateurs
curcuma	NOM	m	p	curcumas
curetage	NOM	m	p	curetages
curial	ADJ	f	s	curiale
curial	ADJ	m	p	curiaux
curieux	ADJ	m	p	curieux
curieux	ADJ	m	s	curieux
curling	NOM	m	p	curlings
curry	NOM	m	p	curries
curry	NOM	m	p	currys
curseur	NOM	m	p	curseurs
cursif	ADJ	f	p	cursives
cursif	ADJ	m	p	cursifs
cursive	NOM	f	p	cursives
curviligne	ADJ	f	s	curviligne
curviligne	ADJ	m	p	curvilignes
curvimètre	NOM	m	s	curvimètre
custode	NOM	f	p	custodes
cyan	NOM	m	p	cyans
cyanoacrylate	NOM	m	p	cyanoacrylates
cyanobactérie	NOM	f	p	cyanobactéries
cyanogène	NOM	m	p	cyanogènes
cyanose	NOM	f	p	cyanoses
cyanure	NOM	m	p	cyanures
cybercafé	NOM	m	p	cybercafés
cyberespace	NOM	m	p	cyberespaces
cybermonde	NOM	m	p	cybermondes
cybernéticien	ADJ	f	p	cybernéticiennes
cybernéticien	ADJ	f	s	cybernéticienne
cybernéticien	ADJ	m	p	cybernéticiens
cybernéticien	NOM	m	p	cybernéticiens
cybernétique	ADJ	f	p	cybernétiques
cybernétique	ADJ	f	s	cybernétique
cybernétique	ADJ	m	s	cybernétique
cyclable	ADJ	f	s	cyclable
cyclable	ADJ	m	p	cyclables
cyclable	ADJ	m	s	cyclable
cyclique	ADJ	f	p	cycliques
cyclique	ADJ	f	s	cyclique
cyclique	ADJ	m	s	cyclique
cyclisme	NOM	m	p	cyclismes
cyclopousse	NOM	m	s	cyclopousse
cyclorama	NOM	m	p	cycloramas
cyclosporine	NOM	f	p	cyclosporines
cyclostome	NOM	m	s	cyclostome
cyclothymie	NOM	f	p	cyclothymies
cyclotron	NOM	m	p	cyclotrons
cycloïdal	ADJ	f	p	cycloïdales
cycloïdal	ADJ	f	s	cycloïdale
cycloïdal	ADJ	m	p	cycloïdaux
cymbalum	NOM	m	p	cymbalums
cyme	NOM	f	s	cyme
cynodrome	NOM	m	p	cynodromes
cynophile	ADJ	f	p	cynophiles
cynophile	ADJ	m	p	cynophiles
cynophile	ADJ	m	s	cynophile
cynégétique	ADJ	f	p	cynégétiques
cynégétique	ADJ	m	s	cynégétique
cynégétique	NOM	f	p	cynégétiques
cyphoscoliose	NOM	f	p	cyphoscolioses
cyphose	NOM	f	p	cyphoses
cyrillique	ADJ	f	p	cyrilliques
cyrillique	ADJ	f	s	cyrillique
cyrillique	ADJ	m	p	cyrilliques
cystite	NOM	f	p	cystites
cystotomie	NOM	f	p	cystotomies
cytise	NOM	m	s	cytise
cytologie	NOM	f	p	cytologies
cytologique	ADJ	f	s	cytologique
cytologique	ADJ	m	p	cytologiques
cytologique	ADJ	m	s	cytologique
cytoplasme	NOM	m	p	cytoplasmes
cytoplasmique	ADJ	f	p	cytoplasmiques
cytoplasmique	ADJ	f	s	cytoplasmique
cytoplasmique	ADJ	m	p	cytoplasmiques
cytosine	NOM	f	p	cytosines
câblerie	NOM	f	p	câbleries
câblier	NOM	m	p	câbliers
câblogramme	NOM	m	p	câblogrammes
câblé	ADJ	m	p	câblés
câprier	NOM	m	s	câprier
cène	NOM	f	p	cènes
céara	NOM	m	p	céaras
cécidomyie	NOM	f	s	cécidomyie
cécité	NOM	f	p	cécités
cédant	NOM	m	p	cédants
cédratier	NOM	m	p	cédratiers
cédulaire	ADJ	f	p	cédulaires
cédulaire	ADJ	f	s	cédulaire
cédulaire	ADJ	m	p	cédulaires
cédule	NOM	f	p	cédules
cégep	NOM	m	p	cégeps
cégétiste	ADJ	f	p	cégétistes
cégétiste	ADJ	f	s	cégétiste
cégétiste	ADJ	m	s	cégétiste
céladon	ADJ	f	p	céladon
céladon	ADJ	f	s	céladon
céladon	ADJ	m	p	céladon
céladon	NOM	m	p	céladons
célibat	NOM	m	p	célibats
célimène	NOM	f	p	célimènes
célébrant	ADJ	f	p	célébrantes
célébrant	ADJ	f	s	célébrante
célébrant	ADJ	m	p	célébrants
célérifère	NOM	m	p	célérifères
célérité	NOM	f	p	célérités
cénotaphe	NOM	m	p	cénotaphes
cépage	NOM	m	p	cépages
céphaline	NOM	f	p	céphalines
céphalorachidien	ADJ	f	p	céphalorachidiennes
céphalorachidien	ADJ	f	s	céphalorachidienne
céphalorachidien	ADJ	m	p	céphalorachidiens
céphalosporine	NOM	f	p	céphalosporines
céphalée	NOM	f	s	céphalée
céramique	ADJ	f	p	céramiques
céramique	ADJ	f	s	céramique
céramique	ADJ	m	s	céramique
céruléen	ADJ	f	p	céruléennes
céruléen	ADJ	f	s	céruléenne
cérumen	NOM	m	p	cérumens
céruse	NOM	f	p	céruses
cérusé	ADJ	f	p	cérusées
cérusé	ADJ	f	s	cérusée
cérusé	ADJ	m	p	cérusés
cérébelleux	ADJ	m	p	cérébelleux
cérébelleux	ADJ	m	s	cérébelleux
cérébral	NOM	m	p	cérébraux
cérébralité	NOM	f	p	cérébralités
cérémoniaire	NOM	m	s	cérémoniaire
cérémonial	ADJ	f	p	cérémoniales
cérémonial	ADJ	m	p	cérémonials
cérémonial	ADJ	m	p	cérémoniaux
cérémoniel	ADJ	f	p	cérémonielles
cérémonieux	ADJ	m	p	cérémonieux
cérémonieux	ADJ	m	s	cérémonieux
césarien	ADJ	f	p	césariennes
césarien	ADJ	f	s	césarienne
césium	NOM	m	p	césiums
cétone	NOM	f	p	cétones
cévadille	NOM	f	p	cévadilles
cévenol	NOM	m	p	cévenols
côlon	NOM	m	p	côlons
côtelé	ADJ	f	p	côtelées
côtelé	ADJ	m	p	côtelés
côtoiement	NOM	m	s	côtoiement
dabe	NOM	m	p	dabes
dabe	NOM	m	p	dabs
dacron	NOM	m	p	dacrons
dactylographie	NOM	f	p	dactylographies
dactyloptère	NOM	m	s	dactyloptère
dactyloscopie	NOM	f	p	dactyloscopies
dadaïsme	NOM	m	p	dadaïsmes
dadaïste	ADJ	f	p	dadaïstes
dadaïste	ADJ	m	s	dadaïste
dahoméen	ADJ	f	p	dahoméennes
dahoméen	ADJ	m	p	dahoméens
dahoméen	ADJ	m	s	dahoméen
daine	NOM	f	p	daines
dalton	NOM	m	s	attodalton
dalton	NOM	m	s	centidalton
dalton	NOM	m	s	dalton
dalton	NOM	m	s	décadalton
dalton	NOM	m	s	décidalton
dalton	NOM	m	s	exadalton
dalton	NOM	m	s	femtodalton
dalton	NOM	m	s	gigadalton
dalton	NOM	m	s	hectodalton
dalton	NOM	m	s	kilodalton
dalton	NOM	m	s	microdalton
dalton	NOM	m	s	millidalton
dalton	NOM	m	s	mégadalton
dalton	NOM	m	s	nanodalton
dalton	NOM	m	s	petadalton
dalton	NOM	m	s	picodalton
dalton	NOM	m	s	pétadalton
dalton	NOM	m	s	téradalton
dalton	NOM	m	s	yoctodalton
dalton	NOM	m	s	yottadalton
dalton	NOM	m	s	zeptodalton
dalton	NOM	m	s	zettadalton
daltonisme	NOM	m	p	daltonismes
damage	NOM	m	p	damages
damasquin	ADJ	f	p	damasquines
damasquin	ADJ	f	s	damasquine
damasquin	ADJ	m	s	damasquin
damasquinage	NOM	m	p	damasquinages
damasquinerie	NOM	f	p	damasquineries
damasquinure	NOM	f	p	damasquinures
damasquiné	ADJ	f	p	damasquinées
dameret	NOM	m	p	damerets
damnable	ADJ	f	p	damnables
damnable	ADJ	m	p	damnables
damnable	ADJ	m	s	damnable
damoiseau	NOM	m	p	damoiseaux
dan	NOM	m	p	dan
dan	NOM	m	p	dans
danaïde	NOM	f	p	danaïdes
dandysme	NOM	m	p	dandysmes
dangereux	ADJ	m	p	dangereux
dangereux	ADJ	m	s	dangereux
dangerosité	NOM	f	p	dangerosités
danois	ADJ	m	p	danois
danois	ADJ	m	s	danois
danubien	ADJ	m	p	danubiens
daphné	NOM	m	p	daphnés
darce	NOM	f	p	darces
dariole	NOM	f	s	dariole
darne	NOM	f	p	darnes
dartre	NOM	f	s	dartre
dartreux	ADJ	f	s	dartreuse
dartreux	ADJ	m	p	dartreux
dartreux	ADJ	m	s	dartreux
datable	ADJ	f	p	datables
datable	ADJ	f	s	datable
datable	ADJ	m	p	datables
datage	NOM	m	p	datages
datation	NOM	f	p	datations
dateur	ADJ	f	p	dateuses
dateur	ADJ	f	s	dateuse
dateur	ADJ	m	p	dateurs
dateur	NOM	m	p	dateurs
datif	NOM	m	p	datifs
daubière	NOM	f	p	daubières
dauphinois	ADJ	f	p	dauphinoises
dauphinois	ADJ	f	s	dauphinoise
dauphinois	ADJ	m	p	dauphinois
davier	NOM	m	p	daviers
daya	NOM	f	p	dayas
daïmio	NOM	m	s	daïmio
debater	NOM	m	p	debaters
decca	NOM	m	p	deccas
deck	NOM	m	p	decks
decrescendo	NOM	m	p	decrescendos
delco	NOM	m	p	delcos
delirium	NOM	m	p	delirium
delirium	NOM	m	p	deliriums
delphinidé	NOM	m	s	delphinidé
deltaplane	NOM	m	p	deltaplanes
deltoïde	ADJ	f	s	deltoïde
deltoïde	ADJ	m	p	deltoïdes
deltoïde	ADJ	m	s	deltoïde
dendrite	NOM	f	p	dendrites
dengue	NOM	f	p	dengues
densimètre	NOM	m	p	densimètres
dental	ADJ	m	p	dentaux
dentellier	ADJ	f	p	dentellières
dentellier	ADJ	m	p	dentelliers
dentellier	ADJ	m	s	dentellier
dentellière	NOM	f	p	dentelliers
dentellière	NOM	f	p	dentellières
dentifrice	ADJ	f	p	dentifrices
dentifrice	ADJ	f	s	dentifrice
dentifrice	ADJ	m	p	dentifrices
dentisterie	NOM	f	p	dentisteries
dermatite	NOM	f	p	dermatites
dermatoglyphe	NOM	m	s	dermatoglyphe
dermatologie	NOM	f	p	dermatologies
derme	NOM	m	p	dermes
dermeste	NOM	m	p	dermestes
dermique	ADJ	f	p	dermiques
dermique	ADJ	f	s	dermique
dermique	ADJ	m	p	dermiques
dermographie	NOM	f	p	dermographies
descamisado	NOM	m	s	descamisado
descenseur	NOM	m	p	descenseurs
descriptible	ADJ	f	s	descriptible
descriptible	ADJ	m	p	descriptibles
despote	ADJ	f	p	despotes
despote	ADJ	f	s	despote
despote	ADJ	m	p	despotes
despotique	ADJ	f	p	despotiques
despotique	ADJ	f	s	despotique
despotique	ADJ	m	s	despotique
despotisme	NOM	m	p	despotismes
desquamation	NOM	f	p	desquamations
dessaisissement	NOM	m	p	dessaisissements
desserrage	NOM	m	p	desserrages
desservant	NOM	m	p	desservants
dessiccation	NOM	f	p	dessiccations
dessèchement	NOM	m	p	dessèchements
desséchant	ADJ	f	p	desséchantes
desséchant	ADJ	m	p	desséchants
destitution	NOM	f	p	destitutions
destructible	ADJ	f	p	destructibles
destructible	ADJ	f	s	destructible
destructible	ADJ	m	p	destructibles
destructif	ADJ	f	p	destructives
deutérium	NOM	m	p	deutériums
deutéronome	NOM	m	p	deutéronomes
devancier	NOM	m	s	devancier
devenir	NOM	m	p	devenirs
devineur	NOM	m	p	devineurs
dextre	NOM	f	p	dextres
dextrose	NOM	m	p	dextroses
dextérité	NOM	f	p	dextérités
dey	NOM	m	p	deys
dharma	NOM	m	p	dharmas
dhole	NOM	m	p	dholes
diable	ADJ	f	p	diables
diable	ADJ	f	s	diable
diable	ADJ	m	p	diables
diabolisme	NOM	m	p	diabolismes
diachronique	ADJ	f	p	diachroniques
diachronique	ADJ	m	p	diachroniques
diachronique	ADJ	m	s	diachronique
diaclase	NOM	f	p	diaclases
diaconie	NOM	f	p	diaconies
diacritique	ADJ	f	p	diacritiques
diacritique	ADJ	f	s	diacritique
diacritique	ADJ	m	p	diacritiques
diacétylmorphine	NOM	f	p	diacétylmorphines
diagnose	NOM	f	p	diagnoses
diagnostiqueur	NOM	m	p	diagnostiqueurs
dialectal	ADJ	f	p	dialectales
dialectal	ADJ	m	p	dialectaux
dialectique	ADJ	f	s	dialectique
dialectique	ADJ	m	p	dialectiques
dialectique	ADJ	m	s	dialectique
dialogique	ADJ	f	p	dialogiques
dialogique	ADJ	f	s	dialogique
dialogique	ADJ	m	p	dialogiques
diamantifère	ADJ	f	p	diamantifères
diamantifère	ADJ	m	p	diamantifères
diamantifère	ADJ	m	s	diamantifère
diamanté	ADJ	f	p	diamantées
diamanté	ADJ	f	s	diamantée
diamine	NOM	f	p	diamines
diamorphine	NOM	f	p	diamorphines
diamètre	NOM	m	p	diamètres
diantre	NOM	m	p	diantres
diaphane	ADJ	f	s	diaphane
diaphane	ADJ	m	p	diaphanes
diaphane	ADJ	m	s	diaphane
diaphragmatique	ADJ	f	p	diaphragmatiques
diaphragmatique	ADJ	m	p	diaphragmatiques
diaphragmatique	ADJ	m	s	diaphragmatique
diapositif	ADJ	m	s	diapositif
diaprure	NOM	f	s	diaprure
diapré	ADJ	f	p	diaprées
diastolique	ADJ	f	p	diastoliques
diastolique	ADJ	f	s	diastolique
diastolique	ADJ	m	s	diastolique
dicastère	NOM	m	s	dicastère
dichotomie	NOM	f	p	dichotomies
dichroïque	ADJ	f	p	dichroïques
dichroïque	ADJ	f	s	dichroïque
dichroïque	ADJ	m	p	dichroïques
dichroïsme	NOM	m	p	dichroïsmes
dictame	NOM	m	s	dictame
dictat	NOM	m	s	dictat
diction	NOM	f	p	dictions
didactique	NOM	f	p	didactiques
dieppois	ADJ	m	s	dieppois
diffamatoire	ADJ	f	s	diffamatoire
diffamatoire	ADJ	m	p	diffamatoires
diffamatoire	ADJ	m	s	diffamatoire
diffamé	ADJ	f	p	diffamées
diffraction	NOM	f	p	diffractions
diffus	ADJ	m	p	diffus
diffus	ADJ	m	s	diffus
diffusant	ADJ	f	p	diffusantes
diffusant	ADJ	f	s	diffusante
diffusant	ADJ	m	p	diffusants
différenciable	ADJ	f	s	différenciable
différenciable	ADJ	m	p	différenciables
différenciable	ADJ	m	s	différenciable
différencié	ADJ	m	p	différenciés
différentiel	ADJ	m	p	différentiels
différentiel	NOM	m	p	différentiel
différentiel	NOM	m	p	différentiels
différé	NOM	m	p	différés
digeste	ADJ	f	p	digestes
digeste	ADJ	m	p	digestes
digeste	ADJ	m	s	digeste
digeste	NOM	m	p	digestes
digicode	NOM	m	p	digicodes
digit	NOM	m	p	digits
digitaline	NOM	f	p	digitalines
digitaliseur	NOM	m	p	digitaliseurs
digité	ADJ	f	p	digitées
digité	ADJ	m	p	digités
digité	ADJ	m	s	digité
dijonnais	ADJ	f	p	dijonnaises
dijonnais	ADJ	f	s	dijonnaise
dijonnais	ADJ	m	p	dijonnais
dilapidation	NOM	f	p	dilapidations
dilatable	ADJ	f	p	dilatables
dilatable	ADJ	m	p	dilatables
dilatable	ADJ	m	s	dilatable
dilatateur	ADJ	f	p	dilatatrices
dilatateur	ADJ	f	s	dilatatrice
dilation	NOM	f	p	dilations
dilatoire	ADJ	f	p	dilatoires
dilatoire	ADJ	f	s	dilatoire
dilatoire	ADJ	m	s	dilatoire
dilection	NOM	f	p	dilections
dilettante	ADJ	f	s	dilettante
dilettante	ADJ	m	p	dilettantes
dilettante	ADJ	m	s	dilettante
diluant	ADJ	f	p	diluantes
diluant	ADJ	f	s	diluante
diluant	ADJ	m	p	diluants
diluant	NOM	m	p	diluants
dilution	NOM	f	p	dilutions
diluvien	ADJ	m	p	diluviens
dimensionnement	NOM	m	p	dimensionnements
diminuant	ADJ	f	p	diminuantes
diminuant	ADJ	f	s	diminuante
diminuant	ADJ	m	p	diminuants
diminutif	ADJ	f	p	diminutives
diminutif	ADJ	f	s	diminutive
diminutif	ADJ	m	p	diminutifs
dinanderie	NOM	f	p	dinanderies
dingo	ADJ	f	p	dingos
dingo	ADJ	f	s	dingo
dingo	ADJ	m	s	dingo
dioclétien	ADJ	m	p	dioclétiens
dioclétien	ADJ	m	s	dioclétien
diocésain	ADJ	f	s	diocésaine
diocésain	ADJ	m	p	diocésains
diode	NOM	f	p	diodes
diodon	NOM	m	p	diodons
dionysiaque	ADJ	f	s	dionysiaque
dionysiaque	ADJ	m	p	dionysiaques
dionysiaque	ADJ	m	s	dionysiaque
dionysien	ADJ	f	p	dionysiennes
dionysien	ADJ	f	s	dionysienne
dionysien	ADJ	m	p	dionysiens
dionée	NOM	f	p	dionées
dioptre	NOM	m	p	dioptres
dioptrie	NOM	f	s	dioptrie
diorite	NOM	f	p	diorites
dioxyde	NOM	m	p	dioxydes
diphtérie	NOM	f	p	diphtéries
diphényle	NOM	m	p	diphényles
diplomate	ADJ	f	p	diplomates
diplomate	ADJ	f	s	diplomate
diplomate	ADJ	m	s	diplomate
diplomatie	NOM	f	p	diplomaties
diplopie	NOM	f	p	diplopies
dipsomanie	NOM	f	p	dipsomanies
diptyque	NOM	m	p	diptyques
dipôle	NOM	m	p	dipôles
directif	ADJ	m	p	directifs
directoire	NOM	m	p	directoires
directorat	NOM	m	p	directorats
directorial	ADJ	f	p	directoriales
dirigeable	ADJ	f	p	dirigeables
dirigeable	ADJ	f	s	dirigeable
dirigeable	ADJ	m	p	dirigeables
dirimant	ADJ	f	p	dirimantes
dirimant	ADJ	f	s	dirimante
disant	ADJ	f	p	disantes
disant	ADJ	f	s	disante
discal	ADJ	f	p	discales
discal	ADJ	m	p	discaux
discernable	ADJ	f	p	discernables
discernable	ADJ	m	p	discernables
discernable	ADJ	m	s	discernable
discernement	NOM	m	p	discernements
disco	ADJ	f	p	disco
disco	ADJ	f	s	disco
disco	ADJ	m	s	disco
discographie	NOM	f	p	discographies
discontinuité	NOM	f	p	discontinuités
discount	NOM	m	p	discounts
discourtois	ADJ	m	p	discourtois
discourtois	ADJ	m	s	discourtois
discriminant	ADJ	f	p	discriminantes
discriminant	ADJ	f	s	discriminante
discrédit	NOM	m	p	discrédits
discrétion	NOM	f	p	discrétions
discrétionnaire	ADJ	f	s	discrétionnaire
discrétionnaire	ADJ	m	p	discrétionnaires
discrétionnaire	ADJ	m	s	discrétionnaire
disculpation	NOM	f	p	disculpations
discursif	ADJ	f	s	discursive
discursif	ADJ	m	p	discursifs
discursif	ADJ	m	s	discursif
discutaillerie	NOM	f	s	discutaillerie
discutailleur	ADJ	f	p	discutailleuses
discutailleur	ADJ	m	p	discutailleurs
discutailleur	ADJ	m	s	discutailleur
discutailleur	NOM	m	p	discutailleurs
discuté	ADJ	m	p	discutés
disert	ADJ	f	p	disertes
disert	ADJ	m	p	diserts
disgracieux	ADJ	m	p	disgracieux
disgracieux	ADJ	m	s	disgracieux
disharmonie	NOM	f	p	disharmonies
disparité	NOM	f	p	disparités
dispatching	NOM	m	p	dispatchings
dispendieux	ADJ	f	p	dispendieuses
dispendieux	ADJ	m	p	dispendieux
dispendieux	ADJ	m	s	dispendieux
dispensateur	ADJ	f	p	dispensatrices
dispensateur	ADJ	f	s	dispensatrice
dispensation	NOM	f	p	dispensations
dispensé	ADJ	f	s	dispensée
dispersant	ADJ	f	p	dispersantes
dispersant	ADJ	f	s	dispersante
dispersant	ADJ	m	p	dispersants
dispersement	NOM	m	p	dispersements
dispersif	ADJ	f	p	dispersives
dispersif	ADJ	f	s	dispersive
dispersif	ADJ	m	p	dispersifs
dispos	ADJ	f	p	disposes
dispos	ADJ	m	p	dispos
dispos	ADJ	m	s	dispos
disposant	NOM	m	p	disposants
disproportionnel	ADJ	f	p	disproportionnelles
disproportionnel	ADJ	m	p	disproportionnels
disproportionnel	ADJ	m	s	disproportionnel
disputeur	NOM	m	p	disputeurs
disruptif	ADJ	f	p	disruptives
disruptif	ADJ	f	s	disruptive
disruptif	ADJ	m	p	disruptifs
disruption	NOM	f	p	disruptions
dissemblance	NOM	f	p	dissemblances
dissociatif	ADJ	f	p	dissociatives
dissolution	NOM	f	p	dissolutions
dissonant	ADJ	f	p	dissonantes
dissonant	ADJ	f	s	dissonante
dissuasif	ADJ	f	p	dissuasives
dissuasif	ADJ	m	p	dissuasifs
dissuasion	NOM	f	p	dissuasions
dissymétrie	NOM	f	p	dissymétries
dissymétrique	ADJ	f	p	dissymétriques
dissymétrique	ADJ	f	s	dissymétrique
dissymétrique	ADJ	m	p	dissymétriques
dissémination	NOM	f	p	disséminations
disséqueur	NOM	m	p	disséqueurs
distal	ADJ	f	p	distales
distanciation	NOM	f	p	distanciations
distension	NOM	f	p	distensions
distillat	NOM	m	p	distillats
distractif	ADJ	f	s	distractive
distractif	ADJ	m	p	distractifs
distractif	ADJ	m	s	distractif
distributeur	ADJ	f	p	distributrices
distributeur	ADJ	m	p	distributeurs
distributeur	ADJ	m	s	distributeur
distributif	ADJ	f	p	distributives
distributif	ADJ	m	p	distributifs
distributif	ADJ	m	s	distributif
dithyrambique	ADJ	f	p	dithyrambiques
dithyrambique	ADJ	f	s	dithyrambique
dithyrambique	ADJ	m	p	dithyrambiques
diurnal	ADJ	f	p	diurnales
diurnal	ADJ	f	s	diurnale
diurnal	ADJ	m	p	diurnaux
diurèse	NOM	f	p	diurèses
divagant	ADJ	f	p	divagantes
divagant	ADJ	f	s	divagante
dive	ADJ	f	p	dives
divers	ADJ	m	p	divers
divers	ADJ	m	s	divers
diversification	NOM	f	p	diversifications
diverticule	NOM	m	p	diverticules
diverticulose	NOM	f	p	diverticuloses
divertimento	NOM	m	p	divertimenti
divertimento	NOM	m	p	divertimentos
divinateur	ADJ	m	p	divinateurs
divinateur	ADJ	m	s	divinateur
divinatoire	ADJ	f	p	divinatoires
divinatoire	ADJ	m	p	divinatoires
divinatoire	ADJ	m	s	divinatoire
divis	ADJ	m	p	divis
divis	ADJ	m	s	divis
diviseur	NOM	m	p	diviseurs
divisible	ADJ	f	p	divisibles
divisible	ADJ	f	s	divisible
divisible	ADJ	m	s	divisible
divisionnaire	ADJ	f	p	divisionnaires
divisionnaire	ADJ	f	s	divisionnaire
divisionnaire	ADJ	m	s	divisionnaire
divisionnisme	NOM	m	p	divisionnismes
divulgation	NOM	f	p	divulgations
dixie	NOM	m	p	dixies
dixieland	NOM	m	p	dixielands
dizain	NOM	m	p	dizains
diète	NOM	f	p	diètes
diérèse	NOM	f	s	diérèse
diéthylénique	ADJ	f	p	diéthyléniques
diéthylénique	ADJ	f	s	diéthylénique
diéthylénique	ADJ	m	p	diéthyléniques
diététique	NOM	f	p	diététiques
doche	NOM	f	p	doches
docilité	NOM	f	p	docilités
docte	ADJ	f	p	doctes
docte	ADJ	f	s	docte
docte	ADJ	m	s	docte
doctissime	ADJ	f	p	doctissimes
doctissime	ADJ	f	s	doctissime
doctissime	ADJ	m	p	doctissimes
doctoral	ADJ	f	p	doctorales
doctoral	ADJ	m	p	doctoraux
doctrinal	ADJ	m	p	doctrinaux
documenté	ADJ	f	p	documentées
dodelinant	ADJ	m	p	dodelinants
dodécagone	NOM	m	p	dodécagones
dodécaèdre	NOM	m	p	dodécaèdres
dogger	NOM	m	p	doggers
dogmatisme	NOM	m	p	dogmatismes
doguin	NOM	m	p	doguins
doigtier	NOM	m	p	doigtiers
doigté	NOM	m	p	doigtés
doit	NOM	m	p	doits
dojo	NOM	m	p	dojos
dol	NOM	m	p	dols
dolby	NOM	m	p	dolbys
dolichocéphale	ADJ	f	p	dolichocéphales
dolichocéphale	ADJ	f	s	dolichocéphale
dolichocéphale	ADJ	m	p	dolichocéphales
dolichocéphalie	NOM	f	p	dolichocéphalies
doline	NOM	f	p	dolines
dolique	NOM	m	p	doliques
dolomie	NOM	f	s	dolomie
dolomite	NOM	f	p	dolomites
dolorisme	NOM	m	p	dolorismes
dom	NOM	m	p	doms
domanial	ADJ	f	p	domaniales
domestication	NOM	f	p	domestications
domesticité	NOM	f	p	domesticités
domiciliaire	ADJ	f	s	domiciliaire
domiciliaire	ADJ	m	p	domiciliaires
domiciliaire	ADJ	m	s	domiciliaire
domiciliation	NOM	f	p	domiciliations
domicilié	ADJ	f	p	domiciliées
dominance	NOM	f	p	dominances
dominicain	ADJ	f	p	dominicaines
dommageable	ADJ	m	p	dommageables
dommageable	ADJ	m	s	dommageable
domotique	NOM	f	p	domotiques
domptage	NOM	m	p	domptages
dona	NOM	f	p	donas
donjuanisme	NOM	m	p	don-juanismes
donjuanisme	NOM	m	p	donjuanismes
donnant	ADJ	f	p	donnantes
donnant	ADJ	f	s	donnante
donnant	ADJ	m	p	donnants
donne	NOM	f	s	donne
donneur	ADJ	f	p	donneuses
donquichottesque	ADJ	m	p	donquichottesques
donquichottesque	ADJ	m	s	donquichottesque
donquichottisme	NOM	m	p	donquichottismes
dopage	NOM	m	p	dopages
dopamine	NOM	f	p	dopamines
dopant	ADJ	f	p	dopantes
dopant	ADJ	f	s	dopante
doping	NOM	m	p	dopings
doppler	NOM	m	p	dopplers
dorage	NOM	m	p	dorages
dorcade	NOM	f	s	dorcade
doreur	NOM	m	s	doreur
dorien	ADJ	f	s	dorienne
dorien	ADJ	m	s	dorien
dormance	NOM	f	p	dormances
dormeur	ADJ	f	p	dormeuses
dormitif	ADJ	f	p	dormitives
dormitif	ADJ	f	s	dormitive
dormitif	ADJ	m	p	dormitifs
dormition	NOM	f	p	dormitions
dorsale	NOM	f	p	dorsales
dosimètre	NOM	m	p	dosimètres
dosseret	NOM	m	p	dosserets
dostoïevskien	ADJ	f	p	dostoïevskiennes
dostoïevskien	ADJ	f	s	dostoïevskienne
dostoïevskien	ADJ	m	s	dostoïevskien
dotation	NOM	f	p	dotations
douaire	NOM	m	p	douaires
doublement	NOM	m	p	doublements
doublette	NOM	f	p	doublettes
doubleur	NOM	m	p	doubleurs
doucereux	ADJ	m	p	doucereux
doucereux	ADJ	m	s	doucereux
doucet	ADJ	f	p	doucettes
doucet	ADJ	m	p	doucets
doucette	NOM	f	p	doucettes
doucheur	NOM	m	p	doucheurs
doucine	NOM	f	p	doucines
doudou	NOM	f	p	doudous
douillon	NOM	m	s	douillon
douloureux	ADJ	m	p	douloureux
douloureux	ADJ	m	s	douloureux
douma	NOM	f	p	doumas
douteur	ADJ	f	p	douteuses
douteur	ADJ	f	s	douteuse
douteur	ADJ	m	s	douteur
douteux	ADJ	m	p	douteux
douteux	ADJ	m	s	douteux
doux	ADJ	m	p	doux
doux	ADJ	m	s	doux
doña	NOM	f	p	doña
dragage	NOM	m	p	dragages
dragonnade	NOM	f	s	dragonnade
dragonnier	NOM	m	p	dragonniers
dragster	NOM	m	p	dragsters
draille	NOM	f	s	draille
draisienne	NOM	f	p	draisiennes
draisine	NOM	f	p	draisines
dramatisation	NOM	f	p	dramatisations
dramaturgie	NOM	f	p	dramaturgies
drapelet	NOM	m	s	drapelet
drapier	ADJ	f	p	drapières
drapier	ADJ	f	s	drapière
drapé	ADJ	f	p	drapées
drapé	ADJ	f	s	drapée
drastique	ADJ	f	s	drastique
drastique	ADJ	m	p	drastiques
drastique	ADJ	m	s	drastique
drave	NOM	f	p	draves
draveur	NOM	m	s	draveur
drelin	NOM	m	p	drelins
dressement	NOM	m	p	dressements
dressing	NOM	m	p	dressings
dreyfusisme	NOM	m	p	dreyfusismes
dribbleur	NOM	m	p	dribbleurs
drift	NOM	m	p	drifts
drill	NOM	m	p	drills
droitier	ADJ	f	p	droitières
droiture	NOM	f	p	droitures
drolatique	ADJ	f	p	drolatiques
drolatique	ADJ	f	s	drolatique
drolatique	ADJ	m	s	drolatique
dronte	NOM	m	p	drontes
drop	NOM	m	p	drops
droppage	NOM	m	p	droppages
drossart	NOM	m	p	drossarts
droséra	NOM	m	p	droséras
druidique	ADJ	f	p	druidiques
druidique	ADJ	f	s	druidique
druidique	ADJ	m	s	druidique
druidisme	NOM	m	p	druidismes
drumlin	NOM	m	p	drumlins
dry	ADJ	f	p	drys
dry	ADJ	f	s	dry
dry	ADJ	m	p	drys
drège	NOM	f	p	drèges
drépanocytose	NOM	f	p	drépanocytoses
drôlet	ADJ	f	p	drôlettes
drôlet	ADJ	m	p	drôlets
drôlet	NOM	m	p	drôlets
dual	ADJ	f	p	duales
dual	ADJ	f	s	duale
dual	ADJ	m	p	duals
dual	ADJ	m	p	duaux
dualisme	NOM	m	p	dualismes
dualiste	ADJ	f	p	dualistes
dualiste	ADJ	f	s	dualiste
dualiste	ADJ	m	p	dualistes
dualité	NOM	f	p	dualités
ducaton	NOM	m	p	ducatons
duce	NOM	m	p	duces
duché	NOM	m	p	duchés
duit	NOM	m	p	duits
dulcinée	NOM	f	p	dulcinées
dumping	NOM	m	p	dumpings
dundee	NOM	m	p	dundees
duodi	NOM	m	p	duodis
duodécimal	ADJ	f	p	duodécimales
duodécimal	ADJ	m	p	duodécimaux
duodécimal	ADJ	m	s	duodécimal
duodénal	ADJ	f	p	duodénales
duodénal	ADJ	m	p	duodénaux
duodénum	NOM	m	p	duodénums
duopole	NOM	m	p	duopoles
dupe	ADJ	f	p	dupes
dupe	ADJ	f	s	dupe
dupeur	NOM	m	p	dupeurs
duplex	ADJ	f	p	duplex
duplex	ADJ	f	s	duplex
duplex	ADJ	m	p	duplex
duplication	NOM	f	p	duplications
duplicité	NOM	f	p	duplicités
durabilité	NOM	f	p	durabilités
duraille	ADJ	f	p	durailles
duraille	ADJ	f	s	duraille
duraille	ADJ	m	s	duraille
dural	ADJ	f	p	durales
dural	ADJ	m	p	duraux
dural	ADJ	m	s	dural
duralumin	NOM	m	p	duralumins
durcissement	NOM	m	p	durcissements
durcisseur	NOM	m	p	durcisseurs
durham	NOM	m	p	durhams
durit	NOM	f	p	durits
duveteux	ADJ	m	p	duveteux
duègne	NOM	f	p	duègnes
dynamisme	NOM	m	p	dynamismes
dynamitage	NOM	m	p	dynamitages
dynamite	NOM	f	p	dynamites
dynamomètre	NOM	m	p	dynamomètres
dynamométrique	ADJ	f	p	dynamométriques
dynamométrique	ADJ	m	p	dynamométriques
dynamométrique	ADJ	m	s	dynamométrique
dynastique	ADJ	f	p	dynastiques
dynastique	ADJ	m	p	dynastiques
dynastique	ADJ	m	s	dynastique
dyne	NOM	f	s	dyne
dyscinésie	NOM	f	p	dyscinésies
dyscrasie	NOM	f	p	dyscrasies
dysfonction	NOM	f	p	dysfonctions
dyslexie	NOM	f	p	dyslexies
dyslexique	ADJ	f	p	dyslexiques
dyslexique	ADJ	f	s	dyslexique
dyslexique	ADJ	m	p	dyslexiques
dysménorrhée	NOM	f	p	dysménorrhées
dyspepsie	NOM	f	p	dyspepsies
dysphonie	NOM	f	p	dysphonies
dysphorie	NOM	f	p	dysphories
dysplasie	NOM	f	p	dysplasies
dyspnée	NOM	f	p	dyspnées
dyspnéique	ADJ	m	p	dyspnéiques
dyspnéique	ADJ	m	s	dyspnéique
dysthymie	NOM	f	p	dysthymies
dystocie	NOM	f	p	dystocies
dystrophie	NOM	f	p	dystrophies
dysurie	NOM	f	p	dysuries
dytique	NOM	m	p	dytiques
déambulateur	NOM	m	p	déambulateurs
déambulatoire	ADJ	f	p	déambulatoires
déambulatoire	ADJ	f	s	déambulatoire
déambulatoire	NOM	m	p	déambulatoires
débagoulage	NOM	m	p	débagoulages
débandade	NOM	f	p	débandades
débarbouillette	NOM	f	p	débarbouillettes
débatteur	NOM	m	p	débatteurs
débilitant	ADJ	m	p	débilitants
débilitation	NOM	f	p	débilitations
débine	NOM	f	p	débines
débineur	NOM	m	s	débineur
débitage	NOM	m	p	débitages
débiteur	ADJ	f	p	débitrices
déblaiement	NOM	m	p	déblaiements
déblatération	NOM	f	s	déblatération
déblayage	NOM	m	p	déblayages
déblayeur	ADJ	f	p	déblayeuses
déblayeur	ADJ	f	s	déblayeuse
déblayeur	ADJ	m	p	déblayeurs
déblayeur	NOM	m	s	déblayeur
débobinage	NOM	m	p	débobinages
débogage	NOM	m	p	débogages
déboisement	NOM	m	p	déboisements
débord	NOM	m	p	débords
débotté	NOM	m	p	débottés
débouchage	NOM	m	p	débouchages
débourrage	NOM	m	p	débourrages
déboursement	NOM	m	p	déboursements
déboutonnage	NOM	m	p	déboutonnages
déboîtement	NOM	m	p	déboîtements
débranchement	NOM	m	p	débranchements
débridement	NOM	m	p	débridements
débriefing	NOM	m	p	débriefings
débrouillage	NOM	m	p	débrouillages
débrouillard	ADJ	f	p	débrouillardes
débrouillardise	NOM	f	p	débrouillardises
débrouilleur	NOM	m	s	débrouilleur
débroussaillage	NOM	m	p	débroussaillages
débucher	NOM	m	p	débuchers
déca	NOM	m	p	décas
décachetage	NOM	m	p	décachetages
décadence	NOM	f	p	décadences
décadentisme	NOM	m	p	décadentismes
décaféiné	ADJ	f	p	décaféinées
décaféiné	ADJ	f	s	décaféinée
décaféiné	ADJ	m	p	décaféinés
décaféiné	NOM	m	p	décaféinés
décaissement	NOM	m	p	décaissements
décalcification	NOM	f	p	décalcifications
décalogue	NOM	m	p	décalogues
décan	NOM	m	p	décans
décantation	NOM	f	p	décantations
décanteur	NOM	m	p	décanteurs
décapage	NOM	m	p	décapages
décapant	ADJ	f	p	décapantes
décapeur	NOM	m	p	décapeurs
décapode	NOM	m	p	décapodes
décapotable	ADJ	f	s	décapotable
décapotable	ADJ	m	p	décapotables
décapotable	ADJ	m	s	décapotable
décapotage	NOM	m	p	décapotages
décapsuleur	NOM	m	p	décapsuleurs
décati	ADJ	f	p	décaties
décavé	ADJ	f	p	décavées
décavé	ADJ	f	s	décavée
décavé	ADJ	m	p	décavés
décavé	NOM	m	p	décavés
décelable	ADJ	f	p	décelables
décelable	ADJ	m	p	décelables
décelable	ADJ	m	s	décelable
décennal	ADJ	f	p	décennales
décennal	ADJ	m	p	décennaux
décentralisation	NOM	f	p	décentralisations
décentrement	NOM	m	p	décentrements
décervelage	NOM	m	p	décervelages
déchargement	NOM	m	p	déchargements
déchargeur	NOM	m	p	déchargeurs
décharnement	NOM	m	p	décharnements
déchetterie	NOM	f	p	déchetteries
déchiffrable	ADJ	f	p	déchiffrables
déchiffrable	ADJ	f	s	déchiffrable
déchiffrage	NOM	m	p	déchiffrages
déchiffrement	NOM	m	p	déchiffrements
déchiffreur	NOM	m	p	déchiffreurs
déchiquetage	NOM	m	p	déchiquetages
déchireur	NOM	m	p	déchireurs
déci	NOM	m	p	décis
décile	NOM	m	p	déciles
décilitre	NOM	m	p	décilitres
décimal	ADJ	m	p	décimaux
décimalisation	NOM	f	p	décimalisations
décimalité	NOM	f	p	décimalités
décimateur	NOM	m	p	décimateurs
décimation	NOM	f	p	décimations
décisionnel	ADJ	f	s	décisionnelle
décisionnel	ADJ	m	p	décisionnels
déclamatoire	ADJ	f	s	déclamatoire
déclamatoire	ADJ	m	p	déclamatoires
déclamatoire	ADJ	m	s	déclamatoire
déclarant	ADJ	f	p	déclarantes
déclarant	ADJ	f	s	déclarante
déclarant	ADJ	m	p	déclarants
déclaratif	ADJ	f	p	déclaratives
déclaratif	ADJ	m	p	déclaratifs
déclaratif	ADJ	m	s	déclaratif
déclassement	NOM	m	p	déclassements
déclassé	ADJ	f	p	déclassées
déclassé	ADJ	f	s	déclassée
déclenchant	ADJ	f	p	déclenchantes
déclenchant	ADJ	f	s	déclenchante
déclenchant	ADJ	m	p	déclenchants
déclenche	NOM	f	p	déclenches
déclenchement	NOM	m	p	déclenchements
déclinant	ADJ	f	p	déclinantes
déclive	ADJ	m	p	déclives
déclive	ADJ	m	s	déclive
déclos	ADJ	m	p	déclos
déclos	ADJ	m	s	déclos
décoffrage	NOM	m	p	décoffrages
décoinçage	NOM	m	p	décoinçages
décollation	NOM	f	p	décollations
décolonisation	NOM	f	p	décolonisations
décolorant	ADJ	f	p	décolorantes
décolorant	ADJ	f	s	décolorante
décolorant	ADJ	m	p	décolorants
décolorant	NOM	m	p	décolorants
décombre	NOM	m	s	décombre
décompensation	NOM	f	p	décompensations
décomposeur	NOM	m	p	décomposeurs
déconcentration	NOM	f	p	déconcentrations
déconcerté	ADJ	f	p	déconcertées
déconditionnement	NOM	m	p	déconditionnements
déconfit	ADJ	f	p	déconfites
décongestif	NOM	m	p	décongestifs
décongestion	NOM	f	p	décongestions
décongélation	NOM	f	p	décongélations
déconnexion	NOM	f	p	déconnexions
déconsidération	NOM	f	p	déconsidérations
déconstruction	NOM	f	p	déconstructions
décontamination	NOM	f	p	décontaminations
décontenancé	ADJ	f	p	décontenancées
décontraction	NOM	f	p	décontractions
décorticage	NOM	m	p	décorticages
décortication	NOM	f	p	décortications
décortiqué	ADJ	f	p	décortiquées
décortiqué	ADJ	m	p	décortiqués
décorum	NOM	m	p	décorums
découplage	NOM	m	p	découplages
découplé	ADJ	f	p	découplées
découplé	ADJ	m	p	découplés
décrassage	NOM	m	p	décrassages
décri	NOM	m	s	décri
décrochant	ADJ	f	p	décrochantes
décrochant	ADJ	f	s	décrochante
décrochant	ADJ	m	p	décrochants
décroissance	NOM	f	p	décroissances
décrottage	NOM	m	s	décrottage
décrottoir	NOM	m	p	décrottoirs
décroît	NOM	m	p	décroîts
décrue	NOM	f	p	décrues
décryptage	NOM	m	p	décryptages
décrépitude	NOM	f	p	décrépitudes
décrêpage	NOM	m	p	décrêpages
décuplé	ADJ	f	p	décuplées
décuplé	ADJ	m	p	décuplés
décélération	NOM	f	p	décélérations
décérébration	NOM	f	p	décérébrations
dédaigneuse	NOM	f	p	dédaigneuses
dédaigneux	ADJ	m	p	dédaigneux
dédaigneux	ADJ	m	s	dédaigneux
dédicatoire	ADJ	m	p	dédicatoires
dédicatoire	ADJ	m	s	dédicatoire
dédit	NOM	m	p	dédits
dédié	ADJ	f	p	dédiées
dédouanement	NOM	m	p	dédouanements
dédoublement	NOM	m	p	dédoublements
déductibilité	NOM	f	p	déductibilités
déductible	ADJ	m	p	déductibles
déductible	ADJ	m	s	déductible
déductif	ADJ	f	p	déductives
déductif	ADJ	m	p	déductifs
déduit	NOM	m	p	déduits
défaitisme	NOM	m	p	défaitismes
défaveur	NOM	f	p	défaveurs
défectif	ADJ	f	p	défectives
défectif	ADJ	f	s	défective
défectif	ADJ	m	p	défectifs
défectueux	ADJ	m	p	défectueux
défectueux	ADJ	m	s	défectueux
défectuosité	NOM	f	p	défectuosités
défendable	ADJ	f	p	défendables
défendable	ADJ	m	p	défendables
défendable	ADJ	m	s	défendable
défenestration	NOM	f	p	défenestrations
défensive	NOM	f	p	défensives
déferlant	ADJ	m	p	déferlants
déferré	ADJ	f	p	déferrées
déferré	ADJ	f	s	déferrée
déferré	ADJ	m	p	déferrés
défiant	ADJ	f	p	défiantes
défiant	ADJ	m	p	défiants
défibreur	NOM	m	p	défibreurs
défibrillation	NOM	f	p	défibrillations
défigurement	NOM	m	p	défigurements
défilant	ADJ	f	s	défilante
défilant	ADJ	m	s	défilant
définissable	ADJ	f	p	définissables
définissable	ADJ	f	s	définissable
définissable	ADJ	m	p	définissables
défiscalisation	NOM	f	s	défiscalisation
déflagrant	ADJ	f	p	déflagrantes
déflagrant	ADJ	m	p	déflagrants
déflagrant	ADJ	m	s	déflagrant
déflationniste	ADJ	m	p	déflationnistes
déflationniste	ADJ	m	s	déflationniste
déflecteur	ADJ	f	p	déflectrices
déflecteur	ADJ	f	s	déflectrice
déflecteur	ADJ	m	p	déflecteurs
déflexion	NOM	f	p	déflexions
défloraison	NOM	f	p	défloraisons
défloration	NOM	f	p	déflorations
défoliant	NOM	m	p	défoliants
défonce	NOM	f	p	défonces
défonceuse	NOM	f	p	défonceuses
déforestation	NOM	f	p	déforestations
défoulement	NOM	m	p	défoulements
défouloir	NOM	m	p	défouloirs
défrichage	NOM	m	p	défrichages
défricheur	NOM	m	s	défricheur
défrisage	NOM	m	p	défrisages
défroqué	ADJ	f	p	défroquées
défroqué	NOM	m	p	défroqués
déférence	NOM	f	p	déférences
dégarni	ADJ	m	p	dégarnis
dégauchisseuse	NOM	f	p	dégauchisseuses
dégazage	NOM	m	p	dégazages
dégel	NOM	m	p	dégels
dégivrage	NOM	m	p	dégivrages
dégobillage	NOM	m	p	dégobillages
dégommage	NOM	m	p	dégommages
dégonflage	NOM	m	p	dégonflages
dégonflard	NOM	m	p	dégonflards
dégonflement	NOM	m	p	dégonflements
dégorgement	NOM	m	p	dégorgements
dégraissage	NOM	m	p	dégraissages
dégraissant	ADJ	f	p	dégraissantes
dégraissant	ADJ	m	p	dégraissants
dégraissant	ADJ	m	s	dégraissant
dégraissant	NOM	m	p	dégraissants
dégressif	ADJ	f	p	dégressives
dégressif	ADJ	f	s	dégressive
dégressif	ADJ	m	s	dégressif
dégriffeur	NOM	m	p	dégriffeurs
dégriffé	ADJ	f	p	dégriffées
dégriffé	ADJ	f	s	dégriffée
dégrisement	NOM	m	p	dégrisements
dégrossissage	NOM	m	p	dégrossissages
dégénératif	ADJ	f	p	dégénératives
dégénératif	ADJ	m	p	dégénératifs
dégénération	NOM	f	p	dégénérations
déhiscence	NOM	f	p	déhiscences
déicide	ADJ	f	p	déicides
déicide	ADJ	f	s	déicide
déification	NOM	f	p	déifications
déisme	NOM	m	p	déismes
déjanté	ADJ	f	p	déjantées
déjanté	ADJ	f	s	déjantée
déjeté	ADJ	f	p	déjetées
déjeté	ADJ	f	s	déjetée
délabrement	NOM	m	p	délabrements
délassant	ADJ	f	p	délassantes
délassant	ADJ	m	p	délassants
délassement	NOM	m	p	délassements
délayage	NOM	m	p	délayages
délayé	ADJ	f	p	délayées
délayé	ADJ	m	p	délayés
délestage	NOM	m	p	délestages
délibératif	ADJ	f	p	délibératives
délibératif	ADJ	m	p	délibératifs
délibératif	ADJ	m	s	délibératif
délicieux	ADJ	m	p	délicieux
délicieux	ADJ	m	s	délicieux
délictuel	ADJ	f	p	délictuelles
délictuel	ADJ	m	p	délictuels
délictuel	ADJ	m	s	délictuel
délictueux	ADJ	m	p	délictueux
délictueux	ADJ	m	s	délictueux
délinéament	NOM	m	s	délinéament
déliquescence	NOM	f	p	déliquescences
déliquescent	ADJ	f	p	déliquescentes
délivre	NOM	m	p	délivres
délivreur	NOM	m	s	délivreur
délocalisation	NOM	f	p	délocalisations
déloyal	ADJ	f	p	déloyales
déluré	ADJ	m	p	délurés
délégué	ADJ	f	p	déléguées
démago	ADJ	f	p	démagos
démago	ADJ	m	p	démagos
démago	ADJ	m	s	démago
démagogie	NOM	f	p	démagogies
démagogique	ADJ	f	p	démagogiques
démagogique	ADJ	m	s	démagogique
démaquillage	NOM	m	p	démaquillages
démaquillant	ADJ	f	p	démaquillantes
démaquillant	ADJ	m	p	démaquillants
démaquillant	NOM	m	p	démaquillants
démarcation	NOM	f	p	démarcations
démarchage	NOM	m	p	démarchages
démasquage	NOM	m	p	démasquages
dématérialisation	NOM	f	p	dématérialisations
démence	NOM	f	p	démences
démerdard	ADJ	f	p	démerdardes
démerdard	ADJ	f	s	démerdarde
démerdard	ADJ	m	p	démerdards
démerde	NOM	f	p	démerdes
démesure	NOM	f	p	démesures
démilitarisation	NOM	f	p	démilitarisations
déminage	NOM	m	p	déminages
démis	ADJ	m	p	démis
démis	ADJ	m	s	démis
démissionnaire	ADJ	f	p	démissionnaires
démissionnaire	ADJ	f	s	démissionnaire
démobilisateur	ADJ	f	p	démobilisatrices
démobilisateur	ADJ	f	s	démobilisatrice
démobilisateur	ADJ	m	p	démobilisateurs
démobilisation	NOM	f	p	démobilisations
démobilisé	ADJ	f	p	démobilisées
démobilisé	ADJ	f	s	démobilisée
démographie	NOM	f	p	démographies
démonologie	NOM	f	p	démonologies
démonomanie	NOM	f	p	démonomanies
démonstratif	ADJ	f	p	démonstratives
démontable	ADJ	f	s	démontable
démontable	ADJ	m	p	démontables
démontable	ADJ	m	s	démontable
démontrable	ADJ	f	p	démontrables
démontrable	ADJ	f	s	démontrable
démontrable	ADJ	m	p	démontrables
démoralisant	ADJ	f	p	démoralisantes
démoralisateur	ADJ	f	p	démoralisatrices
démoralisateur	ADJ	f	s	démoralisatrice
démoralisateur	ADJ	m	s	démoralisateur
démoralisation	NOM	f	p	démoralisations
démotique	ADJ	f	p	démotiques
démotique	ADJ	m	p	démotiques
démotique	ADJ	m	s	démotique
démotivation	NOM	f	p	démotivations
démultiplicateur	NOM	m	p	démultiplicateurs
démultiplication	NOM	f	p	démultiplications
démystificateur	ADJ	f	p	démystificatrices
démystificateur	ADJ	m	p	démystificateurs
démystificateur	ADJ	m	s	démystificateur
démystificateur	NOM	m	p	démystificateurs
démêlage	NOM	m	p	démêlages
démêlant	ADJ	f	p	démêlantes
démêlant	ADJ	f	s	démêlante
démêlant	ADJ	m	p	démêlants
démêlant	NOM	m	p	démêlants
démêloir	NOM	m	p	démêloirs
démêlé	ADJ	f	p	démêlées
démêlé	ADJ	f	s	démêlée
démêlé	ADJ	m	s	démêlé
démêlé	NOM	m	s	démêlé
dénatalité	NOM	f	p	dénatalités
dénaturation	NOM	f	p	dénaturations
dénazification	NOM	f	p	dénazifications
déneigement	NOM	m	p	déneigements
dénervation	NOM	f	p	dénervations
déniaisement	NOM	m	p	déniaisements
dénigrant	ADJ	f	p	dénigrantes
dénigrant	ADJ	m	p	dénigrants
dénivelé	ADJ	f	p	dénivelées
dénivelé	ADJ	f	s	dénivelée
dénominateur	NOM	m	p	dénominateurs
dénominatif	ADJ	f	p	dénominatives
dénominatif	ADJ	f	s	dénominative
dénominatif	ADJ	m	p	dénominatifs
dénommé	ADJ	f	p	dénommées
dénommé	ADJ	m	p	dénommés
dénommé	NOM	m	p	dénommés
dénonciateur	ADJ	f	p	dénonciatrices
dénonciateur	ADJ	m	p	dénonciateurs
dénonciateur	ADJ	m	s	dénonciateur
dénonciateur	NOM	m	p	dénonciateurs
dénoyauteur	NOM	m	p	dénoyauteurs
dénudation	NOM	f	p	dénudations
dénuement	NOM	m	p	dénuements
dénué	ADJ	f	p	dénuées
déodorant	ADJ	f	p	déodorantes
déodorant	ADJ	f	s	déodorante
déontologie	NOM	f	p	déontologies
déontologique	ADJ	f	p	déontologiques
déontologique	ADJ	f	s	déontologique
déontologique	ADJ	m	p	déontologiques
dépassant	NOM	m	p	dépassants
dépaysant	ADJ	m	p	dépaysants
dépensier	ADJ	f	p	dépensières
dépersonnalisation	NOM	f	p	dépersonnalisations
dépeçage	NOM	m	p	dépeçages
déphasage	NOM	m	p	déphasages
déphaseur	NOM	m	s	déphaseur
déphasé	ADJ	f	p	déphasées
dépigmentation	NOM	f	p	dépigmentations
dépiquage	NOM	m	p	dépiquages
dépit	NOM	m	p	dépits
dépité	ADJ	f	p	dépitées
déplantoir	NOM	m	p	déplantoirs
dépliable	ADJ	f	p	dépliables
dépliable	ADJ	f	s	dépliable
dépliable	ADJ	m	p	dépliables
dépliant	ADJ	f	p	dépliantes
dépliement	NOM	m	p	dépliements
déploration	NOM	f	p	déplorations
déplumé	ADJ	f	p	déplumées
dépollution	NOM	f	p	dépollutions
dépopulation	NOM	f	p	dépopulations
déport	NOM	m	p	déports
déportement	NOM	m	s	déportement
déposant	ADJ	f	p	déposantes
déposant	ADJ	f	s	déposante
déposant	ADJ	m	p	déposants
déposant	NOM	m	p	déposants
dépossession	NOM	f	p	dépossessions
dépotoir	NOM	m	p	dépotoirs
dépouillage	NOM	m	p	dépouillages
dépoussiérage	NOM	m	p	dépoussiérages
dépressionnaire	ADJ	f	p	dépressionnaires
dépressionnaire	ADJ	f	s	dépressionnaire
dépressionnaire	ADJ	m	p	dépressionnaires
dépressurisation	NOM	f	p	dépressurisations
déprogrammation	NOM	f	p	déprogrammations
dépréciation	NOM	f	p	dépréciations
déprédateur	ADJ	f	p	déprédatrices
déprédateur	ADJ	f	s	déprédatrice
déprédateur	ADJ	m	p	déprédateurs
déprédateur	NOM	m	s	déprédateur
dépuratif	ADJ	f	p	dépuratives
dépuratif	ADJ	f	s	dépurative
dépuratif	ADJ	m	s	dépuratif
dépuratif	NOM	m	s	dépuratif
dépècement	NOM	m	s	dépècement
dépérissement	NOM	m	p	dépérissements
déracinant	ADJ	f	p	déracinantes
déracinant	ADJ	f	s	déracinante
déracinant	ADJ	m	p	déracinants
déracinement	NOM	m	p	déracinements
dérailleur	NOM	m	p	dérailleurs
déresponsabilisation	NOM	f	p	déresponsabilisations
dérision	NOM	f	p	dérisions
dérivant	ADJ	f	p	dérivantes
dérivant	ADJ	m	p	dérivants
dérobeur	ADJ	f	p	dérobeuses
dérobeur	ADJ	m	p	dérobeurs
dérobeur	ADJ	m	s	dérobeur
dérogatoire	ADJ	f	p	dérogatoires
dérogatoire	ADJ	m	p	dérogatoires
dérogatoire	ADJ	m	s	dérogatoire
dérouillement	NOM	m	p	dérouillements
déroutage	NOM	m	p	déroutages
déroutement	NOM	m	p	déroutements
déréglage	NOM	m	p	déréglages
déréglementation	NOM	f	p	déréglementations
dérégulation	NOM	f	p	dérégulations
déréliction	NOM	f	p	dérélictions
désabonnement	NOM	m	s	désabonnement
désabusement	NOM	m	p	désabusements
désacralisation	NOM	f	p	désacralisations
désactivation	NOM	f	p	désactivations
désaffectation	NOM	f	p	désaffectations
désaffection	NOM	f	p	désaffections
désagrégation	NOM	f	p	désagrégations
désalinisation	NOM	f	p	désalinisations
désaliénation	NOM	f	p	désaliénations
désaltérant	ADJ	f	p	désaltérantes
désaltérant	ADJ	m	p	désaltérants
désaltérant	ADJ	m	s	désaltérant
désamiantage	NOM	m	p	désamiantages
désaminase	NOM	f	p	désaminases
désamorçage	NOM	m	p	désamorçages
désamour	NOM	m	p	désamours
désappointé	ADJ	f	p	désappointées
désapprobation	NOM	f	p	désapprobations
désargenté	ADJ	f	s	désargentée
désarmant	ADJ	f	p	désarmantes
désarmement	NOM	m	p	désarmements
désarrimage	NOM	m	p	désarrimages
désarticulation	NOM	f	p	désarticulations
désarçonné	ADJ	f	p	désarçonnées
désassorti	ADJ	f	p	désassorties
désassorti	ADJ	f	s	désassortie
désassorti	ADJ	m	s	désassorti
désastreux	ADJ	m	p	désastreux
désastreux	ADJ	m	s	désastreux
désavantageux	ADJ	f	p	désavantageuses
désavantageux	ADJ	m	p	désavantageux
désavantageux	ADJ	m	s	désavantageux
désaveu	NOM	m	p	désaveux
désaxement	NOM	m	p	désaxements
désaxé	ADJ	f	p	désaxées
désenchanté	ADJ	m	p	désenchantés
désenchaînement	NOM	m	p	désenchaînements
désenclavement	NOM	m	p	désenclavements
désengagement	NOM	m	p	désengagements
désensibilisation	NOM	f	p	désensibilisations
désenvoûteur	NOM	m	s	désenvoûteur
désespérance	NOM	f	p	désespérances
désespérant	ADJ	f	p	désespérantes
déshabité	ADJ	f	p	déshabitées
désharmonie	NOM	f	p	désharmonies
désherbage	NOM	m	p	désherbages
désherbant	ADJ	f	p	désherbantes
désherbant	ADJ	f	s	désherbante
déshonneur	NOM	m	p	déshonneurs
déshumanisant	ADJ	f	p	déshumanisantes
déshumanisant	ADJ	m	p	déshumanisants
déshumanisant	ADJ	m	s	déshumanisant
déshumanisation	NOM	f	p	déshumanisations
déshumidification	NOM	f	p	déshumidifications
déshydratation	NOM	f	p	déshydratations
déshérence	NOM	f	p	déshérences
déshérité	NOM	m	s	déshérité
désillusionnement	NOM	m	p	désillusionnements
désincarcération	NOM	f	p	désincarcérations
désincarnation	NOM	f	p	désincarnations
désincrustant	ADJ	f	p	désincrustantes
désincrustant	ADJ	m	p	désincrustants
désincrustant	ADJ	m	s	désincrustant
désindividualisation	NOM	f	p	désindividualisations
désinfectant	ADJ	m	p	désinfectants
désinsectisation	NOM	f	p	désinsectisations
désintoxication	NOM	f	p	désintoxications
désintégrateur	NOM	m	p	désintégrateurs
désintéressement	NOM	m	p	désintéressements
désintérêt	NOM	m	p	désintérêts
désirabilité	NOM	f	p	désirabilités
désirant	ADJ	f	p	désirantes
désirant	ADJ	m	p	désirants
désireux	ADJ	m	p	désireux
désireux	ADJ	m	s	désireux
désistement	NOM	m	p	désistements
désobligeance	NOM	f	p	désobligeances
désobéissant	ADJ	f	p	désobéissantes
désoccupé	ADJ	f	p	désoccupées
désoccupé	ADJ	f	s	désoccupée
désoccupé	ADJ	m	s	désoccupé
désodorisant	ADJ	f	p	désodorisantes
désodorisant	ADJ	m	p	désodorisants
désodé	ADJ	f	p	désodées
désodé	ADJ	f	s	désodée
désodé	ADJ	m	p	désodés
désorbitation	NOM	f	p	désorbitations
désorganisateur	NOM	m	p	désorganisateurs
désorganisation	NOM	f	p	désorganisations
désorientation	NOM	f	p	désorientations
désossage	NOM	m	p	désossages
désossement	NOM	m	p	désossements
désosseur	NOM	m	p	désosseurs
désoxygénation	NOM	f	p	désoxygénations
désoxyribonucléique	ADJ	f	p	désoxyribonucléiques
désoxyribonucléique	ADJ	f	s	désoxyribonucléique
désoxyribonucléique	ADJ	m	p	désoxyribonucléiques
déstabilisant	ADJ	m	p	déstabilisants
déstabilisateur	ADJ	f	p	déstabilisatrices
déstabilisateur	ADJ	m	p	déstabilisateurs
déstabilisateur	ADJ	m	s	déstabilisateur
déstabilisation	NOM	f	p	déstabilisations
déstalinisation	NOM	f	p	déstalinisations
déstockage	NOM	m	p	déstockages
déstructuration	NOM	f	p	déstructurations
désunion	NOM	f	p	désunions
désuétude	NOM	f	p	désuétudes
désynchronisation	NOM	f	p	désynchronisations
déségrégation	NOM	f	p	déségrégations
détachant	ADJ	f	p	détachantes
détachant	ADJ	f	s	détachante
détachant	ADJ	m	p	détachants
détacheur	NOM	m	p	détacheurs
détaillant	ADJ	f	p	détaillantes
détartrage	NOM	m	p	détartrages
détartrant	ADJ	f	p	détartrantes
détartrant	ADJ	f	s	détartrante
détartrant	ADJ	m	s	détartrant
détartrant	NOM	m	p	détartrants
détecteur	ADJ	f	p	détectrices
détecteur	ADJ	f	s	détectrice
dételage	NOM	m	p	dételages
détendeur	NOM	m	p	détendeurs
détergent	ADJ	f	p	détergentes
détergent	ADJ	f	s	détergente
déterminisme	NOM	m	p	déterminismes
déterministe	ADJ	f	p	déterministes
déterministe	ADJ	f	s	déterministe
déterministe	ADJ	m	s	déterministe
déterrage	NOM	m	p	déterrages
déterré	ADJ	m	p	déterrés
détersif	ADJ	f	p	détersives
détersif	ADJ	m	s	détersif
détesté	ADJ	f	p	détestées
détonant	ADJ	f	p	détonantes
détourage	NOM	m	p	détourages
détourneur	NOM	m	p	détourneurs
détracteur	ADJ	f	p	détractrices
détracteur	ADJ	f	s	détractrice
détraquement	NOM	m	p	détraquements
détrempe	NOM	f	p	détrempes
détrônement	NOM	m	p	détrônements
détrôné	ADJ	f	p	détrônées
détrôné	ADJ	m	p	détrônés
dévalement	NOM	m	p	dévalements
dévalorisant	ADJ	f	p	dévalorisantes
dévalorisant	ADJ	f	s	dévalorisante
dévalorisant	ADJ	m	p	dévalorisants
dévalorisation	NOM	f	p	dévalorisations
déveinard	NOM	m	s	déveinard
développeur	NOM	m	p	développeurs
dévergondé	NOM	m	p	dévergondés
déverrouillage	NOM	m	p	déverrouillages
déversoir	NOM	m	p	déversoirs
déviant	ADJ	f	p	déviantes
déviateur	ADJ	f	p	déviatrices
déviateur	ADJ	f	s	déviatrice
déviateur	ADJ	m	p	déviateurs
déviationnisme	NOM	m	p	déviationnismes
dévideur	NOM	m	p	dévideurs
dévirilisation	NOM	f	p	dévirilisations
dévissable	ADJ	f	p	dévissables
dévissable	ADJ	f	s	dévissable
dévissable	ADJ	m	p	dévissables
dévissage	NOM	m	p	dévissages
dévissé	NOM	m	p	dévissés
dévitalisation	NOM	f	p	dévitalisations
dévoiement	NOM	m	p	dévoiements
dévolution	NOM	f	p	dévolutions
dévonien	ADJ	f	p	dévoniennes
dévonien	ADJ	m	p	dévoniens
dévonien	ADJ	m	s	dévonien
dévonien	NOM	m	p	dévoniens
dévorateur	ADJ	f	p	dévoratrices
dévoration	NOM	f	p	dévorations
dévotionnel	ADJ	f	p	dévotionnelles
dévotionnel	ADJ	m	p	dévotionnels
dévotionnel	ADJ	m	s	dévotionnel
dînatoire	ADJ	f	s	dînatoire
dînatoire	ADJ	m	p	dînatoires
dînatoire	ADJ	m	s	dînatoire
dông	NOM	m	s	dông
dû	NOM	m	p	dus
dû	NOM	m	p	dûs
ecchymosé	ADJ	f	p	ecchymosées
ecchymosé	ADJ	m	p	ecchymosés
ecclésial	ADJ	f	p	ecclésiales
ecclésial	ADJ	m	p	ecclésiaux
ecclésial	ADJ	m	s	ecclésial
ecstasy	NOM	m	p	ecstasies
ecstasy	NOM	m	p	ecstasys
ectasie	NOM	f	p	ectasies
ecthyma	NOM	m	p	ecthymas
ectodermique	ADJ	f	p	ectodermiques
ectodermique	ADJ	m	p	ectodermiques
ectodermique	ADJ	m	s	ectodermique
ectopie	NOM	f	p	ectopies
ectopique	ADJ	f	p	ectopiques
ectopique	ADJ	m	p	ectopiques
ectopique	ADJ	m	s	ectopique
ectoplasmique	ADJ	f	s	ectoplasmique
ectoplasmique	ADJ	m	p	ectoplasmiques
ectoplasmique	ADJ	m	s	ectoplasmique
eczémateux	ADJ	f	s	eczémateuse
eczémateux	ADJ	m	s	eczémateux
effaceur	NOM	m	p	effaceurs
effarement	NOM	m	p	effarements
effaçage	NOM	m	p	effaçages
effectivité	NOM	f	p	effectivités
effendi	NOM	m	p	effendis
effeuillage	NOM	m	p	effeuillages
efficacité	NOM	f	p	efficacités
efficience	NOM	f	p	efficiences
effilement	NOM	m	p	effilements
effilochage	NOM	m	p	effilochages
effleurage	NOM	m	p	effleurages
efflorescence	NOM	f	p	efflorescences
effluent	NOM	m	p	effluents
effroi	NOM	m	p	effrois
efféminé	ADJ	f	p	efféminées
efrit	NOM	m	p	efrits
eidétique	ADJ	f	p	eidétiques
eidétique	ADJ	m	p	eidétiques
eidétique	ADJ	m	s	eidétique
eldorado	NOM	m	p	eldorados
ellébore	NOM	m	p	ellébores
elzévir	NOM	m	p	elzévirs
embarrure	NOM	f	p	embarrures
embauchage	NOM	m	p	embauchages
embaumant	ADJ	f	p	embaumantes
embaumant	ADJ	f	s	embaumante
emberlificoté	ADJ	f	p	emberlificotées
emberlificoté	ADJ	f	s	emberlificotée
emblavage	NOM	m	s	emblavage
emblématique	ADJ	f	p	emblématiques
emblématique	ADJ	f	s	emblématique
emblématique	ADJ	m	s	emblématique
embole	NOM	m	p	emboles
embonpoint	NOM	m	p	embonpoints
embouche	NOM	f	p	embouches
embourgeoisement	NOM	m	p	embourgeoisements
embourgeoisé	ADJ	f	p	embourgeoisées
embourgeoisé	ADJ	f	s	embourgeoisée
embourgeoisé	ADJ	m	p	embourgeoisés
embouteillé	ADJ	m	p	embouteillés
embouteillé	ADJ	m	s	embouteillé
embouti	ADJ	m	p	emboutis
emboutisseur	NOM	m	p	emboutisseurs
emboîtable	ADJ	f	p	emboîtables
emboîtable	ADJ	f	s	emboîtable
emboîtable	ADJ	m	s	emboîtable
emboîtement	NOM	m	p	emboîtements
emboîture	NOM	f	s	emboîture
embrassant	ADJ	f	p	embrassantes
embrassant	ADJ	f	s	embrassante
embrassant	ADJ	m	p	embrassants
embrasseur	ADJ	f	p	embrasseuses
embrasseur	ADJ	f	s	embrasseuse
embrasseur	ADJ	m	p	embrasseurs
embrigadé	ADJ	f	p	embrigadées
embrigadé	ADJ	f	s	embrigadée
embrigadé	ADJ	m	p	embrigadés
embrouillage	NOM	m	p	embrouillages
embroussaillé	ADJ	f	p	embroussaillées
embroussaillé	ADJ	f	s	embroussaillée
embruiné	ADJ	f	p	embruinées
embruiné	ADJ	f	s	embruinée
embruiné	ADJ	m	p	embruinés
embryologie	NOM	f	p	embryologies
embâcle	NOM	m	p	embâcles
embêté	ADJ	f	p	embêtées
emmagasiné	ADJ	m	s	emmagasiné
emmaillotement	NOM	m	p	emmaillotements
emmailloté	ADJ	m	p	emmaillotés
emmental	NOM	m	p	emmentals
emmenthal	NOM	m	p	emmenthals
emmurement	NOM	m	p	emmurements
emménagement	NOM	m	p	emménagements
empalement	NOM	m	p	empalements
empalé	ADJ	f	p	empalées
empan	NOM	m	p	empans
empaquetage	NOM	m	p	empaquetages
empaqueteur	NOM	m	p	empaqueteurs
empathie	NOM	f	p	empathies
empathique	ADJ	f	s	empathique
empathique	ADJ	m	p	empathiques
empathique	ADJ	m	s	empathique
empeigne	NOM	f	p	empeignes
empennage	NOM	m	p	empennages
empenne	NOM	f	p	empennes
emperlé	ADJ	f	s	emperlée
emperruqué	ADJ	f	p	emperruquées
emperruqué	ADJ	f	s	emperruquée
emperruqué	ADJ	m	s	emperruqué
empesage	NOM	m	p	empesages
emphatique	ADJ	f	p	emphatiques
emphatique	ADJ	f	s	emphatique
emphatique	ADJ	m	s	emphatique
emphysémateux	ADJ	f	p	emphysémateuses
emphysémateux	ADJ	m	p	emphysémateux
emphysémateux	ADJ	m	s	emphysémateux
empierrage	NOM	m	p	empierrages
empierrement	NOM	m	p	empierrements
emplanture	NOM	f	p	emplantures
emplumé	ADJ	f	p	emplumées
empoignant	ADJ	f	p	empoignantes
empoignant	ADJ	f	s	empoignante
empoignant	ADJ	m	p	empoignants
empoigne	NOM	f	p	empoignes
empoisonnant	ADJ	m	p	empoisonnants
emporium	NOM	m	p	emporia
emporium	NOM	m	p	emporiums
emport	NOM	m	p	emports
empoté	ADJ	f	p	empotées
empreint	ADJ	f	p	empreintes
empreint	ADJ	f	s	empreinte
emprunteur	NOM	m	p	emprunteurs
empuanti	ADJ	f	p	empuanties
empuanti	ADJ	m	p	empuantis
empêché	ADJ	f	p	empêchées
enamouré	ADJ	m	p	enamourés
enamouré	ADJ	m	s	enamouré
encadrant	ADJ	f	p	encadrantes
encadrant	ADJ	f	s	encadrante
encadrant	ADJ	m	p	encadrants
encadrant	NOM	m	p	encadrants
encadreur	NOM	m	p	encadreurs
encagoulé	ADJ	f	s	encagoulée
encagoulé	ADJ	m	s	encagoulé
encagé	ADJ	f	p	encagées
encaissant	ADJ	f	p	encaissantes
encaissant	ADJ	f	s	encaissante
encaissant	ADJ	m	p	encaissants
encaisse	NOM	f	p	encaisses
encalminé	ADJ	f	p	encalminées
encalminé	ADJ	f	s	encalminée
encanaillement	NOM	m	p	encanaillements
encapuchonné	ADJ	f	p	encapuchonnées
encartage	NOM	m	p	encartages
encastrement	NOM	m	p	encastrements
encaustique	NOM	f	p	encaustiques
encaustiqué	ADJ	f	p	encaustiquées
encaustiqué	ADJ	m	p	encaustiqués
encellulement	NOM	m	p	encellulements
encensement	NOM	m	p	encensements
encerclement	NOM	m	p	encerclements
enchâssé	ADJ	f	p	enchâssées
enclavé	ADJ	m	p	enclavés
enclenche	NOM	f	p	enclenches
enclenchement	NOM	m	p	enclenchements
enclosure	NOM	f	p	enclosures
encodage	NOM	m	p	encodages
encodeur	NOM	m	p	encodeurs
encollage	NOM	m	p	encollages
encordé	ADJ	f	p	encordées
encordé	ADJ	f	s	encordée
encorné	ADJ	f	p	encornées
encrage	NOM	m	p	encrages
encreur	ADJ	f	p	encreuses
encreur	ADJ	f	s	encreuse
encreur	NOM	m	p	encreurs
encroûtement	NOM	m	p	encroûtements
encroûté	ADJ	f	p	encroûtées
encroûté	ADJ	f	s	encroûtée
encryptage	NOM	m	p	encryptages
enculage	NOM	m	p	enculages
encyclopédique	ADJ	f	s	encyclopédique
encyclopédique	ADJ	m	p	encyclopédiques
encyclopédique	ADJ	m	s	encyclopédique
encéphale	NOM	m	p	encéphales
encéphalite	NOM	f	p	encéphalites
encéphalogramme	NOM	m	p	encéphalogrammes
encéphalographie	NOM	f	p	encéphalographies
encéphalopathie	NOM	f	p	encéphalopathies
endettement	NOM	m	p	endettements
endetté	ADJ	f	p	endettées
endiguement	NOM	m	p	endiguements
endimanchement	NOM	m	p	endimanchements
endocarde	NOM	m	p	endocardes
endocardite	NOM	f	p	endocardites
endocrine	ADJ	m	p	endocrines
endocrine	ADJ	m	s	endocrine
endocrinien	ADJ	f	p	endocriniennes
endocrinologie	NOM	f	p	endocrinologies
endoctrinement	NOM	m	p	endoctrinements
endogamie	NOM	f	p	endogamies
endogène	ADJ	f	p	endogènes
endogène	ADJ	m	p	endogènes
endogène	ADJ	m	s	endogène
endolorissement	NOM	m	p	endolorissements
endomorphine	NOM	f	p	endomorphines
endométriose	NOM	f	p	endométrioses
endométrite	NOM	f	p	endométrites
endoplasmique	ADJ	f	p	endoplasmiques
endoplasmique	ADJ	f	s	endoplasmique
endoplasmique	ADJ	m	p	endoplasmiques
endormant	ADJ	f	p	endormantes
endormant	ADJ	m	p	endormants
endoscope	NOM	m	p	endoscopes
endoscopie	NOM	f	p	endoscopies
endosquelette	NOM	m	p	endosquelettes
endossable	ADJ	f	p	endossables
endossable	ADJ	f	s	endossable
endossable	ADJ	m	s	endossable
endossement	NOM	m	p	endossements
endosseur	NOM	m	p	endosseurs
endothermique	ADJ	f	p	endothermiques
endothermique	ADJ	m	p	endothermiques
endothermique	ADJ	m	s	endothermique
endurance	NOM	f	p	endurances
endurant	ADJ	f	p	endurantes
endurcissement	NOM	m	p	endurcissements
endémique	ADJ	f	s	endémique
endémique	ADJ	m	p	endémiques
endémique	ADJ	m	s	endémique
enfant	NOM	m	s	enfant
enfantelet	NOM	m	s	enfantelet
enfariné	ADJ	f	p	enfarinées
enfermement	NOM	m	p	enfermements
enfilage	NOM	m	p	enfilages
enfileur	NOM	m	p	enfileurs
enfoiré	ADJ	f	p	enfoirées
enfonceur	NOM	m	p	enfonceurs
enfourchement	NOM	m	p	enfourchements
enfourchure	NOM	f	p	enfourchures
enfournage	NOM	m	p	enfournages
engendrement	NOM	m	p	engendrements
engendreur	ADJ	f	p	engendreuses
engendreur	ADJ	m	p	engendreurs
engendreur	ADJ	m	s	engendreur
engineering	NOM	m	p	engineerings
englobant	ADJ	f	p	englobantes
englobant	ADJ	f	s	englobante
englobant	ADJ	m	p	englobants
engloutissement	NOM	m	p	engloutissements
engoncement	NOM	m	p	engoncements
engoncé	ADJ	f	p	engoncées
engoncé	ADJ	f	s	engoncée
engouffrement	NOM	m	p	engouffrements
engoulevent	NOM	m	p	engoulevents
engourdissant	ADJ	m	p	engourdissants
engraissement	NOM	m	p	engraissements
engrangement	NOM	m	p	engrangements
enguirlandé	ADJ	m	s	enguirlandé
enivrement	NOM	m	p	enivrements
enjambement	NOM	m	s	enjambement
enjoint	ADJ	f	p	enjointes
enjoint	ADJ	f	s	enjointe
enjoint	ADJ	m	p	enjoints
enjolivement	NOM	m	s	enjolivement
enjouement	NOM	m	p	enjouements
enjuivé	ADJ	f	p	enjuivées
enjuivé	ADJ	f	s	enjuivée
enjuivé	ADJ	m	s	enjuivé
enjôlement	NOM	m	p	enjôlements
enkysté	ADJ	f	s	enkystée
enkysté	ADJ	m	p	enkystés
enkysté	ADJ	m	s	enkysté
enlaidi	ADJ	f	p	enlaidies
enlaidi	ADJ	m	p	enlaidis
enlaidi	ADJ	m	s	enlaidi
enlaidissement	NOM	m	p	enlaidissements
enlaçant	ADJ	f	p	enlaçantes
enlaçant	ADJ	f	s	enlaçante
enlaçant	ADJ	m	p	enlaçants
enlisement	NOM	m	p	enlisements
enneigement	NOM	m	p	enneigements
ennoblissement	NOM	m	p	ennoblissements
ennuyant	ADJ	f	p	ennuyantes
ennuyant	ADJ	m	p	ennuyants
ennuyeux	ADJ	m	p	ennuyeux
ennuyeux	ADJ	m	s	ennuyeux
enquiquinant	ADJ	f	p	enquiquinantes
enquiquinement	NOM	m	p	enquiquinements
enrageant	ADJ	f	p	enrageantes
enrageant	ADJ	m	p	enrageants
enrageant	ADJ	m	s	enrageant
enragement	NOM	m	p	enragements
enrayage	NOM	m	p	enrayages
enrayement	NOM	m	p	enrayements
enregistrable	ADJ	f	p	enregistrables
enregistrable	ADJ	m	p	enregistrables
enregistrable	ADJ	m	s	enregistrable
enrobage	NOM	m	p	enrobages
enrochement	NOM	m	s	enrochement
enroulage	NOM	m	p	enroulages
ensablement	NOM	m	p	ensablements
ensanglantement	NOM	m	p	ensanglantements
enseigne	NOM	f	s	enseigne
enseigné	ADJ	f	p	enseignées
enseigné	NOM	m	p	enseignés
ensellement	NOM	m	p	ensellements
ensellure	NOM	f	p	ensellures
ensellé	ADJ	f	p	ensellées
ensellé	ADJ	f	s	ensellée
ensevelissement	NOM	m	p	ensevelissements
ensoleillement	NOM	m	p	ensoleillements
ensorcelant	ADJ	m	p	ensorcelants
ensorceleur	ADJ	m	p	ensorceleurs
ensorceleur	NOM	m	p	ensorceleurs
ensorcellement	NOM	m	p	ensorcellements
ensouple	NOM	f	p	ensouples
ensoutané	ADJ	f	p	ensoutanées
ensoutané	ADJ	m	p	ensoutanés
ensoutané	ADJ	m	s	ensoutané
entablement	NOM	m	p	entablements
entaché	ADJ	m	p	entachés
ente	NOM	f	p	entes
entendant	NOM	m	p	entendants
entendement	NOM	m	p	entendements
enterreur	NOM	m	p	enterreurs
enthalpie	NOM	f	p	enthalpies
enthousiasmant	ADJ	f	p	enthousiasmantes
enthousiasmant	ADJ	m	p	enthousiasmants
entichement	NOM	m	p	entichements
entiché	ADJ	f	p	entichées
entiché	ADJ	m	p	entichés
entiché	ADJ	m	s	entiché
entièreté	NOM	f	p	entièretés
entoilage	NOM	m	p	entoilages
entomologie	NOM	f	p	entomologies
entortillement	NOM	m	p	entortillements
entortillé	ADJ	f	p	entortillées
entournure	NOM	f	s	entournure
entraide	NOM	f	p	entraides
entrain	NOM	m	p	entrains
entraînant	ADJ	f	p	entraînantes
entrebâillement	NOM	m	p	entrebâillements
entrebâilleur	NOM	m	p	entrebâilleurs
entrechoquement	NOM	m	p	entrechoquements
entreclos	ADJ	f	s	entreclose
entreclos	ADJ	m	p	entreclos
entreclos	ADJ	m	s	entreclos
entrecuisse	NOM	m	p	entrecuisses
entrefaite	NOM	f	s	entrefaite
entregent	NOM	m	p	entregents
entrelacement	NOM	m	p	entrelacements
entrelardé	ADJ	f	p	entrelardées
entrelardé	ADJ	f	s	entrelardée
entrelardé	ADJ	m	p	entrelardés
entremise	NOM	f	p	entremises
entremêlement	NOM	m	p	entremêlements
entreposage	NOM	m	p	entreposages
entreteneur	NOM	m	p	entreteneurs
entretoise	NOM	f	p	entretoises
entretoisement	NOM	m	p	entretoisements
entrisme	NOM	m	p	entrismes
entropie	NOM	f	p	entropies
entropique	ADJ	f	s	entropique
entropique	ADJ	m	p	entropiques
entropique	ADJ	m	s	entropique
enture	NOM	f	p	entures
entéléchie	NOM	f	s	entéléchie
entérinement	NOM	m	p	entérinements
entérite	NOM	f	p	entérites
entérocolite	NOM	f	p	entérocolites
entôlage	NOM	m	p	entôlages
entôleur	NOM	m	p	entôleurs
envasement	NOM	m	p	envasements
enveloppeur	NOM	m	p	enveloppeurs
envenimé	ADJ	f	p	envenimées
envenimé	ADJ	m	p	envenimés
envergure	NOM	f	p	envergures
envieux	ADJ	m	p	envieux
envieux	ADJ	m	s	envieux
environ	NOM	m	s	environ
environnemental	ADJ	f	p	environnementales
envisageable	ADJ	f	s	envisageable
envisageable	ADJ	m	p	envisageables
envisageable	ADJ	m	s	envisageable
envoûté	ADJ	f	p	envoûtées
ergol	NOM	m	p	ergols
ergonomie	NOM	f	p	ergonomies
ergotage	NOM	m	p	ergotages
ergotamine	NOM	f	p	ergotamines
ergoteur	ADJ	f	p	ergoteuses
ergoteur	NOM	m	p	ergoteurs
ergothérapie	NOM	f	p	ergothérapies
ergoté	ADJ	f	p	ergotées
ergoté	ADJ	f	s	ergotée
ergoté	ADJ	m	p	ergotés
erre	NOM	f	p	erres
esbroufe	NOM	f	p	esbroufes
escabèche	NOM	f	s	escabèche
escaladeur	NOM	m	p	escaladeurs
escamotable	ADJ	f	s	escamotable
escamotable	ADJ	m	p	escamotables
escamoteur	NOM	m	p	escamoteurs
escampette	NOM	f	p	escampettes
escape	NOM	f	p	escapes
escarcelle	NOM	f	p	escarcelles
escarpe	NOM	m	s	escarpe
eschatologie	NOM	f	p	eschatologies
esche	NOM	f	p	esches
escient	NOM	m	p	escients
esclavage	NOM	m	p	esclavages
esclavagisme	NOM	m	p	esclavagismes
esclave	NOM	m	s	esclave
esclavon	NOM	m	s	esclavon
escompte	NOM	m	p	escomptes
escopette	NOM	f	p	escopettes
escot	NOM	m	p	escots
escrime	NOM	f	p	escrimes
eskimo	ADJ	f	p	eskimos
eskimo	ADJ	f	s	eskimo
espagnolette	NOM	f	p	espagnolettes
espar	NOM	m	p	espars
espionnage	NOM	m	p	espionnages
espionnite	NOM	f	p	espionnites
espéranto	NOM	m	p	espérantos
esquimau	ADJ	f	p	esquimaudes
esquimau	ADJ	f	s	esquimaude
esquinté	ADJ	f	p	esquintées
esquire	NOM	m	p	esquires
essartage	NOM	m	p	essartages
essayeur	NOM	m	p	essayeurs
esse	NOM	f	p	esses
essentialisme	NOM	m	p	essentialismes
esseulement	NOM	m	p	esseulements
essieu	NOM	m	p	essieux
essor	NOM	m	p	essors
essorage	NOM	m	p	essorages
essoreuse	NOM	f	p	essoreuses
essoré	ADJ	f	p	essorées
essuyeur	NOM	m	p	essuyeurs
est	NOM	m	p	ests
establishment	NOM	m	p	establishments
estagnon	NOM	m	p	estagnons
estampage	NOM	m	p	estampages
estampille	NOM	f	p	estampilles
estampillé	ADJ	f	s	estampillée
ester	NOM	m	p	esters
esthésiomètre	NOM	m	p	esthésiomètres
esthéticien	NOM	m	p	esthéticiens
esthétique	NOM	f	p	esthétiques
esthétisme	NOM	m	p	esthétismes
estompe	NOM	f	p	estompes
estonien	ADJ	f	p	estoniennes
estonien	ADJ	f	s	estonienne
estonien	ADJ	m	p	estoniens
estonienne	NOM	f	p	estoniennes
estouffade	NOM	f	p	estouffades
estragon	NOM	m	p	estragons
estropié	ADJ	f	p	estropiées
ethmoïdal	ADJ	f	p	ethmoïdales
ethmoïdal	ADJ	f	s	ethmoïdale
ethnicité	NOM	f	p	ethnicités
ethnographie	NOM	f	p	ethnographies
ethnographique	ADJ	f	p	ethnographiques
ethnographique	ADJ	f	s	ethnographique
ethnographique	ADJ	m	p	ethnographiques
ethnologie	NOM	f	p	ethnologies
ethnologique	ADJ	f	p	ethnologiques
ethnologique	ADJ	f	s	ethnologique
ethnologique	ADJ	m	s	ethnologique
eubage	NOM	m	p	eubages
eucharistie	NOM	f	p	eucharisties
eucharistique	ADJ	f	p	eucharistiques
eucharistique	ADJ	f	s	eucharistique
eucharistique	ADJ	m	s	eucharistique
euclidien	ADJ	f	p	euclidiennes
eudiste	NOM	m	s	eudiste
eugénique	ADJ	f	p	eugéniques
eugénique	ADJ	m	p	eugéniques
eugénique	ADJ	m	s	eugénique
eugénique	NOM	f	p	eugéniques
eugénisme	NOM	m	p	eugénismes
eulogie	NOM	f	p	eulogies
euphonie	NOM	f	p	euphonies
euphonique	ADJ	f	p	euphoniques
euphonique	ADJ	f	s	euphonique
euphonique	ADJ	m	p	euphoniques
euphorie	NOM	f	p	euphories
euphorisant	ADJ	f	p	euphorisantes
eurafricain	ADJ	f	p	eurafricaines
eurafricain	ADJ	m	s	eurafricain
eurasien	ADJ	f	p	eurasiennes
eurasien	ADJ	f	s	eurasienne
eurasien	ADJ	m	p	eurasiens
eurasien	NOM	m	p	eurasiens
eurodollar	NOM	m	p	eurodollars
euromarché	NOM	m	p	euromarchés
eurythmique	ADJ	f	p	eurythmiques
eurythmique	ADJ	f	s	eurythmique
eurythmique	ADJ	m	s	eurythmique
evzone	NOM	m	s	evzone
exacerbation	NOM	f	p	exacerbations
exarque	NOM	m	p	exarques
exaucement	NOM	m	p	exaucements
excentré	ADJ	f	p	excentrées
excentré	ADJ	m	p	excentrés
excision	NOM	f	p	excisions
excisé	ADJ	m	p	excisés
excisé	ADJ	m	s	excisé
excitable	ADJ	f	p	excitables
excitable	ADJ	f	s	excitable
excitable	ADJ	m	p	excitables
exclamatif	ADJ	f	p	exclamatives
exclamatif	ADJ	m	p	exclamatifs
excommunié	ADJ	f	p	excommuniées
excommunié	ADJ	f	s	excommuniée
excrémentiel	ADJ	f	p	excrémentielles
excrémentiel	ADJ	m	p	excrémentiels
excusable	ADJ	f	p	excusables
excusable	ADJ	f	s	excusable
excusable	ADJ	m	s	excusable
excédant	ADJ	f	p	excédantes
excédant	ADJ	f	s	excédante
excédant	ADJ	m	p	excédants
excédentaire	ADJ	f	p	excédentaires
excédentaire	ADJ	f	s	excédentaire
exemplarité	NOM	f	p	exemplarités
exempté	ADJ	f	p	exemptées
exempté	ADJ	m	s	exempté
exempté	NOM	m	p	exemptés
exergue	NOM	m	p	exergues
exerçant	ADJ	f	p	exerçantes
exerçant	ADJ	f	s	exerçante
exerçant	ADJ	m	p	exerçants
exfiltration	NOM	f	p	exfiltrations
exfoliant	ADJ	f	p	exfoliantes
exfoliant	ADJ	f	s	exfoliante
exfoliant	ADJ	m	p	exfoliants
exhalant	ADJ	f	p	exhalantes
exhalant	ADJ	f	s	exhalante
exhalant	ADJ	m	p	exhalants
exhalation	NOM	f	p	exhalations
exhaussement	NOM	m	p	exhaussements
exhaustif	ADJ	f	p	exhaustives
exhaustion	NOM	f	p	exhaustions
exhaustivité	NOM	f	p	exhaustivités
exhibitionnisme	NOM	m	p	exhibitionnismes
exhumation	NOM	f	p	exhumations
exigible	ADJ	f	p	exigibles
exigible	ADJ	f	s	exigible
exigible	ADJ	m	p	exigibles
exiguïté	NOM	f	p	exiguïtés
existentialisme	NOM	m	p	existentialismes
existentialiste	ADJ	f	s	existentialiste
existentialiste	ADJ	m	p	existentialistes
existentiel	ADJ	m	p	existentiels
exit	NOM	m	p	exit
exit	NOM	m	p	exits
exobiologie	NOM	f	p	exobiologies
exocet	NOM	m	p	exocets
exogamie	NOM	f	p	exogamies
exogamique	ADJ	f	p	exogamiques
exogamique	ADJ	f	s	exogamique
exogamique	ADJ	m	p	exogamiques
exogène	ADJ	f	p	exogènes
exogène	ADJ	m	p	exogènes
exogène	ADJ	m	s	exogène
exonération	NOM	f	p	exonérations
exophtalmique	ADJ	f	p	exophtalmiques
exophtalmique	ADJ	f	s	exophtalmique
exophtalmique	ADJ	m	p	exophtalmiques
exorbité	ADJ	f	s	exorbitée
exosphère	NOM	f	p	exosphères
exosquelette	NOM	m	p	exosquelettes
exothermique	ADJ	f	p	exothermiques
exothermique	ADJ	m	p	exothermiques
exothermique	ADJ	m	s	exothermique
exotisme	NOM	m	p	exotismes
expansion	NOM	f	p	expansions
expansionnisme	NOM	m	p	expansionnismes
expansionniste	ADJ	f	p	expansionnistes
expansionniste	ADJ	m	p	expansionnistes
expansionniste	ADJ	m	s	expansionniste
expansé	ADJ	f	p	expansées
expansé	ADJ	f	s	expansée
expansé	ADJ	m	p	expansés
expatriation	NOM	f	p	expatriations
expatrié	ADJ	f	p	expatriées
expatrié	ADJ	f	s	expatriée
expatrié	ADJ	m	p	expatriés
expectatif	ADJ	f	p	expectatives
expectatif	ADJ	f	s	expectative
expectatif	ADJ	m	p	expectatifs
expectation	NOM	f	p	expectations
expectorant	NOM	m	p	expectorants
expectoration	NOM	f	p	expectorations
expiateur	ADJ	f	p	expiatrices
expiateur	ADJ	m	p	expiateurs
expiateur	ADJ	m	s	expiateur
expiation	NOM	f	p	expiations
expirant	ADJ	m	p	expirants
explicable	ADJ	f	p	explicables
explicable	ADJ	f	s	explicable
explicable	ADJ	m	s	explicable
exploitant	ADJ	f	p	exploitantes
exploitant	ADJ	f	s	exploitante
exploitant	ADJ	m	p	exploitants
exploratoire	ADJ	m	p	exploratoires
exploratoire	ADJ	m	s	exploratoire
exploseur	NOM	m	p	exploseurs
explétif	ADJ	f	p	explétives
explétif	ADJ	m	p	explétifs
explétif	ADJ	m	s	explétif
explétif	NOM	m	p	explétifs
exponentiel	ADJ	m	p	exponentiels
exportateur	ADJ	f	p	exportatrices
exportateur	ADJ	f	s	exportatrice
exposant	NOM	m	p	exposants
expressionnisme	NOM	m	p	expressionnismes
exprès	ADJ	m	p	exprès
exprès	ADJ	m	s	exprès
expulsif	ADJ	f	p	expulsives
expulsif	ADJ	m	p	expulsifs
expulsif	ADJ	m	s	expulsif
expurgé	ADJ	f	p	expurgées
expurgé	ADJ	m	p	expurgés
expurgé	ADJ	m	s	expurgé
expédient	ADJ	f	s	expédiente
expédient	ADJ	m	p	expédients
expéditeur	ADJ	f	p	expéditrices
expéditeur	ADJ	f	s	expéditrice
expéditionnaire	ADJ	f	s	expéditionnaire
expéditionnaire	ADJ	m	p	expéditionnaires
expéditionnaire	ADJ	m	s	expéditionnaire
expérimentateur	NOM	m	p	expérimentateurs
exquis	ADJ	m	p	exquis
exquis	ADJ	m	s	exquis
exsudat	NOM	m	p	exsudats
exsudation	NOM	f	p	exsudations
extasié	ADJ	f	p	extasiées
extenseur	ADJ	f	p	extenseuses
extenseur	ADJ	f	s	extenseuse
extensible	ADJ	f	p	extensibles
extensible	ADJ	f	s	extensible
extensible	ADJ	m	s	extensible
extensif	ADJ	f	p	extensives
extensif	ADJ	m	p	extensifs
extensif	ADJ	m	s	extensif
externalité	NOM	f	p	externalités
externat	NOM	m	p	externats
exterritorialité	NOM	f	p	exterritorialités
extincteur	ADJ	f	p	extinctrices
extincteur	ADJ	f	s	extinctrice
extinction	NOM	f	p	extinctions
extirpation	NOM	f	p	extirpations
extorqueur	NOM	m	p	extorqueurs
extracorporel	ADJ	f	p	extracorporelles
extracorporel	ADJ	m	p	extracorporels
extracorporel	ADJ	m	s	extracorporel
extractif	ADJ	f	p	extractives
extractif	ADJ	m	p	extractifs
extractif	ADJ	m	s	extractif
extradition	NOM	f	p	extraditions
extradé	ADJ	f	p	extradées
extradé	ADJ	m	p	extradés
extrafort	ADJ	f	p	extrafortes
extrafort	ADJ	m	p	extraforts
extrafort	ADJ	m	s	extrafort
extragalactique	ADJ	f	p	extragalactiques
extragalactique	ADJ	m	p	extragalactiques
extragalactique	ADJ	m	s	extragalactique
extrait	ADJ	f	p	extraites
extrait	ADJ	f	s	extraite
extralucide	ADJ	f	p	extralucides
extralucide	ADJ	f	s	extralucide
extralucide	ADJ	m	p	extralucides
extrasensoriel	ADJ	f	p	extrasensorielles
extrasystole	NOM	f	p	extrasystoles
extraterritorial	ADJ	f	p	extraterritoriales
extraterritorial	ADJ	m	p	extraterritoriaux
extraterritorial	ADJ	m	s	extraterritorial
extravasation	NOM	f	p	extravasations
extraverti	ADJ	f	p	extraverties
extraverti	ADJ	m	p	extravertis
extraverti	NOM	m	p	extravertis
extroverti	ADJ	f	p	extroverties
extroverti	ADJ	m	p	extrovertis
extrusion	NOM	f	p	extrusions
extrémisme	NOM	m	p	extrémismes
exténuation	NOM	f	p	exténuations
extériorisation	NOM	f	p	extériorisations
extériorité	NOM	f	p	extériorités
exultation	NOM	f	p	exultations
exécutif	ADJ	f	p	exécutives
exécutoire	ADJ	f	p	exécutoires
exécutoire	ADJ	m	p	exécutoires
exécutoire	ADJ	m	s	exécutoire
fabien	NOM	m	s	fabien
fabulateur	ADJ	f	p	fabulatrices
fabulateur	ADJ	f	s	fabulatrice
fabulateur	ADJ	m	p	fabulateurs
fabuleux	ADJ	m	p	fabuleux
fabuleux	ADJ	m	s	fabuleux
facho	ADJ	f	p	fachos
facho	ADJ	f	s	facho
facilitateur	ADJ	f	p	facilitatrices
facilitateur	ADJ	f	s	facilitatrice
facilitateur	ADJ	m	p	facilitateurs
facilitateur	NOM	m	p	facilitateurs
facilitation	NOM	f	p	facilitations
faconde	NOM	f	p	facondes
factor	NOM	m	p	factors
factorisation	NOM	f	p	factorisations
factuel	ADJ	f	s	factuelle
facturation	NOM	f	p	facturations
facturette	NOM	f	p	facturettes
facturier	NOM	m	p	facturiers
facturé	ADJ	f	p	facturées
facultatif	ADJ	f	p	facultatives
facétieux	ADJ	m	p	facétieux
fada	ADJ	f	p	fada
fada	ADJ	f	s	fada
fada	ADJ	m	p	fada
fadasse	ADJ	f	s	fadasse
fadasse	ADJ	m	p	fadasses
fadasse	ADJ	m	s	fadasse
fade	NOM	m	s	fade
fadette	NOM	f	p	fadettes
fading	NOM	m	p	fadings
fado	NOM	m	p	fados
fadé	ADJ	f	p	fadées
fadé	ADJ	m	p	fadés
faena	NOM	f	p	faenas
fagotage	NOM	m	p	fagotages
fagotier	NOM	m	s	fagotier
faiblard	ADJ	f	p	faiblardes
faiblissant	ADJ	m	p	faiblissants
faiblissant	ADJ	m	s	faiblissant
faignant	ADJ	f	p	faignantes
faignant	ADJ	m	s	faignant
failli	ADJ	f	p	faillies
failli	ADJ	f	s	faillie
failli	ADJ	m	p	faillis
faillible	ADJ	f	p	faillibles
faillible	ADJ	f	s	faillible
faillible	ADJ	m	s	faillible
faine	NOM	f	p	faines
fainéantise	NOM	f	p	fainéantises
faisabilité	NOM	f	p	faisabilités
faisanderie	NOM	f	p	faisanderies
falerne	NOM	m	p	falernes
fallacieux	ADJ	m	p	fallacieux
fallacieux	ADJ	m	s	fallacieux
falsification	NOM	f	p	falsifications
faluche	NOM	f	p	faluches
fameux	ADJ	m	p	fameux
fameux	ADJ	m	s	fameux
familistère	NOM	m	p	familistères
fana	ADJ	f	p	fanas
fana	ADJ	f	s	fana
fanchon	NOM	f	p	fanchons
fandango	NOM	m	p	fandangos
fanfan	NOM	m	p	fanfans
fangeux	ADJ	m	p	fangeux
fangeux	ADJ	m	s	fangeux
fanny	ADJ	f	p	fanny
fanny	ADJ	m	p	fanny
fanny	ADJ	m	s	fanny
fantasia	NOM	f	p	fantasias
fantasmagorique	ADJ	f	p	fantasmagoriques
fantasmagorique	ADJ	f	s	fantasmagorique
fantasmagorique	ADJ	m	p	fantasmagoriques
fantasmatique	ADJ	f	p	fantasmatiques
fantasmatique	ADJ	m	p	fantasmatiques
fantasmatique	ADJ	m	s	fantasmatique
fantomal	ADJ	m	p	fantomaux
fantomal	ADJ	m	s	fantomal
far	NOM	m	p	fars
faramineux	ADJ	m	p	faramineux
faramineux	ADJ	m	s	faramineux
faraud	ADJ	f	p	faraudes
farceur	ADJ	f	p	farceuses
farfouilleur	ADJ	f	p	farfouilleuses
farfouilleur	ADJ	f	s	farfouilleuse
farfouilleur	ADJ	m	s	farfouilleur
farigoule	NOM	f	p	farigoules
farineux	ADJ	m	p	farineux
farniente	NOM	m	p	farnientes
faro	NOM	m	p	faros
farsi	NOM	m	p	farsis
fart	NOM	m	p	farts
fascia	NOM	m	p	fascias
fascisme	NOM	m	p	fascismes
fashion	NOM	f	p	fashions
fashionable	ADJ	f	p	fashionables
fashionable	ADJ	f	s	fashionable
fashionable	ADJ	m	p	fashionables
fastidieux	ADJ	m	p	fastidieux
fastidieux	ADJ	m	s	fastidieux
fastoche	ADJ	f	p	fastoches
fastoche	ADJ	f	s	fastoche
fastoche	ADJ	m	p	fastoches
fastueux	ADJ	m	p	fastueux
fastueux	ADJ	m	s	fastueux
fat	ADJ	f	p	fates
fatalisme	NOM	m	p	fatalismes
fataliste	ADJ	f	p	fatalistes
fataliste	ADJ	f	s	fataliste
fataliste	ADJ	m	s	fataliste
fatuité	NOM	f	p	fatuités
fatum	NOM	m	p	fatums
faubert	NOM	m	p	fauberts
fauchage	NOM	m	p	fauchages
fauchaison	NOM	f	p	fauchaisons
fauchard	NOM	m	p	fauchards
fauchon	NOM	m	p	fauchons
faucillon	NOM	m	p	faucillons
fauconneau	NOM	m	p	fauconneaux
fauconnerie	NOM	f	p	fauconneries
faufil	NOM	m	p	faufils
faunesque	ADJ	f	p	faunesques
faunesque	ADJ	m	p	faunesques
faunesque	ADJ	m	s	faunesque
faunesse	NOM	f	p	faunes
faunesse	NOM	f	p	faunesses
fausseté	NOM	f	p	faussetés
faustien	ADJ	f	p	faustiennes
faustien	ADJ	m	p	faustiens
fauverie	NOM	f	p	fauveries
fauvisme	NOM	m	p	fauvismes
faux	ADJ	m	p	faux
faux	ADJ	m	s	faux
favoritisme	NOM	m	p	favoritismes
fayotage	NOM	m	p	fayotages
fazenda	NOM	f	p	fazendas
faîte	NOM	m	p	faîtes
faîtier	ADJ	m	p	faîtiers
faîtier	ADJ	m	s	faîtier
faîtière	NOM	f	p	faîtières
faïencerie	NOM	f	p	faïenceries
fedayin	NOM	m	p	fedayins
feedback	NOM	m	p	feedbacks
feeder	NOM	m	p	feeders
feignant	ADJ	f	p	feignantes
feinteur	NOM	m	p	feinteurs
feintise	NOM	f	p	feintises
feldspath	NOM	m	p	feldspaths
fellinien	ADJ	f	p	felliniennes
fellinien	ADJ	m	p	felliniens
fellinien	ADJ	m	s	fellinien
fellinien	NOM	m	p	felliniens
fendant	ADJ	f	p	fendantes
fendant	ADJ	f	s	fendante
fendant	NOM	m	p	fendants
fendard	ADJ	m	p	fendards
fendard	NOM	m	p	fendards
fendillé	ADJ	m	p	fendillés
fendoir	NOM	m	p	fendoirs
fenestrage	NOM	m	s	fenestrage
fenestrelle	NOM	f	p	fenestrelles
fenian	NOM	m	s	fenian
fenouil	NOM	m	p	fenouils
fenton	NOM	m	p	fentons
fenugrec	NOM	m	p	fenugrecs
ferblanterie	NOM	f	p	ferblanteries
fermant	ADJ	f	p	fermantes
fermant	ADJ	f	s	fermante
fermant	ADJ	m	p	fermants
fermette	NOM	f	p	fermettes
fermeté	NOM	f	p	fermetés
fermi	NOM	m	p	fermis
fermier	ADJ	f	p	fermières
fermion	NOM	m	s	fermion
fermium	NOM	m	p	fermiums
ferraillement	NOM	m	p	ferraillements
ferret	NOM	m	s	ferret
ferreux	ADJ	f	p	ferreuses
ferreux	ADJ	m	p	ferreux
ferreux	ADJ	m	s	ferreux
ferrique	ADJ	f	p	ferriques
ferrique	ADJ	f	s	ferrique
ferrique	ADJ	m	s	ferrique
ferrocyanure	NOM	m	p	ferrocyanures
ferrocérium	NOM	m	p	ferrocériums
ferrugineux	ADJ	m	p	ferrugineux
ferrugineux	ADJ	m	s	ferrugineux
fertilisable	ADJ	f	p	fertilisables
fertilisable	ADJ	f	s	fertilisable
fertilisable	ADJ	m	p	fertilisables
fertilisant	ADJ	f	p	fertilisantes
fertilisant	ADJ	f	s	fertilisante
fertilisant	ADJ	m	p	fertilisants
fertilisant	NOM	m	p	fertilisants
fertilisation	NOM	f	p	fertilisations
fertilité	NOM	f	p	fertilités
ferté	NOM	f	p	fertés
fesseur	NOM	m	p	fesseurs
fessu	ADJ	m	p	fessus
festif	ADJ	m	p	festifs
festivalier	NOM	m	p	festivaliers
festonnement	NOM	m	s	festonnement
feu	ADJ	f	p	feues
feu	ADJ	m	p	feus
feu	ADJ	m	p	feux
feudataire	NOM	m	p	feudataires
feuillaison	NOM	f	p	feuillaisons
feuillantine	NOM	f	s	feuillantine
feuilletage	NOM	m	p	feuilletages
feurre	NOM	m	p	feurres
feutrine	NOM	f	p	feutrines
fez	NOM	m	p	fez
fiabilité	NOM	f	p	fiabilités
fiat	NOM	m	p	fiat
fibreux	ADJ	m	p	fibreux
fibreux	ADJ	m	s	fibreux
fibrillation	NOM	f	p	fibrillations
fibrilleux	ADJ	f	p	fibrilleuses
fibrilleux	ADJ	f	s	fibrilleuse
fibrilleux	ADJ	m	p	fibrilleux
fibrillé	NOM	m	p	fibrillés
fibrine	NOM	f	p	fibrines
fibrinogène	NOM	m	p	fibrinogènes
fibrociment	NOM	m	p	fibrociments
fibromateux	ADJ	f	p	fibromateuses
fibromateux	ADJ	m	p	fibromateux
fibromateux	ADJ	m	s	fibromateux
fibroscope	NOM	m	p	fibroscopes
fibroscopie	NOM	f	p	fibroscopies
fibrose	NOM	f	p	fibroses
fibré	ADJ	f	p	fibrées
fibré	ADJ	f	s	fibrée
fibré	ADJ	m	p	fibrés
fibule	NOM	f	p	fibules
fic	NOM	m	p	fics
ficaire	NOM	f	s	ficaire
fichage	NOM	m	p	fichages
fichant	ADJ	f	p	fichantes
fichant	ADJ	f	s	fichante
fichant	ADJ	m	p	fichants
fictionnel	ADJ	f	p	fictionnelles
fictionnel	ADJ	f	s	fictionnelle
fictionnel	ADJ	m	p	fictionnels
fiduciaire	ADJ	f	s	fiduciaire
fiduciaire	ADJ	m	p	fiduciaires
fiduciaire	ADJ	m	s	fiduciaire
fiducie	NOM	f	p	fiducies
fieffé	ADJ	f	p	fieffées
fiel	NOM	m	p	fiels
fielleux	ADJ	m	p	fielleux
fielleux	ADJ	m	s	fielleux
fienteux	ADJ	m	s	fienteux
fieu	NOM	m	p	fieux
fieux	NOM	m	s	fieux
fifille	NOM	f	p	fifilles
fifty	NOM	m	p	fifties
fifty	NOM	m	p	fiftys
fignoleur	NOM	m	p	fignoleurs
filage	NOM	m	p	filages
filaire	ADJ	f	p	filaires
filaire	ADJ	m	p	filaires
filaire	ADJ	m	s	filaire
filandre	NOM	f	s	filandre
filandreux	ADJ	m	p	filandreux
filandreux	ADJ	m	s	filandreux
filant	ADJ	m	p	filants
filao	NOM	m	s	filao
filariose	NOM	f	p	filarioses
filetage	NOM	m	p	filetages
fileté	ADJ	f	p	filetées
fileté	ADJ	m	p	filetés
fileur	NOM	m	p	fileurs
fillasse	NOM	f	s	fillasse
fillér	NOM	m	p	fillér
filmage	NOM	m	p	filmages
filmographie	NOM	f	p	filmographies
filmothèque	NOM	f	p	filmothèques
filoche	NOM	f	p	filoches
filoguidé	ADJ	f	p	filoguidées
filoguidé	ADJ	f	s	filoguidée
filoguidé	ADJ	m	p	filoguidés
filoselle	NOM	f	p	filoselles
filtrage	NOM	m	p	filtrages
filtrant	ADJ	f	s	filtrante
filé	ADJ	f	p	filées
finage	NOM	m	p	finages
finalisation	NOM	f	p	finalisations
finaud	ADJ	f	p	finaudes
finette	NOM	f	p	finettes
finish	NOM	m	p	finish
finish	NOM	m	p	finishs
finisseur	NOM	m	p	finisseurs
finitude	NOM	f	p	finitudes
finlandais	ADJ	m	p	finlandais
finlandais	ADJ	m	s	finlandais
finlandisation	NOM	f	p	finlandisations
fioul	NOM	m	p	fiouls
fisc	NOM	m	p	fiscs
fiscalité	NOM	f	p	fiscalités
fission	NOM	f	p	fissions
fixage	NOM	m	p	fixages
fixateur	ADJ	f	p	fixatrices
fixateur	ADJ	f	s	fixatrice
fixateur	ADJ	m	p	fixateurs
fixateur	NOM	m	p	fixateurs
fixatif	NOM	m	p	fixatifs
fixette	NOM	f	p	fixettes
fixing	NOM	m	p	fixings
fixité	NOM	f	p	fixités
fiérot	ADJ	f	p	fiérotes
fiérot	NOM	m	p	fiérots
fiévreux	ADJ	m	p	fiévreux
fiévreux	ADJ	m	s	fiévreux
flaccidité	NOM	f	p	flaccidités
flafla	NOM	m	p	flaflas
flagellateur	NOM	m	p	flagellateurs
flagelle	NOM	m	p	flagelles
flagellé	NOM	m	p	flagellés
flagorneur	ADJ	f	p	flagorneuses
flagorneur	ADJ	m	p	flagorneurs
flagorneur	ADJ	m	s	flagorneur
flagrance	NOM	f	p	flagrances
flair	NOM	m	p	flairs
flambard	NOM	m	p	flambards
flambe	NOM	f	p	flambes
flamberge	NOM	f	p	flamberges
flamberge	NOM	f	p	flambes
flamboyance	NOM	f	p	flamboyances
flambé	ADJ	f	p	flambées
flambé	ADJ	f	s	flambée
flamenco	ADJ	f	p	flamencas
flamenco	ADJ	f	p	flamencos
flamenco	ADJ	f	s	flamenca
flamenco	ADJ	f	s	flamenco
flamenco	NOM	m	p	flamencos
flamine	NOM	m	p	flamines
flammé	ADJ	f	p	flammées
flanchet	NOM	m	p	flanchets
flandrin	NOM	m	p	flandrins
flanquement	NOM	m	p	flanquements
flashage	NOM	m	p	flashages
flasheur	NOM	m	p	flasheurs
flatulent	ADJ	f	p	flatulentes
flatulent	ADJ	f	s	flatulente
flatuosité	NOM	f	p	flatuosités
flaveur	NOM	f	p	flaveurs
flegmatique	ADJ	f	p	flegmatiques
flegmatique	ADJ	f	s	flegmatique
flegmatisme	NOM	m	p	flegmatismes
flegme	NOM	m	p	flegmes
flemmardise	NOM	f	p	flemmardises
flemme	NOM	f	p	flemmes
fleurage	NOM	m	p	fleurages
fleurdelisé	ADJ	f	p	fleurdelisées
fleurissant	ADJ	f	p	fleurissantes
fleurissant	ADJ	f	s	fleurissante
fleurissant	ADJ	m	p	fleurissants
fleurissement	NOM	m	p	fleurissements
fleuronné	ADJ	f	p	fleuronnées
fleuronné	ADJ	m	p	fleuronnés
fleuronné	ADJ	m	s	fleuronné
flexibilité	NOM	f	p	flexibilités
flexuosité	NOM	f	p	flexuosités
flibuste	NOM	f	p	flibustes
flicage	NOM	m	p	flicages
flint	NOM	m	p	flints
fliqué	ADJ	f	p	fliquées
fliqué	ADJ	f	s	fliquée
flirteur	ADJ	m	p	flirteurs
flirteur	NOM	m	p	flirteurs
floche	ADJ	m	p	floches
floche	ADJ	m	s	floche
floconneux	ADJ	m	p	floconneux
floconneux	ADJ	m	s	floconneux
floculation	NOM	f	p	floculations
florence	NOM	f	p	florences
florilège	NOM	m	p	florilèges
floréal	NOM	m	p	floréals
flottabilité	NOM	f	p	flottabilités
flottage	NOM	m	p	flottages
flottation	NOM	f	p	flottations
flouerie	NOM	f	p	floueries
flouse	NOM	m	p	flouses
flouve	NOM	f	p	flouves
flouze	NOM	m	p	flouzes
fluctuant	ADJ	f	p	fluctuantes
fluctuant	ADJ	m	p	fluctuants
fluence	NOM	f	p	fluences
fluidifiant	NOM	m	p	fluidifiants
fluidité	NOM	f	p	fluidités
fluor	NOM	m	p	fluors
fluorescence	NOM	f	p	fluorescences
fluorescéine	NOM	f	p	fluorescéines
fluorhydrique	ADJ	f	p	fluorhydriques
fluorhydrique	ADJ	f	s	fluorhydrique
fluorhydrique	ADJ	m	p	fluorhydriques
fluorite	NOM	f	p	fluorites
fluorure	NOM	m	p	fluorures
fluoré	ADJ	f	p	fluorées
fluoré	ADJ	m	p	fluorés
fluoré	ADJ	m	s	fluoré
flush	NOM	m	p	flushes
flush	NOM	m	p	flushs
fluviatile	ADJ	f	p	fluviatiles
fluviatile	ADJ	f	s	fluviatile
fluviatile	ADJ	m	p	fluviatiles
fluxion	NOM	f	p	fluxions
flâne	NOM	f	p	flânes
flâneuse	NOM	f	p	flâneuses
fléchisseur	ADJ	f	p	fléchisseuses
fléchisseur	ADJ	f	s	fléchisseuse
fléchisseur	ADJ	m	p	fléchisseurs
fléole	NOM	f	p	fléoles
flétrissant	ADJ	f	p	flétrissantes
flétrissant	ADJ	f	s	flétrissante
flétrissant	ADJ	m	p	flétrissants
flétrissement	NOM	m	p	flétrissements
flûtiau	NOM	m	p	flûtiaux
flûté	ADJ	f	p	flûtées
focale	NOM	f	p	focales
focalisation	NOM	f	p	focalisations
foehn	NOM	m	p	foehns
foi	NOM	f	p	fois
foireux	ADJ	m	p	foireux
foireux	ADJ	m	s	foireux
fois	NOM	f	s	fois
foison	NOM	f	p	foisons
foisonnant	ADJ	m	p	foisonnants
foisonnement	NOM	m	p	foisonnements
folasse	NOM	f	p	folasses
foldingue	ADJ	f	s	foldingue
foldingue	ADJ	m	p	foldingues
foldingue	ADJ	m	s	foldingue
foliacé	ADJ	f	p	foliacées
foliacé	ADJ	m	p	foliacés
foliacé	ADJ	m	s	foliacé
folichon	ADJ	m	p	folichons
folichonnerie	NOM	f	s	folichonnerie
foliole	NOM	f	s	foliole
folique	ADJ	f	p	foliques
folique	ADJ	f	s	folique
folique	ADJ	m	p	foliques
follet	NOM	m	p	follets
folliculaire	ADJ	f	p	folliculaires
folliculaire	ADJ	m	p	folliculaires
folliculaire	ADJ	m	s	folliculaire
folliculaire	NOM	m	s	folliculaire
folliculite	NOM	f	p	folliculites
folâtrerie	NOM	f	s	folâtrerie
fomentateur	NOM	m	s	fomentateur
fonceur	ADJ	f	p	fonceuses
foncier	NOM	m	p	fonciers
foncteur	NOM	m	p	foncteurs
fonctionnaliste	ADJ	f	p	fonctionnalistes
fonctionnaliste	ADJ	m	p	fonctionnalistes
fonctionnaliste	ADJ	m	s	fonctionnaliste
fonctionnalité	NOM	f	p	fonctionnalités
fonctionnement	NOM	m	p	fonctionnements
fond	NOM	m	p	fonds
fondamentalisme	NOM	m	p	fondamentalismes
fondeur	NOM	m	p	fondeurs
fondouk	NOM	m	p	fondouks
fondu	ADJ	f	p	fondues
fondu	ADJ	f	s	fondue
fongicide	NOM	m	p	fongicides
fongueux	ADJ	m	p	fongueux
fongueux	ADJ	m	s	fongueux
fontainier	NOM	m	p	fontainiers
fontanelle	NOM	f	p	fontanelles
foot	NOM	m	p	feet
foot	NOM	m	p	foots
football	NOM	m	p	footballs
footballistique	ADJ	m	p	footballistiques
footballistique	ADJ	m	s	footballistique
footing	NOM	m	p	footings
for	NOM	m	p	fors
foramen	NOM	m	p	foramens
forcement	NOM	m	p	forcements
forcing	NOM	m	p	forcings
foreur	ADJ	f	p	foreuses
foreur	ADJ	f	s	foreuse
forfaitaire	ADJ	f	s	forfaitaire
forfaitaire	ADJ	m	p	forfaitaires
forfaitaire	ADJ	m	s	forfaitaire
forfaiture	NOM	f	p	forfaitures
forgeage	NOM	m	p	forgeages
forgerie	NOM	f	s	forgerie
forgeur	NOM	m	p	forgeurs
forint	NOM	m	s	forint
forlane	NOM	f	p	forlanes
formage	NOM	m	p	formages
formaldéhyde	NOM	m	p	formaldéhydes
formalisme	NOM	m	p	formalismes
formaliste	ADJ	f	s	formaliste
formaliste	ADJ	m	p	formalistes
formalisé	ADJ	f	p	formalisées
formalisé	ADJ	f	s	formalisée
formalisé	ADJ	m	p	formalisés
formant	NOM	m	p	formants
formatage	NOM	m	p	formatages
formateur	ADJ	m	p	formateurs
formateur	NOM	m	p	formateurs
formique	ADJ	f	p	formiques
formique	ADJ	f	s	formique
formique	ADJ	m	p	formiques
formol	NOM	m	p	formols
formulette	NOM	f	s	formulette
forsythia	NOM	m	s	forsythia
fortifiant	ADJ	f	p	fortifiantes
fortifiant	ADJ	f	s	fortifiante
fortissimo	NOM	m	p	fortissimo
fortissimo	NOM	m	p	fortissimos
fortitude	NOM	f	p	fortitudes
fortraiture	NOM	f	p	fortraitures
forçage	NOM	m	p	forçages
fossilisation	NOM	f	p	fossilisations
fossoyeuse	NOM	f	p	fossoyeuses
fouace	NOM	f	s	fouace
fouaille	NOM	f	p	fouailles
foudroiement	NOM	m	p	foudroiements
fouettard	ADJ	f	p	fouettardes
fouettard	ADJ	f	s	fouettarde
fouetteur	ADJ	f	p	fouetteuses
fouetteur	ADJ	f	s	fouetteuse
fouetteur	ADJ	m	s	fouetteur
foufou	ADJ	f	p	fofolles
foufou	ADJ	f	s	fofolle
fougasse	NOM	f	p	fougasses
fougueux	ADJ	m	p	fougueux
fougueux	ADJ	m	s	fougueux
fouilleur	ADJ	f	p	fouilleuses
fouilleur	ADJ	f	s	fouilleuse
fouinard	ADJ	f	p	fouinardes
fouinard	ADJ	f	s	fouinarde
fouinard	ADJ	m	s	fouinard
fouineur	ADJ	f	p	fouineuses
foulage	NOM	m	p	foulages
foulant	ADJ	f	p	foulantes
foulant	ADJ	f	s	foulante
foulant	ADJ	m	p	foulants
fouleur	NOM	m	p	fouleurs
fouloir	NOM	m	p	fouloirs
foulon	NOM	m	p	foulons
fourbe	ADJ	f	p	fourbes
fourbe	ADJ	f	s	fourbe
fourbe	ADJ	m	s	fourbe
fourbi	ADJ	f	p	fourbies
fourbi	ADJ	f	s	fourbie
fourchée	NOM	f	p	fourchées
fourmilier	NOM	m	p	fourmiliers
fourmilion	NOM	m	p	fourmilions
fourmilière	NOM	f	s	fourmilière
fourmillant	ADJ	f	p	fourmillantes
fournier	NOM	m	p	fourniers
fournil	NOM	m	p	fournils
fourrager	ADJ	m	p	fourragers
fourrageur	NOM	m	s	fourrageur
fourre	NOM	f	p	fourres
fourrière	NOM	f	p	fourrières
fourvoyé	ADJ	f	s	fourvoyée
foutral	ADJ	f	p	foutrales
foutral	ADJ	m	p	foutrals
foutraque	ADJ	f	p	foutraques
foutraque	ADJ	f	s	foutraque
foutraque	ADJ	m	p	foutraques
foutre	NOM	m	p	foutres
foyer	ADJ	f	p	foyères
foyer	ADJ	f	s	foyère
foëne	NOM	f	p	foënes
fractal	ADJ	m	p	fractals
fractionnel	ADJ	f	s	fractionnelle
fractionnel	ADJ	m	p	fractionnels
fractionnement	NOM	m	p	fractionnements
fractionné	ADJ	m	p	fractionnés
fractionné	ADJ	m	s	fractionné
fragilisé	ADJ	f	p	fragilisées
fragilisé	ADJ	f	s	fragilisée
fragmentation	NOM	f	p	fragmentations
fragrant	ADJ	f	p	fragrantes
fragrant	ADJ	f	s	fragrante
fragrant	ADJ	m	p	fragrants
frai	NOM	m	p	frais
frairie	NOM	f	p	frairies
frais	ADJ	m	p	frais
frais	ADJ	m	s	frais
fraisil	NOM	m	p	fraisils
franchisage	NOM	m	p	franchisages
franchouillard	ADJ	f	p	franchouillardes
franchouillard	ADJ	m	p	franchouillards
francisation	NOM	f	p	francisations
franciscain	ADJ	f	p	franciscaines
francité	NOM	f	p	francités
francophilie	NOM	f	p	francophilies
francophobie	NOM	f	p	francophobies
francophone	ADJ	f	p	francophones
francophone	ADJ	f	s	francophone
francophone	ADJ	m	s	francophone
francophonie	NOM	f	p	francophonies
frangipanier	NOM	m	s	frangipanier
franquette	NOM	f	p	franquettes
franquisme	NOM	m	p	franquismes
français	ADJ	m	p	français
français	ADJ	m	s	français
français	NOM	m	p	français
frappadingue	ADJ	f	p	frappadingues
frappadingue	ADJ	f	s	frappadingue
frater	NOM	m	p	fraters
fraternisation	NOM	f	p	fraternisations
fraudeur	ADJ	f	p	fraudeuses
fraudeur	ADJ	m	p	fraudeurs
fraudeur	ADJ	m	s	fraudeur
frauduleux	ADJ	m	p	frauduleux
frauduleux	ADJ	m	s	frauduleux
frayée	NOM	f	p	frayées
fredaine	NOM	f	s	fredaine
fredonnement	NOM	m	p	fredonnements
freelance	NOM	f	p	freelances
freezer	NOM	m	p	freezers
freineur	NOM	m	s	freineur
frette	NOM	f	p	frettes
freudisme	NOM	m	p	freudismes
friabilité	NOM	f	p	friabilités
fricatif	ADJ	f	p	fricatives
fricatif	ADJ	f	s	fricative
fricatif	ADJ	m	p	fricatifs
fricative	NOM	f	s	fricative
frigide	ADJ	f	s	frigide
frigide	ADJ	m	p	frigides
frigide	ADJ	m	s	frigide
frigidité	NOM	f	p	frigidités
frigorifique	ADJ	f	s	frigorifique
frigorifique	ADJ	m	p	frigorifiques
frigorifique	NOM	m	s	frigorifique
frigorigène	ADJ	f	p	frigorigènes
frigorigène	ADJ	f	s	frigorigène
frigorigène	ADJ	m	p	frigorigènes
frigorigène	NOM	m	p	frigorigènes
frileux	ADJ	m	p	frileux
frileux	ADJ	m	s	frileux
frilosité	NOM	f	p	frilosités
frimaire	NOM	m	p	frimaires
frimeur	ADJ	f	p	frimeuses
fringillidé	NOM	m	p	fringillidés
friperie	NOM	f	p	friperies
fripon	ADJ	f	p	friponnes
friponnerie	NOM	f	p	friponneries
frisant	ADJ	f	p	frisantes
frisbee	NOM	m	p	frisbees
friseur	NOM	m	p	friseurs
frison	ADJ	m	p	frisons
frisottant	ADJ	f	p	frisottantes
frisottant	ADJ	f	s	frisottante
frisotté	ADJ	f	p	frisottées
frisotté	ADJ	m	p	frisottés
frisou	NOM	m	s	frisou
frisquet	ADJ	f	p	frisquettes
frisquet	ADJ	m	p	frisquets
fritillaire	NOM	f	s	fritillaire
friton	NOM	m	s	friton
friturier	NOM	m	p	frituriers
fromager	ADJ	f	p	fromagères
fromagerie	NOM	f	p	fromageries
fromegi	NOM	m	p	fromegis
froment	NOM	m	p	froments
fromental	NOM	m	p	fromentaux
frondeur	ADJ	f	p	frondeuses
frondeur	NOM	m	s	frondeur
frontal	ADJ	f	p	frontales
frontal	NOM	m	p	frontal
frontal	NOM	m	p	frontals
frontal	NOM	m	p	frontaux
fronteau	NOM	m	p	fronteaux
frottant	ADJ	f	p	frottantes
frottant	ADJ	f	s	frottante
frottant	ADJ	m	p	frottants
frotteur	ADJ	f	p	frotteuses
frotteur	ADJ	f	s	frotteuse
frottin	NOM	m	p	frottins
frotton	NOM	m	s	frotton
frotté	ADJ	f	p	frottées
frotté	ADJ	f	s	frottée
frottée	NOM	f	s	frottée
froufroutement	NOM	m	p	froufroutements
froussard	ADJ	f	p	froussardes
fructidor	NOM	m	p	fructidors
fructification	NOM	f	p	fructifications
fructose	NOM	m	p	fructoses
fructueux	ADJ	m	p	fructueux
fructueux	ADJ	m	s	fructueux
frugalité	NOM	f	p	frugalités
fruiterie	NOM	f	s	fruiterie
frusque	NOM	f	s	frusque
frustrant	ADJ	m	p	frustrants
fréon	NOM	m	p	fréons
fréquentable	ADJ	f	p	fréquentables
fréquentable	ADJ	f	s	fréquentable
frôleur	NOM	m	s	frôleur
fuel	NOM	m	p	fuels
fugacité	NOM	f	p	fugacités
fugué	ADJ	f	s	fuguée
fugué	ADJ	m	p	fugués
fugué	ADJ	m	s	fugué
fuie	NOM	f	p	fuies
fulgore	NOM	m	s	fulgore
fuligineux	ADJ	m	p	fuligineux
fuligineux	ADJ	m	s	fuligineux
fuligule	NOM	m	p	fuligules
fullerène	NOM	m	p	fullerènes
fulmicoton	NOM	m	p	fulmicotons
fulminate	NOM	m	p	fulminates
fumage	NOM	m	p	fumages
fumaison	NOM	f	p	fumaisons
fumerole	NOM	f	s	fumerole
fumette	NOM	f	p	fumettes
fumeur	ADJ	m	p	fumeurs
fumeur	ADJ	m	s	fumeur
fumigateur	NOM	m	p	fumigateurs
fumoir	NOM	m	p	fumoirs
fumure	NOM	f	p	fumures
fun	NOM	m	p	funs
furetage	NOM	m	p	furetages
fureteur	NOM	m	s	fureteur
furette	NOM	f	p	furettes
furia	NOM	f	p	furias
furibard	ADJ	m	p	furibards
furieux	ADJ	m	p	furieux
furieux	ADJ	m	s	furieux
furioso	ADJ	f	p	furioso
furioso	ADJ	f	s	furioso
furioso	ADJ	m	p	furioso
furtivité	NOM	f	p	furtivités
fusant	ADJ	f	p	fusantes
fusiforme	ADJ	f	p	fusiformes
fusiforme	ADJ	f	s	fusiforme
fusiforme	ADJ	m	p	fusiformes
fusilleur	NOM	m	s	fusilleur
fusionnel	ADJ	f	p	fusionnelles
fusionnel	ADJ	m	p	fusionnels
fusionnement	NOM	m	p	fusionnements
fustanelle	NOM	f	p	fustanelles
futaine	NOM	f	p	futaines
futurisme	NOM	m	p	futurismes
fuyard	ADJ	f	p	fuyardes
fuégien	NOM	m	p	fuégiens
fâcheux	ADJ	m	p	fâcheux
fâcheux	ADJ	m	s	fâcheux
féal	ADJ	f	p	féales
féal	ADJ	f	s	féale
fébrilité	NOM	f	p	fébrilités
fécalome	NOM	m	p	fécalomes
fécondant	ADJ	f	p	fécondantes
fécondant	ADJ	m	p	fécondants
fécondateur	NOM	m	p	fécondateurs
fécondité	NOM	f	p	fécondités
fécule	NOM	f	p	fécules
féculent	ADJ	f	p	féculentes
féculent	ADJ	f	s	féculente
féculent	ADJ	m	s	féculent
fédéralisme	NOM	m	p	fédéralismes
fédérateur	ADJ	f	p	fédératrices
fédérateur	ADJ	f	s	fédératrice
fédérateur	ADJ	m	p	fédérateurs
fédérateur	NOM	m	p	fédérateurs
fédératif	ADJ	f	p	fédératives
fédératif	ADJ	m	p	fédératifs
fédératif	ADJ	m	s	fédératif
félibrige	NOM	m	p	félibriges
félidé	NOM	m	p	félidés
félinité	NOM	f	p	félinités
félon	ADJ	f	p	félonnes
félonie	NOM	f	p	félonies
féminisation	NOM	f	p	féminisations
féminisme	NOM	m	p	féminismes
fénelonien	ADJ	f	p	féneloniennes
fénelonien	ADJ	m	p	féneloniens
fénelonien	ADJ	m	s	fénelonien
féodal	NOM	m	p	féodaux
féodalisme	NOM	m	p	féodalismes
féodalité	NOM	f	p	féodalités
férié	ADJ	f	p	fériées
férié	ADJ	f	s	fériée
férule	NOM	f	p	férules
fétichisation	NOM	f	s	fétichisation
fétidité	NOM	f	p	fétidités
féverole	NOM	f	s	féverole
fêle	NOM	f	p	fêles
gabare	NOM	f	p	gabares
gabarier	NOM	m	s	gabarier
gabbro	NOM	m	p	gabbros
gabegie	NOM	f	p	gabegies
gabelle	NOM	f	p	gabelles
gabelou	NOM	m	p	gabelous
gabonais	ADJ	f	p	gabonaises
gabonais	ADJ	m	p	gabonais
gade	NOM	m	p	gades
gadolinium	NOM	m	p	gadoliniums
gadouille	NOM	f	p	gadouilles
gaffeur	ADJ	f	s	gaffeuse
gagneur	ADJ	f	p	gagneuses
gagneur	ADJ	m	s	gagneur
gagé	ADJ	f	p	gagées
gagé	ADJ	f	s	gagée
gagé	ADJ	m	p	gagés
gaillardise	NOM	f	p	gaillardises
gaillet	NOM	m	p	gaillets
gainier	NOM	m	s	gainier
gainé	ADJ	f	s	gainée
gainé	ADJ	m	s	gainé
gal	NOM	m	p	gals
galago	NOM	m	p	galagos
galalithe	NOM	f	p	galalithes
galantin	NOM	m	s	galantin
galathée	NOM	f	p	galathées
galerne	NOM	f	s	galerne
galetouse	NOM	f	p	galetouses
galeux	ADJ	m	p	galeux
galeux	ADJ	m	s	galeux
galicien	ADJ	f	s	galicienne
galicien	ADJ	m	p	galiciens
galicien	ADJ	m	s	galicien
galiléen	ADJ	f	p	galiléennes
galiléen	ADJ	f	s	galiléenne
galiléen	ADJ	m	p	galiléens
galiléen	NOM	m	p	galiléen
galiléen	NOM	m	p	galiléens
gallican	ADJ	f	s	gallicane
gallican	ADJ	m	p	gallicans
gallican	ADJ	m	s	gallican
gallicanisme	NOM	m	p	gallicanismes
gallinacé	NOM	m	p	gallinacés
gallique	ADJ	f	p	galliques
gallique	ADJ	m	p	galliques
gallique	ADJ	m	s	gallique
gallium	NOM	m	p	galliums
gallois	ADJ	m	p	gallois
gallois	ADJ	m	s	gallois
galloise	NOM	f	p	galloises
galonnage	NOM	m	p	galonnages
galope	NOM	f	p	galopes
galoubet	NOM	m	p	galoubets
galuchat	NOM	m	p	galuchats
galurin	NOM	m	p	galurins
galvanique	ADJ	f	p	galvaniques
galvanique	ADJ	m	p	galvaniques
galvanique	ADJ	m	s	galvanique
galvanisme	NOM	m	p	galvanismes
galène	NOM	f	p	galènes
galère	NOM	f	s	galère
galéasse	NOM	f	s	galéasse
galéniste	NOM	m	p	galénistes
gamay	NOM	m	p	gamay
gamay	NOM	m	p	gamays
gambadant	ADJ	f	p	gambadantes
gambadant	ADJ	m	p	gambadants
gambadeur	NOM	m	s	gambadeur
gambe	NOM	f	p	gambes
gambilleur	NOM	m	s	gambilleur
gambit	NOM	m	p	gambits
gamelan	NOM	m	p	gamelans
gan	NOM	m	p	gans
ganache	NOM	f	p	ganaches
gandourah	NOM	f	p	gandourahs
gandourah	NOM	f	p	gandouras
ganglionnaire	ADJ	f	s	ganglionnaire
ganglionnaire	ADJ	m	p	ganglionnaires
ganglionnaire	ADJ	m	s	ganglionnaire
gangreneux	ADJ	f	p	gangreneuses
gangreneux	ADJ	f	s	gangreneuse
gangreneux	ADJ	m	p	gangreneux
gangrené	ADJ	f	s	gangrenée
gangstérisme	NOM	m	p	gangstérismes
ganterie	NOM	f	p	ganteries
gantier	NOM	m	p	gantiers
ganymède	NOM	m	s	ganymède
gap	NOM	m	p	gaps
gaperon	NOM	m	p	gaperons
garance	NOM	f	p	garances
garancière	NOM	f	p	garancières
garbure	NOM	f	p	garbures
gardiennage	NOM	m	p	gardiennages
gardois	ADJ	f	p	gardoises
gardois	ADJ	f	s	gardoise
gardois	ADJ	m	p	gardoises
gardénal	NOM	m	p	gardénals
garenne	NOM	f	s	garenne
gargamelle	NOM	f	p	gargamelles
gargantua	NOM	m	p	gargantuas
gargantuesque	ADJ	f	p	gargantuesques
gargantuesque	ADJ	f	s	gargantuesque
gargantuesque	ADJ	m	s	gargantuesque
gargousse	NOM	f	s	gargousse
garibaldien	ADJ	f	p	garibaldiennes
garibaldien	ADJ	f	s	garibaldienne
garibaldien	NOM	m	s	garibaldien
garnissage	NOM	m	p	garnissages
garou	NOM	m	p	garous
garrotte	NOM	f	p	garrottes
garçonne	NOM	f	p	garçonnes
garçonnier	ADJ	f	p	garçonnières
gascon	ADJ	f	p	gasconnes
gasoil	NOM	m	p	gasoils
gaspacho	NOM	m	p	gaspachos
gaspilleur	ADJ	f	p	gaspilleuses
gaspilleur	ADJ	m	p	gaspilleurs
gaspilleur	NOM	m	s	gaspilleur
gaster	NOM	m	p	gasters
gastrectomie	NOM	f	p	gastrectomies
gastronomie	NOM	f	p	gastronomies
gastrula	NOM	f	p	gastrulas
gatte	NOM	f	p	gattes
gaucher	ADJ	f	p	gauchères
gauchisant	ADJ	m	p	gauchisants
gauchisant	ADJ	m	s	gauchisant
gauchissement	NOM	m	p	gauchissements
gaufrier	NOM	m	p	gaufriers
gauleiter	NOM	m	p	gauleiters
gaullisme	NOM	m	p	gaullismes
gaulois	ADJ	m	p	gaulois
gaulois	ADJ	m	s	gaulois
gauloiserie	NOM	f	s	gauloiserie
gaulthérie	NOM	f	p	gaulthéries
gaulée	NOM	f	p	gaulées
gaupe	NOM	f	p	gaupes
gavage	NOM	m	p	gavages
gavial	NOM	m	p	gavials
gaviot	NOM	m	p	gaviots
gavroche	ADJ	f	p	gavroches
gavroche	ADJ	f	s	gavroche
gavroche	ADJ	m	p	gavroches
gay	ADJ	f	p	gays
gay	ADJ	f	s	gay
gayac	NOM	m	p	gayacs
gazage	NOM	m	p	gazages
gazeux	ADJ	m	p	gazeux
gazeux	ADJ	m	s	gazeux
gazier	ADJ	f	p	gazières
gazier	ADJ	f	s	gazière
gazier	ADJ	m	p	gaziers
gazoduc	NOM	m	p	gazoducs
gazole	NOM	m	p	gazoles
gazoline	NOM	f	p	gazolines
gazomètre	NOM	m	p	gazomètres
gazométrie	NOM	f	p	gazométries
gazonné	ADJ	f	p	gazonnées
gazonné	ADJ	m	p	gazonnés
gazouillant	ADJ	f	p	gazouillantes
gazouilleur	ADJ	f	p	gazouilleuses
gazouilleur	ADJ	f	s	gazouilleuse
gazouilleur	ADJ	m	s	gazouilleur
gazé	ADJ	f	p	gazées
geignant	ADJ	m	p	geignants
geindre	NOM	m	p	geindres
geline	NOM	f	p	gelines
gelé	ADJ	f	p	gelées
gelé	ADJ	f	s	gelée
gemmologie	NOM	f	p	gemmologies
gendelettre	NOM	m	s	gendelettre
genet	NOM	m	p	genets
genevois	ADJ	f	s	genevoise
genevois	ADJ	m	p	genevois
genevois	ADJ	m	s	genevois
genièvre	NOM	m	p	genièvres
gent	ADJ	m	p	gents
gent	ADJ	m	s	gent
gentamicine	NOM	f	p	gentamicines
gente	ADJ	f	p	gentes
gentilice	ADJ	f	p	gentilices
gentilice	ADJ	f	s	gentilice
gentilice	ADJ	m	p	gentilices
gentillet	ADJ	f	p	gentillettes
gentry	NOM	f	p	gentries
gentry	NOM	f	p	gentrys
genèse	NOM	f	p	genèses
genêtière	NOM	f	p	genêtières
gerbera	NOM	m	s	gerbera
gerbier	NOM	m	p	gerbiers
gerbille	NOM	f	p	gerbilles
gerce	NOM	f	s	gerce
germain	NOM	m	s	germain
germanisation	NOM	f	p	germanisations
germanisme	NOM	m	p	germanismes
germanité	NOM	f	p	germanités
germanium	NOM	m	p	germaniums
germanophilie	NOM	f	p	germanophilies
germen	NOM	m	p	germens
germinal	ADJ	f	p	germinales
germinal	ADJ	m	p	germinaux
germinal	NOM	m	p	germinals
germinal	NOM	m	p	germinaux
germé	ADJ	m	p	germés
gerçure	NOM	f	s	gerçure
gestapiste	NOM	m	p	gestapistes
gestapo	NOM	f	p	gestapos
gesticulateur	NOM	m	s	gesticulateur
gestion	NOM	f	p	gestions
gestionnaire	ADJ	f	p	gestionnaires
gestionnaire	ADJ	m	p	gestionnaires
gestionnaire	ADJ	m	s	gestionnaire
gestuel	ADJ	f	p	gestuelles
gestuel	ADJ	m	p	gestuels
ghanéen	ADJ	f	p	ghanéennes
ghanéen	ADJ	f	s	ghanéenne
ghanéen	ADJ	m	s	ghanéen
gibbeux	ADJ	f	p	gibbeuses
gibbeux	ADJ	m	p	gibbeux
gibbosité	NOM	f	p	gibbosités
gibelet	NOM	m	p	gibelets
gibelin	ADJ	f	p	gibelines
gibelin	ADJ	m	p	gibelins
gibelin	ADJ	m	s	gibelin
giboyeux	ADJ	m	p	giboyeux
giboyeux	ADJ	m	s	giboyeux
gicleur	NOM	m	p	gicleurs
gidien	ADJ	m	p	gidiens
gig	NOM	m	p	gigs
gigabit	NOM	m	s	gigabit
gigantomachie	NOM	f	p	gigantomachies
gigaoctet	NOM	m	s	gigaoctet
gigogne	ADJ	f	p	gigognes
gigogne	ADJ	m	p	gigognes
gigogne	ADJ	m	s	gigogne
gigolette	NOM	f	p	gigolettes
gigotement	NOM	m	s	gigotement
gigoté	ADJ	f	p	gigotées
gigoté	ADJ	f	s	gigotée
gigoté	ADJ	m	p	gigotés
gigue	NOM	f	p	gigues
gille	NOM	m	s	gille
gingembre	NOM	m	p	gingembres
gingin	NOM	m	p	gingins
gingivite	NOM	f	p	gingivites
ginkgo	NOM	m	p	ginkgos
ginseng	NOM	m	p	ginsengs
giocoso	ADJ	f	p	giocoso
giocoso	ADJ	f	s	giocoso
giocoso	ADJ	m	p	giocoso
girafeau	NOM	m	p	girafeaux
girafon	NOM	m	p	girafons
girande	NOM	f	s	girande
giratoire	ADJ	f	p	giratoires
giratoire	ADJ	m	p	giratoires
giratoire	ADJ	m	s	giratoire
giroflier	NOM	m	p	girofliers
giron	NOM	m	p	girons
girondin	NOM	m	p	girondins
gisant	ADJ	m	p	gisants
givrage	NOM	m	p	givrages
givrant	ADJ	f	p	givrantes
givrant	ADJ	m	p	givrants
givrant	ADJ	m	s	givrant
glabelle	NOM	f	p	glabelles
gladiatrice	NOM	f	s	gladiatrice
glaireux	ADJ	m	p	glaireux
glaireux	ADJ	m	s	glaireux
glaiseux	ADJ	m	p	glaiseux
glaiseux	ADJ	m	s	glaiseux
glamour	NOM	m	p	glamours
glanage	NOM	m	p	glanages
glandage	NOM	m	p	glandages
glandouilleur	NOM	m	p	glandouilleurs
glanduleux	ADJ	f	p	glanduleuses
glanduleux	ADJ	m	p	glanduleux
glanduleux	ADJ	m	s	glanduleux
glaneur	NOM	m	p	glaneurs
glanure	NOM	f	p	glanures
glaréole	NOM	f	p	glaréoles
glasnost	NOM	f	p	glasnosts
glaucome	NOM	m	p	glaucomes
glaçant	ADJ	f	p	glaçantes
glaçant	ADJ	m	p	glaçants
glide	NOM	m	p	glides
glioblastome	NOM	m	p	glioblastomes
gliome	NOM	m	p	gliomes
glissoire	NOM	f	p	glissoires
global	ADJ	f	p	globales
globalisation	NOM	f	p	globalisations
globalité	NOM	f	p	globalités
globuleux	ADJ	f	p	globuleuses
globuleux	ADJ	m	p	globuleux
globuleux	ADJ	m	s	globuleux
globuline	NOM	f	p	globulines
glockenspiel	NOM	m	p	glockenspiels
gloire	NOM	f	s	gloire
glomérule	NOM	m	p	glomérules
gloria	NOM	m	p	gloria
gloria	NOM	m	p	glorias
glorieux	ADJ	m	p	glorieux
glorieux	ADJ	m	s	glorieux
glorification	NOM	f	p	glorifications
gloriole	NOM	f	p	glorioles
glossaire	NOM	m	p	glossaires
glossateur	NOM	m	s	glossateur
glossématique	NOM	f	p	glossématiques
glotte	NOM	f	p	glottes
glottique	ADJ	f	p	glottiques
glottique	ADJ	f	s	glottique
glottique	ADJ	m	p	glottiques
glouton	ADJ	f	p	gloutonnes
gloutonnerie	NOM	f	p	gloutonneries
glucagon	NOM	m	p	glucagons
glucose	NOM	m	p	glucoses
gluon	NOM	m	p	gluons
glutamate	NOM	m	p	glutamates
gluten	NOM	m	p	glutens
glycol	NOM	m	p	glycols
glycoprotéine	NOM	f	p	glycoprotéines
glycémie	NOM	f	p	glycémies
glycérine	NOM	f	p	glycérines
glycérol	NOM	m	p	glycérols
glène	NOM	f	p	glènes
glénoïde	ADJ	f	p	glénoïdes
glénoïde	ADJ	m	p	glénoïdes
glénoïde	ADJ	m	s	glénoïde
gnaule	NOM	f	p	gnaules
gnognotte	NOM	f	p	gnognottes
gnose	NOM	f	p	gnoses
gnosticisme	NOM	m	p	gnosticismes
gnostique	ADJ	f	p	gnostiques
gnostique	ADJ	f	s	gnostique
gnouf	NOM	m	p	gnoufs
gnôle	NOM	f	p	gnôles
go	NOM	m	p	go
go	NOM	m	p	gos
goddam	NOM	m	p	goddams
godilleur	NOM	m	p	godilleurs
godron	NOM	m	s	godron
goglu	NOM	m	p	goglus
goguenot	NOM	m	s	goguenot
goinfrerie	NOM	f	p	goinfreries
goitreux	ADJ	f	p	goitreuses
goitreux	ADJ	f	s	goitreuse
goitreux	ADJ	m	s	goitreux
golem	NOM	m	p	golems
golgotha	NOM	m	p	golgothas
goliath	NOM	m	p	goliaths
gomina	NOM	f	p	gominas
gommage	NOM	m	p	gommages
gommette	NOM	f	p	gommettes
gommeux	ADJ	f	p	gommeuses
gommeux	ADJ	m	p	gommeux
gommé	ADJ	m	p	gommés
goménol	NOM	m	p	goménols
goménolé	ADJ	f	p	goménolées
goménolé	ADJ	m	p	goménolés
goménolé	ADJ	m	s	goménolé
gon	NOM	m	p	gons
gonadotrope	ADJ	f	s	gonadotrope
gonadotrope	ADJ	m	p	gonadotropes
gonadotrope	ADJ	m	s	gonadotrope
gonadotrophine	NOM	f	p	gonadotrophines
gondolant	ADJ	f	p	gondolantes
gondolant	ADJ	f	s	gondolante
gondolant	ADJ	m	p	gondolants
gondolement	NOM	m	p	gondolements
gone	NOM	m	p	gones
gonelle	NOM	f	p	gonelles
gonfalonier	NOM	m	s	gonfalonier
gonflage	NOM	m	p	gonflages
gonfleur	NOM	m	p	gonfleurs
gongoriste	ADJ	f	p	gongoristes
gongoriste	ADJ	f	s	gongoriste
gongoriste	ADJ	m	p	gongoristes
goniomètre	NOM	m	p	goniomètres
gonococcie	NOM	f	p	gonococcies
gonorrhée	NOM	f	p	gonorrhées
gopak	NOM	m	p	gopaks
gopher	NOM	m	p	gophers
gord	NOM	m	p	gords
gordien	ADJ	f	p	gordiennes
gordien	ADJ	f	s	gordienne
gore	NOM	m	p	gores
gorge	NOM	f	s	gorge
gorgerette	NOM	f	p	gorgerettes
gorgerin	NOM	m	p	gorgerins
gorget	NOM	m	p	gorgets
gorgone	NOM	f	p	gorgones
gorgonzola	NOM	m	p	gorgonzolas
gorgé	ADJ	f	p	gorgées
gorgé	ADJ	f	s	gorgée
gospel	NOM	m	p	gospels
goton	NOM	f	p	gotons
gouaille	NOM	f	p	gouailles
gouda	NOM	m	p	goudas
goudronnage	NOM	m	p	goudronnages
gouet	NOM	m	p	gouets
goujaterie	NOM	f	p	goujateries
goulache	NOM	m	p	goulaches
goulasch	NOM	m	p	goulaschs
goulet	NOM	m	p	goulets
goulette	NOM	f	p	goulettes
gouleyant	ADJ	f	p	gouleyantes
gouleyant	ADJ	f	s	gouleyante
gouleyant	ADJ	m	p	gouleyants
goulotte	NOM	f	p	goulottes
goumi	NOM	m	p	goumis
goupil	NOM	m	p	goupils
goura	NOM	m	p	gouras
gourd	ADJ	f	p	gourdes
gourd	ADJ	f	s	gourde
gourde	ADJ	f	s	gourde
gourde	ADJ	m	p	gourdes
gourme	NOM	f	p	gourmes
gourmé	ADJ	f	p	gourmées
goutteux	ADJ	m	p	goutteux
goutteux	ADJ	m	s	goutteux
gouvernance	NOM	f	p	gouvernances
gouvernant	ADJ	f	p	gouvernantes
gouvernant	ADJ	f	s	gouvernante
gouverné	NOM	m	s	gouverné
goy	ADJ	f	p	goys
goy	ADJ	f	s	goy
goy	ADJ	m	p	goys
goy	NOM	m	p	goys
goyave	NOM	f	p	goyaves
goétie	NOM	f	p	goéties
goûtable	ADJ	m	s	goûtable
goûteur	NOM	m	p	goûteurs
goûteux	ADJ	m	p	goûteux
graal	NOM	m	p	graals
grabataire	ADJ	f	p	grabataires
grabataire	ADJ	f	s	grabataire
grabataire	ADJ	m	s	grabataire
graben	NOM	m	p	grabens
grabuge	NOM	m	p	grabuges
gracieux	ADJ	m	p	gracieux
gracieux	ADJ	m	s	gracieux
gracile	ADJ	f	s	gracile
gracile	ADJ	m	p	graciles
gracile	ADJ	m	s	gracile
gracilité	NOM	f	p	gracilités
gracié	ADJ	f	p	graciées
gracié	ADJ	f	s	graciée
gradaille	NOM	f	p	gradailles
grader	NOM	m	p	graders
graduel	ADJ	f	p	graduelles
graduel	ADJ	m	p	graduels
gradué	ADJ	m	p	gradués
gradué	NOM	m	s	gradué
gradé	ADJ	f	p	gradées
graff	NOM	m	p	graffs
graffeur	NOM	m	p	graffeurs
graillonnant	ADJ	f	p	graillonnantes
graillonnant	ADJ	f	s	graillonnante
graillonnant	ADJ	m	p	graillonnants
graillonnement	NOM	m	s	graillonnement
graineterie	NOM	f	p	graineteries
grainetier	ADJ	f	p	grainetières
grainetier	ADJ	f	s	grainetière
graisseur	ADJ	f	p	graisseuses
graisseur	ADJ	f	s	graisseuse
graisseur	ADJ	m	p	graisseurs
graisseux	ADJ	m	p	graisseux
graisseux	ADJ	m	s	graisseux
gram	NOM	m	p	gram
gram	NOM	m	p	grams
grandesse	NOM	f	p	grandesses
grandet	ADJ	f	p	grandettes
grandet	ADJ	f	s	grandette
grandet	ADJ	m	p	grandets
grandiloque	ADJ	f	p	grandiloques
grandiloque	ADJ	f	s	grandiloque
grandiloque	ADJ	m	p	grandiloques
grandiloquence	NOM	f	p	grandiloquences
grandissement	NOM	m	p	grandissements
granite	NOM	m	p	granites
granite	NOM	m	p	granits
granité	ADJ	f	p	granitées
granité	ADJ	f	s	granitée
granité	ADJ	m	s	granité
granulaire	ADJ	f	p	granulaires
granulaire	ADJ	f	s	granulaire
granulaire	ADJ	m	p	granulaires
granule	NOM	m	s	granule
granuleux	ADJ	m	p	granuleux
granulie	NOM	f	p	granulies
granulome	NOM	m	p	granulomes
granulé	ADJ	f	p	granulées
granulé	ADJ	f	s	granulée
graphologie	NOM	f	p	graphologies
graphologique	ADJ	f	p	graphologiques
graphologique	ADJ	f	s	graphologique
graphologique	ADJ	m	p	graphologiques
graphomanie	NOM	f	p	graphomanies
graphomètre	NOM	m	p	graphomètres
grappa	NOM	f	p	grappas
grappillage	NOM	m	p	grappillages
grappilleur	NOM	m	p	grappilleurs
gras	ADJ	m	p	gras
gras	ADJ	m	s	gras
grasseyant	ADJ	f	p	grasseyantes
grasseyant	ADJ	m	p	grasseyants
gratifiant	ADJ	f	p	gratifiantes
gratifiant	ADJ	m	p	gratifiants
gratiné	ADJ	f	p	gratinées
gratiné	ADJ	f	s	gratinée
gratinée	NOM	f	p	gratinées
gratteron	NOM	m	s	gratteron
gratton	NOM	m	s	gratton
gratture	NOM	f	p	grattures
gratuité	NOM	f	p	gratuités
grau	NOM	m	p	graux
graveleux	ADJ	m	p	graveleux
gravidité	NOM	f	p	gravidités
gravissime	ADJ	f	p	gravissimes
gravissime	ADJ	m	p	gravissimes
gravissime	ADJ	m	s	gravissime
gravitation	NOM	f	p	gravitations
graviton	NOM	m	s	graviton
gravité	NOM	f	p	gravités
gravière	NOM	f	s	gravière
greffage	NOM	m	p	greffages
greffé	ADJ	f	p	greffées
greluchon	NOM	m	p	greluchons
grenache	NOM	m	p	grenaches
grenadage	NOM	m	p	grenadages
grenadeur	NOM	m	p	grenadeurs
grenadin	ADJ	f	p	grenadines
grenadin	ADJ	m	p	grenadins
grenadin	ADJ	m	s	grenadin
grenoblois	NOM	m	p	grenoblois
grenouillage	NOM	m	p	grenouillages
grenouillette	NOM	f	s	grenouillette
grenure	NOM	f	s	grenure
gribiche	ADJ	f	p	gribiches
gribiche	ADJ	m	p	gribiches
gribiche	ADJ	m	s	gribiche
gribiche	NOM	f	p	gribiches
gribouille	NOM	m	p	gribouilles
gribouilleur	NOM	m	p	gribouilleurs
griffage	NOM	m	p	griffages
griffeur	NOM	m	p	griffeurs
griffonneur	NOM	m	p	griffonneurs
grignotement	NOM	m	p	grignotements
grignoteur	ADJ	f	s	grignoteuse
grignoteur	ADJ	m	p	grignoteurs
grignoteur	ADJ	m	s	grignoteur
grignoteur	NOM	m	s	grignoteur
grigou	NOM	m	p	grigous
grill	NOM	m	p	grills
grilladerie	NOM	f	p	grilladeries
grilloir	NOM	m	s	grilloir
grimacerie	NOM	f	s	grimacerie
grimacier	ADJ	f	p	grimacières
grimacier	ADJ	f	s	grimacière
grimage	NOM	m	p	grimages
grimaud	NOM	m	s	grimaud
grime	NOM	m	s	grime
grimpe	NOM	f	p	grimpes
grimper	NOM	m	p	grimpers
grimpeur	ADJ	f	p	grimpeuses
grimpeur	ADJ	f	s	grimpeuse
grimpeur	ADJ	m	p	grimpeurs
grimpée	NOM	f	p	grimpées
grincheux	ADJ	m	p	grincheux
grincheux	ADJ	m	s	grincheux
gringalet	ADJ	f	p	gringalettes
gringalet	ADJ	f	s	gringalette
gringue	NOM	m	p	gringues
grip	NOM	m	p	grips
grippal	ADJ	f	p	grippales
grippal	ADJ	f	s	grippale
grippement	NOM	m	s	grippement
grippé	ADJ	f	p	grippées
grippé	NOM	m	p	grippés
gris	ADJ	m	p	gris
gris	ADJ	m	s	gris
gris	NOM	m	p	gris
grisbi	NOM	m	p	grisbis
grison	ADJ	f	p	grisonnes
grison	ADJ	m	s	grison
grison	NOM	m	p	grisons
grisotte	NOM	f	p	grisottes
grisou	NOM	m	p	grisous
grivelure	NOM	f	s	grivelure
grivelé	ADJ	f	p	grivelées
grivelé	ADJ	m	p	grivelés
grivelé	ADJ	m	s	grivelé
grivois	ADJ	m	p	grivois
grivois	ADJ	m	s	grivois
grivèlerie	NOM	f	p	grivèleries
groenlandais	ADJ	f	p	groenlandaises
groenlandais	ADJ	f	s	groenlandaise
groenlandais	ADJ	m	s	groenlandais
grogneur	ADJ	f	p	grogneuses
grogneur	ADJ	m	s	grogneur
grognon	ADJ	f	p	grognonnes
grondant	ADJ	f	p	grondantes
gronderie	NOM	f	s	gronderie
gros	ADJ	m	p	gros
gros	ADJ	m	s	gros
gros	NOM	m	p	gros
groschen	NOM	m	p	groschens
groseille	ADJ	f	p	groseille
groseille	ADJ	m	p	groseille
groseille	ADJ	m	s	groseille
grossi	ADJ	f	p	grossies
grossissement	NOM	m	p	grossissements
grotesque	NOM	f	s	grotesque
grotesque	NOM	m	p	grotesques
ground	NOM	m	p	grounds
groupage	NOM	m	p	groupages
grumeleux	ADJ	m	p	grumeleux
grumeleux	ADJ	m	s	grumeleux
grumier	NOM	m	p	grumiers
gruppetto	NOM	m	p	gruppetti
gruppetto	NOM	m	p	gruppettos
gruyère	NOM	m	p	gruyères
grège	NOM	m	p	grèges
gré	NOM	m	p	grés
gréage	NOM	m	p	gréages
grébiche	NOM	f	p	grébiches
grégorien	ADJ	f	p	grégoriennes
grésil	NOM	m	p	grésils
grésillant	ADJ	m	p	grésillants
grêlé	ADJ	f	p	grêlées
guacamole	NOM	m	p	guacamoles
guadeloupéenne	NOM	f	p	guadeloupéennes
guanaco	NOM	m	p	guanacos
guanine	NOM	f	p	guanines
guano	NOM	m	p	guanos
guarani	ADJ	f	p	guaranis
guarani	ADJ	f	s	guarani
guarani	ADJ	m	p	guaranis
guatémaltèque	ADJ	f	p	guatémaltèques
guatémaltèque	ADJ	f	s	guatémaltèque
guatémaltèque	ADJ	m	p	guatémaltèques
guelfe	ADJ	f	p	guelfes
guelfe	ADJ	f	s	guelfe
guelfe	ADJ	m	p	guelfes
guenilleux	ADJ	f	p	guenilleuses
guenilleux	ADJ	f	s	guenilleuse
guenilleux	ADJ	m	s	guenilleux
guenillon	NOM	m	s	guenillon
guenipe	NOM	f	p	guenipes
guerroyeur	NOM	m	p	guerroyeurs
gueulard	ADJ	f	p	gueulardes
gueule	NOM	f	p	gueules
gueuloir	NOM	m	p	gueuloirs
gueusard	NOM	m	s	gueusard
gueuse	NOM	f	s	gueuse
gueuserie	NOM	f	p	gueuseries
gueuze	NOM	f	p	gueuzes
gui	NOM	m	p	guis
guidage	NOM	m	p	guidages
guidance	NOM	f	p	guidances
guignolade	NOM	f	s	guignolade
guignolesque	ADJ	f	p	guignolesques
guignolesque	ADJ	f	s	guignolesque
guignolesque	ADJ	m	p	guignolesques
guignolet	NOM	m	p	guignolets
guignon	NOM	m	p	guignons
guilledou	NOM	m	p	guilledous
guillemot	NOM	m	p	guillemots
guillochure	NOM	f	s	guillochure
guindant	NOM	m	p	guindants
guindeau	NOM	m	p	guindeaux
guise	NOM	f	p	guises
gulden	NOM	m	p	guldens
guppy	NOM	m	p	guppys
guru	NOM	m	p	gurus
gusse	NOM	m	p	gusses
gustatif	ADJ	m	p	gustatifs
gustation	NOM	f	p	gustations
guyanais	ADJ	f	p	guyanaises
guyanais	ADJ	f	s	guyanaise
guyanais	ADJ	m	s	guyanais
guzla	NOM	f	p	guzlas
guède	NOM	f	p	guèdes
gué	NOM	m	p	gués
guéable	ADJ	f	p	guéables
guéable	ADJ	m	p	guéables
guéable	ADJ	m	s	guéable
guérissable	ADJ	f	s	guérissable
guérissable	ADJ	m	p	guérissables
guêpier	NOM	m	p	guêpiers
gym	NOM	f	p	gyms
gymkhana	NOM	m	p	gymkhanas
gymnique	ADJ	m	p	gymniques
gymnique	ADJ	m	s	gymnique
gynécologie	NOM	f	p	gynécologies
gynécologique	ADJ	f	p	gynécologiques
gynécologique	ADJ	f	s	gynécologique
gynécologique	ADJ	m	s	gynécologique
gynécomastie	NOM	f	p	gynécomasties
gypaète	NOM	m	p	gypaètes
gypseux	ADJ	f	p	gypseuses
gypseux	ADJ	m	p	gypseux
gyrin	NOM	m	s	gyrin
gâchage	NOM	m	p	gâchages
gâcheur	ADJ	f	p	gâcheuses
gâcheur	ADJ	m	p	gâcheurs
gâcheur	ADJ	m	s	gâcheur
gâteux	ADJ	m	p	gâteux
gâteux	ADJ	m	s	gâteux
gâtine	NOM	f	p	gâtines
gâtisme	NOM	m	p	gâtismes
gégène	NOM	f	p	gégènes
gélatineux	ADJ	m	p	gélatineux
gélatineux	ADJ	m	s	gélatineux
gélifiant	NOM	m	p	gélifiants
gélification	NOM	f	p	gélifications
gélinotte	NOM	f	p	gélinottes
gélolevure	NOM	f	p	gélolevures
gélose	NOM	f	p	géloses
gémeau	ADJ	f	p	gémelles
gémeau	ADJ	f	s	gémelle
gémellité	NOM	f	p	gémellités
gémisseur	ADJ	f	p	gémisseuses
gémisseur	ADJ	f	s	gémisseuse
génialité	NOM	f	p	génialités
génitalité	NOM	f	p	génitalités
génome	NOM	m	p	génomes
génomique	NOM	f	p	génomiques
génovéfain	NOM	m	s	génovéfain
génuine	ADJ	f	p	génuines
génuine	ADJ	m	p	génuines
génuine	ADJ	m	s	génuine
généralissime	NOM	m	p	généralissimes
généraliste	ADJ	f	p	généralistes
généraliste	ADJ	f	s	généraliste
généraliste	ADJ	m	s	généraliste
généralisé	ADJ	m	p	généralisés
génératif	ADJ	f	p	génératives
génératif	ADJ	m	p	génératifs
générationnel	ADJ	f	p	générationnelles
générationnel	ADJ	f	s	générationnelle
générationnel	ADJ	m	p	générationnels
généreux	ADJ	m	p	généreux
généreux	ADJ	m	s	généreux
généré	ADJ	f	p	générées
géo	NOM	f	p	géos
géode	NOM	f	p	géodes
géodésique	ADJ	f	p	géodésiques
géodésique	ADJ	f	s	géodésique
géodésique	ADJ	m	s	géodésique
géographe	NOM	f	s	géographe
géologie	NOM	f	p	géologies
géomagnétique	ADJ	f	p	géomagnétiques
géomagnétique	ADJ	m	p	géomagnétiques
géomagnétique	ADJ	m	s	géomagnétique
géomancie	NOM	f	p	géomancies
géophysicien	NOM	m	s	géophysicien
géophysique	NOM	f	p	géophysiques
géopolitique	NOM	f	p	géopolitiques
géorgien	NOM	m	s	géorgien
géoscience	NOM	f	s	géoscience
géostratégie	NOM	f	p	géostratégies
géosynchrone	ADJ	f	p	géosynchrones
géosynchrone	ADJ	m	p	géosynchrones
géosynchrone	ADJ	m	s	géosynchrone
géothermal	ADJ	f	p	géothermales
géothermal	ADJ	m	p	géothermaux
géothermal	ADJ	m	s	géothermal
géothermie	NOM	f	p	géothermies
géotropique	ADJ	f	p	géotropiques
géotropique	ADJ	f	s	géotropique
gérance	NOM	f	p	gérances
gériatrie	NOM	f	p	gériatries
gériatrique	ADJ	f	s	gériatrique
gériatrique	ADJ	m	p	gériatriques
gériatrique	ADJ	m	s	gériatrique
gérontisme	NOM	m	p	gérontismes
gérontologie	NOM	f	p	gérontologies
géré	NOM	m	p	gérés
gésine	NOM	f	p	gésines
gîte	NOM	m	s	gîte
habanera	NOM	f	p	habaneras
habillage	NOM	m	p	habillages
habillement	NOM	m	p	habillements
habitabilité	NOM	f	p	habitabilités
hachage	NOM	m	p	hachages
hachis	NOM	m	s	hachis
hack	NOM	m	p	hacks
haddock	NOM	m	p	haddocks
hadith	NOM	m	p	hadiths
hadj	NOM	m	p	hadjs
hadji	NOM	m	s	hadji
haggis	NOM	m	s	haggis
hagiographe	NOM	m	p	hagiographes
hagiographie	NOM	f	p	hagiographies
haillonneux	ADJ	f	p	haillonneuses
haillonneux	ADJ	m	s	haillonneux
haineux	ADJ	m	p	haineux
haineux	ADJ	m	s	haineux
haka	NOM	m	p	hakas
hakka	NOM	m	p	hakkas
halal	ADJ	f	p	halals
halal	ADJ	m	p	halals
halal	ADJ	m	s	halal
halcyon	NOM	m	p	halcyons
halieutique	ADJ	f	s	halieutique
halieutique	ADJ	m	p	halieutiques
halieutique	ADJ	m	s	halieutique
hallali	NOM	m	p	hallalis
halloween	NOM	f	p	halloweens
halogène	ADJ	f	p	halogènes
halogène	ADJ	f	s	halogène
halogénure	NOM	m	p	halogénures
halopéridol	NOM	m	p	halopéridols
halothane	NOM	m	p	halothanes
haltérophilie	NOM	f	p	haltérophilies
halva	NOM	m	p	halvas
hamada	NOM	f	p	hamadas
hamadryade	NOM	f	p	hamadryades
hambourgeois	ADJ	f	p	hambourgeoises
hambourgeois	ADJ	f	s	hambourgeoise
hambourgeois	ADJ	m	p	hambourgeois
hambourgeois	NOM	m	s	hambourgeois
hammerless	NOM	m	s	hammerless
handball	NOM	m	p	handballs
handicapant	ADJ	f	p	handicapantes
handicapant	ADJ	f	s	handicapante
handicapant	ADJ	m	p	handicapants
handicapeur	NOM	m	p	handicapeurs
handicapé	ADJ	f	p	handicapées
handicapé	ADJ	f	s	handicapée
hanovrien	ADJ	f	p	hanovriennes
hanovrien	ADJ	f	s	hanovrienne
hanovrien	ADJ	m	p	hanovriens
hanovrien	NOM	m	s	hanovrien
hanséatique	ADJ	f	p	hanséatiques
hanséatique	ADJ	m	p	hanséatiques
hanséatique	ADJ	m	s	hanséatique
happe	NOM	f	p	happes
happement	NOM	m	p	happements
happeur	NOM	m	s	happeur
haptoglobine	NOM	f	p	haptoglobines
haque	NOM	f	p	haques
haquenée	NOM	f	p	haquenées
harari	NOM	m	s	harari
haras	NOM	m	s	haras
harassement	NOM	m	p	harassements
harceleur	ADJ	f	p	harceleuses
harceleur	ADJ	f	s	harceleuse
harceleur	ADJ	m	p	harceleurs
harceleur	NOM	m	p	harceleurs
hard	NOM	m	p	hard
harenguet	NOM	m	p	harenguets
harenguier	NOM	m	p	harenguiers
harengère	NOM	f	p	harengères
haret	ADJ	f	p	harètes
haret	ADJ	f	s	harète
haret	ADJ	m	p	harets
harfang	NOM	m	p	harfangs
hargneux	ADJ	m	p	hargneux
hargneux	ADJ	m	s	hargneux
harmattan	NOM	m	p	harmattans
harmonieux	ADJ	m	p	harmonieux
harmonieux	ADJ	m	s	harmonieux
harmonisateur	ADJ	f	s	harmonisatrice
harmonisateur	ADJ	m	s	harmonisateur
harmonisateur	NOM	m	s	harmonisateur
harmonisation	NOM	f	p	harmonisations
harnois	NOM	m	s	harnois
haro	NOM	m	p	haros
harpagon	NOM	m	p	harpagons
harponnage	NOM	m	p	harponnages
haruspice	NOM	m	s	haruspice
hasardeux	ADJ	m	p	hasardeux
hasardeux	ADJ	m	s	hasardeux
hasardé	ADJ	f	p	hasardées
hasardé	ADJ	m	p	hasardés
hasardé	ADJ	m	s	hasardé
hasch	NOM	m	p	haschs
haschisch	NOM	m	p	haschischs
hassidisme	NOM	m	p	hassidismes
haubert	NOM	m	p	hauberts
haussier	ADJ	f	p	haussières
haussier	ADJ	m	p	haussiers
haute	NOM	f	p	hautes
hautesse	NOM	f	p	hautesses
hauturier	ADJ	f	p	hauturières
hauturier	ADJ	m	p	hauturiers
hauturier	ADJ	m	s	hauturier
havanaise	NOM	f	p	havanaises
havrais	ADJ	f	p	havraises
havrais	ADJ	f	s	havraise
hawaiien	ADJ	m	p	hawaiiens
hawaiien	ADJ	m	s	hawaiien
hawaïen	ADJ	f	p	hawaïennes
hawaïen	ADJ	f	p	hawaïènes
hawaïen	ADJ	m	p	hawaïens
haï	ADJ	f	p	haïes
haïkaï	NOM	m	p	haïkaïs
haïtien	ADJ	f	p	haïtiennes
hecto	NOM	m	p	hectos
hectolitre	NOM	m	s	hectolitre
hectomètre	NOM	m	s	hectomètre
hellénique	ADJ	f	s	hellénique
hellénique	ADJ	m	p	helléniques
hellénique	ADJ	m	s	hellénique
hellénisme	NOM	m	p	hellénismes
hellénistique	ADJ	f	p	hellénistiques
hellénistique	ADJ	f	s	hellénistique
hellénistique	ADJ	m	s	hellénistique
helminthe	NOM	m	p	helminthes
helvelle	NOM	f	s	helvelle
helvète	ADJ	f	p	helvètes
helvète	ADJ	f	s	helvète
helvète	ADJ	m	p	helvètes
helvétien	ADJ	f	p	helvétiennes
helvétien	ADJ	f	s	helvétienne
helvétien	ADJ	m	p	helvétiens
helvétique	ADJ	f	p	helvétiques
helvétique	ADJ	m	s	helvétique
hemlock	NOM	m	p	hemlocs
hennin	NOM	m	p	hennins
hennissant	ADJ	f	s	hennissante
hennissant	ADJ	m	p	hennissants
henné	NOM	m	p	hennés
henry	NOM	m	p	attohenry
henry	NOM	m	p	attohenrys
henry	NOM	m	p	centihenry
henry	NOM	m	p	centihenrys
henry	NOM	m	p	décahenry
henry	NOM	m	p	décahenrys
henry	NOM	m	p	décihenry
henry	NOM	m	p	décihenrys
henry	NOM	m	p	exahenry
henry	NOM	m	p	exahenrys
henry	NOM	m	p	femtohenry
henry	NOM	m	p	femtohenrys
henry	NOM	m	p	gigahenry
henry	NOM	m	p	gigahenrys
henry	NOM	m	p	hectohenry
henry	NOM	m	p	hectohenrys
henry	NOM	m	p	henrys
henry	NOM	m	p	kilohenry
henry	NOM	m	p	kilohenrys
henry	NOM	m	p	microhenry
henry	NOM	m	p	microhenrys
henry	NOM	m	p	millihenry
henry	NOM	m	p	millihenrys
henry	NOM	m	p	mégahenry
henry	NOM	m	p	mégahenrys
henry	NOM	m	p	nanohenry
henry	NOM	m	p	nanohenrys
henry	NOM	m	p	petahenry
henry	NOM	m	p	petahenrys
henry	NOM	m	p	picohenry
henry	NOM	m	p	picohenrys
henry	NOM	m	p	pétahenry
henry	NOM	m	p	pétahenrys
henry	NOM	m	p	térahenry
henry	NOM	m	p	térahenrys
henry	NOM	m	p	yoctohenry
henry	NOM	m	p	yoctohenrys
henry	NOM	m	p	yottahenry
henry	NOM	m	p	yottahenrys
henry	NOM	m	p	zeptohenry
henry	NOM	m	p	zeptohenrys
henry	NOM	m	p	zettahenry
henry	NOM	m	p	zettahenrys
heptagone	NOM	m	p	heptagones
heptaméron	NOM	m	p	heptamérons
heptane	NOM	m	p	heptanes
herbager	NOM	m	s	herbager
herbeux	ADJ	m	p	herbeux
herbeux	ADJ	m	s	herbeux
herbicide	ADJ	f	p	herbicides
herbicide	ADJ	f	s	herbicide
herbicide	ADJ	m	p	herbicides
herbicide	NOM	m	p	herbicides
hercynien	ADJ	f	s	hercynienne
hercynien	ADJ	m	p	hercyniens
hermaphrodisme	NOM	m	p	hermaphrodismes
herminé	ADJ	f	p	herminées
herminé	ADJ	f	s	herminée
herminé	ADJ	m	p	herminés
herméneutique	ADJ	f	p	herméneutiques
herméneutique	ADJ	m	p	herméneutiques
herméneutique	ADJ	m	s	herméneutique
hermétisme	NOM	m	p	hermétismes
herniaire	ADJ	f	p	herniaires
herniaire	ADJ	f	s	herniaire
herniaire	ADJ	m	s	herniaire
hernieux	ADJ	f	p	hernieuses
hernieux	ADJ	f	s	hernieuse
hernieux	ADJ	m	s	hernieux
herpétique	ADJ	f	p	herpétiques
herpétique	ADJ	m	p	herpétiques
herpétique	ADJ	m	s	herpétique
herpétologie	NOM	f	p	herpétologies
hertzien	ADJ	m	s	hertzien
hessois	ADJ	f	p	hessoises
hessois	ADJ	m	p	hessoises
hessois	ADJ	m	s	hessois
hetman	NOM	m	p	hetmans
heureux	ADJ	m	p	heureux
heureux	ADJ	m	s	heureux
heuristique	ADJ	f	p	heuristiques
heuristique	ADJ	m	p	heuristiques
heuristique	ADJ	m	s	heuristique
heuristique	NOM	f	p	heuristiques
hexamètre	NOM	m	s	hexamètre
hiatal	ADJ	f	p	hiatales
hiatal	ADJ	m	p	hiataux
hiatal	ADJ	m	s	hiatal
hibernation	NOM	f	p	hibernations
hickory	NOM	m	p	hickorys
hideux	ADJ	m	p	hideux
hideux	ADJ	m	s	hideux
higoumène	NOM	m	p	higoumènes
hilaire	ADJ	f	p	hilaires
hilaire	ADJ	m	p	hilaires
hilaire	ADJ	m	s	hilaire
hile	NOM	m	p	hiles
hiloire	NOM	f	p	hiloires
hilote	NOM	m	s	hilote
himalaya	NOM	m	p	himalayas
himalayen	ADJ	f	p	himalayennes
himalayen	ADJ	m	s	himalayen
hindi	NOM	m	p	hindis
hindouisme	NOM	m	p	hindouismes
hindoustani	NOM	m	p	hindoustanis
hippisme	NOM	m	p	hippismes
hippocratique	ADJ	f	p	hippocratiques
hippocratique	ADJ	f	s	hippocratique
hippocratique	ADJ	m	p	hippocratiques
hippogriffe	NOM	m	p	hippogriffes
hippomobile	ADJ	f	p	hippomobiles
hippomobile	ADJ	f	s	hippomobile
hippomobile	ADJ	m	p	hippomobiles
hippophagique	ADJ	f	s	hippophagique
hippophagique	ADJ	m	p	hippophagiques
hippophagique	ADJ	m	s	hippophagique
hippopotamesque	ADJ	f	p	hippopotamesques
hippopotamesque	ADJ	m	p	hippopotamesques
hippopotamesque	ADJ	m	s	hippopotamesque
hippy	NOM	m	p	hippys
hirondelle	NOM	f	s	hirondelle
hirsutisme	NOM	m	p	hirsutismes
hirudine	NOM	f	p	hirudines
hispanisant	ADJ	f	p	hispanisantes
hispanisant	ADJ	m	s	hispanisant
histamine	NOM	f	p	histamines
hister	NOM	m	p	histers
histocompatibilité	NOM	f	p	histocompatibilités
histologie	NOM	f	p	histologies
histopathologie	NOM	f	p	histopathologies
histoplasmose	NOM	f	p	histoplasmoses
historicité	NOM	f	p	historicités
historiographie	NOM	f	p	historiographies
historié	ADJ	f	p	historiées
historié	ADJ	m	s	historié
hitchcockien	ADJ	f	p	hitchcockiennes
hitchcockien	ADJ	f	s	hitchcockienne
hitchcockien	ADJ	m	p	hitchcockiens
hitlérisme	NOM	m	p	hitlérismes
hittite	ADJ	f	p	hittites
hittite	ADJ	f	s	hittite
hittite	ADJ	m	p	hittites
hittite	NOM	m	p	hittites
hivernage	NOM	m	p	hivernages
hivernant	ADJ	m	p	hivernants
hivernant	NOM	m	s	hivernant
hiérarchisation	NOM	f	p	hiérarchisations
hiérarchisé	ADJ	f	p	hiérarchisées
hiératisme	NOM	m	p	hiératismes
hiéroglyphique	ADJ	f	p	hiéroglyphiques
hiéroglyphique	ADJ	f	s	hiéroglyphique
hiéroglyphique	ADJ	m	s	hiéroglyphique
hiéronymite	NOM	m	s	hiéronymite
hiérophante	NOM	m	p	hiérophantes
hochepot	NOM	m	p	hochepots
hocheur	NOM	m	s	hocheur
hockey	NOM	m	p	hockeys
hodgkinien	ADJ	f	p	hodgkiniennes
hodgkinien	ADJ	f	s	hodgkinienne
hodgkinien	ADJ	m	p	hodgkiniens
hodja	NOM	m	p	hodjas
holistique	ADJ	f	p	holistiques
holistique	ADJ	f	s	holistique
holistique	ADJ	m	s	holistique
hollandais	ADJ	m	p	hollandais
hollandais	ADJ	m	s	hollandais
hollandais	NOM	m	s	hollandais
hollandaise	NOM	f	p	hollandaises
hollande	NOM	f	p	hollandes
holographie	NOM	f	p	holographies
holothurie	NOM	f	s	holothurie
holoèdre	ADJ	f	s	holoèdre
holoèdre	ADJ	m	p	holoèdres
holoèdre	ADJ	m	s	holoèdre
holster	NOM	m	p	holsters
homardier	NOM	m	s	homardier
hombre	NOM	m	p	hombres
homeland	NOM	m	p	homelands
hominisation	NOM	f	p	hominisations
hommasse	ADJ	f	s	hommasse
hommasse	ADJ	m	p	hommasses
hommasse	ADJ	m	s	hommasse
homogénéisateur	NOM	m	p	homogénéisateurs
homogénéisation	NOM	f	p	homogénéisations
homogénéisé	ADJ	f	p	homogénéisées
homogénéisé	ADJ	m	p	homogénéisés
homogénéité	NOM	f	p	homogénéités
homologation	NOM	f	p	homologations
homologue	ADJ	f	s	homologue
homologue	ADJ	m	p	homologues
homologue	ADJ	m	s	homologue
homologué	ADJ	f	p	homologuées
homoncule	NOM	m	p	homoncules
homonymie	NOM	f	p	homonymies
homophile	NOM	m	p	homophiles
homophilie	NOM	f	p	homophilies
homophobe	ADJ	f	s	homophobe
homophobe	ADJ	m	p	homophobes
homophobe	ADJ	m	s	homophobe
homophone	NOM	m	p	homophones
homophonie	NOM	f	p	homophonies
homosexualité	NOM	f	p	homosexualités
homuncule	NOM	m	p	homuncules
homéopathe	ADJ	f	p	homéopathes
homéopathe	ADJ	f	s	homéopathe
homéopathe	ADJ	m	p	homéopathes
homéopathie	NOM	f	p	homéopathies
homéopathique	ADJ	f	s	homéopathique
homéopathique	ADJ	m	p	homéopathiques
homéopathique	ADJ	m	s	homéopathique
homéothermie	NOM	f	p	homéothermies
homérique	ADJ	f	s	homérique
homérique	ADJ	m	p	homériques
homérique	ADJ	m	s	homérique
hondurien	ADJ	f	p	honduriennes
hondurien	ADJ	f	s	hondurienne
hondurien	ADJ	m	p	honduriens
hondurien	NOM	m	p	honduriens
hongre	ADJ	f	p	hongres
hongre	ADJ	f	s	hongre
hongrois	ADJ	m	p	hongrois
hongrois	ADJ	m	s	hongrois
honni	ADJ	f	p	honnies
honnêteté	NOM	f	p	honnêtetés
honorabilité	NOM	f	p	honorabilités
honoraire	ADJ	f	p	honoraires
honoraire	ADJ	f	s	honoraire
honoraire	ADJ	m	s	honoraire
honoraire	NOM	m	s	honoraire
honoré	ADJ	f	p	honorées
honteux	ADJ	m	p	honteux
honteux	ADJ	m	s	honteux
hopak	NOM	m	p	hopaks
hoplite	NOM	m	p	hoplites
horizontalité	NOM	f	p	horizontalités
horloger	ADJ	f	p	horlogères
horlogerie	NOM	f	p	horlogeries
hornblende	NOM	f	p	hornblendes
horrifiant	ADJ	f	p	horrifiantes
horrifique	ADJ	f	p	horrifiques
horrifique	ADJ	m	p	horrifiques
horrifique	ADJ	m	s	horrifique
horticole	ADJ	f	p	horticoles
horticole	ADJ	f	s	horticole
horticole	ADJ	m	s	horticole
horticultrice	NOM	f	p	horticultrices
horticulture	NOM	f	p	horticultures
hortillonnage	NOM	m	p	hortillonnages
hosannah	NOM	m	p	hosannas
hospitalité	NOM	f	p	hospitalités
hot	NOM	m	s	hot
hottée	NOM	f	p	hottées
houari	NOM	m	p	houaris
houe	NOM	f	p	houes
houiller	ADJ	f	p	houillères
houiller	ADJ	f	s	houillère
houiller	ADJ	m	p	houillers
houlette	NOM	f	p	houlettes
houleux	ADJ	m	p	houleux
houleux	ADJ	m	s	houleux
houligan	NOM	m	p	houligans
houliganisme	NOM	m	p	houliganismes
houlque	NOM	f	p	houlques
hourd	NOM	m	s	hourd
housard	NOM	m	s	housard
hovercraft	NOM	m	p	hovercrafts
hoyau	NOM	m	p	hoyaux
huart	NOM	m	p	huarts
huchet	NOM	m	p	huchets
huerta	NOM	f	p	huertas
hugolien	ADJ	f	p	hugoliennes
hugolien	ADJ	f	s	hugolienne
huguenot	ADJ	f	p	huguenotes
huguenot	ADJ	m	p	huguenots
huileux	ADJ	m	p	huileux
huileux	ADJ	m	s	huileux
huilier	ADJ	f	p	huilières
huilier	ADJ	f	s	huilière
huilier	NOM	m	p	huiliers
huitaine	NOM	f	p	huitaines
humanisation	NOM	f	p	humanisations
humanisme	NOM	m	p	humanismes
humaniste	ADJ	f	s	humaniste
humaniste	ADJ	m	p	humanistes
humaniste	ADJ	m	s	humaniste
humanitaire	NOM	m	p	humanitaires
humanitarisme	NOM	m	p	humanitarismes
humectage	NOM	m	p	humectages
humectant	ADJ	f	p	humectantes
humectant	ADJ	f	s	humectante
humectant	ADJ	m	p	humectants
humidificateur	NOM	m	p	humidificateurs
humidification	NOM	f	p	humidifications
humidité	NOM	f	p	humidités
humoral	ADJ	f	p	humorales
humoral	ADJ	f	s	humorale
humoral	ADJ	m	p	humoraux
humour	NOM	m	p	humours
huméral	ADJ	f	p	humérales
huméral	ADJ	m	p	huméraux
huméral	ADJ	m	s	huméral
hunter	NOM	m	p	hunters
huppe	NOM	f	p	huppes
hurleur	ADJ	f	p	hurleuses
hurleur	ADJ	f	s	hurleuse
huron	ADJ	f	p	huronnes
huron	ADJ	m	p	hurons
huron	NOM	m	p	hurons
husky	NOM	m	p	huskies
husky	NOM	m	p	huskys
huîtrière	NOM	f	p	huîtrières
hyacinthe	NOM	f	p	hyacinthes
hybridation	NOM	f	p	hybridations
hydne	NOM	m	p	hydnes
hydratation	NOM	f	p	hydratations
hydraulicien	NOM	m	p	hydrauliciens
hydre	NOM	f	p	hydres
hydrochlorique	ADJ	f	p	hydrochloriques
hydrochlorique	ADJ	f	s	hydrochlorique
hydrochlorique	ADJ	m	p	hydrochloriques
hydrocortisone	NOM	f	p	hydrocortisones
hydrocution	NOM	f	p	hydrocutions
hydrocèle	NOM	f	p	hydrocèles
hydrocéphale	ADJ	f	p	hydrocéphales
hydrocéphale	ADJ	f	s	hydrocéphale
hydrocéphale	ADJ	m	s	hydrocéphale
hydrocéphalie	NOM	f	p	hydrocéphalies
hydrodynamique	ADJ	f	p	hydrodynamiques
hydrodynamique	ADJ	m	p	hydrodynamiques
hydrodynamique	ADJ	m	s	hydrodynamique
hydroglisseur	NOM	m	p	hydroglisseurs
hydrographie	NOM	f	p	hydrographies
hydrographique	ADJ	f	p	hydrographiques
hydrographique	ADJ	f	s	hydrographique
hydrographique	ADJ	m	p	hydrographiques
hydrogéné	ADJ	f	p	hydrogénées
hydrogéné	ADJ	m	p	hydrogénés
hydrolase	NOM	f	p	hydrolases
hydrologie	NOM	f	p	hydrologies
hydrolyse	NOM	f	p	hydrolyses
hydromel	NOM	m	p	hydromels
hydromètre	NOM	f	s	hydromètre
hydrophile	ADJ	f	s	hydrophile
hydrophile	ADJ	m	p	hydrophiles
hydrophile	NOM	m	p	hydrophiles
hydrophobe	ADJ	f	p	hydrophobes
hydrophobe	ADJ	m	p	hydrophobes
hydrophobe	ADJ	m	s	hydrophobe
hydrophobie	NOM	f	p	hydrophobies
hydrophone	NOM	m	p	hydrophones
hydrophyte	NOM	f	p	hydrophytes
hydropique	ADJ	f	p	hydropiques
hydropique	ADJ	m	p	hydropiques
hydropique	ADJ	m	s	hydropique
hydropisie	NOM	f	p	hydropisies
hydropneumatique	ADJ	f	p	hydropneumatiques
hydropneumatique	ADJ	f	s	hydropneumatique
hydropneumatique	ADJ	m	p	hydropneumatiques
hydroptère	NOM	m	p	hydroptères
hydroquinone	NOM	f	p	hydroquinones
hydrostatique	NOM	f	p	hydrostatiques
hydrothérapie	NOM	f	p	hydrothérapies
hydroxyde	NOM	m	p	hydroxydes
hydroélectrique	ADJ	f	p	hydroélectriques
hydroélectrique	ADJ	m	p	hydroélectriques
hydroélectrique	ADJ	m	s	hydro-électrique
hydroélectrique	ADJ	m	s	hydroélectrique
hygiaphone	NOM	m	p	hygiaphones
hygroma	NOM	m	p	hygromas
hygrométrie	NOM	f	p	hygrométries
hygrométrique	ADJ	f	s	hygrométrique
hygrométrique	ADJ	m	p	hygrométriques
hygrométrique	ADJ	m	s	hygrométrique
hylémorphique	ADJ	m	s	hylémorphique
hymen	NOM	m	p	hymens
hyoïde	ADJ	f	p	hyoïdes
hyoïde	ADJ	m	p	hyoïdes
hyoïde	ADJ	m	s	hyoïde
hyoïde	NOM	m	p	hyoïdes
hypallage	NOM	f	p	hypallages
hyperacidité	NOM	f	p	hyperacidités
hyperactif	ADJ	f	p	hyperactives
hyperactif	ADJ	m	p	hyperactifs
hyperactivité	NOM	f	p	hyperactivités
hyperbare	ADJ	f	p	hyperbares
hyperbare	ADJ	f	s	hyperbare
hyperbare	ADJ	m	p	hyperbares
hyperboréen	ADJ	f	p	hyperboréennes
hypercalcémie	NOM	f	p	hypercalcémies
hypercholestérolémie	NOM	f	p	hypercholestérolémies
hypercoagulabilité	NOM	f	p	hypercoagulabilités
hyperespace	NOM	m	p	hyperespaces
hyperesthésie	NOM	f	p	hyperesthésies
hyperglycémie	NOM	f	s	hyperglycémie
hyperkaliémie	NOM	f	p	hyperkaliémies
hyperlipidémie	NOM	f	p	hyperlipidémies
hyperlipémie	NOM	f	p	hyperlipémies
hypermnésie	NOM	f	p	hypermnésies
hypernerveux	ADJ	f	p	hypernerveuses
hypernerveux	ADJ	m	p	hypernerveux
hypernerveux	ADJ	m	s	hypernerveux
hyperplan	NOM	m	p	hyperplans
hyperplasie	NOM	f	p	hyperplasies
hyperréactivité	NOM	f	p	hyperréactivités
hyperréalisme	NOM	m	p	hyperréalismes
hypersensibilité	NOM	f	p	hypersensibilités
hypersensible	ADJ	f	p	hypersensibles
hypersensible	ADJ	f	s	hypersensible
hypersensible	ADJ	m	s	hypersensible
hypersomnie	NOM	f	p	hypersomnies
hypersonique	ADJ	f	p	hypersoniques
hypersonique	ADJ	f	s	hypersonique
hypersonique	ADJ	m	p	hypersoniques
hypersustentateur	ADJ	f	p	hypersustentatrices
hypersustentateur	ADJ	f	s	hypersustentatrice
hypersustentateur	ADJ	m	p	hypersustentateurs
hypersustentateur	NOM	m	p	hypersustentateurs
hypertendu	ADJ	f	p	hypertendues
hypertendu	ADJ	m	p	hypertendus
hypertendu	NOM	m	s	hypertendu
hyperthermie	NOM	f	p	hyperthermies
hyperthyroïdien	ADJ	f	p	hyperthyroïdiennes
hyperthyroïdien	ADJ	f	s	hyperthyroïdienne
hyperthyroïdien	ADJ	m	p	hyperthyroïdiens
hypertrichose	NOM	f	p	hypertrichoses
hypertrophie	NOM	f	p	hypertrophies
hypertrophique	ADJ	f	p	hypertrophiques
hypertrophique	ADJ	m	p	hypertrophiques
hypertrophique	ADJ	m	s	hypertrophique
hypertrophié	ADJ	f	p	hypertrophiées
hyperventilation	NOM	f	p	hyperventilations
hyperémotif	ADJ	f	p	hyperémotives
hyperémotif	ADJ	m	p	hyperémotifs
hyperémotif	ADJ	m	s	hyperémotif
hyperémotivité	NOM	f	p	hyperémotivités
hypholome	NOM	m	s	hypholome
hypnagogique	ADJ	f	s	hypnagogique
hypnagogique	ADJ	m	p	hypnagogiques
hypnagogique	ADJ	m	s	hypnagogique
hypnotisme	NOM	m	p	hypnotismes
hypoallergénique	ADJ	f	p	hypoallergéniques
hypoallergénique	ADJ	m	s	hypoallergénique
hypocalcémie	NOM	f	p	hypocalcémies
hypocapnie	NOM	f	p	hypocapnies
hypocentre	NOM	m	p	hypocentres
hypochlorite	NOM	m	p	hypochlorites
hypocondre	NOM	m	p	hypocondres
hypocondriaque	ADJ	f	p	hypocondriaques
hypocondriaque	ADJ	f	s	hypocondriaque
hypocondriaque	ADJ	m	p	hypocondriaques
hypocondrie	NOM	f	p	hypocondries
hypoderme	NOM	m	p	hypodermes
hypodermique	ADJ	f	s	hypodermique
hypodermique	ADJ	m	p	hypodermiques
hypodermique	ADJ	m	s	hypodermique
hypoglycémie	NOM	f	p	hypoglycémies
hypoglycémique	ADJ	f	s	hypoglycémique
hypoglycémique	ADJ	m	p	hypoglycémiques
hypogonadisme	NOM	m	p	hypogonadismes
hyponatrémie	NOM	f	p	hyponatrémies
hyponomeute	NOM	m	s	hyponomeute
hypoplasie	NOM	f	p	hypoplasies
hyposulfite	NOM	m	p	hyposulfites
hypotaupe	NOM	f	p	hypotaupes
hypotendu	ADJ	f	p	hypotendues
hypotendu	ADJ	m	p	hypotendus
hypotendu	NOM	m	p	hypotendus
hypotensif	ADJ	f	p	hypotensives
hypotensif	ADJ	m	p	hypotensifs
hypotension	NOM	f	p	hypotensions
hypothermie	NOM	f	p	hypothermies
hypothermique	ADJ	f	p	hypothermiques
hypothermique	ADJ	f	s	hypothermique
hypothermique	ADJ	m	p	hypothermiques
hypothyroïdie	NOM	f	p	hypothyroïdies
hypothécaire	ADJ	f	p	hypothécaires
hypothécaire	ADJ	f	s	hypothécaire
hypothécaire	ADJ	m	s	hypothécaire
hypotonie	NOM	f	p	hypotonies
hypoténuse	NOM	f	p	hypoténuses
hypoxie	NOM	f	p	hypoxies
hystérectomie	NOM	f	p	hystérectomies
hâbleur	ADJ	f	p	hâbleuses
hâbleur	ADJ	f	s	hâbleuse
héberge	NOM	f	p	héberges
hébergement	NOM	m	p	hébergements
hébertisme	NOM	m	p	hébertismes
hébraïsant	ADJ	f	p	hébraïsantes
hébraïsant	ADJ	f	s	hébraïsante
hébraïsant	ADJ	m	p	hébraïsants
hébreu	ADJ	f	p	hébraïques
hébreu	ADJ	f	p	hébreues
hébreu	ADJ	f	s	hébraïque
hébreu	ADJ	f	s	hébreue
hébreu	NOM	m	p	hébreus
hébreu	NOM	m	p	hébreux
hébéphrénique	ADJ	f	p	hébéphréniques
hébéphrénique	ADJ	m	p	hébéphréniques
hébéphrénique	ADJ	m	s	hébéphrénique
hébétement	NOM	m	p	hébétements
hébétude	NOM	f	p	hébétudes
hédonisme	NOM	m	p	hédonismes
hédoniste	ADJ	f	p	hédonistes
hédoniste	ADJ	f	s	hédoniste
hédoniste	ADJ	m	s	hédoniste
hégire	NOM	f	p	hégires
hégélianisme	NOM	m	p	hégélianismes
hégélien	ADJ	f	p	hégéliennes
hégémonie	NOM	f	p	hégémonies
hélianthe	NOM	m	s	hélianthe
hélicoïdal	ADJ	f	p	hélicoïdales
hélicoïdal	ADJ	m	p	hélicoïdaux
hélio	NOM	f	p	hélios
héliographe	NOM	m	p	héliographes
héliogravure	NOM	f	p	héliogravures
héliport	NOM	m	p	héliports
héliporté	ADJ	f	p	héliportées
hélium	NOM	m	p	héliums
hématine	NOM	f	p	hématines
hématite	NOM	f	p	hématites
hématocrite	NOM	m	p	hématocrites
hématocèle	NOM	f	p	hématocèles
hématologie	NOM	f	p	hématologies
hématologique	ADJ	f	p	hématologiques
hématologique	ADJ	m	p	hématologiques
hématologique	ADJ	m	s	hématologique
hématopoïèse	NOM	f	p	hématopoïèses
hématose	NOM	f	p	hématoses
hématurie	NOM	f	p	hématuries
hémicycle	NOM	m	p	hémicycles
hémiplégie	NOM	f	p	hémiplégies
hémiptère	NOM	m	p	hémiptères
hémisphérique	ADJ	f	p	hémisphériques
hémisphérique	ADJ	f	s	hémisphérique
hémisphérique	ADJ	m	s	hémisphérique
hémièdre	ADJ	f	s	hémièdre
hémièdre	ADJ	m	p	hémièdres
hémièdre	ADJ	m	s	hémièdre
hémodialyse	NOM	f	p	hémodialyses
hémodynamique	ADJ	f	p	hémodynamiques
hémodynamique	ADJ	f	s	hémodynamique
hémodynamique	ADJ	m	p	hémodynamiques
hémodynamique	NOM	f	p	hémodynamiques
hémogramme	NOM	m	p	hémogrammes
hémolyse	NOM	f	p	hémolyses
hémolytique	ADJ	f	p	hémolytiques
hémolytique	ADJ	m	p	hémolytiques
hémolytique	ADJ	m	s	hémolytique
hémophile	ADJ	f	p	hémophiles
hémophile	ADJ	f	s	hémophile
hémophilie	NOM	f	p	hémophilies
hémorroïdal	ADJ	f	p	hémorroïdales
hémorroïdal	ADJ	m	p	hémorroïdaux
hémorroïdal	ADJ	m	s	hémorroïdal
hémostase	NOM	f	p	hémostases
héparine	NOM	f	p	héparines
hépatomégalie	NOM	f	p	hépatomégalies
héraclitéen	ADJ	f	p	héraclitéennes
héraclitéen	ADJ	m	p	héraclitéens
héraldique	NOM	f	p	héraldiques
héroïde	NOM	f	p	héroïdes
héroïsme	NOM	m	p	héroïsmes
hérédité	NOM	f	p	hérédités
hétérochromie	NOM	f	p	hétérochromies
hétérodoxe	ADJ	f	p	hétérodoxes
hétérodoxe	ADJ	f	s	hétérodoxe
hétérodoxe	ADJ	m	s	hétérodoxe
hétérodoxie	NOM	f	p	hétérodoxies
hétérogène	ADJ	f	p	hétérogènes
hétérogène	ADJ	f	s	hétérogène
hétérogène	ADJ	m	p	hétérogènes
hétérogénéité	NOM	f	p	hétérogénéités
hétéroptère	NOM	m	p	hétéroptères
hétérosexualité	NOM	f	p	hétérosexualités
iambe	NOM	m	p	iambes
iambique	ADJ	f	p	iambiques
iambique	ADJ	f	s	iambique
ibère	ADJ	f	p	ibères
ibère	ADJ	f	s	ibère
ibère	ADJ	m	s	ibère
ichtyologie	NOM	f	p	ichtyologies
iconoclaste	ADJ	f	s	iconoclaste
iconoclaste	ADJ	m	p	iconoclastes
iconoclaste	ADJ	m	s	iconoclaste
iconographique	ADJ	f	p	iconographiques
iconographique	ADJ	m	p	iconographiques
iconographique	ADJ	m	s	iconographique
iconostase	NOM	f	p	iconostases
icosaèdre	NOM	m	p	icosaèdres
ictère	NOM	m	p	ictères
ide	NOM	m	p	ides
identificateur	ADJ	f	p	identificatrices
identificateur	ADJ	f	s	identificatrice
identificateur	ADJ	m	p	identificateurs
identificateur	NOM	m	p	identificateurs
identitaire	ADJ	f	s	identitaire
identitaire	ADJ	m	p	identitaires
identitaire	ADJ	m	s	identitaire
idiolecte	NOM	m	s	idiolecte
idiomatique	ADJ	f	s	idiomatique
idiomatique	ADJ	m	p	idiomatiques
idiomatique	ADJ	m	s	idiomatique
idiosyncrasique	ADJ	f	p	idiosyncrasiques
idiosyncrasique	ADJ	f	s	idiosyncrasique
idiosyncrasique	ADJ	m	p	idiosyncrasiques
idolâtre	ADJ	f	p	idolâtres
idolâtre	ADJ	f	s	idolâtre
idolâtre	ADJ	m	s	idolâtre
idéalisation	NOM	f	p	idéalisations
idéation	NOM	f	p	idéations
idéel	ADJ	f	p	idéelles
idéel	ADJ	f	s	idéelle
idéel	ADJ	m	p	idéels
idéographie	NOM	f	p	idéographies
idéographique	ADJ	f	p	idéographiques
idéographique	ADJ	f	s	idéographique
idéographique	ADJ	m	p	idéographiques
ignifuge	ADJ	f	p	ignifuges
ignifuge	ADJ	m	p	ignifuges
ignifuge	ADJ	m	s	ignifuge
ignifugeant	ADJ	f	p	ignifugeantes
ignifugeant	ADJ	f	s	ignifugeante
ignifugeant	ADJ	m	p	ignifugeants
ignifugé	ADJ	f	p	ignifugées
ignition	NOM	f	p	ignitions
ignominieux	ADJ	m	p	ignominieux
ignorantin	ADJ	f	p	ignorantines
ignorantin	ADJ	f	s	ignorantine
ignorantin	ADJ	m	s	ignorantin
igné	ADJ	f	p	ignées
igné	ADJ	m	p	ignés
ikebana	NOM	m	p	ikebanas
iliaque	ADJ	m	p	iliaques
iliaque	ADJ	m	s	iliaque
ilium	NOM	m	p	iliums
illettrisme	NOM	m	p	illettrismes
illettré	ADJ	f	p	illettrées
illuminant	ADJ	f	p	illuminantes
illuminant	ADJ	f	s	illuminante
illuminant	ADJ	m	p	illuminants
illuminateur	NOM	m	s	illuminateur
illuministe	ADJ	f	s	illuministe
illuministe	ADJ	m	p	illuministes
illuministe	ADJ	m	s	illuministe
illusionnisme	NOM	m	p	illusionnismes
illustrateur	NOM	m	p	illustrateurs
illustrissime	ADJ	m	p	illustrissimes
illustrissime	ADJ	m	s	illustrissime
illégalité	NOM	f	p	illégalités
illégitimité	NOM	f	p	illégitimités
ilotisme	NOM	m	p	ilotismes
iléal	ADJ	f	p	iléales
iléal	ADJ	f	s	iléale
iléal	ADJ	m	s	iléal
imaginant	ADJ	f	p	imaginantes
imaginant	ADJ	f	s	imaginante
imaginant	ADJ	m	p	imaginants
imaginative	NOM	f	p	imaginatives
iman	NOM	m	p	imans
imbattable	ADJ	f	p	imbattables
imbattable	ADJ	f	s	imbattable
imbattable	ADJ	m	s	imbattable
imbibition	NOM	f	p	imbibitions
imbitable	ADJ	f	p	imbitables
imbitable	ADJ	f	s	imbitable
imbriqué	ADJ	f	s	imbriquée
imbuvable	ADJ	f	p	imbuvables
imbuvable	ADJ	m	p	imbuvables
imbuvable	ADJ	m	s	imbuvable
imidazole	NOM	m	p	imidazoles
imitable	ADJ	f	p	imitables
imitable	ADJ	f	s	imitable
imitateur	ADJ	f	p	imitatrices
imitateur	ADJ	f	s	imitatrice
imitatif	ADJ	m	p	imitatifs
imitatif	ADJ	m	s	imitatif
immanence	NOM	f	p	immanences
immanent	ADJ	f	p	immanentes
immanent	ADJ	m	p	immanents
immanentisme	NOM	m	p	immanentismes
immangeable	ADJ	f	p	immangeables
immangeable	ADJ	f	s	immangeable
immangeable	ADJ	m	p	immangeables
immatriculé	ADJ	f	p	immatriculées
immatriculé	ADJ	m	p	immatriculés
immaturité	NOM	f	p	immaturités
immatérialité	NOM	f	p	immatérialités
immersion	NOM	f	p	immersions
immeuble	ADJ	f	p	immeubles
immeuble	ADJ	f	s	immeuble
immeuble	ADJ	m	s	immeuble
immigrant	ADJ	f	p	immigrantes
immigrant	ADJ	f	s	immigrante
immigration	NOM	f	p	immigrations
imminence	NOM	f	p	imminences
immiscible	ADJ	f	p	immiscibles
immiscible	ADJ	f	s	immiscible
immiscible	ADJ	m	s	immiscible
immobilisme	NOM	m	p	immobilismes
immodeste	ADJ	m	p	immodestes
immodeste	ADJ	m	s	immodeste
immodestie	NOM	f	p	immodesties
immoralisme	NOM	m	p	immoralismes
immoralité	NOM	f	p	immoralités
immortalisation	NOM	f	p	immortalisations
immortifié	ADJ	f	s	immortifiée
immortifié	ADJ	m	p	immortifiés
immortifié	ADJ	m	s	immortifié
immotivé	ADJ	f	p	immotivées
immotivé	ADJ	m	s	immotivé
immuabilité	NOM	f	p	immuabilités
immun	ADJ	f	p	immunes
immun	ADJ	m	p	immuns
immun	ADJ	m	s	immun
immunisation	NOM	f	p	immunisations
immunodéficience	NOM	f	p	immunodéficiences
immunodéficitaire	ADJ	f	p	immuno-déficitaires
immunodéficitaire	ADJ	f	p	immunodéficitaires
immunodéficitaire	ADJ	m	p	immuno-déficitaires
immunodéficitaire	ADJ	m	p	immunodéficitaires
immunodéficitaire	ADJ	m	s	immunodéficitaire
immunodéprimé	ADJ	f	p	immunodéprimées
immunodéprimé	ADJ	f	s	immunodéprimée
immunodéprimé	ADJ	m	p	immunodéprimés
immunodéprimé	NOM	m	p	immunodéprimés
immunogène	ADJ	f	p	immunogènes
immunogène	ADJ	m	p	immunogènes
immunogène	ADJ	m	s	immunogène
immunologie	NOM	f	p	immunologies
immunostimulant	NOM	m	p	immunostimulants
immunothérapie	NOM	f	p	immunothérapies
immutabilité	NOM	f	p	immutabilités
immédiat	NOM	m	p	immédiats
immédiateté	NOM	f	p	immédiatetés
impalpabilité	NOM	f	p	impalpabilités
imparable	ADJ	f	s	imparable
imparable	ADJ	m	p	imparables
imparable	ADJ	m	s	imparable
impartialité	NOM	f	p	impartialités
impassibilité	NOM	f	p	impassibilités
impavide	ADJ	f	s	impavide
impavide	ADJ	m	p	impavides
impavide	ADJ	m	s	impavide
impayable	ADJ	f	p	impayables
impayable	ADJ	f	s	impayable
impayable	ADJ	m	p	impayables
impeachment	NOM	m	p	impeachments
impeccabilité	NOM	f	p	impeccabilités
impensable	ADJ	f	s	impensable
impensable	ADJ	m	p	impensables
impensable	ADJ	m	s	impensable
impensé	ADJ	f	p	impensées
impensé	ADJ	f	s	impensée
impensé	ADJ	m	p	impensés
imperator	NOM	m	p	imperatores
imperator	NOM	m	p	imperators
imperium	NOM	m	p	imperia
imperium	NOM	m	p	imperiums
imperméabilisant	NOM	m	p	imperméabilisants
imperméabilité	NOM	f	p	imperméabilités
impersonnalité	NOM	f	p	impersonnalités
implacabilité	NOM	f	p	implacabilités
implantable	ADJ	f	p	implantables
implantable	ADJ	f	s	implantable
implantable	ADJ	m	p	implantables
implosif	ADJ	f	s	implosive
implosion	NOM	f	p	implosions
implosive	NOM	f	p	implosives
implémentation	NOM	f	p	implémentations
impoli	ADJ	f	p	impolies
impollu	ADJ	f	p	impollues
impollu	ADJ	f	s	impollue
impollu	ADJ	m	p	impollus
impolluable	ADJ	f	p	impolluables
impolluable	ADJ	m	p	impolluables
impolluable	ADJ	m	s	impolluable
impondérable	ADJ	f	s	impondérable
impondérable	ADJ	m	p	impondérables
impondérable	ADJ	m	s	impondérable
impopulaire	ADJ	f	p	impopulaires
impopulaire	ADJ	f	s	impopulaire
impopulaire	ADJ	m	s	impopulaire
impopularité	NOM	f	p	impopularités
importateur	ADJ	f	p	importatrices
importateur	ADJ	f	s	importatrice
importateur	ADJ	m	p	importateurs
importunité	NOM	f	s	importunité
imposable	ADJ	f	p	imposables
imposable	ADJ	f	s	imposable
imposable	ADJ	m	s	imposable
imposte	NOM	f	p	impostes
imposé	NOM	m	p	imposés
impotence	NOM	f	p	impotences
impraticabilité	NOM	f	p	impraticabilités
imprescriptible	ADJ	f	p	imprescriptibles
imprescriptible	ADJ	f	s	imprescriptible
imprescriptible	ADJ	m	s	imprescriptible
impressif	ADJ	f	p	impressives
impressif	ADJ	m	p	impressifs
impressif	ADJ	m	s	impressif
impressionnable	ADJ	f	p	impressionnables
impressionnable	ADJ	f	s	impressionnable
impressionnable	ADJ	m	s	impressionnable
impressionnisme	NOM	m	p	impressionnismes
imprimante	NOM	f	p	imprimantes
impro	NOM	f	p	impros
improbabilité	NOM	f	p	improbabilités
imprononçable	ADJ	f	p	imprononçables
imprononçable	ADJ	f	s	imprononçable
impropre	ADJ	f	s	impropre
impropre	ADJ	m	p	impropres
impropre	ADJ	m	s	impropre
impropriété	NOM	f	s	impropriété
improvisade	NOM	f	p	improvisades
imprécateur	NOM	m	p	imprécateurs
imprécis	ADJ	m	p	imprécis
imprécis	ADJ	m	s	imprécis
impréparation	NOM	f	p	impréparations
imprévisibilité	NOM	f	p	imprévisibilités
imprévision	NOM	f	p	imprévisions
imprévoyance	NOM	f	p	imprévoyances
imprévoyant	ADJ	f	p	imprévoyantes
impubère	ADJ	f	p	impubères
impubère	ADJ	m	p	impubères
impubère	ADJ	m	s	impubère
impudicité	NOM	f	p	impudicités
impulsive	NOM	f	p	impulsives
impulsivité	NOM	f	p	impulsivités
impuni	ADJ	f	p	impunies
impunité	NOM	f	p	impunités
imputable	ADJ	f	p	imputables
imputable	ADJ	f	s	imputable
imputable	ADJ	m	s	imputable
imputrescible	ADJ	f	p	imputrescibles
imputrescible	ADJ	f	s	imputrescible
imputrescible	ADJ	m	s	imputrescible
impécunieux	ADJ	f	p	impécunieuses
impécunieux	ADJ	m	s	impécunieux
impécuniosité	NOM	f	p	impécuniosités
impédance	NOM	f	p	impédances
impénitent	ADJ	f	p	impénitentes
impénétrabilité	NOM	f	p	impénétrabilités
impérialisme	NOM	m	p	impérialismes
impérieux	ADJ	m	p	impérieux
impérieux	ADJ	m	s	impérieux
impéritie	NOM	f	p	impérities
impétigo	NOM	m	p	impétigos
impétueux	ADJ	m	p	impétueux
impétueux	ADJ	m	s	impétueux
impétuosité	NOM	f	p	impétuosités
inabouti	ADJ	f	p	inabouties
inabouti	ADJ	m	p	inaboutis
inaccessibilité	NOM	f	p	inaccessibilités
inaccompli	ADJ	f	p	inaccomplies
inaccompli	ADJ	f	s	inaccomplie
inaccomplissement	NOM	m	p	inaccomplissements
inaccoutumé	ADJ	m	p	inaccoutumés
inachèvement	NOM	m	p	inachèvements
inaction	NOM	f	p	inactions
inactivation	NOM	f	p	inactivations
inactivité	NOM	f	p	inactivités
inactivé	ADJ	f	p	inactivées
inactivé	ADJ	f	s	inactivée
inactivé	ADJ	m	p	inactivés
inactuel	ADJ	f	p	inactuelles
inactuel	ADJ	f	s	inactuelle
inactuel	ADJ	m	p	inactuels
inadaptation	NOM	f	p	inadaptations
inadéquation	NOM	f	p	inadéquations
inaliénable	ADJ	f	p	inaliénables
inaliénable	ADJ	f	s	inaliénable
inaliénable	ADJ	m	s	inaliénable
inamical	ADJ	f	p	inamicales
inanalysable	ADJ	f	p	inanalysables
inanalysable	ADJ	m	p	inanalysables
inanalysable	ADJ	m	s	inanalysable
inanimation	NOM	f	p	inanimations
inanition	NOM	f	p	inanitions
inanité	NOM	f	p	inanités
inapaisé	ADJ	m	s	inapaisé
inapplicable	ADJ	f	p	inapplicables
inapplicable	ADJ	f	s	inapplicable
inapplicable	ADJ	m	s	inapplicable
inapplication	NOM	f	p	inapplications
inappréciable	ADJ	f	p	inappréciables
inappréciable	ADJ	f	s	inappréciable
inappréciable	ADJ	m	s	inappréciable
inapprécié	ADJ	f	p	inappréciées
inapprécié	ADJ	m	p	inappréciés
inapprécié	ADJ	m	s	inapprécié
inappétence	NOM	f	p	inappétences
inapte	ADJ	f	p	inaptes
inapte	ADJ	f	s	inapte
inapte	ADJ	m	s	inapte
inarticulé	NOM	m	p	inarticulés
inassouvissable	ADJ	f	p	inassouvissables
inassouvissable	ADJ	f	s	inassouvissable
inassouvissable	ADJ	m	p	inassouvissables
inassouvissement	NOM	m	p	inassouvissements
inattaquable	ADJ	f	p	inattaquables
inattaquable	ADJ	f	s	inattaquable
inattaquable	ADJ	m	s	inattaquable
inatteignable	ADJ	f	p	inatteignables
inatteignable	ADJ	f	s	inatteignable
inatteignable	ADJ	m	p	inatteignables
inattention	NOM	f	p	inattentions
inaugural	ADJ	m	p	inauguraux
inauthenticité	NOM	f	p	inauthenticités
inaverti	ADJ	f	p	inaverties
inaverti	ADJ	f	s	inavertie
inaverti	ADJ	m	p	inavertis
incapacitant	ADJ	f	p	incapacitantes
incarcération	NOM	f	p	incarcérations
incarnadin	ADJ	f	s	incarnadine
incarnadin	ADJ	m	p	incarnadins
incarnadin	ADJ	m	s	incarnadin
incarnat	ADJ	f	p	incarnates
incarnat	ADJ	f	s	incarnate
incarnat	ADJ	m	p	incarnats
incarnat	NOM	m	p	incarnat
incarnat	NOM	m	p	incarnats
incernable	ADJ	f	p	incernables
incernable	ADJ	f	s	incernable
incernable	ADJ	m	p	incernables
incestueux	ADJ	m	p	incestueux
incestueux	ADJ	m	s	incestueux
inchangeable	ADJ	f	p	inchangeables
inchangeable	ADJ	m	p	inchangeables
inchangeable	ADJ	m	s	inchangeable
incinération	NOM	f	p	incinérations
incise	ADJ	f	p	incises
incitant	ADJ	f	p	incitantes
incitant	ADJ	f	s	incitante
incitant	ADJ	m	p	incitants
incitateur	NOM	m	p	incitateurs
incitatif	ADJ	f	p	incitatives
incitatif	ADJ	f	s	incitative
incitatif	ADJ	m	p	incitatifs
incitation	NOM	f	p	incitations
incivil	ADJ	f	p	inciviles
incivil	ADJ	f	s	incivile
inclassable	ADJ	f	p	inclassables
inclassable	ADJ	f	s	inclassable
inclassable	ADJ	m	p	inclassables
inclinable	ADJ	f	p	inclinables
inclinable	ADJ	f	s	inclinable
inclinant	ADJ	f	p	inclinantes
inclinant	ADJ	m	p	inclinants
inclinant	ADJ	m	s	inclinant
inclinomètre	NOM	m	p	inclinomètres
inclus	ADJ	m	p	inclus
inclusif	ADJ	f	p	inclusives
inclusif	ADJ	m	p	inclusifs
inclusif	ADJ	m	s	inclusif
inclusion	NOM	f	p	inclusions
inclément	ADJ	f	p	inclémentes
inclément	ADJ	m	p	incléments
incoiffable	ADJ	f	p	incoiffables
incoiffable	ADJ	f	s	incoiffable
incoiffable	ADJ	m	s	incoiffable
incollable	ADJ	f	p	incollables
incollable	ADJ	f	s	incollable
incollable	ADJ	m	p	incollables
incombustible	ADJ	f	p	incombustibles
incombustible	ADJ	m	p	incombustibles
incombustible	ADJ	m	s	incombustible
incomestible	ADJ	f	p	incomestibles
incomestible	ADJ	m	p	incomestibles
incomestible	ADJ	m	s	incomestible
incommodant	ADJ	m	p	incommodants
incommodé	ADJ	f	p	incommodées
incommodé	ADJ	m	p	incommodés
incommunicabilité	NOM	f	p	incommunicabilités
incomplétude	NOM	f	p	incomplétudes
incompris	ADJ	m	p	incompris
incompris	ADJ	m	s	incompris
incompréhensif	ADJ	f	p	incompréhensives
incompréhensif	ADJ	f	s	incompréhensive
incompétent	ADJ	f	p	incompétentes
inconciliable	ADJ	f	p	inconciliables
inconciliable	ADJ	f	s	inconciliable
inconciliable	ADJ	m	p	inconciliables
inconditionné	ADJ	f	p	inconditionnées
inconditionné	ADJ	m	p	inconditionnés
inconduite	NOM	f	p	inconduites
inconfiance	NOM	f	p	inconfiances
inconfort	NOM	m	p	inconforts
incongelable	ADJ	f	s	incongelable
incongelable	ADJ	m	p	incongelables
incongelable	ADJ	m	s	incongelable
inconnaissable	ADJ	f	p	inconnaissables
inconnaissable	ADJ	m	p	inconnaissables
inconnaissable	ADJ	m	s	inconnaissable
inconnaissable	NOM	m	p	inconnaissables
inconnaissance	NOM	f	p	inconnaissances
inconsistance	NOM	f	p	inconsistances
inconsolable	ADJ	f	p	inconsolables
inconsolable	ADJ	f	s	inconsolable
inconsolable	ADJ	m	s	inconsolable
inconstance	NOM	f	p	inconstances
inconstant	ADJ	f	p	inconstantes
inconstitutionnel	ADJ	f	p	inconstitutionnelles
inconstitutionnel	ADJ	m	p	inconstitutionnels
inconstructible	ADJ	f	p	inconstructibles
inconstructible	ADJ	f	s	inconstructible
inconstructible	ADJ	m	s	inconstructible
inconséquent	ADJ	f	p	inconséquentes
incontesté	ADJ	f	p	incontestées
inconvertissable	ADJ	f	p	inconvertissables
inconvertissable	ADJ	f	s	inconvertissable
inconvertissable	ADJ	m	p	inconvertissables
incoordination	NOM	f	p	incoordinations
incorporable	ADJ	f	p	incorporables
incorporable	ADJ	f	s	incorporable
incorporable	ADJ	m	p	incorporables
incorporel	ADJ	m	p	incorporels
incorrect	ADJ	f	p	incorrectes
incorrection	NOM	f	p	incorrections
incorruptibilité	NOM	f	p	incorruptibilités
increvable	ADJ	f	p	increvables
increvable	ADJ	f	s	increvable
increvable	ADJ	m	s	increvable
incrimination	NOM	f	p	incriminations
incroyance	NOM	f	p	incroyances
incroyant	ADJ	f	p	incroyantes
incroyant	ADJ	f	s	incroyante
incrédibilité	NOM	f	p	incrédibilités
incrédulité	NOM	f	p	incrédulités
incréé	ADJ	f	p	incréées
incréé	ADJ	m	p	incréés
incubateur	ADJ	f	p	incubatrices
incubateur	ADJ	f	s	incubatrice
incubation	NOM	f	p	incubations
inculcation	NOM	f	p	inculcations
inculpé	ADJ	f	p	inculpées
incultivable	ADJ	f	p	incultivables
incultivable	ADJ	m	s	incultivable
inculture	NOM	f	p	incultures
incunable	NOM	m	s	incunable
incurie	NOM	f	p	incuries
incurieux	ADJ	f	p	incurieuses
incurieux	ADJ	f	s	incurieuse
incurieux	ADJ	m	p	incurieux
incuriosité	NOM	f	p	incuriosités
incurvation	NOM	f	p	incurvations
indentation	NOM	f	p	indentations
indestructibilité	NOM	f	p	indestructibilités
indexation	NOM	f	p	indexations
indexeur	NOM	m	p	indexeurs
indicatif	ADJ	f	p	indicatives
indicatif	ADJ	f	s	indicative
indiciaire	ADJ	m	p	indiciaires
indiciaire	ADJ	m	s	indiciaire
indiennerie	NOM	f	s	indiennerie
indifférenciation	NOM	f	p	indifférenciations
indifférencié	ADJ	f	p	indifférenciées
indifférentisme	NOM	m	p	indifférentismes
indigence	NOM	f	p	indigences
indigo	NOM	m	p	indigos
indiscipline	NOM	f	p	indisciplines
indiscrète	NOM	f	p	indiscrètes
indiscuté	ADJ	f	p	indiscutées
indisponibilité	NOM	f	p	indisponibilités
indispos	ADJ	m	p	indispos
indispos	ADJ	m	s	indispos
indisposition	NOM	f	p	indispositions
indisposé	ADJ	f	p	indisposées
indisposé	ADJ	m	p	indisposés
indissociable	ADJ	f	p	indissociables
indissociable	ADJ	f	s	indissociable
indissociable	ADJ	m	s	indissociable
indissoluble	ADJ	f	p	indissolubles
indissoluble	ADJ	f	s	indissoluble
indissoluble	ADJ	m	s	indissoluble
indistinction	NOM	f	p	indistinctions
individualisme	NOM	m	p	individualismes
individualisé	ADJ	f	p	individualisées
individualisé	ADJ	f	s	individualisée
individualisé	ADJ	m	p	individualisés
individué	ADJ	m	s	individué
indivis	ADJ	f	s	indivise
indivis	ADJ	m	p	indivis
indivis	ADJ	m	s	indivis
indivisibilité	NOM	f	p	indivisibilités
indivision	NOM	f	p	indivisions
indivisé	ADJ	f	p	indivisées
indivisé	ADJ	f	s	indivisée
indivisé	ADJ	m	p	indivisés
indochinois	ADJ	m	p	indochinois
indochinois	ADJ	m	s	indochinois
indocilité	NOM	f	p	indocilités
indole	NOM	m	p	indoles
indomptable	ADJ	f	p	indomptables
indomptable	ADJ	f	s	indomptable
indomptable	ADJ	m	s	indomptable
indompté	ADJ	f	p	indomptées
indonésien	ADJ	f	p	indonésiennes
indou	ADJ	f	p	indoues
indou	ADJ	f	s	indoue
indubitable	ADJ	f	s	indubitable
indubitable	ADJ	m	p	indubitables
indubitable	ADJ	m	s	indubitable
inducteur	ADJ	f	p	inductrices
inducteur	ADJ	m	p	inducteurs
inducteur	ADJ	m	s	inducteur
inducteur	NOM	m	p	inducteurs
inductif	ADJ	f	p	inductives
inductif	ADJ	m	p	inductifs
induit	ADJ	f	p	induites
induit	ADJ	m	p	induits
induit	NOM	m	p	induits
induré	ADJ	f	p	indurées
induré	ADJ	m	p	indurés
induré	ADJ	m	s	induré
industrialisation	NOM	f	p	industrialisations
industrialisé	ADJ	f	p	industrialisées
industrieux	ADJ	m	p	industrieux
industrieux	ADJ	m	s	industrieux
indéchirable	ADJ	f	s	indéchirable
indéchirable	ADJ	m	p	indéchirables
indéchirable	ADJ	m	s	indéchirable
indécidable	ADJ	f	p	indécidables
indécidable	ADJ	f	s	indécidable
indécidable	ADJ	m	s	indécidable
indécis	ADJ	m	p	indécis
indécis	ADJ	m	s	indécis
indécollable	ADJ	f	p	indécollables
indécollable	ADJ	f	s	indécollable
indécollable	ADJ	m	s	indécollable
indécrassable	ADJ	f	p	indécrassables
indécrassable	ADJ	f	s	indécrassable
indécrassable	ADJ	m	s	indécrassable
indécrottable	ADJ	f	p	indécrottables
indécrottable	ADJ	f	s	indécrottable
indécrottable	ADJ	m	s	indécrottable
indéfectible	ADJ	f	p	indéfectibles
indéfectible	ADJ	f	s	indéfectible
indéfectible	ADJ	m	s	indéfectible
indéfendable	ADJ	f	p	indéfendables
indéfendable	ADJ	m	p	indéfendables
indéfendable	ADJ	m	s	indéfendable
indéfini	NOM	m	p	indéfinis
indéfriché	ADJ	f	p	indéfrichées
indéfriché	ADJ	f	s	indéfrichée
indéfriché	ADJ	m	p	indéfrichés
indélicat	ADJ	f	p	indélicates
indélivrable	ADJ	f	p	indélivrables
indélivrable	ADJ	f	s	indélivrable
indélivrable	ADJ	m	p	indélivrables
indélogeable	ADJ	f	p	indélogeables
indélogeable	ADJ	m	p	indélogeables
indélogeable	ADJ	m	s	indélogeable
indémodable	ADJ	f	p	indémodables
indémodable	ADJ	f	s	indémodable
indémodable	ADJ	m	s	indémodable
indémontrable	ADJ	f	p	indémontrables
indémontrable	ADJ	f	s	indémontrable
indémêlable	ADJ	f	p	indémêlables
indémêlable	ADJ	f	s	indémêlable
indémêlable	ADJ	m	s	indémêlable
indénombrable	ADJ	f	p	indénombrables
indénombrable	ADJ	f	s	indénombrable
indénombrable	ADJ	m	s	indénombrable
indépassable	ADJ	f	p	indépassables
indépassable	ADJ	f	s	indépassable
indépassable	ADJ	m	p	indépassables
indépendance	NOM	f	p	indépendances
indépendant	ADJ	f	s	indépendante
indépendantisme	NOM	m	p	indépendantismes
indépendantiste	ADJ	f	p	indépendantistes
indépendantiste	ADJ	f	s	indépendantiste
indéréglable	ADJ	f	s	indéréglable
indéréglable	ADJ	m	p	indéréglables
indéréglable	ADJ	m	s	indéréglable
indétectable	ADJ	f	s	indétectable
indétectable	ADJ	m	p	indétectables
indétectable	ADJ	m	s	indétectable
indétermination	NOM	f	p	indéterminations
ineffaçable	ADJ	f	s	ineffaçable
ineffaçable	ADJ	m	p	ineffaçables
ineffaçable	ADJ	m	s	ineffaçable
inefficacité	NOM	f	p	inefficacités
inentamable	ADJ	f	p	inentamables
inentamable	ADJ	m	p	inentamables
inentamable	ADJ	m	s	inentamable
inentamé	ADJ	m	p	inentamés
inertiel	ADJ	f	p	inertielles
inertiel	ADJ	m	p	inertiels
inespoir	NOM	m	p	inespoirs
inespéré	ADJ	m	p	inespérés
inessentiel	ADJ	f	p	inessentielles
inessentiel	ADJ	f	s	inessentielle
inessentiel	ADJ	m	p	inessentiels
inesthétique	ADJ	f	p	inesthétiques
inesthétique	ADJ	f	s	inesthétique
inexistence	NOM	f	p	inexistences
inexorabilité	NOM	f	p	inexorabilités
inexorable	ADJ	f	p	inexorables
inexorable	ADJ	f	s	inexorable
inexorable	ADJ	m	s	inexorable
inexpert	ADJ	f	p	inexpertes
inexpert	ADJ	m	p	inexperts
inexpert	ADJ	m	s	inexpert
inexplosible	ADJ	f	p	inexplosibles
inexplosible	ADJ	f	s	inexplosible
inexplosible	ADJ	m	s	inexplosible
inexpression	NOM	f	p	inexpressions
inexprimable	ADJ	f	p	inexprimables
inexprimable	ADJ	f	s	inexprimable
inexprimable	ADJ	m	s	inexprimable
inexprimé	ADJ	f	p	inexprimées
inexprimé	ADJ	m	p	inexprimés
inexpugnable	ADJ	m	p	inexpugnables
inexpugnable	ADJ	m	s	inexpugnable
inextinguible	ADJ	f	p	inextinguibles
inextinguible	ADJ	f	s	inextinguible
inextinguible	ADJ	m	s	inextinguible
inextirpable	ADJ	f	p	inextirpables
inextirpable	ADJ	m	p	inextirpables
inextirpable	ADJ	m	s	inextirpable
infaillibilité	NOM	f	p	infaillibilités
infaillible	ADJ	f	p	infaillibles
infaillible	ADJ	f	s	infaillible
infaillible	ADJ	m	s	infaillible
infatuation	NOM	f	p	infatuations
infatué	ADJ	f	p	infatuées
infatué	ADJ	f	s	infatuée
infectieux	ADJ	m	p	infectieux
infectieux	ADJ	m	s	infectieux
infectiologie	NOM	f	p	infectiologies
infertilité	NOM	f	p	infertilités
infestation	NOM	f	p	infestations
infibulation	NOM	f	p	infibulations
infiltrat	NOM	m	p	infiltrats
infinitif	ADJ	f	p	infinitives
infinitif	ADJ	m	p	infinitifs
infinitif	ADJ	m	s	infinitif
infinitude	NOM	f	p	infinitudes
infirmier	ADJ	f	p	infirmières
infirmier	ADJ	f	s	infirmière
inflammabilité	NOM	f	p	inflammabilités
inflammation	NOM	f	p	inflammations
inflation	NOM	f	p	inflations
inflexibilité	NOM	f	p	inflexibilités
infliction	NOM	f	p	inflictions
influenza	NOM	f	p	influenzas
infléchi	ADJ	m	p	infléchis
infléchissement	NOM	m	p	infléchissements
infographie	NOM	f	p	infographies
informant	ADJ	f	p	informantes
informant	ADJ	f	s	informante
informant	ADJ	m	p	informants
informatif	ADJ	m	p	informatifs
informatique	NOM	f	p	informatiques
informulable	ADJ	f	p	informulables
informulable	ADJ	m	s	informulable
informulé	ADJ	m	p	informulés
infoutu	ADJ	f	p	infoutues
infrangible	ADJ	f	p	infrangibles
infrangible	ADJ	m	p	infrangibles
infrangible	ADJ	m	s	infrangible
infrason	NOM	m	p	infrasons
infroissable	ADJ	f	p	infroissables
infroissable	ADJ	f	s	infroissable
infroissable	ADJ	m	p	infroissables
infructueux	ADJ	m	p	infructueux
infructueux	ADJ	m	s	infructueux
infréquentable	ADJ	f	p	infréquentables
infréquentable	ADJ	f	s	infréquentable
infréquenté	ADJ	f	p	infréquentées
infréquenté	ADJ	m	s	infréquenté
infus	ADJ	m	p	infus
infusoire	NOM	m	s	infusoire
infécond	ADJ	m	p	inféconds
infécond	ADJ	m	s	infécond
infécondité	NOM	f	p	infécondités
ingagnable	ADJ	f	p	ingagnables
ingagnable	ADJ	m	p	ingagnables
ingagnable	ADJ	m	s	ingagnable
ingambe	ADJ	f	p	ingambes
ingambe	ADJ	f	s	ingambe
ingambe	ADJ	m	s	ingambe
ingestion	NOM	f	p	ingestions
ingouvernable	ADJ	f	p	ingouvernables
ingouvernable	ADJ	m	p	ingouvernables
ingouvernable	ADJ	m	s	ingouvernable
ingratitude	NOM	f	p	ingratitudes
inguinal	ADJ	f	s	inguinale
inguinal	ADJ	m	p	inguinaux
ingurgitation	NOM	f	p	ingurgitations
inguérissable	ADJ	m	p	inguérissables
inguérissable	ADJ	m	s	inguérissable
ingénierie	NOM	f	p	ingénieries
ingénieux	ADJ	m	p	ingénieux
ingénieux	ADJ	m	s	ingénieux
ingérable	ADJ	f	p	ingérables
ingérable	ADJ	f	s	ingérable
ingérable	ADJ	m	p	ingérables
inhabitable	ADJ	f	p	inhabitables
inhabitable	ADJ	f	s	inhabitable
inhabitable	ADJ	m	s	inhabitable
inhalant	ADJ	f	p	inhalantes
inhalant	ADJ	f	s	inhalante
inhalant	ADJ	m	p	inhalants
inhalateur	ADJ	f	p	inhalatrices
inhalateur	ADJ	f	s	inhalatrice
inhalateur	ADJ	m	p	inhalateurs
inharmonieux	ADJ	f	p	inharmonieuses
inharmonieux	ADJ	f	s	inharmonieuse
inharmonieux	ADJ	m	p	inharmonieux
inhibiteur	ADJ	f	p	inhibitrices
inhibé	ADJ	f	p	inhibées
inhospitalité	NOM	f	p	inhospitalités
inhumanité	NOM	f	p	inhumanités
inidentifiable	ADJ	f	p	inidentifiables
inidentifiable	ADJ	f	s	inidentifiable
inidentifiable	ADJ	m	p	inidentifiables
inimité	ADJ	f	p	inimitées
inimité	ADJ	f	s	inimitée
inimité	ADJ	m	p	inimités
ininflammable	ADJ	f	p	ininflammables
ininflammable	ADJ	f	s	ininflammable
ininflammable	ADJ	m	p	ininflammables
inintelligence	NOM	f	p	inintelligences
inintelligent	ADJ	f	p	inintelligentes
inintelligent	ADJ	f	s	inintelligente
inintelligible	ADJ	f	p	inintelligibles
inintelligible	ADJ	f	s	inintelligible
inintelligible	ADJ	m	p	inintelligibles
ininterprétable	ADJ	f	s	ininterprétable
ininterprétable	ADJ	m	p	ininterprétables
ininterprétable	ADJ	m	s	ininterprétable
inintérêt	NOM	m	p	inintérêts
initialisation	NOM	f	p	initialisations
initialisé	ADJ	f	p	initialisées
initiateur	ADJ	f	p	initiatrices
initié	ADJ	f	p	initiées
injecté	ADJ	f	p	injectées
injurieux	ADJ	f	p	injurieuses
injurieux	ADJ	m	p	injurieux
injurieux	ADJ	m	s	injurieux
injustifiable	ADJ	f	p	injustifiables
injustifiable	ADJ	m	s	injustifiable
innervation	NOM	f	p	innervations
innocuité	NOM	f	p	innocuités
innominé	ADJ	f	p	innominées
innominé	ADJ	f	s	innominée
innominé	ADJ	m	s	innominé
innommé	ADJ	f	p	innommées
innovant	ADJ	f	p	innovantes
innovant	ADJ	m	p	innovants
innovateur	ADJ	f	p	innovatrices
innovateur	ADJ	m	p	innovateurs
innovateur	NOM	m	p	innovateurs
inoccupation	NOM	f	s	inoccupation
inoculation	NOM	f	p	inoculations
inondable	ADJ	m	p	inondables
inondable	ADJ	m	s	inondable
inondé	NOM	m	p	inondés
inopiné	ADJ	m	p	inopinés
inopportunité	NOM	f	p	inopportunités
inopérable	ADJ	f	p	inopérables
inopérable	ADJ	f	s	inopérable
inopérable	ADJ	m	s	inopérable
inorganique	ADJ	f	p	inorganiques
inorganique	ADJ	m	p	inorganiques
inorganique	ADJ	m	s	inorganique
inorganisé	ADJ	m	p	inorganisés
inoublié	ADJ	f	s	inoubliée
inoublié	ADJ	m	p	inoubliés
inoxydable	ADJ	f	p	inoxydables
inoxydable	ADJ	f	s	inoxydable
inoxydable	ADJ	m	s	inoxydable
input	NOM	m	p	inputs
inqualifiable	ADJ	f	p	inqualifiables
inqualifiable	ADJ	f	s	inqualifiable
inqualifiable	ADJ	m	s	inqualifiable
inquilisme	NOM	m	p	inquilismes
inquisiteur	ADJ	f	p	inquisitrices
inquisitif	ADJ	f	p	inquisitives
inquisitif	ADJ	m	p	inquisitifs
inquisitif	ADJ	m	s	inquisitif
inracontable	ADJ	f	s	inracontable
inracontable	ADJ	m	p	inracontables
inracontable	ADJ	m	s	inracontable
insalubrité	NOM	f	p	insalubrités
insane	ADJ	f	p	insanes
insane	ADJ	f	s	insane
insane	ADJ	m	p	insanes
insatisfaisant	ADJ	m	p	insatisfaisants
inscrivant	NOM	m	p	inscrivants
inscrutable	ADJ	f	p	inscrutables
inscrutable	ADJ	m	p	inscrutables
inscrutable	ADJ	m	s	inscrutable
insectivore	ADJ	f	p	insectivores
insectivore	ADJ	m	p	insectivores
insectivore	ADJ	m	s	insectivore
insensibilité	NOM	f	p	insensibilités
insertion	NOM	f	p	insertions
insidieux	ADJ	m	p	insidieux
insidieux	ADJ	m	s	insidieux
insincérité	NOM	f	p	insincérités
insipidité	NOM	f	p	insipidités
insolvable	ADJ	f	p	insolvables
insolvable	ADJ	f	s	insolvable
insonore	ADJ	f	p	insonores
insonore	ADJ	f	s	insonore
insonore	ADJ	m	p	insonores
insonorisation	NOM	f	p	insonorisations
insonorité	NOM	f	p	insonorités
insouciance	NOM	f	p	insouciances
insoucieux	ADJ	f	p	insoucieuses
insoucieux	ADJ	m	p	insoucieux
insoucieux	ADJ	m	s	insoucieux
insoumis	ADJ	f	p	insoumises
insoumis	ADJ	m	p	insoumis
insoumission	NOM	f	p	insoumissions
inspirateur	ADJ	f	p	inspiratrices
inspirateur	ADJ	f	s	inspiratrice
inspirateur	ADJ	m	p	inspirateurs
inspiratoire	ADJ	f	p	inspiratoires
inspiratoire	ADJ	f	s	inspiratoire
inspiratoire	ADJ	m	p	inspiratoires
instabilité	NOM	f	p	instabilités
installateur	NOM	m	p	installateurs
installeur	NOM	m	p	installeurs
instantanéité	NOM	f	p	instantanéités
instauration	NOM	f	p	instaurations
instigation	NOM	f	p	instigations
instinctuel	ADJ	f	p	instinctuelles
instinctuel	ADJ	f	s	instinctuelle
instinctuel	ADJ	m	p	instinctuels
institutionnel	ADJ	f	p	institutionnelles
instructeur	ADJ	f	p	instructrices
instructeur	ADJ	f	s	instructrice
instrumental	ADJ	f	p	instrumentales
instrumental	NOM	m	p	instrumentaux
instrumentation	NOM	f	p	instrumentations
insu	NOM	m	p	insus
insubmersible	ADJ	f	s	insubmersible
insubmersible	ADJ	m	p	insubmersibles
insubordonné	ADJ	f	p	insubordonnées
insubordonné	ADJ	m	p	insubordonnés
insufflateur	NOM	m	p	insufflateurs
insularité	NOM	f	p	insularités
insuline	NOM	f	p	insulines
insulinique	ADJ	f	p	insuliniques
insulinique	ADJ	f	s	insulinique
insulinique	ADJ	m	p	insuliniques
insulté	ADJ	f	p	insultées
insulté	ADJ	m	p	insultés
insurgé	ADJ	f	p	insurgées
insurgé	ADJ	f	s	insurgée
insurrectionnel	ADJ	f	p	insurrectionnelles
insurrectionnel	ADJ	m	p	insurrectionnels
inséminateur	NOM	m	p	inséminateurs
inséparabilité	NOM	f	p	inséparabilités
intangibilité	NOM	f	p	intangibilités
intellect	NOM	m	p	intellects
intellectualisation	NOM	f	p	intellectualisations
intellectualisme	NOM	m	p	intellectualismes
intelligentsia	NOM	f	p	intelligentsias
intelligibilité	NOM	f	p	intelligibilités
intemporalité	NOM	f	p	intemporalités
intemporel	ADJ	m	p	intemporels
intempérant	ADJ	f	p	intempérantes
intempérant	ADJ	m	p	intempérants
intempérant	ADJ	m	s	intempérant
intempérie	NOM	f	s	intempérie
intensification	NOM	f	p	intensifications
intension	NOM	f	p	intensions
intentionnalité	NOM	f	p	intentionnalités
intentionnel	ADJ	f	p	intentionnelles
interactif	ADJ	f	p	interactives
interactivité	NOM	f	p	interactivités
interarmes	ADJ	f	s	interarmes
interarmes	ADJ	m	p	interarmes
interarmes	ADJ	m	s	interarmes
interarmées	ADJ	f	p	interarmées
interarmées	ADJ	f	s	interarmées
interarmées	ADJ	m	p	interarmées
intercalaire	ADJ	f	p	intercalaires
intercalaire	ADJ	f	s	intercalaire
intercalé	ADJ	m	s	intercalé
intercellulaire	ADJ	f	p	intercellulaires
intercellulaire	ADJ	f	s	intercellulaire
intercellulaire	ADJ	m	p	intercellulaires
intercession	NOM	f	p	intercessions
intercommunal	ADJ	f	p	intercommunales
intercommunal	ADJ	f	s	intercommunale
intercommunal	ADJ	m	p	intercommunaux
intercommunication	NOM	f	p	intercommunications
interconnexion	NOM	f	p	interconnexions
intercostal	ADJ	f	p	intercostales
intercourse	NOM	f	p	intercourses
interculturel	ADJ	f	p	interculturelles
interculturel	ADJ	f	s	interculturelle
interdisciplinaire	ADJ	f	s	interdisciplinaire
interdisciplinaire	ADJ	m	p	interdisciplinaires
interdisciplinaire	ADJ	m	s	interdisciplinaire
interdépartemental	ADJ	f	p	interdépartementales
interdépartemental	ADJ	f	s	interdépartementale
interdépartemental	ADJ	m	s	interdépartemental
interdépendance	NOM	f	p	interdépendances
interdépendant	ADJ	f	p	interdépendantes
interdépendant	ADJ	f	s	interdépendante
interdépendant	ADJ	m	p	interdépendants
interférent	ADJ	f	p	interférentes
interférent	ADJ	f	s	interférente
interférent	ADJ	m	p	interférents
interférométrie	NOM	f	p	interférométries
interféron	NOM	m	p	interférons
interglaciaire	ADJ	f	p	interglaciaires
interglaciaire	ADJ	f	s	interglaciaire
interglaciaire	ADJ	m	p	interglaciaires
intergouvernemental	ADJ	f	p	intergouvernementales
intergouvernemental	ADJ	m	p	intergouvernementaux
interlocutoire	ADJ	f	p	interlocutoires
interlocutoire	ADJ	m	p	interlocutoires
interlocutoire	ADJ	m	s	interlocutoire
interlope	ADJ	f	p	interlopes
interlope	ADJ	f	s	interlope
interlope	ADJ	m	s	interlope
interlope	NOM	m	p	interlopes
intermezzo	NOM	m	p	intermezzos
interministériel	ADJ	f	s	interministérielle
interministériel	ADJ	m	s	interministériel
intermission	NOM	f	p	intermissions
internationalisation	NOM	f	p	internationalisations
internationalisme	NOM	m	p	internationalismes
internement	NOM	m	p	internements
interphase	NOM	f	p	interphases
interpolateur	NOM	m	p	interpolateurs
interposition	NOM	f	p	interpositions
interprofessionnel	ADJ	f	p	interprofessionnelles
interprofessionnel	ADJ	m	p	interprofessionnels
interprofessionnel	ADJ	m	s	interprofessionnel
interprétable	ADJ	f	p	interprétables
interprétable	ADJ	f	s	interprétable
interprétable	ADJ	m	p	interprétables
interprétant	ADJ	f	p	interprétantes
interprétant	ADJ	m	p	interprétants
interprétant	ADJ	m	s	interprétant
interprétatif	ADJ	m	p	interprétatifs
interpréteur	NOM	m	p	interpréteurs
interracial	ADJ	f	p	interraciales
interrelation	NOM	f	s	interrelation
interrogateur	ADJ	f	p	interrogatrices
interrogateur	ADJ	f	s	interrogatrice
interrogatif	NOM	m	p	interrogatifs
interrogative	NOM	f	p	interrogatives
interrègne	NOM	m	p	interrègnes
intersaison	NOM	f	p	intersaisons
intersidéral	ADJ	f	p	intersidérales
intersubjectif	ADJ	f	p	intersubjectives
intersubjectif	ADJ	f	s	intersubjective
intersubjectif	ADJ	m	p	intersubjectifs
intertitre	NOM	m	p	intertitres
intertribal	ADJ	f	p	intertribales
intertribal	ADJ	f	s	intertribale
intertribal	ADJ	m	p	intertribaux
interurbain	ADJ	f	p	interurbaines
interurbain	ADJ	m	p	interurbains
intervenant	ADJ	f	p	intervenantes
intervenant	ADJ	f	s	intervenante
intervenant	ADJ	m	p	intervenants
interventionnisme	NOM	m	p	interventionnismes
interventionniste	ADJ	f	s	interventionniste
interventionniste	ADJ	m	p	interventionnistes
interventionniste	ADJ	m	s	interventionniste
intervertébral	ADJ	f	p	intervertébrales
intervertébral	ADJ	f	s	intervertébrale
intervieweur	NOM	m	p	intervieweurs
interviewé	ADJ	f	p	interviewées
interviewé	ADJ	f	s	interviewée
interviewé	ADJ	m	p	interviewés
interzone	ADJ	f	s	interzone
interzone	ADJ	m	p	interzones
interzone	ADJ	m	s	interzone
interétatique	ADJ	f	p	interétatiques
interétatique	ADJ	m	p	interétatiques
interétatique	ADJ	m	s	interétatique
intestat	ADJ	f	p	intestat
intestat	ADJ	f	s	intestat
intestat	ADJ	m	p	intestat
intestat	NOM	m	s	intestat
inti	NOM	m	p	intis
intimation	NOM	f	p	intimations
intimidant	ADJ	f	p	intimidantes
intimidateur	NOM	m	p	intimidateurs
intimiste	ADJ	f	p	intimistes
intimiste	ADJ	f	s	intimiste
intimiste	ADJ	m	p	intimistes
intimé	NOM	m	p	intimés
intolérance	NOM	f	p	intolérances
intolérant	ADJ	f	p	intolérantes
intoxicant	ADJ	f	p	intoxicantes
intoxicant	ADJ	f	s	intoxicante
intoxicant	ADJ	m	p	intoxicants
intoxiqué	ADJ	f	p	intoxiquées
intracardiaque	ADJ	f	p	intracardiaques
intracardiaque	ADJ	m	p	intracardiaques
intracardiaque	ADJ	m	s	intracardiaque
intracrânien	ADJ	f	p	intracrâniennes
intracrânien	ADJ	m	p	intracrâniens
intracérébral	ADJ	f	p	intracérébrales
intracérébral	ADJ	m	p	intracérébraux
intracérébral	ADJ	m	s	intracérébral
intradermique	ADJ	f	p	intradermiques
intradermique	ADJ	f	s	intradermique
intradermique	ADJ	m	p	intradermiques
intrait	NOM	m	p	intraits
intraitable	ADJ	f	s	intraitable
intraitable	ADJ	m	p	intraitables
intraitable	ADJ	m	s	intraitable
intramusculaire	ADJ	f	s	intramusculaire
intramusculaire	ADJ	m	p	intramusculaires
intramusculaire	ADJ	m	s	intramusculaire
intranet	NOM	m	p	intranets
intransitif	NOM	m	p	intransitifs
intransmissible	ADJ	f	p	intransmissibles
intransmissible	ADJ	f	s	intransmissible
intransmissible	ADJ	m	p	intransmissibles
intransportable	ADJ	f	p	intransportables
intransportable	ADJ	m	s	intransportable
intraoculaire	ADJ	f	p	intraoculaires
intraoculaire	ADJ	m	p	intraoculaires
intraoculaire	ADJ	m	s	intraoculaire
intraveineux	ADJ	m	p	intraveineux
intraveineux	ADJ	m	s	intraveineux
introducteur	NOM	m	p	introducteurs
introductif	ADJ	f	p	introductives
introductif	ADJ	f	s	introductive
introductif	ADJ	m	p	introductifs
intromission	NOM	f	p	intromissions
intronisation	NOM	f	p	intronisations
introspectif	ADJ	m	p	introspectifs
introversion	NOM	f	s	introversion
introverti	ADJ	f	p	introverties
introït	NOM	m	p	introït
introït	NOM	m	p	introïts
intrus	NOM	m	p	intrus
intrusif	ADJ	f	p	intrusives
intrusif	ADJ	f	s	intrusive
intrusif	ADJ	m	p	intrusifs
intrépidité	NOM	f	p	intrépidités
intubation	NOM	f	p	intubations
intuitif	NOM	m	p	intuitifs
intuitive	NOM	f	p	intuitives
intumescence	NOM	f	p	intumescences
intussusception	NOM	f	p	intussusceptions
intégralité	NOM	f	p	intégralités
intégrant	ADJ	f	p	intégrantes
intégrant	ADJ	m	p	intégrants
intégrant	ADJ	m	s	intégrant
intégrateur	ADJ	f	p	intégratrices
intégrateur	ADJ	f	s	intégratrice
intégrateur	ADJ	m	p	intégrateurs
intégrateur	NOM	m	p	intégrateurs
intégration	NOM	f	p	intégrations
intégriste	ADJ	f	p	intégristes
intégriste	ADJ	f	s	intégriste
intégriste	ADJ	m	p	intégristes
intéressement	NOM	m	p	intéressements
intériorisation	NOM	f	p	intériorisations
intériorité	NOM	f	p	intériorités
inusabilité	NOM	f	p	inusabilités
inusuel	ADJ	f	p	inusuelles
inusuel	ADJ	m	p	inusuels
inusuel	ADJ	m	s	inusuel
inutilisation	NOM	f	p	inutilisations
invagination	NOM	f	p	invaginations
invalidant	ADJ	f	p	invalidantes
invalidant	ADJ	m	p	invalidants
invalidation	NOM	f	p	invalidations
invariance	NOM	f	p	invariances
invasif	ADJ	m	p	invasifs
invendable	ADJ	f	p	invendables
invendable	ADJ	f	s	invendable
invendu	ADJ	f	s	invendue
inventeur	ADJ	f	p	inventrices
inventeur	ADJ	f	s	inventrice
inventif	ADJ	f	p	inventives
inverseur	NOM	m	p	inverseurs
inversible	ADJ	f	p	inversibles
inversible	ADJ	m	p	inversibles
inversible	ADJ	m	s	inversible
inverti	ADJ	f	p	inverties
inverti	ADJ	f	s	invertie
inverti	ADJ	m	p	invertis
invertébré	ADJ	f	p	invertébrées
investisseur	ADJ	f	p	investisseuses
investisseur	ADJ	f	s	investisseuse
invincibilité	NOM	f	p	invincibilités
inviolabilité	NOM	f	p	inviolabilités
invisibilité	NOM	f	p	invisibilités
invocatoire	ADJ	f	p	invocatoires
invocatoire	ADJ	f	s	invocatoire
invocatoire	ADJ	m	p	invocatoires
involutif	ADJ	f	p	involutives
involutif	ADJ	f	s	involutive
involution	NOM	f	p	involutions
invulnérabilité	NOM	f	p	invulnérabilités
invérifiable	ADJ	f	s	invérifiable
invérifiable	ADJ	m	p	invérifiables
invérifiable	ADJ	m	s	invérifiable
inébranlé	ADJ	f	p	inébranlées
inébranlé	ADJ	f	s	inébranlée
inébranlé	ADJ	m	p	inébranlés
inéchangeable	ADJ	f	p	inéchangeables
inéchangeable	ADJ	m	p	inéchangeables
inéchangeable	ADJ	m	s	inéchangeable
inécouté	ADJ	f	p	inécoutées
inécouté	ADJ	m	p	inécoutés
inécouté	ADJ	m	s	inécouté
inégalable	ADJ	f	s	inégalable
inégalable	ADJ	m	p	inégalables
inégalable	ADJ	m	s	inégalable
inégalé	ADJ	m	p	inégalés
inéligibilité	NOM	f	p	inéligibilités
inéluctabilité	NOM	f	p	inéluctabilités
inélégance	NOM	f	p	inélégances
inélégant	ADJ	f	s	inélégante
inélégant	ADJ	m	p	inélégants
inépuisé	ADJ	f	s	inépuisée
inépuisé	ADJ	m	p	inépuisés
inépuisé	ADJ	m	s	inépuisé
inéquitable	ADJ	f	p	inéquitables
inéquitable	ADJ	f	s	inéquitable
inéquitable	ADJ	m	p	inéquitables
inévitabilité	NOM	f	p	inévitabilités
iode	NOM	m	p	iodes
iodoforme	NOM	m	p	iodoformes
iodure	NOM	m	p	iodures
iodé	ADJ	f	p	iodées
iodé	ADJ	m	p	iodés
ionien	ADJ	f	p	ioniennes
ionien	ADJ	f	s	ionienne
ionisant	ADJ	f	p	ionisantes
ionisant	ADJ	m	p	ionisants
ionisation	NOM	f	p	ionisations
ionosphère	NOM	f	p	ionosphères
ipomée	NOM	f	p	ipomées
ippon	NOM	m	p	ippons
ipse	NOM	m	p	ipses
irakien	ADJ	f	p	irakiennes
iraquien	ADJ	f	p	iraquiennes
irascible	ADJ	f	p	irascibles
irascible	ADJ	f	s	irascible
irascible	ADJ	m	s	irascible
iridescent	ADJ	f	s	iridescente
iridescent	ADJ	m	p	iridescents
iridium	NOM	m	p	iridiums
iridologie	NOM	f	p	iridologies
irlandais	ADJ	m	p	irlandais
irlandais	ADJ	m	s	irlandais
ironisme	NOM	m	p	ironismes
iroquois	ADJ	f	p	iroquoises
iroquois	ADJ	m	p	iroquois
iroquois	ADJ	m	s	iroquois
irradiant	ADJ	m	p	irradiants
irraisonné	ADJ	f	p	irraisonnées
irrationalité	NOM	f	p	irrationalités
irrattrapable	ADJ	f	p	irrattrapables
irrattrapable	ADJ	f	s	irrattrapable
irrattrapable	ADJ	m	p	irrattrapables
irrecevabilité	NOM	f	p	irrecevabilités
irrespect	NOM	m	p	irrespects
irrespectueux	ADJ	m	p	irrespectueux
irrespectueux	ADJ	m	s	irrespectueux
irrespirable	ADJ	f	s	irrespirable
irrespirable	ADJ	m	p	irrespirables
irrespirable	ADJ	m	s	irrespirable
irresponsabilité	NOM	f	p	irresponsabilités
irrigateur	ADJ	f	p	irrigatrices
irrigateur	ADJ	f	s	irrigatrice
irrigateur	ADJ	m	p	irrigateurs
irrigateur	NOM	m	s	irrigateur
irrigation	NOM	f	p	irrigations
irritabilité	NOM	f	p	irritabilités
irritable	ADJ	f	s	irritable
irritable	ADJ	m	p	irritables
irritable	ADJ	m	s	irritable
irroration	NOM	f	p	irrorations
irréalisable	ADJ	f	p	irréalisables
irréalisable	ADJ	f	s	irréalisable
irréalisable	ADJ	m	s	irréalisable
irréalisme	NOM	m	p	irréalismes
irréalisé	ADJ	f	p	irréalisées
irréalisé	ADJ	f	s	irréalisée
irréalité	NOM	f	p	irréalités
irréconciliable	ADJ	f	s	irréconciliable
irréconciliable	ADJ	m	p	irréconciliables
irréconciliable	ADJ	m	s	irréconciliable
irrécusable	ADJ	f	p	irrécusables
irrécusable	ADJ	f	s	irrécusable
irrécusable	ADJ	m	s	irrécusable
irréel	NOM	m	p	irréels
irréfléchi	ADJ	f	p	irréfléchies
irréligieux	ADJ	f	p	irréligieuses
irréligieux	ADJ	m	p	irréligieux
irréligiosité	NOM	f	p	irréligiosités
irrésolution	NOM	f	p	irrésolutions
irréversibilité	NOM	f	p	irréversibilités
irrévocabilité	NOM	f	p	irrévocabilités
irrévérence	NOM	f	p	irrévérences
irrévérencieux	ADJ	m	p	irrévérencieux
ischion	NOM	m	p	ischions
ischémie	NOM	f	p	ischémies
islam	NOM	m	p	islams
islamisant	ADJ	f	p	islamisantes
islamisant	ADJ	f	s	islamisante
islamisant	ADJ	m	s	islamisant
islamisme	NOM	m	p	islamismes
islamiste	ADJ	f	p	islamistes
islamiste	ADJ	f	s	islamiste
islamiste	ADJ	m	s	islamiste
islamisé	ADJ	f	p	islamisées
islamisé	ADJ	m	p	islamisés
islamisé	ADJ	m	s	islamisé
islandais	ADJ	f	p	islandaises
islandais	ADJ	m	p	islandais
ismaélite	ADJ	f	p	ismaélites
ismaélite	ADJ	f	s	ismaélite
ismaélite	ADJ	m	p	ismaélites
ismaïlien	NOM	m	s	ismaïlien
isochronisme	NOM	m	p	isochronismes
isolable	ADJ	f	p	isolables
isolable	ADJ	f	s	isolable
isolable	ADJ	m	s	isolable
isolant	ADJ	f	p	isolantes
isolant	ADJ	m	p	isolants
isolant	NOM	m	p	isolants
isolateur	ADJ	f	p	isolatrices
isolateur	ADJ	f	s	isolatrice
isolationnisme	NOM	m	p	isolationnismes
isolationniste	ADJ	f	p	isolationnistes
isolationniste	ADJ	m	p	isolationnistes
isolationniste	ADJ	m	s	isolationniste
isomère	ADJ	f	p	isomères
isomère	ADJ	m	p	isomères
isomère	ADJ	m	s	isomère
isométrique	ADJ	f	p	isométriques
isométrique	ADJ	m	p	isométriques
isométrique	ADJ	m	s	isométrique
isoniazide	NOM	m	p	isoniazides
isorel	NOM	m	p	isorels
isotherme	ADJ	f	p	isothermes
isotherme	ADJ	f	s	isotherme
isotherme	ADJ	m	p	isothermes
isothermique	ADJ	f	p	isothermiques
isothermique	ADJ	m	p	isothermiques
isothermique	ADJ	m	s	isothermique
isotonique	ADJ	f	p	isotoniques
isotonique	ADJ	m	p	isotoniques
isotonique	ADJ	m	s	isotonique
isotopique	ADJ	f	p	isotopiques
isotopique	ADJ	m	p	isotopiques
isotopique	ADJ	m	s	isotopique
israélite	ADJ	f	p	israélites
israélite	ADJ	f	s	israélite
israélite	ADJ	m	s	israélite
isthmique	ADJ	f	p	isthmiques
isthmique	ADJ	m	p	isthmiques
isthmique	ADJ	m	s	isthmique
italianisme	NOM	m	p	italianismes
italique	ADJ	f	s	italique
italique	ADJ	m	p	italiques
item	NOM	m	p	items
ithyphallique	ADJ	f	p	ithyphalliques
ithyphallique	ADJ	f	s	ithyphallique
ithyphallique	ADJ	m	p	ithyphalliques
iule	NOM	m	s	iule
ivoirien	ADJ	f	p	ivoiriennes
ivoirien	ADJ	f	s	ivoirienne
ivoirien	ADJ	m	p	ivoiriens
ivoirienne	NOM	f	p	ivoiriennes
ivoirin	ADJ	f	p	ivoirines
ivoirin	ADJ	f	s	ivoirine
ivraie	NOM	f	p	ivraies
ivrognerie	NOM	f	p	ivrogneries
ivrognesse	NOM	f	p	ivrognesses
ixième	ADJ	f	p	ixièmes
ixième	ADJ	m	p	ixièmes
ixième	ADJ	m	s	ixième
jacaranda	NOM	m	s	jacaranda
jackpot	NOM	m	p	jackpots
jacob	NOM	m	p	jacobs
jacobin	ADJ	f	p	jacobines
jacobite	ADJ	f	s	jacobite
jacobite	ADJ	m	p	jacobites
jacobée	NOM	f	s	jacobée
jacot	NOM	m	p	jacots
jacquard	NOM	m	p	jacquards
jacqueline	NOM	f	p	jacquelines
jacquerie	NOM	f	s	jacquerie
jacquet	NOM	m	p	jacquets
jacquier	NOM	m	p	jacquiers
jacquot	NOM	m	p	jacquots
jactance	NOM	f	p	jactances
jactancier	ADJ	f	p	jactancières
jactancier	ADJ	f	s	jactancière
jactancier	ADJ	m	p	jactanciers
jacteur	ADJ	f	p	jacteuses
jacteur	ADJ	f	s	jacteuse
jacteur	ADJ	m	p	jacteurs
jacteur	NOM	m	p	jacteurs
jaculatoire	ADJ	f	p	jaculatoires
jaculatoire	ADJ	m	p	jaculatoires
jaculatoire	ADJ	m	s	jaculatoire
jaffe	NOM	f	p	jaffes
jaguarondi	NOM	m	p	jaguarondis
jalonné	ADJ	f	p	jalonnées
jalonné	ADJ	m	p	jalonnés
jaloux	ADJ	m	p	jaloux
jaloux	ADJ	m	s	jaloux
jamaïcain	ADJ	f	p	jamaïcaines
jamaïquain	ADJ	f	p	jamaïquaines
jamaïquain	ADJ	f	s	jamaïquaine
jambart	NOM	m	p	jambarts
jambier	ADJ	f	s	jambière
jambier	ADJ	m	p	jambiers
jambier	ADJ	m	s	jambier
jambier	NOM	m	p	jambiers
jamboree	NOM	m	p	jamborees
jan	NOM	m	s	jan
jansénisme	NOM	m	p	jansénismes
japonais	ADJ	m	p	japonais
japonais	ADJ	m	s	japonais
japonaiserie	NOM	f	p	japonaiseries
japonisant	NOM	m	s	japonisant
jappeur	NOM	m	p	jappeurs
jaquelin	NOM	m	p	jaquelins
jaquet	NOM	m	p	jaquets
jar	NOM	m	p	jars
jardinage	NOM	m	p	jardinages
jardinerie	NOM	f	p	jardineries
jaseur	NOM	m	p	jaseurs
jaspe	NOM	m	p	jaspes
jaspin	NOM	m	p	jaspins
jaunasse	ADJ	f	s	jaunasse
jaunasse	ADJ	m	p	jaunasses
jaunasse	ADJ	m	s	jaunasse
jaunet	NOM	m	s	jaunet
jaunissement	NOM	m	p	jaunissements
javanais	ADJ	m	p	javanais
javel	NOM	f	p	javels
javeline	NOM	f	p	javelines
javotte	NOM	f	p	javottes
jeanneton	NOM	f	p	jeannetons
jeannot	NOM	m	p	jeannots
jenny	NOM	f	p	jennys
jerk	NOM	m	p	jerks
jeunet	NOM	m	p	jeunets
jeunot	ADJ	f	p	jeunottes
jeunot	ADJ	f	s	jeunotte
jeûneur	NOM	m	s	jeûneur
jigger	NOM	m	p	jiggers
joaillerie	NOM	f	p	joailleries
jobard	ADJ	f	s	jobarde
jobardise	NOM	f	p	jobardises
jocko	NOM	m	p	jockos
jodhpur	NOM	m	s	jodhpur
johannisberg	NOM	m	p	johannisbergs
joignable	ADJ	f	p	joignables
joignable	ADJ	f	s	joignable
joignable	ADJ	m	p	joignables
jointif	ADJ	f	s	jointive
jointé	ADJ	f	p	jointées
jointé	ADJ	m	p	jointés
jointé	ADJ	m	s	jointé
jojo	ADJ	f	p	jojo
jojo	ADJ	f	s	jojo
jojo	ADJ	m	s	jojo
jojoba	NOM	m	p	jojobas
jokari	NOM	m	p	jokaris
joli	NOM	m	s	joli
joliet	ADJ	f	p	joliettes
joliet	ADJ	m	p	joliets
joncheraie	NOM	f	s	joncheraie
jonchère	NOM	f	p	jonchères
jonglage	NOM	m	p	jonglages
jordanien	ADJ	f	p	jordaniennes
jordanien	ADJ	m	s	jordanien
jordanien	NOM	m	s	jordanien
jordanienne	NOM	f	p	jordaniennes
joseph	NOM	m	p	joseph
joseph	NOM	m	p	josephs
jouable	ADJ	f	p	jouables
jouable	ADJ	f	s	jouable
jouable	ADJ	m	p	jouables
jouasse	ADJ	f	p	jouasses
jouasse	ADJ	f	s	jouasse
jouasse	ADJ	m	p	jouasses
joubarbe	NOM	f	p	joubarbes
jouissant	ADJ	f	p	jouissantes
jouissant	ADJ	f	s	jouissante
jouissant	ADJ	m	s	jouissant
jouisseur	ADJ	f	p	jouisseuses
joujou	NOM	m	p	joujoux
joule	NOM	m	s	attojoule
joule	NOM	m	s	centijoule
joule	NOM	m	s	décajoule
joule	NOM	m	s	décijoule
joule	NOM	m	s	exajoule
joule	NOM	m	s	femtojoule
joule	NOM	m	s	gigajoule
joule	NOM	m	s	hectojoule
joule	NOM	m	s	joule
joule	NOM	m	s	kilojoule
joule	NOM	m	s	microjoule
joule	NOM	m	s	millijoule
joule	NOM	m	s	mégajoule
joule	NOM	m	s	nanojoule
joule	NOM	m	s	petajoule
joule	NOM	m	s	picojoule
joule	NOM	m	s	pétajoule
joule	NOM	m	s	térajoule
joule	NOM	m	s	yoctojoule
joule	NOM	m	s	yottajoule
joule	NOM	m	s	zeptojoule
joule	NOM	m	s	zettajoule
journalisme	NOM	m	p	journalismes
journalière	NOM	f	s	journalière
jouvence	NOM	f	p	jouvences
jovialité	NOM	f	p	jovialités
joycien	ADJ	f	s	joycienne
joycien	ADJ	m	p	joyciens
joycien	ADJ	m	s	joycien
joyeux	ADJ	m	p	joyeux
joyeux	ADJ	m	s	joyeux
joystick	NOM	m	p	joysticks
jubilatoire	ADJ	f	p	jubilatoires
jubilatoire	ADJ	f	s	jubilatoire
jubilatoire	ADJ	m	s	jubilatoire
jubilé	NOM	m	p	jubilés
jubé	NOM	m	p	jubés
juchée	NOM	f	p	juchées
judaïcité	NOM	f	p	judaïcités
judaïque	ADJ	f	p	judaïques
judaïque	ADJ	m	s	judaïque
judaïsant	NOM	m	p	judaïsants
judaïsme	NOM	m	p	judaïsmes
judaïté	NOM	f	p	judaïtés
judicieux	ADJ	m	p	judicieux
judicieux	ADJ	m	s	judicieux
judo	NOM	m	p	judos
judéen	ADJ	f	p	judéennes
judéen	ADJ	f	s	judéenne
judéen	ADJ	m	p	judéens
judéen	NOM	m	p	judéens
judéenne	NOM	f	p	judéennes
judéité	NOM	f	p	judéités
jugeote	NOM	f	p	jugeotes
jugeur	NOM	m	p	jugeurs
jugulaire	ADJ	m	p	jugulaires
jugulaire	ADJ	m	s	jugulaire
jugé	ADJ	f	p	jugées
jugé	ADJ	f	s	jugée
jujubier	NOM	m	s	jujubier
julien	ADJ	f	p	juliennes
julien	ADJ	f	s	julienne
julien	ADJ	m	p	juliens
jumbo	NOM	m	p	jumbos
jumeau	ADJ	m	p	jumeaux
jumelage	NOM	m	p	jumelages
jumelé	ADJ	m	s	jumelé
jumenterie	NOM	f	p	jumenteries
jumper	NOM	m	p	jumpers
jumping	NOM	m	p	jumpings
junky	NOM	m	p	junkies
junte	NOM	f	p	juntes
jupier	NOM	m	s	jupier
jupitérien	ADJ	f	p	jupitériennes
jurançon	NOM	m	p	jurançons
jurassien	ADJ	f	p	jurassiennes
jurassien	ADJ	f	s	jurassienne
jurassique	ADJ	f	s	jurassique
jurassique	ADJ	m	p	jurassiques
jurassique	NOM	m	p	jurassiques
juridictionnel	ADJ	f	p	juridictionnelles
juridictionnel	ADJ	m	p	juridictionnels
jurisprudence	NOM	f	p	jurisprudences
jusant	NOM	m	p	jusants
jusquiame	NOM	f	p	jusquiames
juste	NOM	m	p	justes
justesse	NOM	f	p	justesses
justice	NOM	f	s	justice
justiciable	ADJ	f	p	justiciables
justiciable	ADJ	f	s	justiciable
justiciable	ADJ	m	p	justiciables
justifiable	ADJ	f	s	justifiable
justifiable	ADJ	m	p	justifiables
justifiant	ADJ	f	p	justifiantes
justifiant	ADJ	f	s	justifiante
justifiant	ADJ	m	p	justifiants
justificatif	ADJ	m	p	justificatifs
justinien	ADJ	f	p	justiniennes
justinien	ADJ	f	s	justinienne
justinien	ADJ	m	p	justiniens
jute	NOM	m	p	jutes
juteux	ADJ	m	p	juteux
juteux	ADJ	m	s	juteux
juvénilité	NOM	f	p	juvénilités
juxtaposé	ADJ	f	s	juxtaposée
juxtaposé	ADJ	m	s	juxtaposé
jéjunal	ADJ	f	p	jéjunales
jéjunal	ADJ	m	p	jéjunaux
jéjunal	ADJ	m	s	jéjunal
jéjunum	NOM	m	p	jéjunums
jésuitique	ADJ	f	p	jésuitiques
jésuitique	ADJ	f	s	jésuitique
jésuitique	ADJ	m	s	jésuitique
jésuitière	NOM	f	p	jésuitières
jésus	NOM	m	p	jésus
ka	NOM	m	p	kas
kabbale	NOM	f	p	kabbales
kabuki	NOM	m	p	kabukis
kacha	NOM	f	p	kachas
kaddisch	NOM	m	p	kaddischs
kaddish	NOM	m	p	kaddishs
kadi	NOM	m	p	kadis
kafir	NOM	m	p	kafirs
kafkaïen	ADJ	f	p	kafkaïennes
kafkaïen	ADJ	f	s	kafkaïenne
kafkaïen	ADJ	m	p	kafkaïens
kaiser	NOM	m	p	kaisers
kali	NOM	m	p	kalis
kaliémie	NOM	f	p	kaliémies
kalmouk	ADJ	f	p	kalmoukes
kalmouk	ADJ	f	s	kalmouke
kamala	NOM	m	p	kamalas
kami	NOM	m	p	kamis
kan	NOM	m	p	kans
kana	NOM	m	p	kanas
kanji	NOM	m	p	kanjis
kantien	ADJ	f	p	kantiennes
kantien	ADJ	f	s	kantienne
kantien	ADJ	m	p	kantiens
kantisme	NOM	m	p	kantismes
kaolin	NOM	m	p	kaolins
kapok	NOM	m	p	kapoks
kapokier	NOM	m	p	kapokiers
kappa	NOM	m	p	kappa
kappa	NOM	m	p	kappas
karaté	NOM	m	p	karatés
kari	NOM	m	p	karis
karité	NOM	m	p	karités
karma	NOM	m	p	karmas
kart	NOM	m	p	karts
karting	NOM	m	p	kartings
katal	NOM	m	p	attokatal
katal	NOM	m	p	attokatals
katal	NOM	m	p	centikatal
katal	NOM	m	p	centikatals
katal	NOM	m	p	décakatal
katal	NOM	m	p	décakatals
katal	NOM	m	p	décikatal
katal	NOM	m	p	décikatals
katal	NOM	m	p	exakatal
katal	NOM	m	p	exakatals
katal	NOM	m	p	femtokatal
katal	NOM	m	p	femtokatals
katal	NOM	m	p	gigakatal
katal	NOM	m	p	gigakatals
katal	NOM	m	p	hectokatal
katal	NOM	m	p	hectokatals
katal	NOM	m	p	katal
katal	NOM	m	p	katals
katal	NOM	m	p	kilokatal
katal	NOM	m	p	kilokatals
katal	NOM	m	p	microkatal
katal	NOM	m	p	microkatals
katal	NOM	m	p	millikatal
katal	NOM	m	p	millikatals
katal	NOM	m	p	mégakatal
katal	NOM	m	p	mégakatals
katal	NOM	m	p	nanokatal
katal	NOM	m	p	nanokatals
katal	NOM	m	p	petakatal
katal	NOM	m	p	petakatals
katal	NOM	m	p	picokatal
katal	NOM	m	p	picokatals
katal	NOM	m	p	pétakatal
katal	NOM	m	p	pétakatals
katal	NOM	m	p	térakatal
katal	NOM	m	p	térakatals
katal	NOM	m	p	yoctokatal
katal	NOM	m	p	yoctokatals
katal	NOM	m	p	yottakatal
katal	NOM	m	p	yottakatals
katal	NOM	m	p	zeptokatal
katal	NOM	m	p	zeptokatals
katal	NOM	m	p	zettakatal
katal	NOM	m	p	zettakatals
katchina	NOM	m	s	katchina
kava	NOM	m	p	kavas
kawa	NOM	m	p	kawas
kayac	NOM	m	p	kayacs
kayak	NOM	m	p	kayaks
kazakh	ADJ	f	p	kazakhes
kazakh	ADJ	f	s	kazakhe
kazakh	NOM	m	p	kazakhs
keepsake	NOM	m	p	keepsakes
keffieh	NOM	m	p	keffiehs
keiretsu	NOM	m	p	keiretsus
kelvin	NOM	m	s	attokelvin
kelvin	NOM	m	s	centikelvin
kelvin	NOM	m	s	décakelvin
kelvin	NOM	m	s	décikelvin
kelvin	NOM	m	s	exakelvin
kelvin	NOM	m	s	femtokelvin
kelvin	NOM	m	s	gigakelvin
kelvin	NOM	m	s	hectokelvin
kelvin	NOM	m	s	kelvin
kelvin	NOM	m	s	kilokelvin
kelvin	NOM	m	s	microkelvin
kelvin	NOM	m	s	millikelvin
kelvin	NOM	m	s	mégakelvin
kelvin	NOM	m	s	nanokelvin
kelvin	NOM	m	s	petakelvin
kelvin	NOM	m	s	picokelvin
kelvin	NOM	m	s	pétakelvin
kelvin	NOM	m	s	térakelvin
kelvin	NOM	m	s	yoctokelvin
kelvin	NOM	m	s	yottakelvin
kelvin	NOM	m	s	zeptokelvin
kelvin	NOM	m	s	zettakelvin
kendo	NOM	m	p	kendos
kerrie	NOM	f	p	kerries
ketch	NOM	m	p	ketchs
ketchup	NOM	m	p	ketchup
ketchup	NOM	m	p	ketchups
kevlar	NOM	m	p	kevlars
khalife	NOM	m	p	khalifes
khamsin	NOM	m	p	khamsins
khanat	NOM	m	p	khanats
khat	NOM	m	p	khats
khmer	ADJ	f	p	khmères
khmer	ADJ	m	p	khmers
khédival	ADJ	f	p	khédivales
khédival	ADJ	f	s	khédivale
khédival	ADJ	m	p	khédivaux
khédive	NOM	m	p	khédives
khôl	NOM	m	p	khôls
kicker	NOM	m	p	kickers
kief	NOM	m	p	kiefs
kif	NOM	m	p	kifs
kiki	NOM	m	p	kikis
kilim	NOM	m	p	kilims
kilométrique	ADJ	f	s	kilométrique
kilométrique	ADJ	m	p	kilométriques
kilométrique	ADJ	m	s	kilométrique
kilowatt	NOM	m	s	kilowatt
kilowattheure	NOM	m	p	kilowattheures
kinase	NOM	f	p	kinases
kinescope	NOM	m	p	kinescopes
kinesthésie	NOM	f	p	kinesthésies
kinnor	NOM	m	p	kinnors
kino	NOM	m	p	kinos
kinésithérapie	NOM	f	p	kinésithérapies
kippa	NOM	f	p	kippas
kirsch	NOM	m	p	kirsch
kirsch	NOM	m	p	kirschs
kitchenette	NOM	f	p	kitchenettes
kleptomanie	NOM	f	p	kleptomanies
klystron	NOM	m	p	klystrons
knicker	NOM	m	s	knicker
knickerbocker	NOM	m	s	knickerbocker
knout	NOM	m	p	knouts
kodak	NOM	m	p	kodaks
kodiak	NOM	m	p	kodiaks
kohl	NOM	m	p	kohls
kola	NOM	m	p	kolas
kolatier	NOM	m	s	kolatier
kolkhoze	NOM	m	p	kolkhozes
kommando	NOM	m	p	kommandos
kondo	NOM	m	p	kondos
kopek	NOM	m	s	kopek
koran	NOM	m	p	korans
korè	NOM	f	p	korès
kosovar	NOM	m	p	kosovars
kot	NOM	m	p	kots
koto	NOM	m	p	kotos
kouglof	NOM	m	p	kouglofs
kraal	NOM	m	p	kraals
kraft	NOM	m	p	krafts
krak	NOM	m	p	kraks
kraken	NOM	m	p	krakens
kremlin	NOM	m	p	kremlins
kreutzer	NOM	m	p	kreutzers
kriegspiel	NOM	m	p	kriegspiels
krill	NOM	m	p	krills
krypton	NOM	m	p	kryptons
ksar	NOM	m	p	ksars
ksar	NOM	m	p	ksour
kugelhof	NOM	m	p	kugelhofs
kummel	NOM	m	p	kummels
kursaal	NOM	m	p	kursaals
kuru	NOM	m	s	kuru
kystique	ADJ	f	p	kystiques
kystique	ADJ	m	p	kystiques
kystique	ADJ	m	s	kystique
kényan	ADJ	f	p	kényanes
kényan	ADJ	f	s	kényane
kényan	ADJ	m	p	kényans
kérabau	NOM	m	p	kérabaus
kérabau	NOM	m	p	kérabaux
kératinisé	ADJ	f	p	kératinisées
kératinisé	ADJ	m	p	kératinisés
kératinisé	ADJ	m	s	kératinisé
kératoplastie	NOM	f	p	kératoplasties
kératose	NOM	f	p	kératoses
labelle	NOM	m	p	labelles
laborieux	ADJ	m	p	laborieux
laborieux	ADJ	m	s	laborieux
labourage	NOM	m	p	labourages
lac	NOM	m	p	lacs
lacanien	ADJ	f	p	lacaniennes
lacanien	ADJ	f	s	lacanienne
lacanien	ADJ	m	p	lacaniens
lack	NOM	m	p	lacks
laconisme	NOM	m	p	laconismes
lactaire	NOM	m	s	lactaire
lactate	NOM	m	p	lactates
lactation	NOM	f	p	lactations
lactescent	ADJ	f	p	lactescentes
lactescent	ADJ	m	p	lactescents
lactifère	ADJ	f	p	lactifères
lactifère	ADJ	m	p	lactifères
lactifère	ADJ	m	s	lactifère
lactose	NOM	m	p	lactoses
lacté	ADJ	f	p	lactées
lacustre	ADJ	f	p	lacustres
lacustre	ADJ	f	s	lacustre
lacustre	ADJ	m	s	lacustre
lacédémonien	NOM	m	s	lacédémonien
ladino	NOM	m	p	ladinos
lagan	NOM	m	p	lagans
laguiole	NOM	m	p	laguioles
lagunaire	ADJ	f	p	lagunaires
lagunaire	ADJ	f	s	lagunaire
lagunaire	ADJ	m	p	lagunaires
lai	ADJ	f	p	laies
lai	ADJ	f	s	laie
laideron	ADJ	f	p	laideronnes
laideron	ADJ	f	s	laideronne
laineur	NOM	m	s	laineur
laineux	ADJ	m	p	laineux
lainier	ADJ	f	p	lainières
lainier	ADJ	m	p	lainiers
lainier	NOM	m	p	lainiers
lainière	NOM	f	p	lainières
laird	NOM	m	p	lairds
laissée	NOM	f	s	laissée
laite	NOM	f	s	laite
laiteux	ADJ	m	p	laiteux
laiteux	ADJ	m	s	laiteux
laiton	NOM	m	p	laitons
laize	NOM	f	s	laize
lamaïsme	NOM	m	p	lamaïsmes
lambada	NOM	f	p	lambadas
lambel	NOM	m	p	lambels
lambic	NOM	m	p	lambics
lambin	ADJ	f	p	lambines
lambin	ADJ	f	s	lambine
lambrequin	NOM	m	s	lambrequin
lambrissage	NOM	m	p	lambrissages
lambrissé	ADJ	m	p	lambrissés
lambrissé	ADJ	m	s	lambrissé
lambrusque	NOM	f	s	lambrusque
lambswool	NOM	m	p	lambswools
lamellibranche	NOM	m	s	lamellibranche
lamelliforme	ADJ	f	p	lamelliformes
lamelliforme	ADJ	f	s	lamelliforme
lamelliforme	ADJ	m	p	lamelliformes
lamento	NOM	m	p	lamentos
lamie	NOM	f	p	lamies
lamifié	ADJ	f	p	lamifiées
lamifié	ADJ	f	s	lamifiée
laminectomie	NOM	f	p	laminectomies
lamparo	NOM	m	s	lamparo
lampyre	NOM	m	s	lampyre
lamé	ADJ	f	p	lamées
lanceron	NOM	m	s	lanceron
lancette	NOM	f	p	lancettes
lancéolé	ADJ	f	p	lancéolées
lancéolé	ADJ	f	s	lancéolée
lancéolé	ADJ	m	s	lancéolé
landais	ADJ	m	p	landais
landais	ADJ	m	s	landais
landaulet	NOM	m	p	landaulets
landerneau	NOM	m	p	landerneaus
landier	NOM	m	s	landier
landlord	NOM	m	p	landlords
landsturm	NOM	m	p	landsturms
landwehr	NOM	f	p	landwehrs
langagier	ADJ	f	p	langagières
langagier	ADJ	f	s	langagière
langagier	ADJ	m	s	langagier
langoureux	ADJ	m	p	langoureux
langoureux	ADJ	m	s	langoureux
languedocien	NOM	m	s	languedocien
languide	ADJ	f	p	languides
languide	ADJ	f	s	languide
languide	ADJ	m	s	languide
lanoline	NOM	f	p	lanolines
lansquine	NOM	f	p	lansquines
lanternier	NOM	m	p	lanterniers
lanthane	NOM	m	p	lanthanes
lançon	NOM	m	s	lançon
laotien	ADJ	f	p	laotiennes
laotien	NOM	m	s	laotien
lapalissade	NOM	f	p	lapalissades
laparoscopie	NOM	f	p	laparoscopies
laparotomie	NOM	f	p	laparotomies
lapidaire	NOM	m	p	lapidaires
lapidification	NOM	f	p	lapidifications
lapinière	NOM	f	p	lapinières
lapon	ADJ	m	p	lapons
lardage	NOM	m	p	lardages
lare	ADJ	f	p	lares
lare	ADJ	f	s	lare
lare	NOM	m	s	lare
largable	ADJ	f	p	largables
largable	ADJ	m	p	largables
largable	ADJ	m	s	largable
larghetto	NOM	m	p	larghettos
largo	NOM	m	p	largos
largueur	NOM	m	p	largueurs
larigot	NOM	m	p	larigots
larmier	NOM	m	s	larmier
larmoyeur	ADJ	f	p	larmoyeuses
larmoyeur	ADJ	f	s	larmoyeuse
larmoyeur	ADJ	m	p	larmoyeurs
larsen	NOM	m	p	larsens
larvicide	NOM	m	p	larvicides
larvé	ADJ	m	p	larvés
laryngite	NOM	f	p	laryngites
laryngologique	ADJ	f	p	laryngologiques
laryngologique	ADJ	m	p	laryngologiques
laryngologique	ADJ	m	s	laryngologique
laryngoscopie	NOM	f	p	laryngoscopies
laryngé	ADJ	f	p	laryngées
laryngé	ADJ	m	p	laryngés
las	ADJ	m	p	las
las	ADJ	m	s	las
lasure	NOM	f	p	lasures
laticlave	NOM	m	p	laticlaves
latinisme	NOM	m	s	latinisme
latéralisé	ADJ	f	p	latéralisées
latéralisé	ADJ	m	p	latéralisés
latéralisé	ADJ	m	s	latéralisé
latéralité	NOM	f	p	latéralités
latérite	NOM	f	p	latérites
laudanum	NOM	m	p	laudanums
laudateur	ADJ	f	p	laudatrices
laudateur	ADJ	f	s	laudatrice
laudateur	ADJ	m	p	laudateurs
laudatif	ADJ	f	p	laudatives
laudatif	ADJ	m	p	laudatifs
laudatif	ADJ	m	s	laudatif
laude	NOM	f	s	laude
lauréat	ADJ	f	p	lauréates
lausannois	ADJ	f	s	lausannoise
lausannois	ADJ	m	p	lausannoises
lausannois	ADJ	m	s	lausannois
lauze	NOM	f	s	lauze
lavable	ADJ	f	p	lavables
lavable	ADJ	f	s	lavable
lavable	ADJ	m	s	lavable
lavandin	NOM	m	p	lavandins
lavasse	NOM	f	p	lavasses
laxisme	NOM	m	p	laxismes
laxité	NOM	f	p	laxités
lazzi	NOM	m	p	lazzis
laçage	NOM	m	p	laçages
laïc	ADJ	f	p	laïques
laïc	ADJ	m	p	laïcs
laïcité	NOM	f	p	laïcités
leadership	NOM	m	p	leaderships
leasing	NOM	m	p	leasings
lectorat	NOM	m	p	lectorats
ledit	ADJ	f	p	lesdites
ledit	ADJ	f	s	ladite
ledit	ADJ	m	p	lesdits
leghorn	NOM	f	s	leghorn
leishmaniose	NOM	f	p	leishmanioses
leitmotiv	NOM	m	p	leitmotive
leitmotiv	NOM	m	p	leitmotivs
lek	NOM	m	p	leks
lem	NOM	m	p	lems
lemme	NOM	m	s	lemme
lenticulaire	ADJ	f	p	lenticulaires
lenticulaire	ADJ	f	s	lenticulaire
lenticulaire	ADJ	m	s	lenticulaire
lenticule	NOM	f	s	lenticule
leptonique	ADJ	f	p	leptoniques
leptonique	ADJ	f	s	leptonique
leptonique	ADJ	m	p	leptoniques
lesbianisme	NOM	m	p	lesbianismes
lesbien	ADJ	m	p	lesbiens
lesbien	NOM	m	p	lesbiens
lessivage	NOM	m	p	lessivages
lest	NOM	m	p	lests
lesté	ADJ	m	p	lestés
letchi	NOM	m	s	letchi
lettrage	NOM	m	p	lettrages
lettreur	NOM	m	p	lettreurs
lettré	ADJ	f	p	lettrées
leu	NOM	m	p	lei
leu	NOM	m	p	leux
leucocytaire	ADJ	f	p	leucocytaires
leucocytaire	ADJ	m	p	leucocytaires
leucocytaire	ADJ	m	s	leucocytaire
leucocytose	NOM	f	p	leucocytoses
leucoplasie	NOM	f	p	leucoplasies
leucopénie	NOM	f	p	leucopénies
leucose	NOM	f	p	leucoses
leucotomie	NOM	f	p	leucotomies
lev	NOM	m	p	leva
lev	NOM	m	p	levs
levage	NOM	m	p	levages
levain	NOM	m	p	levains
levant	ADJ	f	p	levantes
levant	ADJ	m	p	levants
levant	NOM	m	p	levants
levantin	ADJ	f	p	levantines
levantin	ADJ	f	s	levantine
lexical	ADJ	f	p	lexicales
lexical	ADJ	f	s	lexicale
lexical	ADJ	m	p	lexicaux
lexie	NOM	f	p	lexies
li	NOM	m	p	lis
liage	NOM	m	p	liages
liant	ADJ	f	p	liantes
liant	NOM	m	p	liants
libanais	ADJ	m	p	libanais
libanais	ADJ	m	s	libanais
libeccio	NOM	m	p	libeccios
libellé	NOM	m	p	libellés
liber	NOM	m	p	libers
libero	NOM	m	p	liberos
libertaire	ADJ	f	p	libertaires
libertaire	ADJ	f	s	libertaire
libertaire	ADJ	m	s	libertaire
libertinage	NOM	m	p	libertinages
libidineux	ADJ	m	p	libidineux
libidineux	ADJ	m	s	libidineux
libido	NOM	f	p	libido
libido	NOM	f	p	libidos
libretto	NOM	m	p	libretti
libretto	NOM	m	p	librettos
libyen	ADJ	f	p	libyennes
libérable	ADJ	f	p	libérables
libérable	ADJ	f	s	libérable
libérable	ADJ	m	s	libérable
libéralisation	NOM	f	p	libéralisations
libéralisme	NOM	m	p	libéralismes
libératoire	ADJ	f	p	libératoires
libératoire	ADJ	m	p	libératoires
libératoire	ADJ	m	s	libératoire
libérien	ADJ	f	p	libériennes
libérien	ADJ	f	s	libérienne
libérien	ADJ	m	p	libériens
licencieux	ADJ	m	p	licencieux
licencieux	ADJ	m	s	licencieux
licencié	ADJ	f	p	licenciées
licier	NOM	m	s	licier
licite	ADJ	f	s	licite
licite	ADJ	m	p	licites
licite	ADJ	m	s	licite
licéité	NOM	f	p	licéités
lido	NOM	m	p	lidos
lidocaïne	NOM	f	p	lidocaïnes
lieur	NOM	m	p	lieurs
lifté	ADJ	m	p	liftés
ligamentaire	ADJ	f	p	ligamentaires
ligamentaire	ADJ	m	p	ligamentaires
ligamentaire	ADJ	m	s	ligamentaire
lige	ADJ	f	p	liges
lige	ADJ	f	s	lige
lige	ADJ	m	s	lige
lignard	NOM	m	s	lignard
ligneux	ADJ	f	s	ligneuse
ligneux	ADJ	m	s	ligneux
ligotage	NOM	m	p	ligotages
ligure	ADJ	f	p	ligures
ligure	ADJ	m	p	ligures
ligure	ADJ	m	s	ligure
ligué	ADJ	f	s	liguée
ligué	ADJ	m	s	ligué
liliacée	NOM	f	s	liliacée
lilial	ADJ	f	p	liliales
lilial	ADJ	m	p	liliaux
lilium	NOM	m	p	liliums
lilliputien	ADJ	f	p	lilliputiennes
limage	NOM	m	p	limages
limaille	NOM	f	p	limailles
liman	NOM	m	p	limans
limbo	NOM	m	p	limbos
limette	NOM	f	p	limettes
limitatif	ADJ	f	p	limitatives
limitatif	ADJ	m	p	limitatifs
limiteur	NOM	m	p	limiteurs
limogeage	NOM	m	p	limogeages
limogé	ADJ	f	p	limogées
limogé	ADJ	f	s	limogée
limogé	ADJ	m	p	limogés
limonaire	NOM	m	p	limonaires
limoneux	ADJ	m	p	limoneux
limonier	NOM	m	p	limoniers
limoselle	NOM	f	p	limoselles
limousin	NOM	m	p	limousins
limpidité	NOM	f	p	limpidités
linaire	NOM	f	p	linaires
lindor	NOM	m	p	lindors
line	NOM	f	p	lines
linga	NOM	m	p	lingas
lingala	NOM	m	p	lingalas
lingam	NOM	m	p	lingams
lingual	ADJ	f	p	linguales
linguistique	NOM	f	p	linguistiques
liniment	NOM	m	p	liniments
linter	NOM	m	p	linters
linéaire	NOM	m	p	linéaires
linéament	NOM	m	s	linéament
lipase	NOM	f	p	lipases
lipome	NOM	m	p	lipomes
liposome	NOM	m	p	liposomes
lipothymie	NOM	f	p	lipothymies
lippée	NOM	f	s	lippée
liquidambar	NOM	m	s	liquidambar
liquidateur	ADJ	f	p	liquidatrices
liquidateur	ADJ	f	s	liquidatrice
liquidateur	ADJ	m	p	liquidateurs
liquidatif	ADJ	f	p	liquidatives
liquidatif	ADJ	m	p	liquidatifs
liquidatif	ADJ	m	s	liquidatif
liquoreux	ADJ	f	p	liquoreuses
liquoreux	ADJ	f	s	liquoreuse
liquoreux	ADJ	m	p	liquoreux
liquéfaction	NOM	f	p	liquéfactions
liquéfiant	ADJ	f	p	liquéfiantes
liquéfiant	ADJ	m	p	liquéfiants
liquéfiant	ADJ	m	s	liquéfiant
lirette	NOM	f	p	lirettes
liseur	ADJ	f	p	liseuses
liseur	ADJ	m	p	liseurs
liseur	ADJ	m	s	liseur
liseur	NOM	m	p	liseurs
lisibilité	NOM	f	p	lisibilités
lisier	NOM	m	p	lisiers
lissage	NOM	m	p	lissages
listel	NOM	m	p	listels
liston	NOM	m	p	listons
liteau	NOM	m	s	liteau
lithiase	NOM	f	p	lithiases
lithiné	ADJ	f	p	lithinées
lithiné	ADJ	f	s	lithinée
lithiné	ADJ	m	s	lithiné
lithium	NOM	m	p	lithiums
lithophage	ADJ	f	p	lithophages
lithophage	ADJ	f	s	lithophage
lithophage	ADJ	m	s	lithophage
lithosphère	NOM	f	p	lithosphères
lithotripsie	NOM	f	p	lithotripsies
lithotriteur	NOM	m	p	lithotriteurs
lithuanien	ADJ	m	p	lithuaniens
lithuanien	NOM	m	p	lithuaniens
litigieux	ADJ	f	p	litigieuses
litigieux	ADJ	m	p	litigieux
litorne	NOM	f	p	litornes
littoral	ADJ	f	p	littorales
littoral	ADJ	m	p	littoraux
littéralité	NOM	f	p	littéralités
litée	NOM	f	p	litées
livarot	NOM	m	p	livarots
lividité	NOM	f	p	lividités
livrable	ADJ	f	s	livrable
livrable	ADJ	m	p	livrables
livrable	ADJ	m	s	livrable
livresque	ADJ	f	s	livresque
livresque	ADJ	m	p	livresques
livresque	ADJ	m	s	livresque
livèche	NOM	f	p	livèches
llano	NOM	m	s	llano
loader	NOM	m	p	loaders
lobaire	ADJ	f	p	lobaires
lobaire	ADJ	m	p	lobaires
lobaire	ADJ	m	s	lobaire
lobby	NOM	m	p	lobbies
lobby	NOM	m	p	lobbys
lobbying	NOM	m	p	lobbyings
lobectomie	NOM	f	p	lobectomies
lobotomie	NOM	f	p	lobotomies
lobulaire	ADJ	f	p	lobulaires
lobulaire	ADJ	f	s	lobulaire
lobulaire	ADJ	m	p	lobulaires
lobé	ADJ	f	p	lobées
lobé	ADJ	m	p	lobés
lobé	ADJ	m	s	lobé
localisable	ADJ	f	p	localisables
localisable	ADJ	f	s	localisable
localisable	ADJ	m	p	localisables
localisateur	ADJ	f	p	localisatrices
localisateur	ADJ	f	s	localisatrice
localisateur	ADJ	m	p	localisateurs
locateur	NOM	m	s	locateur
locatif	ADJ	m	p	locatifs
locature	NOM	f	p	locatures
locdu	ADJ	f	p	locdues
locdu	ADJ	f	s	locdue
locdu	ADJ	m	p	locdus
loch	NOM	m	p	lochs
locomobile	NOM	f	p	locomobiles
locomoteur	ADJ	f	p	locomotrices
locomoteur	ADJ	f	s	locomotrice
locomotif	ADJ	m	p	locomotifs
locomotif	ADJ	m	s	locomotif
locomotion	NOM	f	p	locomotions
locuteur	NOM	m	p	locuteurs
lof	NOM	m	p	lofs
logeable	ADJ	f	p	logeables
logeable	ADJ	f	s	logeable
logette	NOM	f	s	logette
logiciel	ADJ	f	p	logicielles
logiciel	ADJ	f	s	logicielle
logisticien	NOM	m	p	logisticiens
logistique	NOM	f	p	logistiques
logo	NOM	m	p	logos
logomachie	NOM	f	p	logomachies
logorrhée	NOM	f	p	logorrhées
logosphère	NOM	f	p	logosphères
logothète	NOM	m	s	logothète
logé	ADJ	f	p	logées
lokoum	NOM	m	p	lokoums
lombaire	ADJ	f	s	lombaire
lombaire	ADJ	m	p	lombaires
lombaire	ADJ	m	s	lombaire
lombalgie	NOM	f	p	lombalgies
lombostat	NOM	m	s	lombostat
lompe	NOM	m	p	lompes
longane	NOM	m	p	longanes
longanimité	NOM	f	p	longanimités
longicorne	NOM	m	s	longicorne
longiligne	ADJ	f	p	longilignes
longiligne	ADJ	f	s	longiligne
longitude	NOM	f	p	longitudes
longrine	NOM	f	s	longrine
longuet	ADJ	m	p	longuets
longuet	NOM	m	p	longuets
longévité	NOM	f	p	longévités
loquace	ADJ	f	s	loquace
loquace	ADJ	m	p	loquaces
loquace	ADJ	m	s	loquace
loquacité	NOM	f	p	loquacités
loqueteau	NOM	m	p	loqueteaux
loqueteux	ADJ	m	p	loqueteux
loqueteux	ADJ	m	s	loqueteux
loran	NOM	m	p	lorans
lordose	NOM	f	p	lordoses
lori	NOM	m	p	loris
losangé	ADJ	f	p	losangées
lotier	NOM	m	p	lotiers
lotta	NOM	f	p	lottas
louage	NOM	m	p	louages
louangeur	ADJ	f	s	louangeuse
louangeur	ADJ	m	p	louangeurs
louangeur	NOM	m	p	louangeurs
louchebem	NOM	m	p	louchebems
louchement	NOM	m	p	louchements
louchet	NOM	m	p	louchets
loucheur	NOM	m	p	loucheurs
louf	ADJ	f	p	louf
louf	ADJ	f	s	louf
louf	ADJ	m	p	louf
loufoque	ADJ	f	s	loufoque
loufoque	ADJ	m	p	loufoques
loufoque	ADJ	m	s	loufoque
louis	NOM	m	p	louis
louisianais	ADJ	f	p	louisianaises
louisianais	ADJ	f	s	louisianaise
louisianais	ADJ	m	p	louisianaises
loupiat	NOM	m	p	loupiats
lourderie	NOM	f	p	lourderies
lourdingue	ADJ	f	p	lourdingues
lourdingue	ADJ	m	s	lourdingue
louvet	ADJ	f	p	louvettes
louvet	ADJ	f	s	louvette
louvet	ADJ	m	p	louvets
louvetier	NOM	m	s	louvetier
louvoiement	NOM	m	s	louvoiement
louvoyant	ADJ	f	p	louvoyantes
louvoyant	ADJ	f	s	louvoyante
loyalisme	NOM	m	p	loyalismes
loyaliste	ADJ	f	p	loyalistes
loyaliste	ADJ	m	p	loyalistes
loyaliste	ADJ	m	s	loyaliste
lubricité	NOM	f	p	lubricités
lubrifiant	ADJ	f	p	lubrifiantes
lubrifiant	ADJ	m	p	lubrifiants
lubrification	NOM	f	p	lubrifications
luce	NOM	f	p	luces
lucet	NOM	m	p	lucets
lucide	ADJ	f	p	lucides
lucide	ADJ	f	s	lucide
lucide	ADJ	m	s	lucide
luciférien	ADJ	f	p	lucifériennes
lucilie	NOM	f	p	lucilies
lucite	NOM	f	p	lucites
lucre	NOM	m	p	lucres
luddite	NOM	m	p	luddites
luffa	NOM	m	p	luffas
lumen	NOM	m	p	attolumen
lumen	NOM	m	p	attolumens
lumen	NOM	m	p	centilumen
lumen	NOM	m	p	centilumens
lumen	NOM	m	p	décalumen
lumen	NOM	m	p	décalumens
lumen	NOM	m	p	décilumen
lumen	NOM	m	p	décilumens
lumen	NOM	m	p	exalumen
lumen	NOM	m	p	exalumens
lumen	NOM	m	p	femtolumen
lumen	NOM	m	p	femtolumens
lumen	NOM	m	p	gigalumen
lumen	NOM	m	p	gigalumens
lumen	NOM	m	p	hectolumen
lumen	NOM	m	p	hectolumens
lumen	NOM	m	p	kilolumen
lumen	NOM	m	p	kilolumens
lumen	NOM	m	p	lumens
lumen	NOM	m	p	microlumen
lumen	NOM	m	p	microlumens
lumen	NOM	m	p	millilumen
lumen	NOM	m	p	millilumens
lumen	NOM	m	p	mégalumen
lumen	NOM	m	p	mégalumens
lumen	NOM	m	p	nanolumen
lumen	NOM	m	p	nanolumens
lumen	NOM	m	p	petalumen
lumen	NOM	m	p	petalumens
lumen	NOM	m	p	picolumen
lumen	NOM	m	p	picolumens
lumen	NOM	m	p	pétalumen
lumen	NOM	m	p	pétalumens
lumen	NOM	m	p	téralumen
lumen	NOM	m	p	téralumens
lumen	NOM	m	p	yoctolumen
lumen	NOM	m	p	yoctolumens
lumen	NOM	m	p	yottalumen
lumen	NOM	m	p	yottalumens
lumen	NOM	m	p	zeptolumen
lumen	NOM	m	p	zeptolumens
lumen	NOM	m	p	zettalumen
lumen	NOM	m	p	zettalumens
luminescence	NOM	f	p	luminescences
lumineux	ADJ	m	p	lumineux
lumineux	ADJ	m	s	lumineux
lump	NOM	m	p	lumps
lunaire	NOM	f	p	lunaires
lunatique	ADJ	f	p	lunatiques
lunatique	ADJ	f	s	lunatique
lunatique	ADJ	m	s	lunatique
lunch	NOM	m	p	lunches
lunch	NOM	m	p	lunchs
lunetier	NOM	m	p	lunetiers
lunetterie	NOM	f	s	lunetterie
lunetté	ADJ	f	p	lunettées
lunetté	ADJ	f	s	lunettée
lunetté	ADJ	m	p	lunettés
luné	ADJ	f	p	lunées
lusitanien	ADJ	f	p	lusitaniennes
lusitanien	ADJ	m	p	lusitaniens
lusitanien	ADJ	m	s	lusitanien
lustrage	NOM	m	p	lustrages
lustral	ADJ	m	p	lustraux
lustreur	NOM	m	p	lustreurs
lustrine	NOM	f	p	lustrines
lustucru	NOM	m	p	lustucrus
lut	NOM	m	p	luts
lutherie	NOM	f	p	lutheries
luthier	NOM	m	p	luthiers
luthéranisme	NOM	m	p	luthéranismes
lutin	ADJ	f	p	lutines
lutécien	ADJ	f	p	lutéciennes
lutécien	ADJ	f	s	lutécienne
lutécien	ADJ	m	p	lutéciens
luxembourgeois	ADJ	f	p	luxembourgeoises
luxembourgeois	ADJ	m	p	luxembourgeois
luxembourgeois	ADJ	m	s	luxembourgeois
luxueux	ADJ	m	p	luxueux
luxueux	ADJ	m	s	luxueux
luxure	NOM	f	p	luxures
luxuriance	NOM	f	p	luxuriances
luxurieux	ADJ	f	p	luxurieuses
luxurieux	ADJ	m	p	luxurieux
luxurieux	ADJ	m	s	luxurieux
luzernière	NOM	f	s	luzernière
lycanthropie	NOM	f	p	lycanthropies
lycaon	NOM	m	s	lycaon
lychee	NOM	m	p	lychees
lycien	NOM	m	p	lyciens
lycra	NOM	m	p	lycras
lymphangite	NOM	f	p	lymphangites
lymphatisme	NOM	m	p	lymphatismes
lymphocytose	NOM	f	p	lymphocytoses
lymphopénie	NOM	f	p	lymphopénies
lymphosarcome	NOM	m	p	lymphosarcomes
lyncheur	NOM	m	s	lyncheur
lyonnais	ADJ	f	p	lyonnaises
lyonnais	ADJ	m	p	lyonnais
lyonnais	ADJ	m	s	lyonnais
lyophilisé	ADJ	f	p	lyophilisées
lyrisme	NOM	m	p	lyrismes
lyse	NOM	f	p	lyses
lysergique	ADJ	f	p	lysergiques
lysergique	ADJ	f	s	lysergique
lysergique	ADJ	m	p	lysergiques
lysimaque	NOM	f	p	lysimaques
lysine	NOM	f	p	lysines
lysosome	NOM	m	s	lysosome
lâchage	NOM	m	p	lâchages
lèchefrite	NOM	f	p	lèchefrites
lécithine	NOM	f	p	lécithines
légalisation	NOM	f	p	légalisations
légaliste	ADJ	f	p	légalistes
légaliste	ADJ	f	s	légaliste
légaliste	ADJ	m	s	légaliste
légalisé	ADJ	f	p	légalisées
légalisé	ADJ	m	p	légalisés
légalité	NOM	f	p	légalités
légionellose	NOM	f	p	légionelloses
législation	NOM	f	p	législations
législature	NOM	f	p	législatures
légitimiste	ADJ	f	p	légitimistes
légitimiste	ADJ	f	s	légitimiste
légitimiste	ADJ	m	p	légitimistes
légitimité	NOM	f	p	légitimités
légitimé	ADJ	f	p	légitimées
légitimé	ADJ	m	p	légitimés
légumier	NOM	m	p	légumiers
légué	ADJ	f	p	léguées
légué	ADJ	f	s	léguée
légué	ADJ	m	p	légués
lémur	NOM	m	p	lémurs
léninisme	NOM	m	p	léninismes
léniniste	ADJ	m	p	léninistes
léniniste	ADJ	m	s	léniniste
lénitif	ADJ	m	p	lénitifs
lénitif	ADJ	m	s	lénitif
léonard	ADJ	f	p	léonardes
léonard	ADJ	f	s	léonarde
léonard	ADJ	m	p	léonards
léonin	ADJ	f	p	léonines
léopardé	ADJ	f	p	léopardées
léopardé	ADJ	f	s	léopardée
léopardé	ADJ	m	p	léopardés
lépiote	NOM	f	s	lépiote
lépreux	ADJ	m	p	lépreux
lépreux	ADJ	m	s	lépreux
léprologie	NOM	f	p	léprologies
lésinerie	NOM	f	p	lésineries
létal	ADJ	m	p	létaux
létalité	NOM	f	p	létalités
léthargique	ADJ	f	p	léthargiques
léthargique	ADJ	f	s	léthargique
léthargique	ADJ	m	s	léthargique
léviathan	NOM	m	p	léviathans
lévitation	NOM	f	p	lévitations
macadam	NOM	m	p	macadams
macaronique	ADJ	f	p	macaroniques
macaronique	ADJ	f	s	macaronique
macaronique	ADJ	m	p	macaroniques
macassar	NOM	m	p	macassars
maccarthysme	NOM	m	p	maccarthysmes
macfarlane	NOM	m	p	macfarlanes
machaon	NOM	m	p	machaons
machinette	NOM	f	p	machinettes
machinique	ADJ	f	p	machiniques
machinique	ADJ	m	p	machiniques
machinique	ADJ	m	s	machinique
machinisme	NOM	m	p	machinismes
machisme	NOM	m	p	machismes
machmètre	NOM	m	p	machmètres
macho	ADJ	f	p	machos
macho	ADJ	f	s	macho
mackintosh	NOM	m	p	mackintoshs
macoute	ADJ	f	p	macoutes
macoute	ADJ	f	s	macoute
macramé	NOM	m	p	macramés
macre	NOM	f	s	macre
macrobiotique	NOM	f	p	macrobiotiques
macrocosme	NOM	m	p	macrocosmes
macrolide	NOM	m	p	macrolides
macrophage	NOM	m	p	macrophages
macroscopique	ADJ	f	p	macroscopiques
macroscopique	ADJ	f	s	macroscopique
macroscopique	ADJ	m	p	macroscopiques
macula	NOM	f	p	maculas
maculage	NOM	m	p	maculages
maculation	NOM	f	p	maculations
maculature	NOM	f	p	maculatures
macumba	NOM	f	p	macumbas
macédonien	ADJ	m	p	macédoniens
macédonien	NOM	m	p	macédoniens
macédonienne	NOM	f	p	macédoniennes
madame	NOM	f	s	madame
madapolam	NOM	m	p	madapolams
madrague	NOM	f	p	madragues
madre	NOM	m	p	madres
madré	ADJ	f	p	madrées
madré	ADJ	m	p	madrés
madré	NOM	m	s	madré
madère	NOM	m	p	madères
maelstrom	NOM	m	p	maelstroms
maelström	NOM	m	p	maelströms
maestria	NOM	f	p	maestrias
maestro	NOM	m	p	maestras
maestro	NOM	m	p	maestros
mafflu	ADJ	f	p	mafflues
mafieux	ADJ	m	p	mafieux
mafieux	ADJ	m	s	mafieux
magasinage	NOM	m	p	magasinages
magdalénien	ADJ	f	s	magdalénienne
magdalénien	ADJ	m	p	magdaléniens
magenta	NOM	m	p	magentas
maghrébin	ADJ	m	p	maghrébins
maghzen	NOM	m	p	maghzens
magistère	NOM	m	p	magistères
magmatique	ADJ	f	p	magmatiques
magmatique	ADJ	m	p	magmatiques
magmatique	ADJ	m	s	magmatique
magnan	NOM	m	s	magnan
magnanerie	NOM	f	s	magnanerie
magnanimité	NOM	f	p	magnanimités
magnitude	NOM	f	p	magnitudes
magnésie	NOM	f	p	magnésies
magnésium	NOM	m	p	magnésiums
magnétiseur	NOM	m	p	magnétiseurs
magnétite	NOM	f	p	magnétites
magnétomètre	NOM	m	p	magnétomètres
magnétron	NOM	m	p	magnétrons
magouilleur	ADJ	f	p	magouilleuses
magouilleur	ADJ	f	s	magouilleuse
magouilleur	ADJ	m	p	magouilleurs
magret	NOM	m	p	magrets
magyar	NOM	m	s	magyar
maharani	NOM	f	p	maharanis
mahométan	ADJ	f	p	mahométanes
maigreur	NOM	f	p	maigreurs
maigriot	ADJ	f	p	maigriotes
maigriot	ADJ	f	p	maigriottes
maigriot	ADJ	f	s	maigriote
maigriot	ADJ	f	s	maigriotte
maigriot	ADJ	m	p	maigriots
maigriot	NOM	m	p	maigriots
maillechort	NOM	m	p	maillechorts
mailloche	NOM	f	p	mailloches
maillé	ADJ	f	p	maillées
maillé	ADJ	f	s	maillée
main	NOM	f	s	main
mainate	NOM	m	p	mainates
mainlevée	NOM	f	p	mainlevées
mainmise	NOM	f	p	mainmises
maintenance	NOM	f	p	maintenances
maintenue	NOM	f	p	maintenues
maison	NOM	f	s	maison
majestueux	ADJ	m	p	majestueux
majestueux	ADJ	m	s	majestueux
majolique	NOM	f	p	majoliques
majoral	NOM	m	p	majoraux
majorat	NOM	m	p	majorats
majoration	NOM	f	p	majorations
majoritaire	ADJ	f	s	majoritaire
majoritaire	ADJ	m	p	majoritaires
majoritaire	ADJ	m	s	majoritaire
maki	NOM	m	p	makis
malabar	ADJ	f	p	malabars
malabar	ADJ	f	s	malabar
malachite	NOM	f	p	malachites
malade	NOM	f	s	malade
maladrerie	NOM	f	p	maladreries
malaga	NOM	m	p	malagas
malaisien	ADJ	f	p	malaisiennes
malaisien	ADJ	m	p	malaisiens
malappris	ADJ	f	p	malapprises
malappris	ADJ	m	p	malappris
malavisé	ADJ	f	p	malavisées
malavisé	ADJ	m	p	malavisés
malaxeur	NOM	m	p	malaxeurs
malchanceux	ADJ	m	p	malchanceux
malchanceux	ADJ	m	s	malchanceux
malcommode	ADJ	f	p	malcommodes
malcommode	ADJ	f	s	malcommode
malcommode	ADJ	m	p	malcommodes
malcontent	ADJ	f	p	malcontentes
malcontent	ADJ	f	s	malcontente
malencontreux	ADJ	m	p	malencontreux
malencontreux	ADJ	m	s	malencontreux
malentendant	ADJ	f	p	malentendantes
malentendant	ADJ	m	p	malentendants
malfamé	ADJ	f	p	malfamées
malformation	NOM	f	p	malformations
malformé	ADJ	f	p	malformées
malformé	ADJ	f	s	malformée
malformé	ADJ	m	p	malformés
malgache	ADJ	f	p	malgaches
malgache	ADJ	f	s	malgache
malgache	ADJ	m	s	malgache
malgracieux	ADJ	f	p	malgracieuses
malgracieux	ADJ	m	p	malgracieux
malgracieux	ADJ	m	s	malgracieux
malheureux	ADJ	m	p	malheureux
malheureux	ADJ	m	s	malheureux
mali	NOM	m	p	malis
malicieux	ADJ	m	p	malicieux
malicieux	ADJ	m	s	malicieux
malien	ADJ	f	p	maliennes
malien	ADJ	m	s	malien
malienne	NOM	f	p	maliennes
malinké	NOM	m	p	malinkés
malintentionné	ADJ	f	p	malintentionnées
mallarméen	ADJ	f	p	mallarméennes
mallarméen	ADJ	f	s	mallarméenne
mallarméen	ADJ	m	p	mallarméens
mallophage	NOM	m	s	mallophage
malléabilité	NOM	f	p	malléabilités
malléole	NOM	f	p	malléoles
malmenage	NOM	m	p	malmenages
malnutrition	NOM	f	p	malnutritions
malouin	NOM	m	p	malouins
malpoli	ADJ	f	p	malpolies
malpoli	NOM	m	p	malpolis
malpropreté	NOM	f	p	malpropretés
malsonnant	ADJ	f	p	malsonnantes
malsonnant	ADJ	f	s	malsonnante
malsonnant	ADJ	m	s	malsonnant
malséance	NOM	f	p	malséances
malséant	ADJ	f	p	malséantes
malséant	ADJ	m	p	malséants
malt	NOM	m	p	malts
maltais	ADJ	f	s	maltaise
maltais	ADJ	m	p	maltais
maltais	ADJ	m	s	maltais
malvenu	ADJ	f	p	malvenues
maléficié	ADJ	f	p	maléficiées
maléficié	ADJ	f	s	maléficiée
maléficié	ADJ	m	p	maléficiés
mam'selle	NOM	f	p	mam'selles
mamaliga	NOM	f	p	mamaligas
mamamouchi	NOM	m	p	mamamouchis
mamba	NOM	m	p	mambas
mamelonné	ADJ	f	p	mamelonnées
mamelonné	ADJ	m	p	mamelonnés
mamelonné	ADJ	m	s	mamelonné
mammectomie	NOM	f	p	mammectomies
mammographie	NOM	f	p	mammographies
mammoplastie	NOM	f	p	mammoplasties
mana	NOM	m	p	manas
management	NOM	m	p	managements
manageur	NOM	m	p	manageurs
manceau	ADJ	f	p	mancelles
manceau	ADJ	f	s	mancelle
manceau	ADJ	m	p	manceaux
mancenillier	NOM	m	p	mancenilliers
manchot	ADJ	f	p	manchotes
mandatement	NOM	m	p	mandatements
mandchou	ADJ	f	p	mandchoues
mandchou	ADJ	m	p	mandchous
mandchou	ADJ	m	s	mandchou
mandchou	NOM	m	s	mandchou
mandibulaire	ADJ	f	p	mandibulaires
mandibulaire	ADJ	m	p	mandibulaires
mandibulaire	ADJ	m	s	mandibulaire
mandore	NOM	f	p	mandores
mandrill	NOM	m	p	mandrills
manducation	NOM	f	p	manducations
manganèse	NOM	m	p	manganèses
mangeable	ADJ	f	p	mangeables
mangeable	ADJ	f	s	mangeable
mangeable	ADJ	m	s	mangeable
manger	NOM	m	p	mangers
mangerie	NOM	f	p	mangeries
mangonneau	NOM	m	s	mangonneau
mangouste	NOM	f	p	mangoustes
maniabilité	NOM	f	p	maniabilités
maniacodépressif	ADJ	f	p	maniacodépressives
maniacodépressif	ADJ	m	p	maniacodépressifs
maniacodépressif	NOM	m	p	maniacodépressifs
manichéen	ADJ	f	p	manichéennes
manichéen	ADJ	f	s	manichéenne
manichéen	ADJ	m	p	manichéens
manichéisme	NOM	m	p	manichéismes
manilleur	NOM	m	s	manilleur
manillon	NOM	m	p	manillons
manioc	NOM	m	p	maniocs
manip	NOM	f	p	manips
manipulable	ADJ	f	p	manipulables
manipulable	ADJ	f	s	manipulable
manipulable	ADJ	m	s	manipulable
mannezingue	NOM	m	p	mannezingues
mannitol	NOM	m	p	mannitols
manoeuvrabilité	NOM	f	p	manoeuvrabilités
manoeuvrable	ADJ	f	p	manoeuvrables
manoeuvrable	ADJ	m	p	manoeuvrables
manoeuvrable	ADJ	m	s	manoeuvrable
manoeuvrier	ADJ	m	p	manoeuvriers
manoeuvrier	NOM	m	s	manoeuvrier
manouvrier	NOM	m	p	manouvriers
mansard	NOM	m	p	mansards
mansardé	ADJ	m	p	mansardés
mantelure	NOM	f	p	mantelures
mantique	NOM	f	p	mantiques
mantra	NOM	m	p	mantra
mantra	NOM	m	p	mantras
manubrium	NOM	m	p	manubriums
manufacturier	ADJ	f	p	manufacturières
manufacturier	ADJ	f	s	manufacturière
manufacturier	ADJ	m	s	manufacturier
manufacturier	NOM	m	s	manufacturier
manuélin	ADJ	f	p	manuélines
manuélin	ADJ	f	s	manuéline
manuélin	ADJ	m	p	manuélins
manzanilla	NOM	m	p	manzanillas
manécanterie	NOM	f	p	manécanteries
maori	ADJ	f	p	maories
maori	ADJ	m	p	maoris
maori	NOM	m	p	maoris
maoïsme	NOM	m	p	maoïsmes
maquereautage	NOM	m	p	maquereautages
maquereautin	NOM	m	s	maquereautin
maquerellage	NOM	m	p	maquerellages
mara	NOM	m	p	maras
maraca	NOM	f	s	maraca
maranta	NOM	m	p	marantas
marante	NOM	f	p	marantes
marasquin	NOM	m	p	marasquins
marathonien	NOM	m	p	marathoniens
marbrier	ADJ	f	p	marbrières
marbrier	ADJ	f	s	marbrière
marbrier	ADJ	m	p	marbriers
marceline	NOM	f	p	marcelines
marchandiseur	NOM	m	p	marchandiseurs
marchant	ADJ	m	p	marchants
marcotte	NOM	f	p	marcottes
marengo	ADJ	f	p	marengos
marengo	ADJ	f	s	marengo
marengo	ADJ	m	p	marengos
marengo	NOM	m	p	marengos
margarine	NOM	f	p	margarines
margay	NOM	m	p	margays
marginalité	NOM	f	p	marginalités
margoulette	NOM	f	p	margoulettes
margrave	NOM	m	p	margraves
margraviat	NOM	m	p	margraviats
mariable	ADJ	f	p	mariables
mariable	ADJ	f	s	mariable
mariable	ADJ	m	p	mariables
marial	ADJ	f	s	mariale
marial	ADJ	m	p	marials
marial	ADJ	m	p	mariaux
marial	ADJ	m	s	marial
marieur	NOM	m	p	marieurs
marihuana	NOM	f	p	marihuanas
marijuana	NOM	f	p	marijuanas
marin	ADJ	f	p	marines
marin	ADJ	f	s	marine
marinage	NOM	m	p	marinages
mariné	ADJ	f	s	marinée
mariol	ADJ	f	p	marioles
mariol	ADJ	f	s	mariole
mariol	ADJ	m	p	mariols
maritorne	NOM	f	p	maritornes
marjolaine	NOM	f	p	marjolaines
marle	ADJ	f	p	marles
marle	ADJ	f	s	marle
marle	ADJ	m	p	marles
marlin	NOM	m	p	marlins
marmiteux	ADJ	f	p	marmiteuses
marmiteux	ADJ	m	p	marmiteux
marmiteux	ADJ	m	s	marmiteux
marmitée	NOM	f	s	marmitée
marmoréen	ADJ	f	p	marmoréennes
marmottage	NOM	m	s	marmottage
marmottement	NOM	m	p	marmottements
marnais	ADJ	f	p	marnaises
marnais	ADJ	m	p	marnais
marnais	ADJ	m	s	marnais
marneux	ADJ	f	p	marneuses
marneux	ADJ	m	p	marneux
marneux	ADJ	m	s	marneux
marnière	NOM	f	s	marnière
maronite	ADJ	f	p	maronites
maronite	ADJ	f	s	maronite
maronite	ADJ	m	s	maronite
marouette	NOM	f	p	marouettes
marquage	NOM	m	p	marquages
marquisien	ADJ	f	p	marquisiennes
marquisien	ADJ	f	s	marquisienne
marri	ADJ	f	p	marries
marsala	NOM	m	p	marsalas
marseillais	ADJ	m	p	marseillais
marseillais	ADJ	m	s	marseillais
marsupial	ADJ	f	p	marsupiales
marsupial	ADJ	f	s	marsupiale
marsupial	ADJ	m	s	marsupial
martagon	NOM	m	p	martagons
martelage	NOM	m	p	martelages
martelet	NOM	m	p	martelets
marteleur	NOM	m	p	marteleurs
martialité	NOM	f	s	martialité
martiniquais	ADJ	f	p	martiniquaises
martiniquais	ADJ	m	p	martiniquais
marxisme	NOM	m	p	marxismes
maryland	NOM	m	p	marylands
marécageux	ADJ	m	p	marécageux
marécageux	ADJ	m	s	marécageux
maréchalat	NOM	m	p	maréchalats
maréchalerie	NOM	f	p	maréchaleries
maréchaussée	NOM	f	p	maréchaussées
marémoteur	ADJ	f	p	marémotrices
marémoteur	ADJ	m	p	marémoteurs
marémoteur	ADJ	m	s	marémoteur
mascara	NOM	m	p	mascaras
mascaret	NOM	m	p	mascarets
mascarpone	NOM	m	p	mascarpones
masculinité	NOM	f	p	masculinités
maser	NOM	m	p	masers
maskinongé	NOM	m	p	maskinongés
maso	ADJ	f	p	masos
maso	ADJ	f	s	maso
maso	ADJ	m	p	masos
masochisme	NOM	m	p	masochismes
massacrant	ADJ	f	p	massacrantes
massacrant	ADJ	m	p	massacrants
massette	NOM	f	s	massette
massicotier	NOM	m	p	massicotiers
massivité	NOM	f	p	massivités
mastectomie	NOM	f	p	mastectomies
mastic	NOM	m	p	mastics
masticage	NOM	m	p	masticages
masticateur	ADJ	f	p	masticatrices
masticateur	ADJ	f	s	masticatrice
masticateur	ADJ	m	s	masticateur
mastiff	NOM	m	p	mastiffs
mastite	NOM	f	p	mastites
masturbateur	ADJ	f	p	masturbatrices
masturbateur	ADJ	f	s	masturbatrice
masturbateur	ADJ	m	p	masturbateurs
masturbatoire	ADJ	f	p	masturbatoires
masturbatoire	ADJ	f	s	masturbatoire
masturbatoire	ADJ	m	p	masturbatoires
mastère	NOM	m	p	mastères
matchiche	NOM	f	p	matchiches
matelassé	ADJ	f	p	matelassées
matelassé	ADJ	m	p	matelassés
matelote	NOM	f	p	matelotes
maternage	NOM	m	p	maternages
maternalisme	NOM	m	p	maternalismes
math	NOM	f	s	math
mathurin	NOM	m	s	mathurin
mathusalem	NOM	m	s	mathusalem
mati	ADJ	f	p	maties
mati	ADJ	f	s	matie
mati	ADJ	m	p	matis
matineux	ADJ	f	p	matineuses
matineux	ADJ	f	s	matineuse
matineux	ADJ	m	s	matineux
matité	NOM	f	p	matités
matois	ADJ	f	p	matoises
matois	ADJ	m	p	matois
matoiserie	NOM	f	p	matoiseries
matriarcal	ADJ	m	p	matriarcaux
matriarcat	NOM	m	p	matriarcats
matriarche	NOM	f	p	matriarches
matrilinéaire	ADJ	f	s	matrilinéaire
matrilinéaire	ADJ	m	p	matrilinéaires
matrilinéaire	ADJ	m	s	matrilinéaire
matrilocal	ADJ	f	s	matrilocale
matrilocal	ADJ	m	p	matrilocaux
matrilocal	ADJ	m	s	matrilocal
matriochka	NOM	f	p	matriochkas
maturité	NOM	f	p	maturités
matérialisme	NOM	m	p	matérialismes
matérialité	NOM	f	p	matérialités
mauricien	ADJ	f	p	mauriciennes
mauricien	ADJ	m	p	mauriciens
mauricien	ADJ	m	s	mauricien
mauritanien	ADJ	f	p	mauritaniennes
mauritanien	ADJ	m	p	mauritaniens
mauritanien	ADJ	m	s	mauritanien
maurrassien	NOM	m	p	maurrassiens
maurrassisme	NOM	m	p	maurrassismes
mauvais	ADJ	m	p	mauvais
mauvais	ADJ	m	s	mauvais
mauvaiseté	NOM	f	p	mauvaisetés
max	NOM	m	p	max
maxillaire	ADJ	f	s	maxillaire
maxillaire	ADJ	m	p	maxillaires
maxillaire	ADJ	m	s	maxillaire
maximal	ADJ	m	p	maximaux
maximalisme	NOM	m	p	maximalismes
maximisation	NOM	f	p	maximisations
maximum	ADJ	f	p	maxima
maximum	ADJ	f	p	maximums
maximum	ADJ	f	s	maxima
maximum	ADJ	f	s	maximum
maximum	ADJ	m	p	maximums
maxiton	NOM	m	p	maxitons
mazdéen	ADJ	f	p	mazdéennes
mazdéen	ADJ	f	s	mazdéenne
mazdéen	ADJ	m	s	mazdéen
mazout	NOM	m	p	mazouts
maîtrisable	ADJ	f	p	maîtrisables
maîtrisable	ADJ	m	p	maîtrisables
maîtrisable	ADJ	m	s	maîtrisable
maïa	NOM	m	p	maïas
maïzena	NOM	f	p	maïzenas
meiji	ADJ	f	p	meiji
meiji	ADJ	f	s	meiji
meiji	ADJ	m	p	meiji
melliflue	ADJ	f	s	melliflue
melliflue	ADJ	m	p	melliflues
melliflue	ADJ	m	s	melliflue
mellifère	NOM	m	s	mellifère
membranaire	ADJ	f	p	membranaires
membranaire	ADJ	m	p	membranaires
membranaire	ADJ	m	s	membranaire
membraneux	ADJ	m	p	membraneux
membraneux	ADJ	m	s	membraneux
membru	ADJ	f	s	membrue
membru	ADJ	m	p	membrus
membru	ADJ	m	s	membru
membré	ADJ	f	p	membrées
membré	ADJ	f	s	membrée
membré	ADJ	m	p	membrés
menhaden	NOM	m	p	menhadens
menora	NOM	f	p	menoras
mental	NOM	m	p	mentals
mentholé	ADJ	m	p	mentholés
mentonnet	NOM	m	p	mentonnets
mentonnier	ADJ	f	p	mentonnières
mentonnier	ADJ	m	p	mentonniers
mentule	NOM	f	p	mentules
menuise	NOM	f	p	menuises
menuiserie	NOM	f	p	menuiseries
mercantilisme	NOM	m	p	mercantilismes
mercaptan	NOM	m	p	mercaptans
merchandising	NOM	m	p	merchandisings
merci	NOM	m	s	merci
mercure	NOM	m	p	mercures
mercurey	NOM	m	p	mercurey
mercurochrome	NOM	m	p	mercurochromes
merdeux	ADJ	m	p	merdeux
merdeux	ADJ	m	s	merdeux
merdouille	NOM	f	p	merdouilles
merl	NOM	m	p	merls
merleau	NOM	m	p	merleaus
merleau	NOM	m	p	merleaux
merlette	NOM	f	p	merlettes
merlin	NOM	m	p	merlins
merlot	NOM	m	p	merlots
merlu	NOM	m	p	merlus
merveilleux	ADJ	m	p	merveilleux
merveilleux	ADJ	m	s	merveilleux
mesa	NOM	f	p	mesas
mescal	NOM	m	p	mescals
mescaline	NOM	f	p	mescalines
mesclun	NOM	m	p	mescluns
mesmérisme	NOM	m	p	mesmérismes
messer	NOM	m	p	messers
messianique	ADJ	f	s	messianique
messianique	ADJ	m	p	messianiques
messianique	ADJ	m	s	messianique
messianisme	NOM	m	p	messianismes
messidor	NOM	m	p	messidors
messin	ADJ	f	p	messines
messin	ADJ	m	p	messins
messin	ADJ	m	s	messin
messéance	NOM	f	p	messéances
mestre	NOM	m	p	mestres
mesurable	ADJ	f	s	mesurable
mesurable	ADJ	m	p	mesurables
mesurable	ADJ	m	s	mesurable
mesurette	NOM	f	p	mesurettes
mesureur	NOM	m	p	mesureurs
mesuron	NOM	m	s	mesuron
meublant	ADJ	f	p	meublantes
meublant	ADJ	f	s	meublante
meublant	ADJ	m	p	meublants
meulage	NOM	m	p	meulages
meuleuse	NOM	f	p	meuleuses
meulier	ADJ	m	p	meuliers
meulier	ADJ	m	s	meulier
meunier	ADJ	f	p	meunières
meurette	NOM	f	p	meurettes
meursault	NOM	m	p	meursault
meursault	NOM	m	p	meursaults
mezcal	NOM	m	p	mezcals
miauleur	ADJ	f	p	miauleuses
miauleur	ADJ	f	s	miauleuse
miauleur	ADJ	m	p	miauleurs
micacé	ADJ	f	s	micacée
micacé	ADJ	m	p	micacés
micacé	ADJ	m	s	micacé
micheline	NOM	f	p	michelines
microanalyse	NOM	f	p	micro-analyses
microanalyse	NOM	f	p	microanalyses
microbien	ADJ	f	p	microbiennes
microbien	ADJ	m	s	microbien
microbiologie	NOM	f	p	microbiologies
microcassette	NOM	f	p	microcassettes
microchimie	NOM	f	p	microchimies
microchirurgie	NOM	f	p	microchirurgies
microclimat	NOM	m	p	microclimats
microcomposant	NOM	m	s	microcomposant
microcopie	NOM	f	p	microcopies
microcosme	NOM	m	p	microcosmes
microcéphale	ADJ	f	p	microcéphales
microcéphale	ADJ	f	s	microcéphale
microcéphale	ADJ	m	p	microcéphales
microfiche	NOM	f	s	microfiche
microgramme	NOM	m	p	microgrammes
microgravité	NOM	f	p	microgravités
microlithe	NOM	m	s	microlithe
microscopie	NOM	f	p	microscopies
microsociologie	NOM	f	p	microsociologies
microsonde	NOM	f	p	microsondes
microédition	NOM	f	p	microéditions
midrash	NOM	m	p	midrashs
midship	NOM	m	p	midships
miellat	NOM	m	p	miellats
mielleux	ADJ	m	p	mielleux
mielleux	ADJ	m	s	mielleux
miellé	ADJ	f	p	miellées
miellé	ADJ	f	s	miellée
miellé	ADJ	m	p	miellés
mignard	NOM	m	s	mignard
migraineuse	NOM	f	p	migraineuses
migraineux	ADJ	f	p	migraineuses
migraineux	ADJ	f	s	migraineuse
migraineux	ADJ	m	p	migraineux
migrant	ADJ	f	p	migrantes
migrant	ADJ	m	s	migrant
mijoteuse	NOM	f	p	mijoteuses
mikado	NOM	m	p	mikados
milady	NOM	f	p	miladys
milanais	ADJ	m	p	milanais
milanais	ADJ	m	s	milanais
mildiou	NOM	m	p	mildious
mile	NOM	m	s	mile
milicienne	NOM	f	s	milicienne
militantisme	NOM	m	p	militantismes
militarisation	NOM	f	p	militarisations
militarisme	NOM	m	p	militarismes
millet	NOM	m	p	millets
milliaire	ADJ	f	p	milliaires
milliaire	ADJ	m	p	milliaires
milliaire	ADJ	m	s	milliaire
milliardaire	ADJ	f	p	milliardaires
milliardaire	ADJ	f	s	milliardaire
milliardaire	ADJ	m	s	milliardaire
milliardième	NOM	m	p	milliardièmes
millilitre	NOM	m	p	millilitres
millilitre	NOM	m	p	ml
millimétré	ADJ	f	s	millimétrée
millénarisme	NOM	m	p	millénarismes
millénariste	ADJ	f	p	millénaristes
millénariste	ADJ	m	p	millénaristes
millénariste	ADJ	m	s	millénariste
millénium	NOM	m	p	milléniums
milouin	NOM	m	p	milouins
mimique	ADJ	f	s	mimique
mimique	ADJ	m	p	mimiques
mimique	ADJ	m	s	mimique
mimodrame	NOM	m	s	mimodrame
mimolette	NOM	f	p	mimolettes
mimosée	NOM	f	s	mimosée
mimétisme	NOM	m	p	mimétismes
minage	NOM	m	p	minages
minaudeur	ADJ	f	p	minaudeuses
minaudeur	ADJ	f	s	minaudeuse
minaudeur	ADJ	m	p	minaudeurs
minaudier	ADJ	f	p	minaudières
minaudier	ADJ	m	p	minaudiers
minaudier	ADJ	m	s	minaudier
minaudière	NOM	f	p	minaudières
minbar	NOM	m	p	minbars
minerval	NOM	m	p	minervals
minerve	NOM	f	p	minerves
minestrone	NOM	m	p	minestrones
miniaturisation	NOM	f	p	miniaturisations
minibar	NOM	m	p	minibars
minigolf	NOM	m	p	minigolfs
minimalisme	NOM	m	p	minimalismes
minimisation	NOM	f	p	minimisations
minitel	NOM	m	p	minitels
minium	NOM	m	p	miniums
minoen	ADJ	f	p	minoennes
minoterie	NOM	f	s	minoterie
minotier	NOM	m	p	minotiers
minutage	NOM	m	p	minutages
minutieux	ADJ	m	p	minutieux
minutieux	ADJ	m	s	minutieux
minéralier	NOM	m	s	minéralier
minéralisation	NOM	f	p	minéralisations
minéralisé	ADJ	f	p	minéralisées
minéralisé	ADJ	f	s	minéralisée
minéralisé	ADJ	m	s	minéralisé
mir	NOM	m	p	mirs
miraculeux	ADJ	m	p	miraculeux
miraculeux	ADJ	m	s	miraculeux
miraculé	ADJ	f	p	miraculées
miraculé	ADJ	m	p	miraculés
miraud	ADJ	f	p	miraudes
miraud	ADJ	f	s	miraude
mirliflore	NOM	m	p	mirliflores
miroiterie	NOM	f	p	miroiteries
miroité	ADJ	f	p	miroitées
miroité	ADJ	f	s	miroitée
miroité	ADJ	m	s	miroité
miroton	NOM	m	p	mirotons
misanthropie	NOM	f	p	misanthropies
miscible	ADJ	f	p	miscibles
miscible	ADJ	f	s	miscible
miscible	ADJ	m	p	miscibles
misogynie	NOM	f	p	misogynies
missilier	NOM	m	p	missiliers
missionnaire	ADJ	f	s	missionnaire
missionnaire	ADJ	m	p	missionnaires
missionnaire	ADJ	m	s	missionnaire
misérabilisme	NOM	m	p	misérabilismes
misérabiliste	ADJ	f	p	misérabilistes
misérabiliste	ADJ	f	s	misérabiliste
misérabiliste	ADJ	m	p	misérabilistes
miséreux	ADJ	m	p	miséreux
miséreux	ADJ	m	s	miséreux
miséricordieux	ADJ	m	p	miséricordieux
mitan	NOM	m	p	mitans
miteux	ADJ	m	p	miteux
miteux	ADJ	m	s	miteux
mithriaque	ADJ	f	p	mithriaques
mithriaque	ADJ	f	s	mithriaque
mithriaque	ADJ	m	p	mithriaques
mithridatisation	NOM	f	p	mithridatisations
mitigeur	NOM	m	s	mitigeur
mitigé	ADJ	m	p	mitigés
mitochondrial	ADJ	f	p	mitochondriales
mitochondrial	ADJ	f	s	mitochondriale
mitochondrial	ADJ	m	p	mitochondriaux
miton	NOM	m	p	mitons
mitose	NOM	f	p	mitoses
mitotique	ADJ	f	p	mitotiques
mitotique	ADJ	m	p	mitotiques
mitotique	ADJ	m	s	mitotique
mitoufle	NOM	f	p	mitoufles
mitoyenneté	NOM	f	p	mitoyennetés
mitral	ADJ	f	p	mitrales
mitral	ADJ	m	p	mitraux
mitré	ADJ	f	p	mitrées
mitré	ADJ	f	s	mitrée
mixage	NOM	m	p	mixages
mixité	NOM	f	p	mixités
mnémonique	ADJ	f	p	mnémoniques
mnémonique	ADJ	f	s	mnémonique
mnémotechnie	NOM	f	p	mnémotechnies
mnémotechnique	NOM	f	p	mnémotechniques
mnésique	ADJ	f	p	mnésiques
mnésique	ADJ	f	s	mnésique
mnésique	ADJ	m	s	mnésique
mob	NOM	f	p	mobs
mobilisable	ADJ	f	s	mobilisable
mobilisable	ADJ	m	p	mobilisables
mobilisateur	ADJ	f	p	mobilisatrices
mobilisateur	ADJ	f	s	mobilisatrice
mobilisation	NOM	f	p	mobilisations
mobilité	NOM	f	p	mobilités
mochard	ADJ	f	p	mochardes
mochard	ADJ	m	p	mochards
moco	NOM	m	p	mocos
modelage	NOM	m	p	modelages
modeleur	NOM	m	p	modeleurs
modernisme	NOM	m	p	modernismes
moderniste	ADJ	f	p	modernistes
moderniste	ADJ	m	p	modernistes
moderniste	ADJ	m	s	moderniste
modicité	NOM	f	p	modicités
modifiable	ADJ	f	p	modifiables
modifiable	ADJ	m	p	modifiables
modifiable	ADJ	m	s	modifiable
modificateur	ADJ	f	p	modificatrices
modificateur	ADJ	f	s	modificatrice
modificateur	ADJ	m	p	modificateurs
modique	ADJ	f	s	modique
modique	ADJ	m	p	modiques
modique	ADJ	m	s	modique
modulable	ADJ	f	p	modulables
modulable	ADJ	f	s	modulable
modulaire	ADJ	f	p	modulaires
modulaire	ADJ	f	s	modulaire
modulaire	ADJ	m	p	modulaires
modulateur	ADJ	f	p	modulatrices
modulateur	ADJ	f	s	modulatrice
modulateur	ADJ	m	p	modulateurs
modélisation	NOM	f	p	modélisations
modélisme	NOM	m	p	modélismes
modérateur	ADJ	f	p	modératrices
modérateur	ADJ	f	s	modératrice
modérateur	ADJ	m	p	modérateurs
moelleux	ADJ	m	p	moelleux
moelleux	ADJ	m	s	moelleux
moghol	NOM	m	p	moghols
mogol	ADJ	f	p	mogoles
mogol	ADJ	f	s	mogole
mogol	ADJ	m	p	mogols
mohican	NOM	m	p	mohicans
molard	NOM	m	p	molards
molasse	NOM	f	p	molasses
moldave	ADJ	f	p	moldaves
moldave	ADJ	m	p	moldaves
moldave	ADJ	m	s	moldave
moleskine	NOM	f	p	moleskines
molesquine	NOM	f	p	molesquines
molestation	NOM	f	p	molestations
moliéresque	ADJ	f	p	moliéresques
moliéresque	ADJ	m	p	moliéresques
moliéresque	ADJ	m	s	moliéresque
mollasson	ADJ	f	p	mollassonnes
molletonneux	ADJ	f	p	molletonneuses
molletonneux	ADJ	f	s	molletonneuse
molletonneux	ADJ	m	s	molletonneux
molletonné	ADJ	f	p	molletonnées
molletonné	ADJ	m	p	molletonnés
moloch	NOM	m	p	molochs
moly	NOM	m	p	molys
molybdène	NOM	m	p	molybdènes
molène	NOM	f	s	molène
mombin	NOM	m	p	mombins
momification	NOM	f	p	momifications
mominette	NOM	f	p	mominettes
monacal	ADJ	m	p	monacaux
monachisme	NOM	m	p	monachismes
monade	NOM	f	s	monade
monadologie	NOM	f	p	monadologies
monarchiste	ADJ	f	p	monarchistes
monarchiste	ADJ	f	s	monarchiste
monarchiste	ADJ	m	s	monarchiste
monbazillac	NOM	m	p	monbazillacs
mondialisation	NOM	f	p	mondialisations
mondialiste	ADJ	f	p	mondialistes
mondialiste	ADJ	f	s	mondialiste
mondialiste	ADJ	m	s	mondialiste
mondovision	NOM	f	p	mondovisions
mongolique	ADJ	f	p	mongoliques
mongolique	ADJ	m	s	mongolique
moniale	NOM	f	p	moniales
monition	NOM	f	p	monitions
monitor	NOM	m	p	monitors
monitorage	NOM	m	p	monitorages
monitoring	NOM	m	p	monitorings
monnayable	ADJ	f	p	monnayables
monnayable	ADJ	f	s	monnayable
monnayable	ADJ	m	s	monnayable
monoamine	NOM	f	p	monoamines
monobloc	NOM	m	p	monoblocs
monocellulaire	ADJ	f	p	monocellulaires
monocellulaire	ADJ	m	p	monocellulaires
monocellulaire	ADJ	m	s	monocellulaire
monochrome	ADJ	f	s	monochrome
monochrome	ADJ	m	p	monochromes
monochromie	NOM	f	p	monochromies
monoclonal	ADJ	f	p	monoclonales
monoclonal	ADJ	f	s	monoclonale
monoclé	ADJ	f	p	monoclées
monoclé	ADJ	f	s	monoclée
monoclé	ADJ	m	p	monoclés
monocoque	NOM	m	p	monocoques
monocorde	ADJ	f	s	monocorde
monocorde	ADJ	m	p	monocordes
monocorde	ADJ	m	s	monocorde
monocratie	NOM	f	p	monocraties
monoculaire	ADJ	f	p	monoculaires
monoculaire	ADJ	f	s	monoculaire
monoculaire	ADJ	m	p	monoculaires
monoculture	NOM	f	p	monocultures
monocycle	NOM	m	p	monocycles
monocylindre	NOM	m	p	monocylindres
monodie	NOM	f	p	monodies
monogamie	NOM	f	p	monogamies
monogrammé	ADJ	f	s	monogrammée
monogrammé	ADJ	m	p	monogrammés
monogrammé	ADJ	m	s	monogrammé
monokini	NOM	m	p	monokinis
monolinguisme	NOM	m	p	monolinguismes
monolithe	ADJ	f	p	monolithes
monolithe	ADJ	f	s	monolithe
monolithe	ADJ	m	p	monolithes
monolithique	ADJ	f	s	monolithique
monolithique	ADJ	m	p	monolithiques
monolithique	ADJ	m	s	monolithique
monolithisme	NOM	m	p	monolithismes
monomanie	NOM	f	p	monomanies
monomoteur	ADJ	f	p	monomotrices
monomoteur	ADJ	f	s	monomotrice
monomoteur	ADJ	m	s	monomoteur
monomoteur	NOM	m	p	monomoteurs
mononucléaire	ADJ	f	p	mononucléaires
mononucléaire	ADJ	m	p	mononucléaires
mononucléaire	ADJ	m	s	mononucléaire
mononucléose	NOM	f	p	mononucléoses
monophasé	ADJ	f	p	monophasées
monophasé	ADJ	m	p	monophasés
monophasé	ADJ	m	s	monophasé
monoplace	ADJ	f	p	monoplaces
monoplace	ADJ	f	s	monoplace
monoplace	ADJ	m	p	monoplaces
monoplan	ADJ	f	p	monoplans
monoplan	ADJ	f	s	monoplan
monoplan	ADJ	m	p	monoplans
monopode	ADJ	f	p	monopodes
monopode	ADJ	f	s	monopode
monopode	ADJ	m	p	monopodes
monospace	NOM	m	p	monospaces
monosyllabique	ADJ	f	p	monosyllabiques
monosyllabique	ADJ	f	s	monosyllabique
monothéiste	ADJ	f	p	monothéistes
monothéiste	ADJ	m	p	monothéistes
monothéiste	ADJ	m	s	monothéiste
monotonie	NOM	f	p	monotonies
monotype	NOM	m	p	monotypes
monoxyde	NOM	m	p	monoxydes
monoxyle	ADJ	f	p	monoxyles
monoxyle	ADJ	m	p	monoxyles
monoxyle	ADJ	m	s	monoxyle
monseigneur	NOM	m	p	messeigneurs
monseigneur	NOM	m	p	monseigneurs
monsignor	NOM	m	p	monsignores
monsignor	NOM	m	p	monsignors
monsignore	NOM	m	p	monsignores
monsignore	NOM	m	p	monsignori
monstrueux	ADJ	m	p	monstrueux
monstrueux	ADJ	m	s	monstrueux
montagneux	ADJ	m	p	montagneux
montagneux	ADJ	m	s	montagneux
montaison	NOM	f	p	montaisons
monte	NOM	f	s	monte
montjoie	NOM	f	p	montjoies
montmartrois	ADJ	m	p	montmartrois
montmartrois	ADJ	m	s	montmartrois
montparno	ADJ	f	p	montparno
montparno	ADJ	f	s	montparno
montparno	ADJ	m	p	montparno
montrable	ADJ	f	s	montrable
montrable	ADJ	m	p	montrables
montrable	ADJ	m	s	montrable
montueux	ADJ	m	p	montueux
montueux	ADJ	m	s	montueux
monténégrin	ADJ	f	s	monténégrine
monténégrin	ADJ	m	p	monténégrins
monténégrin	NOM	m	p	monténégrins
monumentalité	NOM	f	p	monumentalités
monôme	NOM	m	s	monôme
moraillon	NOM	m	p	moraillons
moralisant	ADJ	f	p	moralisantes
moralisant	ADJ	m	p	moralisants
moralisant	ADJ	m	s	moralisant
moralisateur	ADJ	f	p	moralisatrices
moralisation	NOM	f	p	moralisations
moralisme	NOM	m	p	moralismes
moratoire	NOM	m	p	moratoires
morave	ADJ	f	p	moraves
morave	ADJ	f	s	morave
morbidesse	NOM	f	p	morbidesses
morbidité	NOM	f	p	morbidités
morbier	NOM	m	p	morbiers
morcelé	ADJ	f	p	morcelées
mordant	NOM	m	p	mordants
mordançage	NOM	m	p	mordançages
mordeur	ADJ	f	p	mordeuses
mordeuse	NOM	f	p	mordeuses
mordillage	NOM	m	p	mordillages
moreau	ADJ	f	p	morelles
moreau	ADJ	f	s	morelle
moreau	ADJ	m	p	moreaux
morelle	NOM	f	p	morelles
moresque	NOM	f	p	moresques
morfalou	NOM	m	p	morfalous
morfil	NOM	m	p	morfils
morfondu	ADJ	f	p	morfondues
morfondu	ADJ	m	p	morfondus
morganatique	ADJ	f	s	morganatique
morganatique	ADJ	m	p	morganatiques
morgeline	NOM	f	p	morgelines
moricaud	ADJ	f	p	moricaudes
moricaud	ADJ	m	p	moricauds
mornifle	NOM	f	p	mornifles
morphine	NOM	f	p	morphines
morphinomane	ADJ	f	p	morphinomanes
morphinomane	ADJ	f	s	morphinomane
morphinomane	ADJ	m	p	morphinomanes
morphogenèse	NOM	f	p	morphogenèses
morphogénétique	ADJ	f	p	morphogénétiques
morphogénétique	ADJ	f	s	morphogénétique
morphogénétique	ADJ	m	p	morphogénétiques
morphologie	NOM	f	p	morphologies
morphologique	ADJ	f	s	morphologique
morphologique	ADJ	m	p	morphologiques
morphologique	ADJ	m	s	morphologique
morse	NOM	m	p	morses
mort	NOM	m	p	morts
mortadelle	NOM	f	p	mortadelles
mortalité	NOM	f	p	mortalités
mortifère	ADJ	f	p	mortifères
mortifère	ADJ	f	s	mortifère
mortifère	ADJ	m	s	mortifère
morula	NOM	f	p	morulas
morvandiau	ADJ	f	p	morvandelles
morvandiau	ADJ	f	s	morvandelle
morvandiau	ADJ	m	p	morvandiaux
morveux	ADJ	m	p	morveux
morveux	ADJ	m	s	morveux
mosaïqué	ADJ	f	p	mosaïquées
mosaïqué	ADJ	m	s	mosaïqué
mosaïste	NOM	m	p	mosaïstes
mosellan	ADJ	m	p	mosellans
mosellan	ADJ	m	s	mosellan
motilité	NOM	f	p	motilités
motivant	ADJ	f	p	motivantes
motivant	ADJ	m	p	motivants
motoculteur	NOM	m	p	motoculteurs
motoculture	NOM	f	p	motocultures
motocycle	NOM	m	s	motocycle
motocyclisme	NOM	m	p	motocyclismes
motoneurone	NOM	m	p	motoneurones
motorisation	NOM	f	p	motorisations
motricité	NOM	f	p	motricités
mou	ADJ	f	p	molles
mou	ADJ	f	s	molle
mouchachou	NOM	m	p	mouchachous
mouchage	NOM	m	p	mouchages
mouchardage	NOM	m	p	mouchardages
mouchette	NOM	f	p	mouchettes
moucheur	NOM	m	p	moucheurs
moudjahidin	NOM	m	s	moudjahidin
moudjahidine	NOM	m	s	moudjahidine
mouffette	NOM	f	p	mouffettes
mouillant	ADJ	f	p	mouillantes
mouillant	ADJ	m	p	mouillants
mouilleur	ADJ	f	p	mouilleuses
mouilleur	ADJ	m	p	mouilleurs
mouilleur	ADJ	m	s	mouilleur
mouilleur	NOM	m	p	mouilleurs
mouise	NOM	f	p	mouises
mouleur	NOM	m	p	mouleurs
moulinage	NOM	m	p	moulinages
mouluration	NOM	f	s	mouluration
mound	NOM	m	p	mounds
mouquère	NOM	f	p	mouquères
mouride	ADJ	f	s	mouride
mouride	ADJ	m	p	mourides
mouride	ADJ	m	s	mouride
mouroir	NOM	m	p	mouroirs
mourre	NOM	f	p	mourres
mousquetade	NOM	f	s	mousquetade
mousqueterie	NOM	f	p	mousqueteries
moussage	NOM	m	p	moussages
moussant	ADJ	f	p	moussantes
mousse	ADJ	f	s	mousse
mousse	ADJ	m	p	mousses
mousse	ADJ	m	s	mousse
mousseux	ADJ	m	p	mousseux
mousseux	ADJ	m	s	mousseux
moutardier	NOM	m	p	moutardiers
moutier	NOM	m	p	moutiers
moutonnerie	NOM	f	p	moutonneries
moutonneux	ADJ	f	p	moutonneuses
moutonneux	ADJ	f	s	moutonneuse
moutonneux	ADJ	m	p	moutonneux
moutonnier	ADJ	f	p	moutonnières
moyenâgeux	ADJ	m	p	moyenâgeux
moyenâgeux	ADJ	m	s	moyenâgeux
moyeu	NOM	m	p	moyeux
mozartien	ADJ	f	s	mozartienne
mozartien	ADJ	m	p	mozartiens
mozartien	ADJ	m	s	mozartien
mozzarella	NOM	f	p	mozzarellas
mozzarelle	NOM	f	p	mozzarelles
moï	ADJ	f	p	moïs
moï	ADJ	f	s	moï
moï	ADJ	m	p	moïs
moïse	NOM	m	p	moïses
mu	ADJ	f	p	mues
mu	ADJ	f	s	mue
mu	ADJ	m	s	mu
mucilage	NOM	m	p	mucilages
mucilagineux	ADJ	f	p	mucilagineuses
mucilagineux	ADJ	m	p	mucilagineux
mucilagineux	ADJ	m	s	mucilagineux
mucor	NOM	m	p	mucors
mucoviscidose	NOM	f	p	mucoviscidoses
mudéjar	ADJ	f	p	mudéjares
mudéjar	ADJ	m	p	mudéjars
mudéjar	NOM	m	p	mudéjars
muesli	NOM	m	p	mueslis
mufle	ADJ	f	p	mufles
mufle	ADJ	f	s	mufle
mufle	ADJ	m	p	mufles
muge	NOM	m	s	muge
muid	NOM	m	s	muid
mulard	ADJ	f	p	mulardes
mulard	ADJ	f	s	mularde
mulard	ADJ	m	p	mulards
muleta	NOM	f	p	muletas
muletier	ADJ	f	p	muletières
muletier	ADJ	m	p	muletiers
mulette	NOM	f	s	mulette
mullah	NOM	m	p	mullahs
mulon	NOM	m	p	mulons
multiconfessionnel	ADJ	f	p	multiconfessionnelles
multiconfessionnel	ADJ	f	s	multiconfessionnelle
multiconfessionnel	ADJ	m	p	multiconfessionnels
multicouche	ADJ	f	p	multicouches
multicouche	ADJ	f	s	multicouche
multicouche	ADJ	m	p	multicouches
multiculturalisme	NOM	m	p	multiculturalismes
multiculturel	ADJ	f	p	multiculturelles
multiculturel	ADJ	m	p	multiculturels
multidimensionnel	ADJ	f	p	multidimensionnelles
multifonction	ADJ	f	p	multifonctions
multifonction	ADJ	f	s	multifonction
multifonction	ADJ	m	p	multifonctions
multifonctionnel	ADJ	f	p	multifonctionnelles
multifonctionnel	ADJ	f	s	multifonctionnelle
multifonctionnel	ADJ	m	p	multifonctionnels
multifonctions	ADJ	f	p	multifonctions
multifonctions	ADJ	f	s	multifonctions
multifonctions	ADJ	m	p	multifonctions
multiforme	ADJ	f	s	multiforme
multiforme	ADJ	m	p	multiformes
multiforme	ADJ	m	s	multiforme
multigrade	ADJ	f	p	multigrades
multigrade	ADJ	m	p	multigrades
multigrade	ADJ	m	s	multigrade
multimilliardaire	ADJ	f	p	multimilliardaires
multimilliardaire	ADJ	m	p	multimilliardaires
multimilliardaire	ADJ	m	s	multimilliardaire
multimillionnaire	ADJ	f	p	multimillionnaires
multimillionnaire	ADJ	m	p	multimillionnaires
multimillionnaire	ADJ	m	s	multimillionnaire
multipare	NOM	f	p	multipares
multiplex	ADJ	f	p	multiplex
multiplex	ADJ	m	p	multiplex
multiplex	ADJ	m	s	multiplex
multiplicateur	ADJ	f	p	multiplicatrices
multiplicateur	ADJ	f	s	multiplicatrice
multiplicateur	ADJ	m	p	multiplicateurs
multiprise	NOM	f	p	multiprises
multipropriété	NOM	f	p	multipropriétés
multiracial	ADJ	f	p	multiraciales
multirisque	ADJ	f	p	multirisques
multirisque	ADJ	m	p	multirisques
multirisque	ADJ	m	s	multirisque
multitâche	ADJ	f	p	multitâches
multitâche	ADJ	f	s	multitâche
mulâtre	ADJ	f	p	mulâtres
mulâtre	ADJ	f	p	mulâtresses
mulâtre	ADJ	f	s	mulâtre
mulâtre	ADJ	f	s	mulâtresse
muni	ADJ	f	p	munies
munichois	ADJ	f	p	munichoises
munichois	ADJ	m	s	munichois
munificent	ADJ	f	p	munificentes
munificent	ADJ	m	s	munificent
munster	NOM	m	p	munsters
muon	NOM	m	p	muons
muphti	NOM	m	p	muphtis
muqueuse	NOM	f	s	muqueuse
muqueux	ADJ	m	p	muqueux
murage	NOM	m	p	murages
muriatique	ADJ	f	p	muriatiques
muriatique	ADJ	f	s	muriatique
muriatique	ADJ	m	p	muriatiques
muridé	NOM	m	s	muridé
murin	NOM	m	p	murins
murmel	NOM	m	p	murmels
musagète	ADJ	f	p	musagètes
musagète	ADJ	f	s	musagète
musagète	ADJ	m	s	musagète
musard	ADJ	f	p	musardes
musard	ADJ	f	s	musarde
musardise	NOM	f	p	musardises
musc	NOM	m	p	muscs
muscade	NOM	f	p	muscades
muscadelle	NOM	f	p	muscadelles
muscadet	NOM	m	p	muscadets
muscadin	NOM	m	p	muscadins
muscadine	NOM	f	p	muscadines
muscovite	NOM	f	p	muscovites
musculation	NOM	f	p	musculations
musculature	NOM	f	p	musculatures
musculeux	ADJ	m	p	musculeux
musculeux	ADJ	m	s	musculeux
muserolle	NOM	f	p	muserolles
musicalité	NOM	f	p	musicalités
musicologie	NOM	f	p	musicologies
musicologique	ADJ	f	p	musicologiques
musicologique	ADJ	f	s	musicologique
musicologique	ADJ	m	p	musicologiques
musicothérapie	NOM	f	p	musicothérapies
musoir	NOM	m	p	musoirs
mussolinien	ADJ	f	p	mussoliniennes
mustélidé	NOM	m	s	mustélidé
muséologie	NOM	f	p	muséologies
muséologique	ADJ	f	p	muséologiques
muséologique	ADJ	m	p	muséologiques
muséologique	ADJ	m	s	muséologique
muséum	NOM	m	p	muséums
mutabilité	NOM	f	p	mutabilités
mutagène	ADJ	f	p	mutagènes
mutagène	ADJ	f	s	mutagène
mutagène	ADJ	m	p	mutagènes
mutilant	ADJ	f	p	mutilantes
mutilant	ADJ	m	p	mutilants
mutilateur	ADJ	f	p	mutilatrices
mutilateur	ADJ	f	s	mutilatrice
mutilateur	ADJ	m	p	mutilateurs
mutiné	ADJ	f	p	mutinées
mutiné	ADJ	f	s	mutinée
mutique	ADJ	f	p	mutiques
mutique	ADJ	f	s	mutique
mutique	ADJ	m	p	mutiques
mutité	NOM	f	p	mutités
mutualisme	NOM	m	p	mutualismes
myasthénie	NOM	f	p	myasthénies
mycologie	NOM	f	p	mycologies
mycose	NOM	f	p	mycoses
mycénien	ADJ	f	s	mycénienne
mycénien	NOM	m	s	mycénien
myocarde	NOM	m	p	myocardes
myocardiopathie	NOM	f	p	myocardiopathies
myocardique	ADJ	f	p	myocardiques
myocardique	ADJ	m	p	myocardiques
myocardique	ADJ	m	s	myocardique
myocardite	NOM	f	p	myocardites
myoclonie	NOM	f	p	myoclonies
myoglobine	NOM	f	p	myoglobines
myographe	NOM	m	p	myographes
myopathie	NOM	f	p	myopathies
myope	ADJ	f	p	myopes
myope	ADJ	f	s	myope
myope	ADJ	m	s	myope
myosine	NOM	f	p	myosines
myrrhe	NOM	f	p	myrrhes
mystagogie	NOM	f	p	mystagogies
mystagogique	ADJ	f	p	mystagogiques
mystagogique	ADJ	m	p	mystagogiques
mystagogique	ADJ	m	s	mystagogique
mystagogue	NOM	m	p	mystagogues
myste	NOM	m	p	mystes
mystificateur	ADJ	f	p	mystificatrices
mystificateur	ADJ	f	s	mystificatrice
mystificateur	ADJ	m	s	mystificateur
mystérieux	ADJ	m	p	mystérieux
mystérieux	ADJ	m	s	mystérieux
mythomane	ADJ	f	s	mythomane
mythomane	ADJ	m	p	mythomanes
mythomane	ADJ	m	s	mythomane
mythomanie	NOM	f	p	mythomanies
myxoedémateux	ADJ	f	p	myxoedémateuses
myxoedémateux	ADJ	m	p	myxoedémateux
myxoedémateux	ADJ	m	s	myxoedémateux
myxomatose	NOM	f	p	myxomatoses
myéline	NOM	f	p	myélines
myélite	NOM	f	p	myélites
myéloïde	ADJ	f	p	myéloïdes
myéloïde	ADJ	m	p	myéloïdes
myéloïde	ADJ	m	s	myéloïde
mâche	NOM	f	p	mâches
mâchefer	NOM	m	p	mâchefers
mâchonnement	NOM	m	s	mâchonnement
mâconnais	ADJ	m	p	mâconnais
mâconnais	ADJ	m	s	mâconnais
mâtiné	ADJ	f	p	mâtinées
mâtiné	ADJ	f	s	mâtinée
mâtiné	ADJ	m	p	mâtinés
méandreux	ADJ	f	p	méandreuses
méandreux	ADJ	f	s	méandreuse
méandreux	ADJ	m	p	méandreux
méandrine	NOM	f	p	méandrines
méat	NOM	m	p	méats
mécanisation	NOM	f	p	mécanisations
mécaniste	ADJ	f	p	mécanistes
mécaniste	ADJ	f	s	mécaniste
mécaniste	ADJ	m	s	mécaniste
méconduite	NOM	f	p	méconduites
méconium	NOM	m	p	méconiums
méconnaissance	NOM	f	p	méconnaissances
méconnu	ADJ	f	p	méconnues
mécréance	NOM	f	p	mécréances
mécréant	ADJ	f	p	mécréantes
mécénat	NOM	m	p	mécénats
médailleur	NOM	m	s	médailleur
médaillé	ADJ	f	p	médaillées
médaillé	ADJ	m	p	médaillés
médaillé	NOM	m	p	médaillés
médiane	NOM	f	p	médianes
médianoche	NOM	m	p	médianoches
médiastin	NOM	m	p	médiastins
médiation	NOM	f	p	médiations
médiatisation	NOM	f	p	médiatisations
médiator	NOM	m	p	médiators
médicalisation	NOM	f	p	médicalisations
médicamentation	NOM	f	p	médicamentations
médicamenteux	ADJ	f	p	médicamenteuses
médicamenteux	ADJ	m	p	médicamenteux
médicamenteux	ADJ	m	s	médicamenteux
médisant	ADJ	f	p	médisantes
médisant	ADJ	m	p	médisants
méditant	ADJ	f	p	méditantes
méditant	ADJ	f	s	méditante
méditant	ADJ	m	p	méditants
méditerrané	ADJ	f	p	méditerranées
méditerrané	ADJ	m	p	méditerranés
méditerrané	ADJ	m	s	méditerrané
méditerranéenne	NOM	f	s	méditerranéenne
médiumnité	NOM	f	p	médiumnités
médulla	NOM	f	p	médullas
méforme	NOM	f	p	méformes
mégacôlon	NOM	m	p	mégacôlons
mégajoule	NOM	m	s	mégajoule
mégalithe	NOM	m	p	mégalithes
mégalithique	ADJ	f	p	mégalithiques
mégalithique	ADJ	m	p	mégalithiques
mégalithique	ADJ	m	s	mégalithique
mégalo	ADJ	f	p	mégalos
mégalo	ADJ	f	s	mégalo
mégalomane	ADJ	f	p	mégalomanes
mégalomane	ADJ	f	s	mégalomane
mégalomane	ADJ	m	s	mégalomane
mégalomanie	NOM	f	p	mégalomanies
mégalopole	NOM	f	p	mégalopoles
mégalosaure	NOM	m	p	mégalosaures
mégapole	NOM	f	p	mégapoles
mégaron	NOM	m	p	mégarons
mégathérium	NOM	m	s	mégathérium
mégawatt	NOM	m	s	mégawatt
mégisserie	NOM	f	p	mégisseries
mégissier	NOM	m	s	mégissier
mégère	NOM	f	s	mégère
méhari	NOM	m	p	méhara
méhari	NOM	m	p	méharis
méiose	NOM	f	p	méioses
méjugement	NOM	m	p	méjugements
mélangeant	ADJ	f	p	mélangeantes
mélangeant	ADJ	f	s	mélangeante
mélangeant	ADJ	m	p	mélangeants
mélanine	NOM	f	p	mélanines
mélanésien	ADJ	f	s	mélanésienne
mélanésien	ADJ	m	p	mélanésiens
mélanésien	ADJ	m	s	mélanésien
mélanésienne	NOM	f	s	mélanésienne
mélasse	NOM	f	p	mélasses
mélatonine	NOM	f	p	mélatonines
mélilot	NOM	m	p	mélilots
mélinite	NOM	f	p	mélinites
mélisse	NOM	f	p	mélisses
mélodieux	ADJ	m	p	mélodieux
mélodieux	ADJ	m	s	mélodieux
mélomane	ADJ	f	p	mélomanes
mélomane	ADJ	f	s	mélomane
mélomane	ADJ	m	p	mélomanes
mémento	NOM	m	s	mémento
mémorabilité	NOM	f	p	mémorabilités
mémoriel	ADJ	f	p	mémorielles
mémorisable	ADJ	f	p	mémorisables
mémorisable	ADJ	f	s	mémorisable
mémorisable	ADJ	m	s	mémorisable
mémorisation	NOM	f	p	mémorisations
ménager	NOM	m	p	ménagers
ménesse	NOM	f	p	ménesses
méninge	NOM	f	s	méninge
méningiome	NOM	m	p	méningiomes
méningocoque	NOM	m	p	méningocoques
méningé	ADJ	f	p	méningées
méningé	ADJ	m	p	méningés
méningé	ADJ	m	s	méningé
ménopause	NOM	f	p	ménopauses
méphitique	ADJ	f	p	méphitiques
méphitique	ADJ	m	p	méphitiques
méphitique	ADJ	m	s	méphitique
méplat	ADJ	f	p	méplates
méplat	ADJ	f	s	méplate
méplat	ADJ	m	s	méplat
méridien	ADJ	m	p	méridiens
méritocratie	NOM	f	p	méritocraties
mérou	NOM	m	p	mérous
mérovingien	ADJ	m	p	mérovingiens
mésencéphale	NOM	m	p	mésencéphales
mésentère	NOM	m	p	mésentères
mésestime	NOM	f	p	mésestimes
mésintelligence	NOM	f	p	mésintelligences
mésomorphe	ADJ	f	p	mésomorphes
mésomorphe	ADJ	f	s	mésomorphe
mésomorphe	ADJ	m	p	mésomorphes
mésopotamien	ADJ	f	p	mésopotamiennes
mésopotamien	ADJ	f	s	mésopotamienne
mésopotamien	NOM	m	s	mésopotamien
mésopotamienne	NOM	f	p	mésopotamiennes
mésosphère	NOM	f	p	mésosphères
mésozoïque	ADJ	f	p	mésozoïques
mésozoïque	ADJ	m	p	mésozoïques
mésozoïque	ADJ	m	s	mésozoïque
mésozoïque	NOM	m	p	mésozoïques
mésusage	NOM	m	p	mésusages
méta	NOM	m	p	métas
métabolite	NOM	m	p	métabolites
métacarpe	NOM	m	p	métacarpes
métacarpien	ADJ	f	p	métacarpiennes
métacarpien	ADJ	f	s	métacarpienne
métacarpien	ADJ	m	p	métacarpiens
métallisation	NOM	f	p	métallisations
métallographie	NOM	f	p	métallographies
métallurgie	NOM	f	p	métallurgies
métallurgique	ADJ	f	s	métallurgique
métallurgique	ADJ	m	p	métallurgiques
métallurgique	ADJ	m	s	métallurgique
métamorphique	ADJ	f	p	métamorphiques
métamorphique	ADJ	m	p	métamorphiques
métamorphique	ADJ	m	s	métamorphique
métaphase	NOM	f	p	métaphases
métapsychologie	NOM	f	p	métapsychologies
métatarse	NOM	m	s	métatarse
métatarsien	ADJ	f	p	métatarsiennes
métatarsien	ADJ	m	p	métatarsiens
métatarsien	ADJ	m	s	métatarsien
métayage	NOM	m	p	métayages
métazoaire	NOM	m	s	métazoaire
métempsychose	NOM	f	p	métempsychoses
métempsycose	NOM	f	p	métempsycoses
méthacrylate	NOM	m	p	méthacrylates
méthadone	NOM	f	p	méthadones
méthanal	NOM	m	p	méthanals
méthane	NOM	m	p	méthanes
méthanol	NOM	m	p	méthanols
méthodisme	NOM	m	p	méthodismes
méthodologie	NOM	f	p	méthodologies
méthodologique	ADJ	f	p	méthodologiques
méthodologique	ADJ	m	p	méthodologiques
méthodologique	ADJ	m	s	méthodologique
méthyle	NOM	m	p	méthyles
méthylène	NOM	m	p	méthylènes
méticuleux	ADJ	m	p	méticuleux
méticuleux	ADJ	m	s	méticuleux
méticulosité	NOM	f	p	méticulosités
métis	ADJ	m	p	métis
métis	ADJ	m	s	métis
métonymie	NOM	f	p	métonymies
métope	NOM	f	s	métope
métreur	NOM	m	p	métreurs
métropolite	NOM	m	p	métropolites
météo	NOM	f	p	météos
météoritique	ADJ	f	p	météoritiques
météoritique	ADJ	m	p	météoritiques
météoritique	ADJ	m	s	météoritique
météorologie	NOM	f	p	météorologies
mévente	NOM	f	p	méventes
mêlé	ADJ	f	p	mêlées
mêlé	ADJ	f	s	mêlée
mêlécasse	NOM	m	p	mêlécasses
mûrisserie	NOM	f	s	mûrisserie
mûron	NOM	m	p	mûrons
nabi	NOM	m	p	nabis
nable	NOM	m	p	nables
nacarat	NOM	m	p	nacarats
nacrure	NOM	f	p	nacrures
nadir	NOM	m	p	nadirs
nageant	ADJ	f	p	nageantes
nageant	ADJ	m	p	nageants
naira	NOM	m	p	nairas
naissain	NOM	m	p	naissains
naisseur	ADJ	f	p	naisseuses
naisseur	ADJ	f	s	naisseuse
naisseur	ADJ	m	p	naisseurs
namibien	NOM	m	s	namibien
nanan	NOM	m	p	nanans
nanar	NOM	m	p	nanars
nanard	NOM	m	p	nanards
nancéien	ADJ	f	p	nancéiennes
nancéien	ADJ	f	s	nancéienne
nancéien	ADJ	m	s	nancéien
nanisme	NOM	m	p	nanismes
nankin	NOM	m	p	nankins
nanotechnologie	NOM	f	p	nanotechnologies
nant	NOM	m	p	nants
nantais	ADJ	f	p	nantaises
nantais	ADJ	m	p	nantais
nantaise	NOM	f	p	nantaises
nanti	ADJ	f	p	nanties
nantissement	NOM	m	p	nantissements
napalm	NOM	m	p	napalms
napel	NOM	m	p	napels
naphtalène	NOM	m	p	naphtalènes
naphte	NOM	m	p	naphtes
nappage	NOM	m	p	nappages
narbonnais	ADJ	f	p	narbonnaises
narbonnais	ADJ	f	s	narbonnaise
narbonnais	ADJ	m	p	narbonnais
narcissisme	NOM	m	p	narcissismes
narcolepsie	NOM	f	p	narcolepsies
narcose	NOM	f	p	narcoses
narcotrafic	NOM	m	p	narcotrafics
narcotrafiquant	NOM	m	s	narcotrafiquant
narghileh	NOM	m	p	narghilehs
narghilé	NOM	m	p	narghilés
narquois	ADJ	m	p	narquois
narquois	ADJ	m	s	narquois
narquoiserie	NOM	f	p	narquoiseries
narrateur	NOM	m	p	narrateurs
nasard	NOM	m	p	nasards
nasillement	NOM	m	p	nasillements
nassérien	ADJ	f	p	nassériennes
nassérien	ADJ	f	s	nassérienne
nassérien	ADJ	m	p	nassériens
natalité	NOM	f	p	natalités
natation	NOM	f	p	natations
natatoire	ADJ	f	p	natatoires
natatoire	ADJ	m	p	natatoires
natatoire	ADJ	m	s	natatoire
nationalisme	NOM	m	p	nationalismes
natron	NOM	m	p	natrons
natrum	NOM	m	p	natrums
natrémie	NOM	f	p	natrémies
nattier	NOM	m	p	nattiers
naturalisation	NOM	f	p	naturalisations
naturalisme	NOM	m	p	naturalismes
naturaliste	ADJ	f	p	naturalistes
naturaliste	ADJ	f	s	naturaliste
naturaliste	ADJ	m	s	naturaliste
naturalisé	ADJ	f	p	naturalisées
naturisme	NOM	m	p	naturismes
naturiste	ADJ	f	p	naturistes
naturiste	ADJ	f	s	naturiste
nauséeux	ADJ	m	p	nauséeux
nauséeux	ADJ	m	s	nauséeux
naute	NOM	m	s	naute
nautile	NOM	m	p	nautiles
navajo	ADJ	f	p	navajos
navajo	ADJ	f	s	navajo
navajo	ADJ	m	s	navajo
nave	NOM	f	p	naves
navel	NOM	f	p	navels
navigabilité	NOM	f	p	navigabilités
navigable	ADJ	f	s	navigable
navigable	ADJ	m	p	navigables
navigant	ADJ	f	p	navigantes
navigant	ADJ	m	p	navigants
navigant	NOM	m	p	navigants
nazaréen	ADJ	f	p	nazaréennes
nazaréen	ADJ	f	s	nazaréenne
nazaréen	ADJ	m	p	nazaréens
nazaréen	NOM	m	p	nazaréens
nazillon	NOM	m	s	nazillon
nazisme	NOM	m	p	nazismes
neck	NOM	m	p	necks
nectar	NOM	m	p	nectars
neigeux	ADJ	m	p	neigeux
neigeux	ADJ	m	s	neigeux
nemrod	NOM	m	p	nemrods
neptunien	ADJ	f	p	neptuniennes
neptunien	ADJ	m	s	neptunien
nerveux	ADJ	m	p	nerveux
nerveux	ADJ	m	s	nerveux
nescafé	NOM	m	p	nescafés
nestor	NOM	m	p	nestors
nestorianisme	NOM	m	p	nestorianismes
netteté	NOM	f	p	nettetés
nettoiement	NOM	m	p	nettoiements
nettoyant	ADJ	f	p	nettoyantes
neuneu	ADJ	f	p	neuneus
neuneu	ADJ	m	p	neuneus
neuneu	ADJ	m	s	neuneu
neuneu	NOM	m	p	neuneus
neural	ADJ	m	p	neuraux
neurasthénie	NOM	f	p	neurasthénies
neurinome	NOM	m	p	neurinomes
neurobiologie	NOM	f	p	neurobiologies
neurochimie	NOM	f	p	neurochimies
neurochirurgie	NOM	f	p	neurochirurgies
neurochirurgien	NOM	m	p	neurochirurgiens
neurofibromatose	NOM	f	p	neurofibromatoses
neurolinguistique	NOM	f	p	neurolinguistiques
neurologie	NOM	f	p	neurologies
neuromusculaire	ADJ	f	p	neuromusculaires
neuromusculaire	ADJ	f	s	neuromusculaire
neuromusculaire	ADJ	m	p	neuromusculaires
neuronique	ADJ	f	p	neuroniques
neuronique	ADJ	m	p	neuroniques
neuronique	ADJ	m	s	neuronique
neuropathie	NOM	f	p	neuropathies
neuropathologie	NOM	f	p	neuropathologies
neuropeptide	NOM	m	p	neuropeptides
neurophysiologie	NOM	f	p	neurophysiologies
neuropsychiatrie	NOM	f	p	neuropsychiatries
neuroscience	NOM	f	p	neurosciences
neurotoxine	NOM	f	p	neurotoxines
neutralisant	ADJ	f	p	neutralisantes
neutralisant	ADJ	m	p	neutralisants
neutralisateur	ADJ	f	p	neutralisatrices
neutralisateur	ADJ	f	s	neutralisatrice
neutralisateur	ADJ	m	p	neutralisateurs
neutralisateur	NOM	m	p	neutralisateurs
neutralisation	NOM	f	p	neutralisations
neutralité	NOM	f	p	neutralités
neutronique	ADJ	f	p	neutroniques
neutronique	ADJ	f	s	neutronique
neutronique	ADJ	m	p	neutroniques
neutropénie	NOM	f	p	neutropénies
neveu	NOM	m	p	neveux
niais	ADJ	m	p	niais
niais	ADJ	m	s	niais
niaiseux	ADJ	f	p	niaiseuses
niaiseux	ADJ	m	s	niaiseux
nicaraguayen	ADJ	f	p	nicaraguayennes
nicaraguayen	ADJ	f	s	nicaraguayenne
nicaraguayen	NOM	m	s	nicaraguayen
nicet	ADJ	f	p	nicettes
nicet	ADJ	f	s	nicette
nicet	ADJ	m	p	nicets
nicheur	ADJ	f	p	nicheuses
nicheur	ADJ	f	s	nicheuse
nicheur	ADJ	m	s	nicheur
nicotine	NOM	f	p	nicotines
nictation	NOM	f	p	nictations
nictitant	ADJ	f	p	nictitantes
nictitant	ADJ	m	p	nictitants
nidification	NOM	f	p	nidifications
nietzschéen	ADJ	m	p	nietzschéens
nietzschéen	NOM	m	p	nietzschéens
nigaud	ADJ	f	p	nigaudes
nigauderie	NOM	f	p	nigauderies
nigérian	ADJ	f	p	nigérianes
nigérien	ADJ	f	p	nigériennes
nigérien	ADJ	f	s	nigérienne
nigérien	ADJ	m	p	nigériens
nihilisme	NOM	m	p	nihilismes
nihiliste	ADJ	f	p	nihilistes
nihiliste	ADJ	f	s	nihiliste
nihiliste	ADJ	m	s	nihiliste
nimbé	ADJ	f	p	nimbées
nimbé	ADJ	m	p	nimbés
niobium	NOM	m	p	niobiums
niolo	NOM	m	p	niolos
nique	NOM	f	p	niques
nisan	NOM	m	p	nisans
nitre	NOM	m	p	nitres
nitreux	ADJ	f	p	nitreuses
nitreux	ADJ	m	p	nitreux
nitrite	NOM	m	p	nitrites
nitroglycérine	NOM	f	p	nitroglycérines
nitrogène	NOM	m	p	nitrogènes
nitré	ADJ	f	p	nitrées
nitré	ADJ	f	s	nitrée
nitré	ADJ	m	p	nitrés
nivellement	NOM	m	p	nivellements
nivôse	NOM	m	p	nivôses
nixe	NOM	f	p	nixes
niçois	ADJ	m	p	niçois
niçois	ADJ	m	s	niçois
nième	NOM	m	p	nièmes
nié	ADJ	f	p	niées
nobiliaire	NOM	m	p	nobiliaires
noblaillon	NOM	m	p	noblaillons
nocher	NOM	m	p	nochers
nochère	NOM	f	p	nochères
nocivité	NOM	f	p	nocivités
noctambule	ADJ	f	p	noctambules
noctambule	ADJ	f	s	noctambule
noctambule	ADJ	m	p	noctambules
noctambulisme	NOM	m	p	noctambulismes
nodal	ADJ	f	s	nodale
nodal	ADJ	m	p	nodaux
nodosité	NOM	f	s	nodosité
noduleux	ADJ	f	p	noduleuses
noduleux	ADJ	f	s	noduleuse
noduleux	ADJ	m	s	noduleux
nomadisme	NOM	m	p	nomadismes
nombreux	ADJ	m	p	nombreux
nombreux	ADJ	m	s	nombreux
nombrilisme	NOM	m	p	nombrilismes
nombriliste	ADJ	f	p	nombrilistes
nombriliste	ADJ	m	p	nombrilistes
nombriliste	ADJ	m	s	nombriliste
nome	NOM	m	p	nomes
nominaliste	ADJ	f	p	nominalistes
nominaliste	ADJ	f	s	nominaliste
nominaliste	ADJ	m	p	nominalistes
nonagénaire	ADJ	f	s	nonagénaire
nonagénaire	ADJ	m	p	nonagénaires
nonagénaire	ADJ	m	s	nonagénaire
nonce	NOM	m	p	nonces
nonchalance	NOM	f	p	nonchalances
nonciature	NOM	f	p	nonciatures
nonidi	NOM	m	p	nonidis
nonpareil	ADJ	f	p	nonpareilles
nonpareil	ADJ	m	p	nonpareils
nonpareil	ADJ	m	s	nonpareil
nope	NOM	f	p	nopes
noradrénaline	NOM	f	p	noradrénalines
nordet	NOM	m	p	nordets
nordiste	ADJ	f	p	nordistes
nordiste	ADJ	f	s	nordiste
nordiste	ADJ	m	s	nordiste
normalien	ADJ	f	p	normaliennes
normalisation	NOM	f	p	normalisations
normalisé	ADJ	f	p	normalisées
normalisé	ADJ	f	s	normalisée
normalisé	ADJ	m	s	normalisé
normalité	NOM	f	p	normalités
normatif	ADJ	f	p	normatives
normatif	ADJ	m	p	normatifs
noroît	NOM	m	p	noroîts
norrois	ADJ	f	p	norroises
norrois	ADJ	m	p	norrois
norrois	ADJ	m	s	norrois
nosocomial	ADJ	f	p	nosocomiales
nosocomial	ADJ	m	p	nosocomiaux
nosocomial	ADJ	m	s	nosocomial
notarial	ADJ	f	p	notariales
notariat	NOM	m	p	notariats
notarié	ADJ	f	p	notariées
notification	NOM	f	p	notifications
notifié	ADJ	m	p	notifiés
notifié	ADJ	m	s	notifié
notule	NOM	f	s	notule
nouage	NOM	m	p	nouages
noue	NOM	f	p	noues
noueux	ADJ	m	p	noueux
noueux	ADJ	m	s	noueux
noumène	NOM	m	p	noumènes
nourrissage	NOM	m	p	nourrissages
nourrisseur	NOM	m	p	nourrisseurs
nouveau	ADJ	f	p	nouvelles
nouveau	ADJ	f	s	nouvelle
nova	NOM	f	p	novae
nova	NOM	f	p	novas
novation	NOM	f	p	novations
novelette	NOM	f	s	novelette
noviciat	NOM	m	p	noviciats
novillero	NOM	m	s	novillero
novillo	NOM	m	p	novillos
novocaïne	NOM	f	p	novocaïnes
novélisation	NOM	f	p	novélisations
noyautage	NOM	m	p	noyautages
nuageux	ADJ	m	p	nuageux
nuageux	ADJ	m	s	nuageux
nuancier	NOM	m	p	nuanciers
nubien	ADJ	f	p	nubiennes
nubile	ADJ	f	s	nubile
nubile	ADJ	m	p	nubiles
nubile	ADJ	m	s	nubile
nubilité	NOM	f	p	nubilités
nubuck	NOM	m	p	nubucks
nucal	ADJ	f	p	nucales
nucal	ADJ	f	s	nucale
nucal	ADJ	m	p	nucaux
nucléique	ADJ	f	p	nucléiques
nucléique	ADJ	f	s	nucléique
nucléique	ADJ	m	p	nucléiques
nucléoside	NOM	m	p	nucléosides
nucléotide	NOM	m	s	nucléotide
nucléé	ADJ	f	p	nucléées
nucléé	ADJ	m	p	nucléés
nucléé	ADJ	m	s	nucléé
nudisme	NOM	m	p	nudismes
nudiste	ADJ	f	s	nudiste
nudiste	ADJ	m	p	nudistes
nudiste	ADJ	m	s	nudiste
nuisette	NOM	f	p	nuisettes
nuitard	NOM	m	s	nuitard
nuiteux	NOM	m	p	nuiteux
numide	ADJ	f	p	numides
numide	ADJ	f	s	numide
numide	ADJ	m	p	numides
numismatique	ADJ	f	p	numismatiques
numismatique	ADJ	f	s	numismatique
numismatique	ADJ	m	p	numismatiques
numéraire	NOM	m	p	numéraires
numéral	ADJ	f	p	numérales
numéral	ADJ	f	s	numérale
numéral	ADJ	m	p	numéraux
numérateur	NOM	m	p	numérateurs
numération	NOM	f	p	numérations
numérisation	NOM	f	p	numérisations
numérologie	NOM	f	p	numérologies
numérotage	NOM	m	p	numérotages
numérotation	NOM	f	p	numérotations
nuncupatif	ADJ	f	p	nuncupatives
nuncupatif	ADJ	f	s	nuncupative
nuncupatif	ADJ	m	s	nuncupatif
nuptialité	NOM	f	p	nuptialités
nursery	NOM	f	p	nurseries
nursery	NOM	f	p	nurserys
nursing	NOM	m	p	nursings
nutrition	NOM	f	p	nutritions
nutritionnel	ADJ	f	p	nutritionnelles
nutritionnel	ADJ	m	p	nutritionnels
nyctalope	ADJ	f	s	nyctalope
nyctalope	ADJ	m	p	nyctalopes
nyctalope	ADJ	m	s	nyctalope
nymphal	ADJ	f	p	nymphales
nymphal	ADJ	f	s	nymphale
nymphal	ADJ	m	p	nymphaux
nymphomane	ADJ	f	s	nymphomane
nymphomane	ADJ	m	p	nymphomanes
nymphomane	ADJ	m	s	nymphomane
nymphomanie	NOM	f	p	nymphomanies
nymphée	NOM	m	s	nymphée
nèfle	NOM	f	s	nèfle
nègre	ADJ	m	p	nègres
nègre	ADJ	m	s	nègre
néandertalien	ADJ	f	p	néandertaliennes
néandertalien	ADJ	f	s	néandertalienne
néandertalien	ADJ	m	p	néandertaliens
néandertalien	NOM	m	s	néandertalien
néanderthalien	ADJ	f	p	néanderthaliennes
néanderthalien	ADJ	f	s	néanderthalienne
néanderthalien	ADJ	m	p	néanderthaliens
néantisation	NOM	f	p	néantisations
néantisation	NOM	f	p	nées
nébuleuse	NOM	f	s	nébuleuse
nébuleux	ADJ	m	p	nébuleux
nébuleux	ADJ	m	s	nébuleux
nébuliseur	NOM	m	p	nébuliseurs
nébulosité	NOM	f	p	nébulosités
nécessiteux	ADJ	m	p	nécessiteux
nécessiteux	ADJ	m	s	nécessiteux
nécrobiose	NOM	f	s	nécrobiose
nécrologe	NOM	m	p	nécrologes
nécromancie	NOM	f	p	nécromancies
nécromant	NOM	m	p	nécromants
nécrophagie	NOM	f	p	nécrophagies
nécrophile	ADJ	f	s	nécrophile
nécrophile	ADJ	m	p	nécrophiles
nécrophilie	NOM	f	p	nécrophilies
nécropsie	NOM	f	p	nécropsies
nécrotique	ADJ	f	p	nécrotiques
nécrotique	ADJ	f	s	nécrotique
nécrotique	ADJ	m	p	nécrotiques
néerlandais	ADJ	m	p	néerlandais
néerlandais	ADJ	m	s	néerlandais
négateur	ADJ	f	p	négatrices
négateur	ADJ	f	s	négatrice
négateur	ADJ	m	p	négateurs
négationnisme	NOM	m	p	négationnismes
négativisme	NOM	m	p	négativismes
négativité	NOM	f	p	négativités
négligent	ADJ	f	p	négligentes
négrier	ADJ	f	p	négrières
négrier	ADJ	f	s	négrière
négril	NOM	m	p	négrils
négritude	NOM	f	p	négritudes
négrophile	ADJ	f	s	négrophile
négrophile	ADJ	m	p	négrophiles
nématode	NOM	m	s	nématode
néoclassique	ADJ	f	p	néo-classiques
néoclassique	ADJ	f	p	néoclassiques
néoclassique	ADJ	f	s	néoclassique
néoclassique	ADJ	m	p	néo-classiques
néoclassique	ADJ	m	p	néoclassiques
néocolonial	ADJ	f	p	néocoloniales
néocolonial	ADJ	f	s	néocoloniale
néocolonial	ADJ	m	p	néocoloniaux
néocolonialisme	NOM	m	p	néocolonialismes
néofascisme	NOM	m	p	néo-fascismes
néofascisme	NOM	m	p	néofascismes
néogothique	ADJ	f	p	néo-gothiques
néogothique	ADJ	f	p	néogothiques
néogothique	ADJ	f	s	néo-gothique
néogothique	ADJ	f	s	néogothique
néogothique	ADJ	m	p	néo-gothiques
néogothique	ADJ	m	p	néogothiques
néolibéralisme	NOM	m	p	néolibéralismes
néolithique	ADJ	f	s	néolithique
néolithique	ADJ	m	p	néolithiques
néolithique	ADJ	m	s	néolithique
néonatal	ADJ	f	p	néo-natales
néonatal	ADJ	f	p	néonatales
néonatal	ADJ	m	p	néonatals
néonatal	ADJ	m	p	néonataux
néonazi	ADJ	f	p	néo-nazies
néonazi	ADJ	f	p	néonazies
néonazi	ADJ	m	s	néo-nazi
néonazi	ADJ	m	s	néonazi
néonazi	NOM	m	s	néo-nazi
néonazi	NOM	m	s	néonazi
néophyte	ADJ	f	s	néophyte
néophyte	ADJ	m	p	néophytes
néophyte	ADJ	m	s	néophyte
néoplasie	NOM	f	p	néoplasies
néoplasme	NOM	m	p	néoplasmes
néoplatonisme	NOM	m	p	néoplatonismes
néoprène	NOM	m	p	néoprènes
néoréalisme	NOM	m	p	néoréalismes
népalais	ADJ	m	s	népalais
néphrectomie	NOM	f	p	néphrectomies
néphrite	NOM	f	p	néphrites
néphrologie	NOM	f	p	néphrologies
néphrétique	ADJ	m	p	néphrétiques
néphrétique	ADJ	m	s	néphrétique
népotisme	NOM	m	p	népotismes
néroli	NOM	m	p	nérolis
névralgique	ADJ	f	p	névralgiques
névralgique	ADJ	f	s	névralgique
névrite	NOM	f	p	névrites
névroptère	NOM	m	s	névroptère
obi	NOM	f	p	obis
objectal	ADJ	f	p	objectales
objectal	ADJ	m	p	objectaux
objectivation	NOM	f	p	objectivations
objectivité	NOM	f	p	objectivités
oblat	NOM	m	s	oblat
oblatif	ADJ	f	p	oblatives
oblatif	ADJ	m	p	oblatifs
oblation	NOM	f	p	oblations
obligataire	ADJ	f	p	obligataires
obligataire	ADJ	f	s	obligataire
obliquité	NOM	f	p	obliquités
oblitération	NOM	f	p	oblitérations
oblitéré	ADJ	f	p	oblitérées
oblitéré	ADJ	f	s	oblitérée
obnubilation	NOM	f	p	obnubilations
obnubilé	ADJ	f	p	obnubilées
obnubilé	ADJ	m	p	obnubilés
obscurantiste	ADJ	f	p	obscurantistes
obscurantiste	ADJ	m	p	obscurantistes
obscurantiste	ADJ	m	s	obscurantiste
observable	ADJ	f	p	observables
observable	ADJ	f	s	observable
observable	ADJ	m	p	observables
observant	ADJ	f	p	observantes
observant	ADJ	f	s	observante
observant	ADJ	m	p	observants
observant	NOM	m	p	observants
observateur	ADJ	f	p	observatrices
obsessif	ADJ	f	p	obsessives
obsessif	ADJ	m	p	obsessifs
obsidienne	NOM	f	p	obsidiennes
obsidional	ADJ	f	p	obsidionales
obsidional	ADJ	m	p	obsidionaux
obsolescence	NOM	f	p	obsolescences
obstructif	ADJ	f	p	obstructives
obstructif	ADJ	m	p	obstructifs
obstructionnisme	NOM	m	p	obstructionnismes
obstrué	ADJ	f	p	obstruées
obstétrical	ADJ	f	p	obstétricales
obstétrical	ADJ	f	s	obstétricale
obstétrical	ADJ	m	p	obstétricaux
obstétrique	NOM	f	p	obstétriques
obséquieux	ADJ	m	p	obséquieux
obséquiosité	NOM	f	p	obséquiosités
obtention	NOM	f	p	obtentions
obturateur	ADJ	f	p	obturatrices
obturateur	ADJ	f	s	obturatrice
obturation	NOM	f	p	obturations
obtus	ADJ	m	p	obtus
obtus	ADJ	m	s	obtus
obéissance	NOM	f	p	obéissances
occident	NOM	m	p	occidents
occidentalisation	NOM	f	p	occidentalisations
occidentalisme	NOM	m	p	occidentalismes
occiput	NOM	m	p	occiputs
occitan	ADJ	f	p	occitanes
occitan	NOM	m	p	occitans
occlusion	NOM	f	p	occlusions
occultiste	ADJ	f	p	occultistes
occultiste	ADJ	f	s	occultiste
occultiste	ADJ	m	s	occultiste
occurrent	ADJ	f	s	occurrente
occurrent	ADJ	m	p	occurrents
occurrent	ADJ	m	s	occurrent
ocelle	NOM	m	s	ocelle
ocellé	ADJ	f	p	ocellées
ocellé	ADJ	m	s	ocellé
ocré	ADJ	f	p	ocrées
ocré	ADJ	m	s	ocré
octane	NOM	m	p	octanes
octant	NOM	m	p	octants
octidi	NOM	m	p	octidis
octuor	NOM	m	p	octuors
octuple	ADJ	f	p	octuples
octuple	ADJ	m	p	octuples
octuple	ADJ	m	s	octuple
oculomoteur	ADJ	f	p	oculomotrices
oculomoteur	ADJ	f	s	oculomotrice
oculomoteur	ADJ	m	p	oculomoteurs
oculus	NOM	m	s	oculus
ocytocine	NOM	f	p	ocytocines
océanien	ADJ	f	p	océaniennes
océanien	ADJ	m	p	océaniens
océanien	ADJ	m	s	océanien
océanique	ADJ	f	p	océaniques
océanique	ADJ	f	s	océanique
océanique	ADJ	m	s	océanique
océanographie	NOM	f	p	océanographies
océanographique	ADJ	f	p	océanographiques
océanographique	ADJ	f	s	océanographique
océanographique	ADJ	m	s	océanographique
océanologie	NOM	f	p	océanologies
odieux	ADJ	m	p	odieux
odieux	ADJ	m	s	odieux
odomètre	NOM	m	p	odomètres
odontologie	NOM	f	p	odontologies
odorat	NOM	m	p	odorats
odéon	NOM	m	p	odéons
oecuménique	ADJ	f	s	oecuménique
oecuménique	ADJ	m	p	oecuméniques
oecuménique	ADJ	m	s	oecuménique
oecuménisme	NOM	m	p	oecuménismes
oedipe	NOM	m	p	oedipes
oedipien	ADJ	f	p	oedipiennes
oedipien	ADJ	m	p	oedipiens
oedémateux	ADJ	f	p	oedémateuses
oedémateux	ADJ	m	p	oedémateux
oedémateux	ADJ	m	s	oedémateux
oeillette	NOM	f	p	oeillettes
oenologie	NOM	f	p	oenologies
oenologique	ADJ	f	p	oenologiques
oenologique	ADJ	m	p	oenologiques
oenologique	ADJ	m	s	oenologique
oenothera	NOM	m	p	oenotheras
oenothère	NOM	m	p	oenothères
oesophagien	ADJ	m	p	oesophagiens
oestrogène	ADJ	f	p	oestrogènes
oestrogène	ADJ	f	s	oestrogène
offertoire	NOM	m	p	offertoires
office	NOM	m	s	office
official	NOM	m	p	officiaux
officialité	NOM	f	p	officialités
officiant	ADJ	f	p	officiantes
officiant	ADJ	f	s	officiante
officieux	ADJ	m	p	officieux
officieux	ADJ	m	s	officieux
offset	ADJ	f	p	offsets
offset	ADJ	f	s	offset
offset	ADJ	m	p	offsets
ogival	ADJ	f	p	ogivales
ogival	ADJ	f	s	ogivale
ogival	ADJ	m	p	ogivaux
ohm	NOM	m	s	attoohm
ohm	NOM	m	s	centiohm
ohm	NOM	m	s	décaohm
ohm	NOM	m	s	déciohm
ohm	NOM	m	s	exaohm
ohm	NOM	m	s	femtoohm
ohm	NOM	m	s	gigaohm
ohm	NOM	m	s	hectoohm
ohm	NOM	m	s	kiloohm
ohm	NOM	m	s	microohm
ohm	NOM	m	s	milliohm
ohm	NOM	m	s	mégaohm
ohm	NOM	m	s	nanoohm
ohm	NOM	m	s	ohm
ohm	NOM	m	s	petaohm
ohm	NOM	m	s	picoohm
ohm	NOM	m	s	pétaohm
ohm	NOM	m	s	téraohm
ohm	NOM	m	s	yoctoohm
ohm	NOM	m	s	yottaohm
ohm	NOM	m	s	zeptoohm
ohm	NOM	m	s	zettaohm
oille	NOM	f	p	oilles
oing	NOM	m	p	oings
oint	ADJ	m	s	oint
oisellerie	NOM	f	p	oiselleries
oiseux	ADJ	m	p	oiseux
oiseux	ADJ	m	s	oiseux
oisiveté	NOM	f	p	oisivetés
okapi	NOM	m	p	okapis
okoumé	NOM	m	p	okoumés
olfactomètre	NOM	m	p	olfactomètres
olifant	NOM	m	p	olifants
oligarchie	NOM	f	p	oligarchies
olivaie	NOM	f	s	olivaie
olivine	NOM	f	p	olivines
olivâtre	ADJ	f	s	olivâtre
olivâtre	ADJ	m	p	olivâtres
olivâtre	ADJ	m	s	olivâtre
olographe	ADJ	f	p	olographes
olographe	ADJ	f	s	olographe
olographe	ADJ	m	p	olographes
olympien	ADJ	f	p	olympiennes
olécrane	NOM	m	p	olécranes
olécrâne	NOM	m	p	olécrânes
oléfine	NOM	f	p	oléfines
oléiculteur	NOM	m	s	oléiculteur
oléine	NOM	f	p	oléines
ombellifère	NOM	f	s	ombellifère
ombilic	NOM	m	p	ombilics
ombilical	ADJ	f	p	ombilicales
ombrageux	ADJ	m	p	ombrageux
ombrageux	ADJ	m	s	ombrageux
ombreux	ADJ	m	p	ombreux
ombreux	ADJ	m	s	ombreux
ombré	ADJ	f	p	ombrées
ombré	ADJ	f	s	ombrée
omerta	NOM	f	p	omertas
omicron	NOM	m	p	omicron
omicron	NOM	m	p	omicrons
omis	ADJ	f	p	omises
omis	ADJ	f	s	omise
omis	ADJ	m	p	omis
omnidirectionnel	ADJ	f	p	omnidirectionnelles
omnidirectionnel	ADJ	m	p	omnidirectionnels
omnipotence	NOM	f	p	omnipotences
omnipotent	ADJ	m	p	omnipotents
omniprésence	NOM	f	p	omniprésences
omniscience	NOM	f	p	omnisciences
omniscient	ADJ	f	p	omniscientes
omnisports	ADJ	f	p	omnisports
omnisports	ADJ	f	s	omnisports
omnisports	ADJ	m	p	omnisports
omnium	NOM	m	p	omniums
omnivore	ADJ	f	s	omnivore
omnivore	ADJ	m	p	omnivores
oméga	NOM	m	p	oméga
oméga	NOM	m	p	omégas
oncologie	NOM	f	p	oncologies
oncologique	ADJ	f	p	oncologiques
oncologique	ADJ	m	p	oncologiques
oncologique	ADJ	m	s	oncologique
onctueux	ADJ	m	p	onctueux
onctueux	ADJ	m	s	onctueux
onctuosité	NOM	f	p	onctuosités
ondatra	NOM	m	p	ondatras
ondulatoire	ADJ	f	p	ondulatoires
ondulatoire	ADJ	f	s	ondulatoire
ondulatoire	ADJ	m	s	ondulatoire
onduleux	ADJ	m	p	onduleux
ondé	ADJ	f	p	ondées
ondé	ADJ	f	s	ondée
ondé	ADJ	m	s	ondé
onglon	NOM	m	p	onglons
onglée	NOM	f	p	onglées
ongulé	ADJ	f	p	ongulées
ongulé	ADJ	f	s	ongulée
onirisme	NOM	m	p	onirismes
onirologie	NOM	f	p	onirologies
ontologie	NOM	f	p	ontologies
onusien	ADJ	m	s	onusien
onéreux	ADJ	m	p	onéreux
onéreux	ADJ	m	s	onéreux
opacification	NOM	f	p	opacifications
opalescence	NOM	f	p	opalescences
opalescent	ADJ	m	p	opalescents
open	NOM	m	p	opens
opercule	NOM	m	p	opercules
ophtalmique	ADJ	f	p	ophtalmiques
ophtalmique	ADJ	m	p	ophtalmiques
ophtalmique	ADJ	m	s	ophtalmique
ophtalmologie	NOM	f	p	ophtalmologies
ophtalmologique	ADJ	f	p	ophtalmologiques
ophtalmologique	ADJ	f	s	ophtalmologique
ophtalmologique	ADJ	m	p	ophtalmologiques
ophtalmoscope	NOM	m	p	ophtalmoscopes
opiacé	ADJ	f	s	opiacée
opiniâtreté	NOM	f	p	opiniâtretés
opiomane	ADJ	f	p	opiomanes
opiomane	ADJ	m	p	opiomanes
opiomane	ADJ	m	s	opiomane
opium	NOM	m	p	opiums
opothérapique	ADJ	f	s	opothérapique
opothérapique	ADJ	m	p	opothérapiques
opothérapique	ADJ	m	s	opothérapique
oppidum	NOM	m	p	oppida
oppidum	NOM	m	p	oppidums
opportunisme	NOM	m	p	opportunismes
opportuniste	ADJ	f	p	opportunistes
opportuniste	ADJ	f	s	opportuniste
opportuniste	ADJ	m	s	opportuniste
opposable	ADJ	f	p	opposables
opposable	ADJ	f	s	opposable
opposable	ADJ	m	p	opposables
opposant	ADJ	f	p	opposantes
opposant	ADJ	f	s	opposante
opposant	ADJ	m	p	opposants
oppositionnel	ADJ	f	p	oppositionnelles
oppositionnel	ADJ	m	p	oppositionnels
oppressif	ADJ	f	p	oppressives
oppressif	ADJ	m	p	oppressifs
oppressé	ADJ	m	p	oppressés
optant	NOM	m	p	optants
optatif	ADJ	f	p	optatives
optatif	ADJ	f	s	optative
optimisation	NOM	f	p	optimisations
optimisme	NOM	m	p	optimismes
optionnel	ADJ	f	p	optionnelles
optionnel	ADJ	m	p	optionnels
optométrie	NOM	f	p	optométries
opérable	ADJ	f	p	opérables
opérable	ADJ	m	p	opérables
opérable	ADJ	m	s	opérable
opérant	ADJ	f	p	opérantes
opérant	ADJ	f	s	opérante
opérant	ADJ	m	p	opérants
opératique	ADJ	f	p	opératiques
opératique	ADJ	m	p	opératiques
opératique	ADJ	m	s	opératique
orageux	ADJ	m	p	orageux
orageux	ADJ	m	s	orageux
oral	NOM	m	p	oraux
oralité	NOM	f	p	oralités
oranais	ADJ	f	p	oranaises
oranais	ADJ	m	p	oranaises
orant	ADJ	f	s	orante
orant	ADJ	m	s	orant
orbiculaire	ADJ	f	p	orbiculaires
orbiculaire	ADJ	f	s	orbiculaire
orbiculaire	ADJ	m	p	orbiculaires
orbitaire	ADJ	m	p	orbitaires
orbitaire	ADJ	m	s	orbitaire
orbitèle	ADJ	f	p	orbitèles
orbitèle	ADJ	f	s	orbitèle
orchestral	ADJ	f	p	orchestrales
ord	ADJ	f	p	ordes
ord	ADJ	f	s	orde
ord	ADJ	m	p	ords
ordalie	NOM	f	p	ordalies
ordinal	ADJ	f	p	ordinales
ordinal	ADJ	f	s	ordinale
ordinal	ADJ	m	p	ordinaux
ordinant	NOM	m	p	ordinants
ordination	NOM	f	p	ordinations
ordonnancement	NOM	m	p	ordonnancements
ordonnateur	ADJ	f	p	ordonnatrices
ordonnateur	ADJ	m	p	ordonnateurs
oreillon	NOM	m	s	oreillon
orfraie	NOM	f	p	orfraies
orfévré	ADJ	f	p	orfévrées
orfévré	ADJ	m	p	orfévrés
orfévré	ADJ	m	s	orfévré
organigramme	NOM	m	p	organigrammes
organisateur	ADJ	f	p	organisatrices
organisationnel	ADJ	f	p	organisationnelles
organisationnel	ADJ	m	p	organisationnels
organisationnel	ADJ	m	s	organisationnel
organiseur	NOM	m	p	organiseurs
organométallique	ADJ	f	p	organométalliques
organométallique	ADJ	f	s	organométallique
organométallique	ADJ	m	p	organométalliques
orgastique	ADJ	f	p	orgastiques
orgastique	ADJ	f	s	orgastique
orgastique	ADJ	m	p	orgastiques
orgeat	NOM	m	p	orgeats
orgiaque	ADJ	f	p	orgiaques
orgiaque	ADJ	f	s	orgiaque
orgiaque	ADJ	m	p	orgiaques
orgiastique	ADJ	f	p	orgiastiques
orgiastique	ADJ	f	s	orgiastique
orgiastique	ADJ	m	p	orgiastiques
orgueilleux	ADJ	m	p	orgueilleux
orgueilleux	ADJ	m	s	orgueilleux
orientalisme	NOM	m	p	orientalismes
orientaliste	ADJ	f	p	orientalistes
orientaliste	ADJ	m	p	orientalistes
orientaliste	ADJ	m	s	orientaliste
orientateur	NOM	m	s	orientateur
orienteur	ADJ	f	p	orienteuses
orienteur	ADJ	f	s	orienteuse
orienteur	ADJ	m	p	orienteurs
origami	NOM	m	p	origamis
origan	NOM	m	p	origans
orin	NOM	m	p	orins
oripeau	NOM	m	s	oripeau
orlon	NOM	m	p	orlons
orléanais	ADJ	m	p	orléanaises
orléanais	ADJ	m	s	orléanais
orléanisme	NOM	m	p	orléanismes
orléaniste	ADJ	m	p	orléanistes
orléaniste	ADJ	m	s	orléaniste
ornemental	ADJ	m	p	ornementaux
ornithologie	NOM	f	p	ornithologies
ornithoptère	NOM	m	p	ornithoptères
orographie	NOM	f	p	orographies
orphie	NOM	f	p	orphies
orphique	ADJ	f	p	orphiques
orphique	ADJ	f	s	orphique
orphisme	NOM	m	p	orphismes
orphée	NOM	f	p	orphées
orpiment	NOM	m	p	orpiments
orpin	NOM	m	p	orpins
orthodontie	NOM	f	p	orthodonties
orthodontique	ADJ	f	p	orthodontiques
orthodontique	ADJ	f	s	orthodontique
orthodontique	ADJ	m	p	orthodontiques
orthodoxie	NOM	f	p	orthodoxies
orthogonal	ADJ	f	p	orthogonales
orthogonal	ADJ	f	s	orthogonale
orthographe	NOM	f	p	orthographes
orthographique	ADJ	f	s	orthographique
orthographique	ADJ	m	p	orthographiques
orthographique	ADJ	m	s	orthographique
orthophonie	NOM	f	p	orthophonies
orthopédie	NOM	f	p	orthopédies
orthostatique	ADJ	f	p	orthostatiques
orthostatique	ADJ	m	p	orthostatiques
orthostatique	ADJ	m	s	orthostatique
ortédrine	NOM	f	p	ortédrines
orvet	NOM	m	p	orvets
oryctérope	NOM	m	p	oryctéropes
oréade	NOM	f	p	oréades
orée	NOM	f	p	orées
oscillant	ADJ	f	p	oscillantes
oscillateur	NOM	m	p	oscillateurs
oscillatoire	ADJ	f	p	oscillatoires
oscillatoire	ADJ	f	s	oscillatoire
oscillomètre	NOM	m	p	oscillomètres
oscilloscope	NOM	m	p	oscilloscopes
osmium	NOM	m	p	osmiums
osmonde	NOM	f	p	osmondes
osseux	ADJ	m	p	osseux
osseux	ADJ	m	s	osseux
ossification	NOM	f	p	ossifications
ossu	ADJ	f	p	ossues
ossu	ADJ	m	p	ossus
ossu	ADJ	m	s	ossu
ost	NOM	m	p	osts
ostentation	NOM	f	p	ostentations
ostracisme	NOM	m	p	ostracismes
ostrogoth	ADJ	f	p	ostrogothes
ostrogoth	ADJ	f	s	ostrogothe
ostrogoth	ADJ	m	s	ostrogoth
ostréiculture	NOM	f	p	ostréicultures
ostéoarthrite	NOM	f	p	ostéoarthrites
ostéogenèse	NOM	f	p	ostéogenèses
ostéogénique	ADJ	f	s	ostéogénique
ostéogénique	ADJ	m	p	ostéogéniques
ostéogénique	ADJ	m	s	ostéogénique
ostéologique	ADJ	f	p	ostéologiques
ostéologique	ADJ	m	p	ostéologiques
ostéologique	ADJ	m	s	ostéologique
ostéomyélite	NOM	f	p	ostéomyélites
ostéopathie	NOM	f	p	ostéopathies
ostéoporose	NOM	f	p	ostéoporoses
ostéosarcome	NOM	m	p	ostéosarcomes
ostéotomie	NOM	f	p	ostéotomies
otalgie	NOM	f	p	otalgies
otoscope	NOM	m	p	otoscopes
ottoman	NOM	m	p	ottomans
ottomane	NOM	f	p	ottomanes
ouaouaron	NOM	m	p	ouaouarons
ouateux	ADJ	f	p	ouateuses
ouateux	ADJ	m	p	ouateux
oubliable	ADJ	f	p	oubliables
oubliable	ADJ	m	p	oubliables
oubliable	ADJ	m	s	oubliable
oublie	NOM	f	p	oublies
oublieux	ADJ	m	p	oublieux
oublieux	ADJ	m	s	oublieux
ouche	NOM	f	p	ouches
ougandais	ADJ	f	p	ougandaises
ougandais	ADJ	m	p	ougandais
ougandais	ADJ	m	s	ougandais
oukase	NOM	m	s	oukase
ounce	NOM	f	p	ounces
ouralien	ADJ	f	p	ouraliennes
ouralien	ADJ	m	p	ouraliens
ouralien	ADJ	m	s	ouralien
ouranien	ADJ	f	s	ouranienne
ouranien	ADJ	m	p	ouraniens
ouranien	ADJ	m	s	ouranien
ourdissage	NOM	m	p	ourdissages
ourdissoir	NOM	m	p	ourdissoirs
ourdou	NOM	m	p	ourdous
ours	NOM	m	p	ours
oursin	ADJ	f	p	oursines
oursin	ADJ	f	s	oursine
oursin	ADJ	m	s	oursin
outilleur	NOM	m	p	outilleurs
outrageux	ADJ	m	p	outrageux
outrancier	ADJ	m	p	outranciers
outrecuidance	NOM	f	p	outrecuidances
outremer	NOM	m	p	outremers
outrigger	NOM	m	p	outriggers
ouvrable	ADJ	f	p	ouvrables
ouvrable	ADJ	f	s	ouvrable
ouvrable	ADJ	m	p	ouvrables
ouvrant	ADJ	f	p	ouvrantes
ouvrant	ADJ	f	s	ouvrante
ouvrant	NOM	m	p	ouvrants
ouvriérisme	NOM	m	p	ouvriérismes
ouvriériste	ADJ	f	p	ouvriéristes
ouvriériste	ADJ	f	s	ouvriériste
ouvriériste	ADJ	m	p	ouvriéristes
ouvré	ADJ	f	s	ouvrée
ovalaire	ADJ	f	p	ovalaires
ovalaire	ADJ	m	p	ovalaires
ovalaire	ADJ	m	s	ovalaire
ovariectomie	NOM	f	p	ovariectomies
ovarien	ADJ	f	p	ovariennes
ovarien	ADJ	m	p	ovariens
ovariotomie	NOM	f	p	ovariotomies
ove	NOM	m	p	oves
overdrive	NOM	m	p	overdrives
ovin	ADJ	f	p	ovines
ovin	ADJ	f	s	ovine
ovin	ADJ	m	p	ovins
ovin	NOM	m	s	ovin
ovoïdal	ADJ	f	p	ovoïdales
ovoïdal	ADJ	m	p	ovoïdaux
ovulaire	ADJ	f	p	ovulaires
ovulaire	ADJ	m	p	ovulaires
ovulaire	ADJ	m	s	ovulaire
ovulation	NOM	f	p	ovulations
ové	ADJ	f	p	ovées
ové	ADJ	m	p	ovés
ové	ADJ	m	s	ové
oxalate	NOM	m	p	oxalates
oxford	NOM	m	s	oxford
oxfordien	ADJ	f	s	oxfordienne
oxfordien	ADJ	m	p	oxfordiens
oxychlorure	NOM	m	p	oxychlorures
oxydation	NOM	f	p	oxydations
oxygène	NOM	m	p	oxygènes
oxygénation	NOM	f	p	oxygénations
oxymoron	NOM	m	p	oxymorons
oxymétrie	NOM	f	p	oxymétries
ozone	NOM	m	p	ozones
pachinko	NOM	m	p	pachinkos
pacifiant	ADJ	m	p	pacifiants
pacifiant	ADJ	m	s	pacifiant
pacificateur	ADJ	f	p	pacificatrices
pacification	NOM	f	p	pacifications
pacifisme	NOM	m	p	pacifismes
package	NOM	m	p	packages
packaging	NOM	m	p	packagings
paddy	NOM	m	p	paddies
paddy	NOM	m	p	paddys
padouan	ADJ	f	s	padouane
padouan	ADJ	m	p	padouans
padouan	ADJ	m	s	padouan
paganisme	NOM	m	p	paganismes
pagaye	NOM	f	p	pagayes
pagaïe	NOM	f	p	pagaïes
pagel	NOM	m	s	pagel
pagination	NOM	f	p	paginations
pagnon	NOM	m	p	pagnons
pagodon	NOM	m	p	pagodons
paierie	NOM	f	p	paieries
paillard	NOM	m	p	paillards
paillardise	NOM	f	p	paillardises
paillasse	NOM	f	s	paillasse
pailler	NOM	m	p	paillers
paillot	NOM	m	p	paillots
paillé	ADJ	m	p	paillés
pairesse	NOM	f	s	pairesse
pairie	NOM	f	p	pairies
pakistanais	ADJ	m	p	pakistanais
pakistanais	ADJ	m	s	pakistanais
palangrotte	NOM	f	p	palangrottes
palastre	NOM	m	p	palastres
palatal	ADJ	f	s	palatale
palatal	ADJ	m	p	palataux
palatal	ADJ	m	s	palatal
palatin	ADJ	f	p	palatines
palatin	ADJ	m	p	palatins
palatin	NOM	m	p	palatins
palatine	NOM	f	s	palatine
paleron	NOM	m	p	palerons
palestinien	ADJ	f	p	palestiniennes
palier	ADJ	f	p	palières
palier	ADJ	m	p	paliers
palier	ADJ	m	s	palier
palilalie	NOM	f	p	palilalies
palimpseste	NOM	m	p	palimpsestes
palissandre	NOM	m	p	palissandres
palissonnage	NOM	m	p	palissonnages
palladien	ADJ	f	s	palladienne
palladien	ADJ	m	p	palladiens
palladien	ADJ	m	s	palladien
palladium	NOM	m	p	palladiums
palle	NOM	f	p	palles
palliatif	ADJ	f	p	palliatives
palliatif	ADJ	f	s	palliative
palmaire	ADJ	f	p	palmaires
palmaire	ADJ	f	s	palmaire
palmaire	ADJ	m	p	palmaires
palmipède	ADJ	f	p	palmipèdes
palmipède	ADJ	f	s	palmipède
palmipède	ADJ	m	s	palmipède
palmé	ADJ	m	s	palmé
palonnier	NOM	m	p	palonniers
palpe	NOM	m	p	palpes
palpitement	NOM	m	p	palpitements
paltoquet	NOM	m	p	paltoquets
paludier	NOM	m	s	paludier
paludisme	NOM	m	p	paludismes
paludière	NOM	f	p	paludières
paludéen	ADJ	m	s	paludéen
palynologie	NOM	f	p	palynologies
palé	ADJ	f	p	palées
palé	ADJ	f	s	palée
palé	ADJ	m	p	palés
paléographie	NOM	f	p	paléographies
paléolithique	ADJ	f	p	paléolithiques
paléolithique	ADJ	f	s	paléolithique
paléolithique	ADJ	m	s	paléolithique
paléolithique	NOM	m	p	paléolithiques
paléontologie	NOM	f	p	paléontologies
paléontologique	ADJ	f	p	paléontologiques
paléontologique	ADJ	f	s	paléontologique
paléontologique	ADJ	m	s	paléontologique
paléozoïque	NOM	m	p	paléozoïques
pampero	NOM	m	p	pamperos
panachage	NOM	m	p	panachages
panaché	ADJ	f	p	panachées
panaché	ADJ	f	s	panachée
panamien	ADJ	f	p	panamiennes
panamien	ADJ	m	s	panamien
panaméen	ADJ	f	p	panaméennes
panaméen	ADJ	f	s	panaméenne
panaméen	ADJ	m	p	panaméens
panaméen	NOM	m	p	panaméens
panaméricain	ADJ	f	p	panaméricaines
panaméricain	ADJ	m	p	panaméricains
panarabisme	NOM	m	p	panarabismes
panard	ADJ	f	p	panardes
panard	ADJ	f	s	panarde
panatella	NOM	m	p	panatellas
panathénaïque	ADJ	f	p	panathénaïques
panathénaïque	ADJ	f	s	panathénaïque
panathénaïque	ADJ	m	p	panathénaïques
pancetta	NOM	f	p	pancettas
panclastite	NOM	f	p	panclastites
pancréatectomie	NOM	f	p	pancréatectomies
pancréatique	ADJ	f	s	pancréatique
pancréatique	ADJ	m	p	pancréatiques
pancréatique	ADJ	m	s	pancréatique
pancréatite	NOM	f	p	pancréatites
pandit	NOM	m	p	pandits
pandémie	NOM	f	p	pandémies
panel	NOM	m	p	panels
panetier	NOM	m	p	panetiers
pangermanisme	NOM	m	p	pangermanismes
panic	NOM	m	p	panics
panicule	NOM	f	s	panicule
panification	NOM	f	p	panifications
paniquant	ADJ	f	p	paniquantes
paniquant	ADJ	f	s	paniquante
paniquant	ADJ	m	p	paniquants
paniquard	NOM	m	s	paniquard
paniqué	ADJ	f	p	paniquées
panneton	NOM	m	p	pannetons
panné	ADJ	f	p	pannées
panné	ADJ	f	s	pannée
panné	ADJ	m	p	pannés
panosse	NOM	f	p	panosses
pansage	NOM	m	p	pansages
panspermie	NOM	f	p	panspermies
pantagruélique	ADJ	f	p	pantagruéliques
pantagruélique	ADJ	f	s	pantagruélique
pantagruélique	ADJ	m	p	pantagruéliques
panthéisme	NOM	m	p	panthéismes
pantière	NOM	f	p	pantières
pantocrator	ADJ	m	p	pantocrators
pantocrator	NOM	m	p	pantocrators
pantois	ADJ	m	p	pantois
pantois	ADJ	m	s	pantois
pantomètre	NOM	m	s	pantomètre
pantouflard	ADJ	f	p	pantouflardes
pantouflard	ADJ	m	p	pantouflards
panty	NOM	m	p	panties
panty	NOM	m	p	pantys
panurgisme	NOM	m	p	panurgismes
papa	NOM	m	p	papas
papable	ADJ	f	p	papables
papable	ADJ	f	s	papable
papable	ADJ	m	p	papables
papal	ADJ	f	p	papales
paparazzo	NOM	m	p	paparazzi
paparazzo	NOM	m	p	paparazzos
papauté	NOM	f	p	papautés
papaver	NOM	m	p	papavers
papavérine	NOM	f	p	papavérines
papelard	ADJ	f	p	papelardes
paperassier	NOM	m	p	paperassiers
papesse	NOM	f	p	papesses
papetier	ADJ	f	p	papetières
papetier	ADJ	f	s	papetière
papilionacé	ADJ	m	p	papilionacés
papillaire	ADJ	f	p	papillaires
papillaire	ADJ	f	s	papillaire
papillaire	ADJ	m	p	papillaires
papillome	NOM	m	s	papillome
papillonnage	NOM	m	p	papillonnages
papillonnant	ADJ	f	p	papillonnantes
papillonnant	ADJ	m	p	papillonnants
papillonnement	NOM	m	p	papillonnements
papillotant	ADJ	f	s	papillotante
papisme	NOM	m	p	papismes
papiste	ADJ	f	s	papiste
papiste	ADJ	m	p	papistes
papiste	ADJ	m	s	papiste
paprika	NOM	m	p	paprikas
par	NOM	m	p	pars
paraboloïde	NOM	m	p	paraboloïdes
parachutisme	NOM	m	p	parachutismes
parachèvement	NOM	m	p	parachèvements
paraclet	NOM	m	p	paraclets
paracétamol	NOM	m	p	paracétamols
paradeur	NOM	m	s	paradeur
paradisier	NOM	m	s	paradisier
parador	NOM	m	p	paradors
paradoxie	NOM	f	p	paradoxies
paraffine	NOM	f	p	paraffines
paraffiné	ADJ	f	p	paraffinées
paragouvernemental	ADJ	m	s	paragouvernemental
parallélisme	NOM	m	p	parallélismes
parallélogramme	NOM	m	p	parallélogrammes
paralogisme	NOM	m	s	paralogisme
paralympique	ADJ	f	p	paralympiques
paralympique	ADJ	f	s	paralympique
paralympique	ADJ	m	s	paralympique
paralytique	ADJ	f	p	paralytiques
paralytique	ADJ	f	s	paralytique
paralytique	ADJ	m	s	paralytique
paramnésie	NOM	f	p	paramnésies
paramédical	ADJ	f	p	paramédicales
paramétrique	ADJ	f	p	paramétriques
paramétrique	ADJ	m	p	paramétriques
paramétrique	ADJ	m	s	paramétrique
parangonnage	NOM	m	s	parangonnage
parano	ADJ	f	s	parano
parano	ADJ	m	p	paranos
parano	ADJ	m	s	parano
paranormal	NOM	m	p	paranormals
paranoïa	NOM	f	p	paranoïas
paranéoplasique	ADJ	f	p	paranéoplasiques
paranéoplasique	ADJ	f	s	paranéoplasique
paranéoplasique	ADJ	m	p	paranéoplasiques
parapente	NOM	m	p	parapentes
parapharmacie	NOM	f	p	parapharmacies
parapheur	NOM	m	s	parapheur
paraplégique	ADJ	f	p	paraplégiques
paraplégique	ADJ	f	s	paraplégique
paraplégique	ADJ	m	s	paraplégique
parapsychologie	NOM	f	p	parapsychologies
parapsychologique	ADJ	f	p	parapsychologiques
parapsychologique	ADJ	f	s	parapsychologique
parapsychologique	ADJ	m	s	parapsychologique
parascolaire	ADJ	f	p	parascolaires
parascolaire	ADJ	f	s	parascolaire
parascolaire	ADJ	m	p	parascolaires
parascève	NOM	f	p	parascèves
parasiticide	ADJ	f	p	parasiticides
parasiticide	ADJ	f	s	parasiticide
parasiticide	ADJ	m	p	parasiticides
parasitisme	NOM	m	p	parasitismes
parasitologie	NOM	f	p	parasitologies
parasitose	NOM	f	p	parasitoses
parathyroïdien	ADJ	f	p	parathyroïdiennes
parathyroïdien	ADJ	m	p	parathyroïdiens
parathyroïdien	ADJ	m	s	parathyroïdien
parcage	NOM	m	p	parcages
parchemineux	ADJ	f	p	parchemineuses
parchemineux	ADJ	m	p	parchemineux
parchemineux	ADJ	m	s	parchemineux
parcimonie	NOM	f	p	parcimonies
parcimonieux	ADJ	m	p	parcimonieux
parcimonieux	ADJ	m	s	parcimonieux
parcomètre	NOM	m	p	parcomètres
pardonnable	ADJ	f	p	pardonnables
pardonnable	ADJ	f	s	pardonnable
pardonnable	ADJ	m	p	pardonnables
parenchyme	NOM	m	p	parenchymes
parentage	NOM	m	p	parentages
paresseux	ADJ	m	p	paresseux
paresseux	ADJ	m	s	paresseux
paresthésie	NOM	f	p	paresthésies
pareur	NOM	m	p	pareurs
pariade	NOM	f	p	pariades
parité	NOM	f	p	parités
pariétal	ADJ	f	p	pariétales
parka	NOM	m	p	parkas
parkinsonien	ADJ	f	p	parkinsoniennes
parlant	NOM	m	p	parlants
parlementarisme	NOM	m	p	parlementarismes
parlerie	NOM	f	p	parleries
parmentier	NOM	m	p	parmentiers
parmenture	NOM	f	s	parmenture
parmesan	ADJ	f	p	parmesanes
parmesan	ADJ	m	p	parmesans
parmélie	NOM	f	s	parmélie
parménidien	ADJ	f	p	parménidiennes
parménidien	ADJ	f	s	parménidienne
parménidien	ADJ	m	p	parménidiens
parnassien	ADJ	f	p	parnassiennes
parnassien	ADJ	m	p	parnassiens
parnassien	ADJ	m	s	parnassien
parodique	ADJ	f	p	parodiques
parodique	ADJ	f	s	parodique
parodique	ADJ	m	s	parodique
parodontal	ADJ	f	p	parodontales
parodontal	ADJ	m	p	parodontaux
paroli	NOM	m	p	parolis
parolier	NOM	m	p	paroliers
paronomasie	NOM	f	p	paronomasies
parotidien	ADJ	f	p	parotidiennes
parotidien	ADJ	m	p	parotidiens
parotidien	ADJ	m	s	parotidien
parousie	NOM	f	p	parousies
paroxysmique	ADJ	f	p	paroxysmiques
paroxysmique	ADJ	m	p	paroxysmiques
paroxysmique	ADJ	m	s	paroxysmique
paroxystique	ADJ	f	p	paroxystiques
paroxystique	ADJ	f	s	paroxystique
paroxystique	ADJ	m	s	paroxystique
parpaillot	NOM	m	p	parpaillots
parque	NOM	f	p	parques
parquetage	NOM	m	p	parquetages
parqueteur	NOM	m	p	parqueteurs
parqué	ADJ	f	p	parquées
parqué	ADJ	m	s	parqué
parrainage	NOM	m	p	parrainages
parricide	ADJ	f	p	parricides
parricide	ADJ	f	s	parricide
parsemé	ADJ	m	p	parsemés
parsi	ADJ	f	p	parsies
parsi	ADJ	f	s	parsie
parsi	ADJ	m	p	parsis
part	NOM	f	s	part
partageur	ADJ	f	p	partageuses
partageur	ADJ	f	s	partageuse
partageux	ADJ	f	p	partageuses
partageux	ADJ	m	p	partageux
partageux	ADJ	m	s	partageux
partance	NOM	f	p	partances
partenariat	NOM	m	p	partenariats
parthénogenèse	NOM	f	p	parthénogenèses
parthénogénèse	NOM	f	p	parthénogénèses
parthénogénétique	ADJ	f	p	parthénogénétiques
parthénogénétique	ADJ	f	s	parthénogénétique
parthénogénétique	ADJ	m	p	parthénogénétiques
parti	ADJ	f	p	parties
parti	ADJ	f	s	partie
partialité	NOM	f	p	partialités
participatif	ADJ	f	p	participatives
participatif	ADJ	m	p	participatifs
participatif	ADJ	m	s	participatif
partitif	ADJ	f	p	partitives
partitif	ADJ	f	s	partitive
partitif	ADJ	m	p	partitifs
partner	NOM	m	p	partners
partouse	NOM	f	p	partouses
partouzard	ADJ	m	s	partouzard
partouzard	NOM	m	s	partouzard
party	NOM	f	p	parties
parution	NOM	f	p	parutions
parâtre	NOM	m	p	parâtres
parésie	NOM	f	p	parésies
pascal	ADJ	m	p	pascals
pascal	ADJ	m	p	pascaux
pascal	NOM	m	p	attopascal
pascal	NOM	m	p	attopascals
pascal	NOM	m	p	centipascal
pascal	NOM	m	p	centipascals
pascal	NOM	m	p	décapascal
pascal	NOM	m	p	décapascals
pascal	NOM	m	p	décipascal
pascal	NOM	m	p	décipascals
pascal	NOM	m	p	exapascal
pascal	NOM	m	p	exapascals
pascal	NOM	m	p	femtopascal
pascal	NOM	m	p	femtopascals
pascal	NOM	m	p	gigapascal
pascal	NOM	m	p	gigapascals
pascal	NOM	m	p	hectopascal
pascal	NOM	m	p	hectopascals
pascal	NOM	m	p	kilopascal
pascal	NOM	m	p	kilopascals
pascal	NOM	m	p	micropascal
pascal	NOM	m	p	micropascals
pascal	NOM	m	p	millipascal
pascal	NOM	m	p	millipascals
pascal	NOM	m	p	mégapascal
pascal	NOM	m	p	mégapascals
pascal	NOM	m	p	nanopascal
pascal	NOM	m	p	nanopascals
pascal	NOM	m	p	pascals
pascal	NOM	m	p	pascaux
pascal	NOM	m	p	petapascal
pascal	NOM	m	p	petapascals
pascal	NOM	m	p	picopascal
pascal	NOM	m	p	picopascals
pascal	NOM	m	p	pétapascal
pascal	NOM	m	p	pétapascals
pascal	NOM	m	p	térapascal
pascal	NOM	m	p	térapascals
pascal	NOM	m	p	yoctopascal
pascal	NOM	m	p	yoctopascals
pascal	NOM	m	p	yottapascal
pascal	NOM	m	p	yottapascals
pascal	NOM	m	p	zeptopascal
pascal	NOM	m	p	zeptopascals
pascal	NOM	m	p	zettapascal
pascal	NOM	m	p	zettapascals
pascalien	ADJ	f	s	pascalienne
paseo	NOM	m	p	paseos
pasquin	NOM	m	s	pasquin
passable	ADJ	f	s	passable
passable	ADJ	m	p	passables
passable	ADJ	m	s	passable
passation	NOM	f	p	passations
passavant	NOM	m	p	passavants
passement	NOM	m	p	passements
passementier	NOM	m	p	passementiers
passepoil	NOM	m	p	passepoils
passerose	NOM	f	s	passerose
passible	ADJ	f	p	passibles
passible	ADJ	f	s	passible
passiflore	NOM	f	p	passiflores
passivité	NOM	f	p	passivités
passéiste	ADJ	f	p	passéistes
passéiste	ADJ	m	p	passéistes
passéiste	ADJ	m	s	passéiste
pastenague	NOM	f	p	pastenagues
pasteurella	NOM	f	p	pasteurellas
pasteurisation	NOM	f	p	pasteurisations
pasteurisé	ADJ	f	p	pasteurisées
pasticheur	NOM	m	p	pasticheurs
pastophore	NOM	m	p	pastophores
pastour	NOM	m	p	pastours
pat	ADJ	f	p	pat
pat	ADJ	f	s	pat
pat	ADJ	m	p	pat
pat	NOM	m	p	pats
patache	NOM	f	p	pataches
patachon	NOM	m	p	patachons
patagon	ADJ	f	p	patagonnes
patagon	ADJ	f	s	patagonne
patagon	ADJ	m	p	patagons
patagon	NOM	m	s	patagon
patarin	NOM	m	p	patarins
pataud	NOM	m	p	patauds
pataugeoire	NOM	f	p	pataugeoires
patchouli	NOM	m	p	patchoulis
patchwork	NOM	m	p	patchworks
patelin	ADJ	f	p	patelines
patellaire	ADJ	f	p	patellaires
patellaire	ADJ	f	s	patellaire
patellaire	ADJ	m	p	patellaires
patelle	NOM	f	s	patelle
patenôtre	NOM	f	s	patenôtre
paternalisme	NOM	m	p	paternalismes
paterne	ADJ	f	p	paternes
paterne	ADJ	f	s	paterne
paterne	ADJ	m	p	paternes
pathogénique	ADJ	f	p	pathogéniques
pathogénique	ADJ	f	s	pathogénique
pathogénique	ADJ	m	p	pathogéniques
pathologie	NOM	f	p	pathologies
pathologique	ADJ	f	p	pathologiques
pathologique	ADJ	f	s	pathologique
pathologique	ADJ	m	s	pathologique
pathétisme	NOM	m	p	pathétismes
patinage	NOM	m	p	patinages
patoisant	ADJ	f	p	patoisantes
patoisant	ADJ	m	p	patoisants
patoisant	ADJ	m	s	patoisant
patouillard	NOM	m	p	patouillards
patriarchie	NOM	f	p	patriarchies
patriciat	NOM	m	p	patriciats
patrilinéaire	ADJ	f	p	patrilinéaires
patrilinéaire	ADJ	m	p	patrilinéaires
patrilinéaire	ADJ	m	s	patrilinéaire
patrimonial	ADJ	f	p	patrimoniales
patrimonial	ADJ	f	s	patrimoniale
patrimonial	ADJ	m	p	patrimoniaux
patriotard	ADJ	f	s	patriotarde
patriotard	ADJ	m	p	patriotards
patriotard	NOM	m	s	patriotard
patriotisme	NOM	m	p	patriotismes
patronat	NOM	m	p	patronats
patronymique	ADJ	f	p	patronymiques
patronymique	ADJ	f	s	patronymique
pattern	NOM	m	p	patterns
pattu	ADJ	f	p	pattues
pattu	ADJ	f	s	pattue
patté	ADJ	f	p	pattées
patté	ADJ	m	p	pattés
patté	ADJ	m	s	patté
pauchouse	NOM	f	p	pauchouses
pauline	NOM	f	p	paulines
paulinien	ADJ	f	p	pauliniennes
paulinien	ADJ	m	p	pauliniens
paulinien	ADJ	m	s	paulinien
paulownia	NOM	m	s	paulownia
paupérisation	NOM	f	p	paupérisations
paupérisme	NOM	m	p	paupérismes
pavage	NOM	m	p	pavages
pavillonnaire	ADJ	f	p	pavillonnaires
pavillonnaire	ADJ	f	s	pavillonnaire
pavillonnaire	ADJ	m	s	pavillonnaire
pavlovien	ADJ	f	p	pavloviennes
pavlovien	ADJ	m	p	pavloviens
pavoisement	NOM	m	p	pavoisements
payable	ADJ	f	p	payables
payable	ADJ	f	s	payable
payable	ADJ	m	s	payable
paye	NOM	f	s	paye
payeur	ADJ	f	p	payeuses
payeur	ADJ	f	s	payeuse
paysager	ADJ	f	p	paysagères
paysager	ADJ	f	s	paysagère
paysager	ADJ	m	p	paysagers
paysagé	ADJ	f	p	paysagées
paysagé	ADJ	f	s	paysagée
paysannerie	NOM	f	p	paysanneries
peaufinage	NOM	m	p	peaufinages
peaussier	NOM	m	p	peaussiers
pec	ADJ	f	p	pecs
pec	ADJ	f	s	pec
pec	ADJ	m	p	pecs
peccable	ADJ	f	p	peccables
peccable	ADJ	f	s	peccable
peccable	ADJ	m	p	peccables
peccata	NOM	m	p	peccatas
peccavi	NOM	m	p	peccavis
pecnot	NOM	m	s	pecnot
peeling	NOM	m	p	peelings
peigné	ADJ	f	p	peignées
peigné	ADJ	f	s	peignée
pellagre	NOM	f	p	pellagres
pelletage	NOM	m	p	pelletages
pelleterie	NOM	f	p	pelleteries
pelleteur	NOM	m	p	pelleteurs
pelletier	NOM	m	s	pelletier
pelliculage	NOM	m	s	pelliculage
pelliculaire	ADJ	f	p	pelliculaires
pelliculaire	ADJ	m	p	pelliculaires
pelliculaire	ADJ	m	s	pelliculaire
peloteur	ADJ	f	p	peloteuses
peloteur	ADJ	m	s	peloteur
pelucheux	ADJ	m	p	pelucheux
pelucheux	ADJ	m	s	pelucheux
peluché	ADJ	f	p	peluchées
peluché	ADJ	m	p	peluchés
peluché	ADJ	m	s	peluché
pelvien	ADJ	f	p	pelviennes
pelvien	ADJ	m	p	pelviens
pemmican	NOM	m	p	pemmicans
penalty	NOM	m	p	penalties
penalty	NOM	m	p	penaltys
penchant	ADJ	f	p	penchantes
penchement	NOM	m	p	penchements
pendable	ADJ	f	p	pendables
pendable	ADJ	f	s	pendable
pendable	ADJ	m	s	pendable
pendeur	NOM	m	p	pendeurs
pendjabi	NOM	m	p	pendjabis
pendule	NOM	f	s	pendule
pennage	NOM	m	p	pennages
penné	ADJ	f	s	pennée
penné	ADJ	m	p	pennés
penné	ADJ	m	s	penné
penon	NOM	m	p	penons
pensable	ADJ	f	p	pensables
pensable	ADJ	m	p	pensables
pensable	ADJ	m	s	pensable
pensif	ADJ	f	p	pensives
pensionné	ADJ	f	p	pensionnées
pensionné	ADJ	f	s	pensionnée
pentagonal	ADJ	f	p	pentagonales
pentagonal	ADJ	f	s	pentagonale
pentagonal	ADJ	m	p	pentagonaux
pentasyllabe	NOM	m	p	pentasyllabes
pentateuque	NOM	m	p	pentateuques
pentathlon	NOM	m	p	pentathlons
pentecôte	NOM	f	p	pentecôtes
penthiobarbital	NOM	m	p	penthiobarbitals
penthotal	NOM	m	p	penthotals
pentélique	ADJ	f	p	pentéliques
pentélique	ADJ	f	s	pentélique
pentélique	ADJ	m	p	pentéliques
peppermint	NOM	m	p	peppermints
pepsine	NOM	f	p	pepsines
peptide	NOM	m	p	peptides
perce	NOM	f	p	perces
percement	NOM	m	p	percements
percepteur	ADJ	f	p	perceptrices
percepteur	ADJ	f	s	perceptrice
percepteur	ADJ	m	s	percepteur
perceptif	ADJ	m	p	perceptifs
perceptuel	ADJ	f	p	perceptuelles
perceptuel	ADJ	f	s	perceptuelle
perceptuel	ADJ	m	s	perceptuel
percheron	ADJ	f	p	percheronnes
perchette	NOM	f	s	perchette
percheur	ADJ	f	p	percheuses
percheur	ADJ	f	s	percheuse
percheur	ADJ	m	s	percheur
perchlorate	NOM	m	p	perchlorates
perchlorique	ADJ	f	p	perchloriques
perchlorique	ADJ	f	s	perchlorique
perchlorique	ADJ	m	p	perchloriques
perclus	ADJ	m	p	perclus
perclus	ADJ	m	s	perclus
percolation	NOM	f	p	percolations
perdant	ADJ	f	p	perdantes
perdition	NOM	f	p	perditions
perdurable	ADJ	f	p	perdurables
perdurable	ADJ	f	s	perdurable
perdurable	ADJ	m	p	perdurables
perestroïka	NOM	f	p	perestroïkas
perfectibilité	NOM	f	p	perfectibilités
perfectible	ADJ	f	p	perfectibles
perfectible	ADJ	m	p	perfectibles
perfectible	ADJ	m	s	perfectible
perfectionnisme	NOM	m	p	perfectionnismes
perfectionniste	ADJ	f	p	perfectionnistes
perfectionniste	ADJ	f	s	perfectionniste
perfectionniste	ADJ	m	s	perfectionniste
perforage	NOM	m	p	perforages
perforateur	NOM	m	p	perforateurs
perforeuse	NOM	f	p	perforeuses
pergola	NOM	f	p	pergolas
pergélisol	NOM	m	p	pergélisols
perlier	ADJ	m	p	perliers
perlier	ADJ	m	s	perlier
perlimpinpin	NOM	m	p	perlimpinpins
permafrost	NOM	m	p	permafrosts
permalloy	NOM	m	p	permalloys
permanganate	NOM	m	p	permanganates
permissif	ADJ	f	p	permissives
permissif	ADJ	m	s	permissif
permissivité	NOM	f	p	permissivités
permutant	ADJ	f	p	permutantes
permutant	ADJ	f	s	permutante
permutant	ADJ	m	p	permutants
perméabilité	NOM	f	p	perméabilités
pernicieux	ADJ	m	p	pernicieux
pernicieux	ADJ	m	s	pernicieux
peroxydase	NOM	f	p	peroxydases
peroxyde	NOM	m	p	peroxydes
perpignan	NOM	m	p	perpignans
perpétration	NOM	f	p	perpétrations
perpétré	ADJ	f	p	perpétrées
perpétré	ADJ	f	s	perpétrée
perpétré	ADJ	m	s	perpétré
perpétuation	NOM	f	p	perpétuations
perpétué	ADJ	f	p	perpétuées
perpétué	ADJ	m	p	perpétués
perrière	NOM	f	s	perrière
persifleur	ADJ	f	p	persifleuses
persifleur	NOM	m	s	persifleur
persil	NOM	m	p	persils
persillé	ADJ	m	p	persillés
persique	ADJ	f	p	persiques
persique	ADJ	f	s	persique
persique	ADJ	m	p	persiques
persistance	NOM	f	p	persistances
personnalisation	NOM	f	p	personnalisations
personnalisme	NOM	m	p	personnalismes
personnalisé	ADJ	m	p	personnalisés
personnifié	ADJ	f	p	personnifiées
personnifié	ADJ	m	p	personnifiés
perspectif	ADJ	m	p	perspectifs
perspectif	ADJ	m	s	perspectif
perspicace	ADJ	f	p	perspicaces
perspicace	ADJ	f	s	perspicace
perspicace	ADJ	m	s	perspicace
perspicacité	NOM	f	p	perspicacités
perspiration	NOM	f	p	perspirations
persuasion	NOM	f	p	persuasions
persécuteur	ADJ	f	p	persécutrices
persécuteur	ADJ	f	s	persécutrice
persécuteur	ADJ	m	s	persécuteur
persévérance	NOM	f	p	persévérances
pertinence	NOM	f	p	pertinences
perturbant	ADJ	f	p	perturbantes
perturbateur	ADJ	f	p	perturbatrices
pervers	ADJ	m	p	pervers
pervers	ADJ	m	s	pervers
perversité	NOM	f	p	perversités
perçage	NOM	m	p	perçages
pesage	NOM	m	p	pesages
peseur	NOM	m	s	peseur
peson	NOM	m	p	pesons
pessaire	NOM	m	p	pessaires
pesse	NOM	f	p	pesses
pessimisme	NOM	m	p	pessimismes
pesteux	ADJ	f	p	pesteuses
pesteux	ADJ	m	p	pesteux
pesteux	ADJ	m	s	pesteux
pesticide	ADJ	f	p	pesticides
pesticide	ADJ	f	s	pesticide
pestiféré	ADJ	f	p	pestiférées
pestiféré	ADJ	m	p	pestiférés
petiot	ADJ	f	p	petiotes
peul	ADJ	f	p	peules
peul	ADJ	f	s	peule
peul	ADJ	m	p	peuls
peul	NOM	m	p	peuls
peupleraie	NOM	f	p	peupleraies
peureux	ADJ	m	p	peureux
peureux	ADJ	m	s	peureux
peyotl	NOM	m	p	peyotls
phalangette	NOM	f	s	phalangette
phalangine	NOM	f	p	phalangines
phalangiste	ADJ	f	p	phalangistes
phalangiste	ADJ	f	s	phalangiste
phalangiste	ADJ	m	p	phalangistes
phalanstère	NOM	m	p	phalanstères
phalarope	NOM	m	p	phalaropes
phallo	NOM	m	p	phallos
phallocrate	ADJ	f	p	phallocrates
phallocrate	ADJ	m	p	phallocrates
phallocrate	ADJ	m	s	phallocrate
phallocrate	NOM	m	p	phallocrates
phallocratie	NOM	f	p	phallocraties
phallocratique	ADJ	f	p	phallocratiques
phallocratique	ADJ	f	s	phallocratique
phallocratique	ADJ	m	p	phallocratiques
phallophore	NOM	m	p	phallophores
phalère	NOM	f	p	phalères
phanère	NOM	m	s	phanère
phanérogame	NOM	f	s	phanérogame
pharamineux	ADJ	f	s	pharamineuse
pharamineux	ADJ	m	p	pharamineux
pharaonique	ADJ	f	s	pharaonique
pharaonique	ADJ	m	p	pharaoniques
pharisaïque	ADJ	f	s	pharisaïque
pharisaïque	ADJ	m	p	pharisaïques
pharisaïque	ADJ	m	s	pharisaïque
pharisien	ADJ	f	p	pharisiennes
pharisien	ADJ	f	s	pharisienne
pharmacognosie	NOM	f	p	pharmacognosies
pharmacologie	NOM	f	p	pharmacologies
pharmacologique	ADJ	f	p	pharmacologiques
pharmacologique	ADJ	f	s	pharmacologique
pharmacologique	ADJ	m	p	pharmacologiques
pharmacomanie	NOM	f	p	pharmacomanies
pharmacopée	NOM	f	p	pharmacopées
pharmacothérapie	NOM	f	p	pharmacothérapies
pharyngite	NOM	f	p	pharyngites
phascolome	NOM	m	p	phascolomes
phasme	NOM	m	s	phasme
phaéton	NOM	m	p	phaétons
philanthropie	NOM	f	p	philanthropies
philanthropique	ADJ	f	s	philanthropique
philanthropique	ADJ	m	p	philanthropiques
philanthropique	ADJ	m	s	philanthropique
philatélie	NOM	f	p	philatélies
philharmonie	NOM	f	p	philharmonies
philharmonique	ADJ	f	p	philharmoniques
philharmonique	ADJ	f	s	philharmonique
philharmonique	ADJ	m	p	philharmoniques
philologie	NOM	f	p	philologies
philologique	ADJ	m	p	philologiques
philologique	ADJ	m	s	philologique
philosophaillerie	NOM	f	p	philosophailleries
philosophal	ADJ	m	p	philosophals
philosophal	ADJ	m	p	philosophaux
philosophard	ADJ	f	p	philosophardes
philosophard	ADJ	f	s	philosopharde
philosophard	ADJ	m	p	philosophards
philosophe	ADJ	f	p	philosophes
philosophe	ADJ	f	s	philosophe
philosophe	ADJ	m	s	philosophe
philosémite	NOM	m	s	philosémite
philotechnique	ADJ	f	p	philotechniques
philotechnique	ADJ	m	p	philotechniques
philotechnique	ADJ	m	s	philotechnique
phlébographie	NOM	f	p	phlébographies
phlébotomie	NOM	f	p	phlébotomies
phobique	ADJ	f	p	phobiques
phobique	ADJ	m	p	phobiques
phobique	ADJ	m	s	phobique
phocéen	ADJ	f	p	phocéennes
phocéen	ADJ	m	p	phocéens
phocéen	ADJ	m	s	phocéen
phonographique	ADJ	f	s	phonographique
phonographique	ADJ	m	p	phonographiques
phonographique	ADJ	m	s	phonographique
phonologie	NOM	f	p	phonologies
phonème	NOM	m	s	phonème
phonéticien	NOM	m	p	phonéticiens
phonétique	ADJ	f	p	phonétiques
phonétique	ADJ	f	s	phonétique
phonétique	ADJ	m	s	phonétique
phonétique	NOM	f	p	phonétiques
phosgène	NOM	m	p	phosgènes
phosphatase	NOM	f	p	phosphatases
phosphatine	NOM	f	p	phosphatines
phospholipide	NOM	m	p	phospholipides
phosphore	NOM	m	p	phosphores
phosphorylation	NOM	f	p	phosphorylations
phosphoré	ADJ	f	p	phosphorées
phosphoré	ADJ	f	s	phosphorée
phosphoré	ADJ	m	p	phosphorés
phot	NOM	m	p	phots
photique	ADJ	f	p	photiques
photique	ADJ	m	p	photiques
photique	ADJ	m	s	photique
photochimique	ADJ	f	p	photochimiques
photochimique	ADJ	f	s	photochimique
photochimique	ADJ	m	p	photochimiques
photocomposition	NOM	f	p	photocompositions
photoconducteur	ADJ	f	p	photoconductrices
photoconducteur	ADJ	f	s	photoconductrice
photoconducteur	ADJ	m	p	photoconducteurs
photogramme	NOM	m	p	photogrammes
photograveur	NOM	m	p	photograveurs
photogravure	NOM	f	p	photogravures
photogénie	NOM	f	p	photogénies
photojournalisme	NOM	m	p	photojournalismes
photomicrographie	NOM	f	p	photomicrographies
photonique	ADJ	f	p	photoniques
photonique	ADJ	m	p	photoniques
photonique	ADJ	m	s	photonique
photophobie	NOM	f	p	photophobies
photopile	NOM	f	p	photopiles
photopériodique	ADJ	f	p	photopériodiques
photopériodique	ADJ	m	p	photopériodiques
photopériodique	ADJ	m	s	photopériodique
photosensibilité	NOM	f	p	photosensibilités
photosensible	ADJ	f	p	photosensibles
photosensible	ADJ	f	s	photosensible
photosensible	ADJ	m	p	photosensibles
photostat	NOM	m	p	photostats
photosynthèse	NOM	f	p	photosynthèses
phototaxie	NOM	f	p	phototaxies
phototype	NOM	m	p	phototypes
photovoltaïque	ADJ	f	p	photovoltaïques
photovoltaïque	ADJ	f	s	photovoltaïque
photovoltaïque	ADJ	m	p	photovoltaïques
phragmite	NOM	m	s	phragmite
phraseur	ADJ	f	p	phraseuses
phraseur	ADJ	f	s	phraseuse
phraseur	ADJ	m	s	phraseur
phrasé	NOM	m	p	phrasés
phraséologique	ADJ	f	p	phraséologiques
phraséologique	ADJ	m	p	phraséologiques
phraséologique	ADJ	m	s	phraséologique
phrygien	ADJ	f	p	phrygiennes
phrygien	ADJ	f	s	phrygienne
phrygien	NOM	m	s	phrygien
phréatique	ADJ	m	p	phréatiques
phréatique	ADJ	m	s	phréatique
phrénique	ADJ	f	p	phréniques
phrénique	ADJ	f	s	phrénique
phrénique	ADJ	m	p	phréniques
phrénologie	NOM	f	p	phrénologies
phtaléine	NOM	f	p	phtaléines
phtisie	NOM	f	p	phtisies
phtisiologie	NOM	f	p	phtisiologies
phtisique	ADJ	f	s	phtisique
phtisique	ADJ	m	p	phtisiques
phtisique	ADJ	m	s	phtisique
phylactère	NOM	m	p	phylactères
phylloxera	NOM	m	p	phylloxeras
phylloxéra	NOM	m	p	phylloxéras
phylogenèse	NOM	f	p	phylogenèses
phylum	NOM	m	p	phyla
phylum	NOM	m	p	phylums
physionomiste	ADJ	f	p	physionomistes
physionomiste	ADJ	f	s	physionomiste
physionomiste	ADJ	m	p	physionomistes
physiothérapie	NOM	f	p	physiothérapies
phytoplancton	NOM	m	p	phytoplanctons
phénate	NOM	m	p	phénates
phénique	ADJ	f	p	phéniques
phénique	ADJ	f	s	phénique
phénique	ADJ	m	p	phéniques
phéniqué	ADJ	f	p	phéniquées
phéniqué	ADJ	f	s	phéniquée
phéniqué	ADJ	m	s	phéniqué
phénobarbital	NOM	m	p	phénobarbitals
phénol	NOM	m	p	phénols
phénoménologie	NOM	f	p	phénoménologies
phénothiazine	NOM	f	p	phénothiazines
phénotype	NOM	m	p	phénotypes
phéochromocytome	NOM	m	p	phéochromocytomes
piaillant	ADJ	m	p	piaillants
piaillard	ADJ	f	p	piaillardes
piaillard	ADJ	m	s	piaillard
piailleur	ADJ	f	p	piailleuses
piailleur	ADJ	m	s	piailleur
pian	NOM	m	p	pians
pianola	NOM	m	p	pianolas
pianotage	NOM	m	p	pianotages
piazza	NOM	f	p	piazzas
pica	NOM	m	p	picas
picard	NOM	m	s	picard
picaro	NOM	m	p	picaros
picoreur	NOM	m	p	picoreurs
picorée	NOM	f	p	picorées
picote	NOM	f	p	picotes
picotin	NOM	m	p	picotins
picrate	NOM	m	p	picrates
pictural	ADJ	m	p	picturaux
pidgin	NOM	m	p	pidgins
piedmont	NOM	m	p	piedmonts
pier	NOM	m	p	piers
pierreux	ADJ	m	p	pierreux
pierreux	ADJ	m	s	pierreux
pierrière	NOM	f	p	pierrières
pietà	NOM	f	p	pietàs
pieu	NOM	m	p	pieux
pieux	ADJ	m	p	pieux
pieux	ADJ	m	s	pieux
pif	NOM	m	p	pifs
pifomètre	NOM	m	p	pifomètres
pigeonnant	ADJ	f	p	pigeonnantes
pigmentaire	ADJ	f	p	pigmentaires
pigmentaire	ADJ	m	p	pigmentaires
pigmentaire	ADJ	m	s	pigmentaire
pigmentation	NOM	f	p	pigmentations
pignole	NOM	f	p	pignoles
pilaf	NOM	m	p	pilafs
pilchard	NOM	m	s	pilchard
pileux	ADJ	m	p	pileux
pileux	ADJ	m	s	pileux
pillard	ADJ	f	p	pillardes
pilonneur	NOM	m	s	pilonneur
pilosité	NOM	f	p	pilosités
pilot	NOM	m	p	pilots
pilotage	NOM	m	p	pilotages
pilotin	NOM	m	p	pilotins
pilou	NOM	m	p	pilous
pilum	NOM	m	p	pilums
pinacothèque	NOM	f	p	pinacothèques
pinaillage	NOM	m	p	pinaillages
pinailleur	NOM	m	p	pinailleurs
pinardier	NOM	m	s	pinardier
pinceur	NOM	m	p	pinceurs
pinchart	NOM	m	p	pincharts
pincé	ADJ	f	p	pincées
pincé	ADJ	f	s	pincée
pineau	NOM	m	p	pineaus
pineau	NOM	m	p	pineaux
pingrerie	NOM	f	p	pingreries
pinçage	NOM	m	p	pinçages
pinçard	ADJ	f	p	pinçardes
pinçard	ADJ	f	s	pinçarde
pinçard	ADJ	m	p	pinçards
pinçure	NOM	f	p	pinçures
pinéal	ADJ	m	p	pinéaux
piocheur	NOM	m	p	piocheurs
piolet	NOM	m	p	piolets
pionnier	ADJ	f	p	pionnières
pionnier	ADJ	m	p	pionniers
pionnier	ADJ	m	s	pionnier
pipa	NOM	m	p	pipas
piperade	NOM	f	p	piperades
piperie	NOM	f	p	piperies
pipeur	NOM	m	p	pipeurs
pipier	NOM	m	s	pipier
pipistrelle	NOM	f	p	pipistrelles
pipo	NOM	m	p	pipos
piquetage	NOM	m	p	piquetages
piqueté	ADJ	f	p	piquetées
piqueté	ADJ	m	p	piquetés
piqueté	ADJ	m	s	piqueté
piqueur	ADJ	f	p	piqueuses
piqueur	ADJ	f	s	piqueuse
piqueux	ADJ	m	p	piqueux
piqueux	ADJ	m	s	piqueux
piquier	NOM	m	p	piquiers
pirandellien	ADJ	f	p	pirandelliennes
pirandellien	ADJ	m	p	pirandelliens
pirandellien	ADJ	m	s	pirandellien
pire	NOM	m	p	pires
piriforme	ADJ	f	s	piriforme
piriforme	ADJ	m	p	piriformes
pirolle	NOM	f	p	pirolles
pisan	ADJ	f	p	pisanes
pisan	ADJ	f	s	pisane
pisan	NOM	m	s	pisan
pisciculteur	NOM	m	p	pisciculteurs
pisciculture	NOM	f	p	piscicultures
pisciforme	ADJ	f	p	pisciformes
pisciforme	ADJ	m	p	pisciformes
pisciforme	ADJ	m	s	pisciforme
pisiforme	NOM	m	p	pisiformes
pissaladière	NOM	f	p	pissaladières
pissat	NOM	m	p	pissats
pissette	NOM	f	p	pissettes
pissoir	NOM	m	p	pissoirs
pissou	NOM	m	p	pissous
pistage	NOM	m	p	pistages
pistoleur	NOM	m	s	pistoleur
pistonné	ADJ	f	p	pistonnées
pistonné	ADJ	m	p	pistonnés
pistonné	ADJ	m	s	pistonné
pistou	NOM	m	p	pistous
pisé	NOM	m	p	pisés
pitaine	NOM	m	p	pitaines
pitch	NOM	m	p	pitches
pitch	NOM	m	p	pitchs
pitchoun	ADJ	f	p	pitchounes
pitchoun	ADJ	m	p	pitchouns
pitchoun	ADJ	m	s	pitchoun
pitchoun	NOM	m	p	pitchouns
pitchounet	NOM	m	p	pitchounets
pitchounette	NOM	f	p	pitchounettes
pitchpin	NOM	m	p	pitchpins
piteux	ADJ	m	p	piteux
piteux	ADJ	m	s	piteux
pituite	NOM	f	p	pituites
pive	NOM	f	p	pives
pivotement	NOM	m	p	pivotements
pizzicato	NOM	m	p	pizzicati
pizzicato	NOM	m	p	pizzicatos
piètement	NOM	m	p	piètements
piémont	NOM	m	p	piémonts
piémontais	ADJ	f	p	piémontaises
piémontais	ADJ	m	p	piémontais
piéta	NOM	f	p	piétas
piétaille	NOM	f	p	piétailles
piétin	NOM	m	p	piétins
piétinant	ADJ	f	p	piétinantes
piétinant	ADJ	m	p	piétinants
piétiste	ADJ	f	p	piétistes
piétiste	ADJ	m	p	piétistes
piétiste	ADJ	m	s	piétiste
piétonnier	ADJ	m	p	piétonniers
piété	NOM	f	p	piétés
placer	NOM	m	p	placers
placidité	NOM	f	p	placidités
placoplâtre	NOM	m	p	placoplâtres
plafonnement	NOM	m	p	plafonnements
plafonné	ADJ	f	s	plafonnée
plafonné	ADJ	m	p	plafonnés
plagioclase	NOM	m	p	plagioclases
plaidable	ADJ	f	p	plaidables
plaidable	ADJ	m	p	plaidables
plaidable	ADJ	m	s	plaidable
plaidant	ADJ	f	p	plaidantes
plaidant	ADJ	f	s	plaidante
plaidant	ADJ	m	s	plaidant
plaignant	ADJ	f	p	plaignantes
plaignant	ADJ	m	s	plaignant
plain	ADJ	f	p	plaines
plain	ADJ	f	s	plaine
plaine	NOM	f	p	plaines
plaisance	NOM	f	p	plaisances
plaisantin	ADJ	m	p	plaisantins
planelle	NOM	f	p	planelles
planement	NOM	m	p	planements
planificateur	ADJ	f	p	planificatrices
planificateur	ADJ	m	p	planificateurs
planificateur	NOM	m	p	planificateurs
planification	NOM	f	p	planifications
planitude	NOM	f	p	planitudes
plantage	NOM	m	p	plantages
plantaire	ADJ	f	s	plantaire
plantaire	ADJ	m	p	plantaires
plantaire	ADJ	m	s	plantaire
plantier	NOM	m	p	plantiers
plantigrade	NOM	m	p	plantigrades
plantoir	NOM	m	p	plantoirs
plantureux	ADJ	m	p	plantureux
planétoïde	NOM	m	p	planétoïdes
plaqueminier	NOM	m	s	plaqueminier
plaquettaire	ADJ	f	p	plaquettaires
plaquettaire	ADJ	m	p	plaquettaires
plaquettaire	ADJ	m	s	plaquettaire
plaqueur	NOM	m	p	plaqueurs
plasma	NOM	m	p	plasmas
plasmagène	ADJ	f	p	plasmagènes
plasmagène	ADJ	f	s	plasmagène
plasmagène	ADJ	m	p	plasmagènes
plasmaphérèse	NOM	f	p	plasmaphérèses
plasmique	ADJ	f	p	plasmiques
plasmique	ADJ	f	s	plasmique
plasmique	ADJ	m	p	plasmiques
plaste	NOM	m	p	plastes
plastic	NOM	m	p	plastics
plasticien	NOM	m	p	plasticiens
plasticité	NOM	f	p	plasticités
plastie	NOM	f	p	plasties
plastifiant	NOM	m	p	plastifiants
plastification	NOM	f	p	plastifications
plastiquage	NOM	m	p	plastiquages
plastiqueur	NOM	m	p	plastiqueurs
plastisol	NOM	m	p	plastisols
plastronneur	NOM	m	p	plastronneurs
plat	NOM	m	s	plat
platebande	NOM	f	s	platebande
plateforme	NOM	f	p	plateformes
platelage	NOM	m	p	platelages
plateresque	ADJ	f	s	plateresque
plateresque	ADJ	m	p	plateresques
platière	NOM	f	p	platières
platonicien	ADJ	f	p	platoniciennes
platonicien	NOM	m	p	platoniciens
platyrrhinien	ADJ	f	p	platyrrhiniennes
platyrrhinien	ADJ	f	s	platyrrhinienne
platyrrhinien	ADJ	m	s	platyrrhinien
plausibilité	NOM	f	p	plausibilités
playboy	NOM	m	p	playboys
playon	NOM	m	p	playons
plaza	NOM	f	p	plazas
plectre	NOM	m	p	plectres
pleural	ADJ	f	p	pleurales
pleural	ADJ	m	p	pleuraux
pleurard	ADJ	f	p	pleurardes
pleurard	NOM	m	p	pleurards
pleurite	NOM	f	p	pleurites
pleurote	NOM	m	s	pleurote
pleurésie	NOM	f	p	pleurésies
pleurétique	ADJ	f	p	pleurétiques
pleurétique	ADJ	m	p	pleurétiques
pleurétique	ADJ	m	s	pleurétique
pleutre	ADJ	f	p	pleutres
pleutre	ADJ	f	s	pleutre
pleutre	ADJ	m	p	pleutres
pleutrerie	NOM	f	p	pleutreries
plieur	NOM	m	p	plieurs
pliocène	NOM	m	p	pliocènes
plioir	NOM	m	p	plioirs
plion	NOM	m	s	plion
plique	NOM	f	p	pliques
plisseur	NOM	m	p	plisseurs
ploiement	NOM	m	p	ploiements
plombure	NOM	f	p	plombures
plonge	NOM	f	p	plonges
plongement	NOM	m	p	plongements
plouk	NOM	m	p	plouks
ploutocratie	NOM	f	p	ploutocraties
ployant	ADJ	f	p	ployantes
ployant	ADJ	m	p	ployants
plume	NOM	m	p	plumes
plumeux	ADJ	m	p	plumeux
plumeux	ADJ	m	s	plumeux
plumitive	NOM	f	s	plumitive
plumule	NOM	f	s	plumule
plumée	NOM	f	p	plumées
pluralisme	NOM	m	p	pluralismes
pluraliste	ADJ	f	p	pluralistes
pluraliste	ADJ	m	p	pluralistes
pluraliste	ADJ	m	s	pluraliste
pluralité	NOM	f	p	pluralités
pluriannuel	ADJ	f	p	pluriannuelles
pluriannuel	ADJ	f	s	pluriannuelle
pluriannuel	ADJ	m	p	pluriannuels
pluriel	ADJ	f	p	plurielles
pluriel	ADJ	m	p	pluriels
plurinational	ADJ	f	p	plurinationales
plurinational	ADJ	f	s	plurinationale
plurinational	ADJ	m	p	plurinationaux
pluton	NOM	m	p	plutons
plutonien	ADJ	f	p	plutoniennes
plutonien	ADJ	m	p	plutoniens
plutonium	NOM	m	p	plutoniums
pluvieux	ADJ	m	p	pluvieux
pluvieux	ADJ	m	s	pluvieux
pluviométrie	NOM	f	p	pluviométries
pluviosité	NOM	f	p	pluviosités
pluviôse	NOM	m	p	pluviôses
plâtreux	ADJ	m	p	plâtreux
plâtreux	ADJ	m	s	plâtreux
plâtré	ADJ	f	p	plâtrées
plèbe	NOM	f	p	plèbes
pléistocène	NOM	m	p	pléistocènes
plénipotentiaire	ADJ	f	p	plénipotentiaires
plénipotentiaire	ADJ	f	s	plénipotentiaire
plénum	NOM	m	p	plénums
plésiosaure	NOM	m	p	plésiosaures
pléthore	NOM	f	p	pléthores
pléthorique	ADJ	f	s	pléthorique
pléthorique	ADJ	m	p	pléthoriques
pneumatophore	NOM	m	p	pneumatophores
pneumoconiose	NOM	f	p	pneumoconioses
pneumocystose	NOM	f	p	pneumocystoses
pneumonectomie	NOM	f	p	pneumonectomies
pneumonique	ADJ	f	p	pneumoniques
pneumonique	ADJ	m	p	pneumoniques
pneumonique	ADJ	m	s	pneumonique
pneumopathie	NOM	f	p	pneumopathies
pochage	NOM	m	p	pochages
pochard	ADJ	f	p	pochardes
pochard	ADJ	m	p	pochards
pochetée	NOM	f	p	pochetées
pochoir	NOM	m	p	pochoirs
podomètre	NOM	m	p	podomètres
poecile	NOM	m	p	poeciles
pognon	NOM	m	p	pognons
poilant	ADJ	f	p	poilantes
poilant	ADJ	f	s	poilante
poilant	ADJ	m	p	poilants
pointeau	NOM	m	p	pointeaux
pointement	NOM	m	p	pointements
pointilleux	ADJ	m	p	pointilleux
pointilleux	ADJ	m	s	pointilleux
pointillisme	NOM	m	p	pointillismes
pointilliste	ADJ	f	p	pointillistes
pointilliste	ADJ	f	s	pointilliste
pointilliste	ADJ	m	p	pointillistes
poiré	NOM	m	p	poirés
poissard	ADJ	f	p	poissardes
poissard	ADJ	f	s	poissarde
poissard	ADJ	m	p	poissards
poissard	NOM	m	p	poissards
poisseux	ADJ	m	p	poisseux
poisseux	ADJ	m	s	poisseux
poissonnerie	NOM	f	p	poissonneries
poissonneux	ADJ	m	p	poissonneux
poissonneux	ADJ	m	s	poissonneux
poissonnière	NOM	f	p	poissonnières
poitevin	ADJ	f	p	poitevines
poitevin	ADJ	f	s	poitevine
poitrinaire	ADJ	f	p	poitrinaires
poitrinaire	ADJ	f	s	poitrinaire
poitrinaire	ADJ	m	s	poitrinaire
poitrinière	NOM	f	s	poitrinière
polack	ADJ	f	p	polacks
polack	ADJ	f	s	polack
polaire	NOM	f	p	polaires
polard	ADJ	m	s	polard
polarisant	ADJ	f	p	polarisantes
polarisant	ADJ	f	s	polarisante
polarisation	NOM	f	p	polarisations
polarisé	ADJ	f	p	polarisées
polarisé	ADJ	m	p	polarisés
polarité	NOM	f	p	polarités
polenta	NOM	f	p	polentas
policlinique	NOM	f	p	policliniques
poliomyélite	NOM	f	p	poliomyélites
poliomyélitique	ADJ	f	p	poliomyélitiques
poliomyélitique	ADJ	f	s	poliomyélitique
poliomyélitique	ADJ	m	p	poliomyélitiques
poliorcétique	ADJ	f	p	poliorcétiques
poliorcétique	ADJ	f	s	poliorcétique
poliorcétique	ADJ	m	p	poliorcétiques
polish	NOM	m	p	polishs
polissoir	NOM	m	p	polissoirs
polissure	NOM	f	p	polissures
politburo	NOM	m	p	politburos
politicard	ADJ	f	p	politicardes
politicard	ADJ	f	s	politicarde
politicard	ADJ	m	p	politicards
politisation	NOM	f	p	politisations
pollinie	NOM	f	s	pollinie
pollinique	ADJ	f	p	polliniques
pollinique	ADJ	m	p	polliniques
pollinique	ADJ	m	s	pollinique
pollinisateur	ADJ	f	p	pollinisatrices
pollinisateur	ADJ	f	s	pollinisatrice
pollinisateur	ADJ	m	p	pollinisateurs
pollinisation	NOM	f	p	pollinisations
polluant	ADJ	f	p	polluantes
pollueur	ADJ	f	p	pollueuses
pollueur	ADJ	f	s	pollueuse
pollueur	ADJ	m	p	pollueurs
polonais	ADJ	m	p	polonais
polonais	ADJ	m	s	polonais
poltron	ADJ	f	p	poltronnes
poltronnerie	NOM	f	p	poltronneries
polyacrylate	NOM	m	p	polyacrylates
polyandre	ADJ	f	p	polyandres
polyandre	ADJ	m	p	polyandres
polyandre	ADJ	m	s	polyandre
polyarthrite	NOM	f	p	polyarthrites
polycarbonate	NOM	m	p	polycarbonates
polychlorure	NOM	m	p	polychlorures
polychrome	ADJ	f	p	polychromes
polychrome	ADJ	f	s	polychrome
polychrome	ADJ	m	s	polychrome
polychromie	NOM	f	p	polychromies
polychromé	ADJ	f	s	polychromée
polychromé	ADJ	m	p	polychromés
polyclinique	NOM	f	p	polycliniques
polycopie	NOM	f	p	polycopies
polyculture	NOM	f	p	polycultures
polycéphale	ADJ	f	p	polycéphales
polycéphale	ADJ	f	s	polycéphale
polycéphale	ADJ	m	p	polycéphales
polydactylie	NOM	f	p	polydactylies
polyester	NOM	m	p	polyesters
polygamie	NOM	f	p	polygamies
polygonal	ADJ	f	s	polygonale
polygénique	ADJ	f	p	polygéniques
polygénique	ADJ	m	p	polygéniques
polygénique	ADJ	m	s	polygénique
polykystique	ADJ	f	p	polykystiques
polykystique	ADJ	f	s	polykystique
polykystique	ADJ	m	p	polykystiques
polymorphie	NOM	f	p	polymorphies
polymorphisme	NOM	m	s	polymorphisme
polymère	NOM	m	p	polymères
polymérase	NOM	f	p	polymérases
polymérique	ADJ	f	p	polymériques
polymérique	ADJ	f	s	polymérique
polyphonie	NOM	f	p	polyphonies
polyphonique	ADJ	f	p	polyphoniques
polyphonique	ADJ	f	s	polyphonique
polyphonique	ADJ	m	p	polyphoniques
polypropylène	NOM	m	p	polypropylènes
polysaccharide	NOM	m	s	polysaccharide
polystyrène	NOM	m	p	polystyrènes
polysyllabique	ADJ	f	p	polysyllabiques
polysyllabique	ADJ	f	s	polysyllabique
polysyllabique	ADJ	m	p	polysyllabiques
polytechnique	ADJ	f	p	polytechniques
polytechnique	ADJ	m	p	polytechniques
polytechnique	ADJ	m	s	polytechnique
polytechnique	NOM	f	p	polytechniques
polythène	NOM	m	p	polythènes
polytonal	ADJ	f	p	polytonales
polytonal	ADJ	f	s	polytonale
polytonal	ADJ	m	p	polytonaux
polytonalité	NOM	f	p	polytonalités
polyuréthane	NOM	m	p	polyuréthanes
polyvalence	NOM	f	p	polyvalences
polyvalent	ADJ	f	p	polyvalentes
polyvalent	NOM	m	s	polyvalent
polyvinyle	NOM	m	p	polyvinyles
polyvinylique	ADJ	f	p	polyvinyliques
polyvinylique	ADJ	f	s	polyvinylique
polyvinylique	ADJ	m	p	polyvinyliques
polyéthylène	NOM	m	p	polyéthylènes
pomelo	NOM	m	p	pomelos
pomerol	NOM	m	s	pomerol
pommadin	NOM	m	p	pommadins
pommelé	ADJ	f	s	pommelée
pommeraie	NOM	f	p	pommeraies
pommé	ADJ	m	s	pommé
pompage	NOM	m	p	pompages
pompeur	NOM	m	p	pompeurs
pompeux	ADJ	m	p	pompeux
pompeux	ADJ	m	s	pompeux
pompidolien	ADJ	f	p	pompidoliennes
pompidolien	ADJ	f	s	pompidolienne
pompidolien	ADJ	m	s	pompidolien
pompier	ADJ	f	p	pompières
pompier	ADJ	f	s	pompière
pompiérisme	NOM	m	p	pompiérismes
pompé	ADJ	f	p	pompées
pompé	ADJ	f	s	pompée
pomélo	NOM	m	p	pomélos
poméranien	ADJ	f	p	poméraniennes
poméranien	ADJ	f	s	poméranienne
poméranien	NOM	m	s	poméranien
ponant	NOM	m	p	ponants
ponce	NOM	f	p	ponces
ponctualité	NOM	f	p	ponctualités
ponctué	ADJ	m	s	ponctué
pondeur	ADJ	m	p	pondeurs
pondeur	ADJ	m	s	pondeur
pondeur	NOM	m	p	pondeurs
pondérable	ADJ	f	p	pondérables
pondérable	ADJ	m	p	pondérables
pondérable	ADJ	m	s	pondérable
pondéral	ADJ	f	p	pondérales
pondéral	ADJ	m	p	pondéraux
pondéral	ADJ	m	s	pondéral
pondération	NOM	f	p	pondérations
pongo	NOM	m	p	pongos
pongé	NOM	m	p	pongés
pontifiant	ADJ	f	p	pontifiantes
pontificat	NOM	m	p	pontificats
pontil	NOM	m	p	pontils
pontin	ADJ	f	p	pontines
pontin	ADJ	f	s	pontine
ponté	ADJ	f	p	pontées
ponté	ADJ	f	s	pontée
ponté	ADJ	m	p	pontés
ponçage	NOM	m	p	ponçages
pool	NOM	m	p	pools
popeline	NOM	f	p	popelines
poplité	ADJ	f	p	poplitées
poplité	ADJ	m	p	poplités
popotin	NOM	m	p	popotins
populace	NOM	f	p	populaces
populacier	ADJ	m	p	populaciers
populeux	ADJ	m	p	populeux
populeux	ADJ	m	s	populeux
populiste	ADJ	f	p	populistes
populiste	ADJ	f	s	populiste
populiste	ADJ	m	s	populiste
populo	NOM	m	p	populos
poquette	NOM	f	p	poquettes
porcelainier	NOM	m	s	porcelainier
porcher	NOM	m	p	porchers
porcin	ADJ	f	p	porcines
poreux	ADJ	m	p	poreux
poreux	ADJ	m	s	poreux
porosité	NOM	f	p	porosités
porphyrie	NOM	f	p	porphyries
porque	NOM	f	p	porques
porridge	NOM	m	p	porridges
portabilité	NOM	f	p	portabilités
portage	NOM	m	p	portages
portal	ADJ	f	p	portales
portal	ADJ	f	s	portale
portal	ADJ	m	p	portaux
portance	NOM	f	p	portances
portant	ADJ	f	p	portantes
portement	NOM	m	p	portements
porter	NOM	m	p	porters
porterie	NOM	f	p	porteries
portfolio	NOM	m	p	portfolios
portland	NOM	m	p	portlands
portor	NOM	m	p	portors
portuaire	ADJ	m	p	portuaires
portuaire	ADJ	m	s	portuaire
portugais	ADJ	m	p	portugais
portugais	ADJ	m	s	portugais
porté	ADJ	f	s	portée
porté	ADJ	m	p	portés
porté	ADJ	m	s	porté
posemètre	NOM	m	p	posemètres
poseur	ADJ	f	p	poseuses
positionnel	ADJ	f	p	positionnelles
positionnel	ADJ	f	s	positionnelle
positionnel	ADJ	m	p	positionnels
positionnement	NOM	m	p	positionnements
positionneur	NOM	m	p	positionneurs
positivisme	NOM	m	p	positivismes
positiviste	ADJ	f	p	positivistes
positiviste	ADJ	f	s	positiviste
positiviste	ADJ	m	s	positiviste
positivité	NOM	f	p	positivités
positon	NOM	m	p	positons
possessivité	NOM	f	p	possessivités
possédant	ADJ	f	p	possédantes
possédant	ADJ	m	p	possédants
postage	NOM	m	p	postages
postcombustion	NOM	f	p	postcombustions
postdoctoral	ADJ	f	p	postdoctorales
postdoctoral	ADJ	f	s	postdoctorale
postdoctoral	ADJ	m	p	postdoctoraux
postmodernisme	NOM	m	p	postmodernismes
postnatal	ADJ	f	p	postnatales
postnatal	ADJ	m	p	postnatals
postopératoire	ADJ	f	p	postopératoires
postopératoire	ADJ	f	s	postopératoire
postopératoire	ADJ	m	s	postopératoire
postproduction	NOM	f	p	postproductions
postsynchronisation	NOM	f	p	postsynchronisations
postulation	NOM	f	s	postulation
postural	ADJ	f	p	posturales
postural	ADJ	f	s	posturale
postural	ADJ	m	s	postural
potard	NOM	m	p	potards
potasse	NOM	f	p	potasses
potassium	NOM	m	p	potassiums
potencé	ADJ	f	p	potencées
potencé	ADJ	m	p	potencés
potencé	ADJ	m	s	potencé
potentialisation	NOM	f	p	potentialisations
potentialité	NOM	f	p	potentialités
potentiomètre	NOM	m	p	potentiomètres
potimarron	NOM	m	p	potimarrons
potlatch	NOM	m	p	potlatchs
pouacre	NOM	m	p	pouacres
pouding	NOM	m	p	poudings
poudingue	NOM	m	p	poudingues
poudrage	NOM	m	p	poudrages
poudrette	NOM	f	p	poudrettes
poudreux	ADJ	m	p	poudreux
poudreux	ADJ	m	s	poudreux
poudrière	NOM	f	p	poudrières
pouffant	ADJ	m	p	pouffants
pouilleux	ADJ	m	p	pouilleux
pouilleux	ADJ	m	s	pouilleux
pouilly	NOM	m	p	pouilly
pouillé	NOM	m	s	pouillé
poujadisme	NOM	m	p	poujadismes
poulaille	NOM	f	p	poulailles
poulinière	ADJ	f	p	poulinières
poulinière	ADJ	m	p	poulinières
poulinière	ADJ	m	s	poulinière
poulinière	NOM	f	p	poulinières
poupard	ADJ	f	p	poupardes
poupard	ADJ	f	s	pouparde
poupe	NOM	f	p	poupes
poupin	ADJ	f	p	poupines
poupin	ADJ	m	p	poupins
pouponnage	NOM	m	p	pouponnages
pour	NOM	m	p	pours
pourchasseur	NOM	m	p	pourchasseurs
pourfendeur	NOM	m	p	pourfendeurs
pourparler	NOM	m	p	pourparlers
pourpré	ADJ	f	p	pourprées
pourpré	ADJ	m	p	pourprés
pourrissement	NOM	m	p	pourrissements
pourrisseur	ADJ	f	p	pourrisseuses
pourrisseur	ADJ	f	s	pourrisseuse
pourrisseur	ADJ	m	p	pourrisseurs
pourrissoir	NOM	m	p	pourrissoirs
poursuiveur	NOM	m	s	poursuiveur
poussah	NOM	m	p	poussahs
poussah	NOM	m	p	poussas
poussier	NOM	m	p	poussiers
poussine	NOM	f	p	poussines
poussinière	NOM	f	p	poussinières
poussiéreux	ADJ	m	p	poussiéreux
poussiéreux	ADJ	m	s	poussiéreux
poussoir	NOM	m	p	poussoirs
poutargue	NOM	f	p	poutargues
poutou	NOM	m	p	poutous
poutrage	NOM	m	s	poutrage
poutraison	NOM	f	p	poutraisons
pouzzolane	NOM	f	p	pouzzolanes
poêlon	NOM	m	p	poêlons
praesidium	NOM	m	p	praesidiums
pragmatique	ADJ	f	s	pragmatique
pragmatique	ADJ	m	p	pragmatiques
pragmatique	ADJ	m	s	pragmatique
pragmatisme	NOM	m	p	pragmatismes
prairial	NOM	m	p	prairials
praliné	ADJ	f	p	pralinées
praliné	ADJ	f	s	pralinée
praliné	NOM	m	p	pralinés
pratiquant	ADJ	f	p	pratiquantes
praxie	NOM	f	p	praxies
premium	NOM	m	p	premiums
prenable	ADJ	f	s	prenable
prenable	ADJ	m	p	prenables
presbyterium	NOM	m	p	presbyteriums
presbytie	NOM	f	p	presbyties
presbytère	NOM	m	p	presbytères
presbytérien	ADJ	m	p	presbytériens
presbytérien	NOM	m	p	presbytériens
prescience	NOM	f	p	presciences
prescient	ADJ	f	p	prescientes
prescient	ADJ	m	p	prescients
prescient	ADJ	m	s	prescient
pressage	NOM	m	p	pressages
presseur	ADJ	f	p	presseuses
presseur	ADJ	f	s	presseuse
presseur	ADJ	m	p	presseurs
pressionné	ADJ	f	p	pressionnées
pressionné	ADJ	m	p	pressionnés
pressionné	ADJ	m	s	pressionné
pressurisation	NOM	f	p	pressurisations
pressurisé	ADJ	f	p	pressurisées
prestance	NOM	f	p	prestances
prestesse	NOM	f	p	prestesses
prestigieux	ADJ	m	p	prestigieux
prestigieux	ADJ	m	s	prestigieux
priant	ADJ	f	p	priantes
priant	ADJ	f	s	priante
priant	ADJ	m	p	priants
priant	NOM	m	p	priants
priapique	ADJ	f	s	priapique
priapique	ADJ	m	p	priapiques
priapisme	NOM	m	p	priapismes
prieur	ADJ	f	p	prieures
prieur	ADJ	f	s	prieure
prieur	ADJ	m	p	prieurs
primal	ADJ	f	p	primales
primal	ADJ	m	p	primals
primal	ADJ	m	p	primaux
primat	NOM	m	p	primats
primauté	NOM	f	p	primautés
primerose	NOM	f	p	primeroses
primesautier	ADJ	f	p	primesautières
primidi	NOM	m	p	primidis
primitivisme	NOM	m	p	primitivismes
princeps	ADJ	f	s	princeps
princeps	ADJ	m	p	princeps
princeps	ADJ	m	s	princeps
principat	NOM	m	p	principats
pris	ADJ	m	p	pris
pris	ADJ	m	s	pris
prismatique	ADJ	f	s	prismatique
prismatique	ADJ	m	p	prismatiques
prisée	NOM	f	s	prisée
privatisation	NOM	f	p	privatisations
proactif	ADJ	f	p	proactives
proactif	ADJ	f	s	proactive
proactif	ADJ	m	p	proactifs
probation	NOM	f	p	probations
probe	ADJ	f	p	probes
probe	ADJ	m	p	probes
probe	ADJ	m	s	probe
probité	NOM	f	p	probités
procaïne	NOM	f	p	procaïnes
processionnaire	ADJ	f	p	processionnaires
processionnaire	ADJ	m	p	processionnaires
processionnaire	ADJ	m	s	processionnaire
processionnaire	NOM	m	s	processionnaire
processionnel	ADJ	m	p	processionnels
processionnel	ADJ	m	s	processionnel
prochinois	ADJ	f	p	prochinoises
prochinois	ADJ	m	p	prochinois
prochinois	ADJ	m	s	prochinois
procrastination	NOM	f	p	procrastinations
procréateur	ADJ	m	p	procréateurs
procréatif	ADJ	f	p	procréatives
procréatif	ADJ	m	p	procréatifs
procréatif	ADJ	m	s	procréatif
proctologie	NOM	f	p	proctologies
procuratie	NOM	f	s	procuratie
procuration	NOM	f	p	procurations
procédural	ADJ	f	p	procédurales
procédural	ADJ	m	p	procéduraux
procédurier	ADJ	m	p	procéduriers
procédurier	NOM	m	p	procéduriers
prodigieux	ADJ	m	p	prodigieux
prodigieux	ADJ	m	s	prodigieux
productivité	NOM	f	p	productivités
profanateur	ADJ	f	p	profanatrices
profanateur	ADJ	f	s	profanatrice
profanatoire	ADJ	f	p	profanatoires
profanatoire	ADJ	m	p	profanatoires
profanatoire	ADJ	m	s	profanatoire
professionnalisme	NOM	m	p	professionnalismes
professoral	ADJ	f	p	professorales
professoral	ADJ	f	s	professorale
professoral	ADJ	m	p	professoraux
professorat	NOM	m	p	professorats
profilage	NOM	m	p	profilages
profileur	NOM	m	p	profileurs
profitabilité	NOM	f	p	profitabilités
profitant	ADJ	f	p	profitantes
profitant	ADJ	f	s	profitante
profitant	ADJ	m	p	profitants
profus	ADJ	m	p	profus
profération	NOM	f	s	profération
progestérone	NOM	f	p	progestérones
prognathisme	NOM	m	p	prognathismes
programmable	ADJ	f	p	programmables
programmable	ADJ	m	p	programmables
programmable	ADJ	m	s	programmable
programmateur	ADJ	f	p	programmatrices
programmateur	ADJ	m	p	programmateurs
programmation	NOM	f	p	programmations
progressif	ADJ	m	p	progressifs
progressisme	NOM	m	p	progressismes
progéniteur	NOM	m	p	progéniteurs
prohibitif	ADJ	f	p	prohibitives
prohibitif	ADJ	m	p	prohibitifs
prohibitif	ADJ	m	s	prohibitif
prohibition	NOM	f	p	prohibitions
projectif	ADJ	f	p	projectives
projectif	ADJ	f	s	projective
projectif	ADJ	m	p	projectifs
prolifération	NOM	f	p	proliférations
proline	NOM	f	p	prolines
prolixité	NOM	f	p	prolixités
prologue	NOM	m	p	prologues
prolongateur	NOM	m	p	prolongateurs
prolétarisation	NOM	f	p	prolétarisations
promenoir	NOM	m	p	promenoirs
promis	ADJ	m	p	promis
promis	ADJ	m	s	promis
promotionnel	ADJ	m	p	promotionnels
promptitude	NOM	f	p	promptitudes
promulgation	NOM	f	p	promulgations
prométhéen	ADJ	f	p	prométhéennes
prométhéen	ADJ	m	p	prométhéens
pronateur	ADJ	f	p	pronatrices
pronateur	ADJ	f	s	pronatrice
pronateur	ADJ	m	s	pronateur
pronation	NOM	f	p	pronations
pronominal	ADJ	f	p	pronominales
pronostiqueur	NOM	m	p	pronostiqueurs
pronunciamiento	NOM	m	p	pronunciamientos
propagandiste	ADJ	f	p	propagandistes
propagandiste	ADJ	f	s	propagandiste
propagandiste	ADJ	m	s	propagandiste
propane	NOM	m	p	propanes
propension	NOM	f	p	propensions
propergol	NOM	m	p	propergols
prophase	NOM	f	p	prophases
prophylactique	ADJ	f	p	prophylactiques
prophylactique	ADJ	f	s	prophylactique
prophylactique	ADJ	m	s	prophylactique
prophylaxie	NOM	f	p	prophylaxies
propionate	NOM	m	p	propionates
propitiatoire	ADJ	f	s	propitiatoire
propitiatoire	ADJ	m	p	propitiatoires
propitiatoire	ADJ	m	s	propitiatoire
proportionnalité	NOM	f	p	proportionnalités
proportionnel	ADJ	m	p	proportionnels
propreté	NOM	f	p	propretés
propulsif	ADJ	f	p	propulsives
propulsif	ADJ	f	s	propulsive
propulsif	ADJ	m	p	propulsifs
propylène	NOM	m	p	propylènes
propylée	NOM	m	s	propylée
prorogation	NOM	f	p	prorogations
prosaïsme	NOM	m	p	prosaïsmes
proscenium	NOM	m	p	prosceniums
prose	NOM	f	p	proses
prosodie	NOM	f	p	prosodies
prosodique	ADJ	f	p	prosodiques
prosodique	ADJ	m	p	prosodiques
prosodique	ADJ	m	s	prosodique
prosopopée	NOM	f	s	prosopopée
prospect	NOM	m	p	prospects
prospecteur	ADJ	f	p	prospectrices
prospecteur	ADJ	f	s	prospectrice
prospectif	ADJ	f	p	prospectives
prospectif	ADJ	m	p	prospectifs
prospective	NOM	f	p	prospectives
prostate	NOM	f	p	prostates
prostatectomie	NOM	f	p	prostatectomies
prostatite	NOM	f	p	prostatites
prosthétique	ADJ	f	p	prosthétiques
prosthétique	ADJ	f	s	prosthétique
prosthétique	ADJ	m	p	prosthétiques
prosélytique	ADJ	f	p	prosélytiques
prosélytique	ADJ	f	s	prosélytique
prosélytique	ADJ	m	p	prosélytiques
prosélytisme	NOM	m	p	prosélytismes
protal	NOM	m	p	protals
protectionnisme	NOM	m	p	protectionnismes
protestantisme	NOM	m	p	protestantismes
prothrombine	NOM	f	p	prothrombines
prothétique	ADJ	f	p	prothétiques
prothétique	ADJ	m	p	prothétiques
prothétique	ADJ	m	s	prothétique
protidique	ADJ	f	p	protidiques
protidique	ADJ	f	s	protidique
protidique	ADJ	m	p	protidiques
protiste	NOM	m	s	protiste
protohistoire	NOM	f	p	protohistoires
protonotaire	NOM	m	p	protonotaires
protoplasmique	ADJ	f	p	protoplasmiques
protoplasmique	ADJ	m	p	protoplasmiques
protoplasmique	ADJ	m	s	protoplasmique
protoplaste	NOM	m	p	protoplastes
protoxyde	NOM	m	p	protoxydes
protozoaire	NOM	m	p	protozoaires
protrusion	NOM	f	p	protrusions
protéase	NOM	f	p	protéases
protéinique	ADJ	f	p	protéiniques
protéinique	ADJ	f	s	protéinique
protéinique	ADJ	m	p	protéiniques
protéinurie	NOM	f	p	protéinuries
protéiné	ADJ	f	p	protéinées
protéiné	ADJ	m	p	protéinés
protéolytique	ADJ	f	p	protéolytiques
protéolytique	ADJ	m	p	protéolytiques
protéolytique	ADJ	m	s	protéolytique
proustien	ADJ	f	p	proustiennes
proustien	ADJ	m	p	proustiens
provende	NOM	f	p	provendes
proverbial	ADJ	f	p	proverbiales
proverbial	ADJ	m	p	proverbiaux
providence	NOM	f	p	providences
provisionnel	ADJ	f	p	provisionnelles
provisionnel	ADJ	f	s	provisionnelle
provisionnel	ADJ	m	p	provisionnels
provisoire	NOM	m	p	provisoires
provocateur	ADJ	f	p	provocatrices
proximal	ADJ	f	p	proximales
proximal	ADJ	m	p	proximaux
proximité	NOM	f	p	proximités
proxénétisme	NOM	m	p	proxénétismes
proèdre	NOM	m	p	proèdres
prude	ADJ	f	p	prudes
prude	ADJ	f	s	prude
prude	ADJ	m	s	prude
prudhommesque	ADJ	f	s	prudhommesque
prudhommesque	ADJ	m	p	prudhommesques
prurigo	NOM	m	p	prurigos
prurit	NOM	m	p	prurits
prussique	ADJ	f	p	prussiques
prussique	ADJ	f	s	prussique
prussique	ADJ	m	p	prussiques
prytanée	NOM	m	p	prytanées
prèle	NOM	f	p	prèles
préadolescence	NOM	f	p	préadolescences
prébende	NOM	f	s	prébende
précambrien	ADJ	f	p	précambriennes
précambrien	ADJ	m	p	précambriens
précambrien	NOM	m	p	précambrien
précambrien	NOM	m	p	précambriens
précarité	NOM	f	p	précarités
précautionneux	ADJ	m	p	précautionneux
précautionneux	ADJ	m	s	précautionneux
précellence	NOM	f	p	précellences
précession	NOM	f	p	précessions
préchauffage	NOM	m	p	préchauffages
précieuse	NOM	f	s	précieuse
précieux	ADJ	m	p	précieux
précieux	ADJ	m	s	précieux
préciput	NOM	m	s	préciput
précis	ADJ	m	p	précis
précis	ADJ	m	s	précis
précocité	NOM	f	p	précocités
précognition	NOM	f	p	précognitions
précolombien	ADJ	m	p	précolombiens
préconisation	NOM	f	p	préconisations
préconçu	ADJ	m	p	préconçus
précuit	ADJ	f	s	précuite
précuit	ADJ	m	p	précuits
précurseur	ADJ	f	p	précurseurs
précurseur	ADJ	f	s	précurseur
prédateur	ADJ	f	p	prédatrices
prédation	NOM	f	p	prédations
prédelle	NOM	f	p	prédelles
prédestiné	NOM	m	p	prédestinés
prédicat	NOM	m	p	prédicats
prédictif	ADJ	f	p	prédictives
prédictif	ADJ	m	p	prédictifs
prédigestion	NOM	f	p	prédigestions
prédigéré	ADJ	f	p	prédigérées
prédigéré	ADJ	f	s	prédigérée
prédigéré	ADJ	m	p	prédigérés
prédit	ADJ	f	p	prédites
prédit	ADJ	m	p	prédits
prédominance	NOM	f	p	prédominances
prédominant	ADJ	f	p	prédominantes
prédominant	ADJ	m	p	prédominants
prédécoupé	ADJ	f	p	prédécoupées
prédécoupé	ADJ	m	p	prédécoupés
prédécoupé	ADJ	m	s	prédécoupé
préemptif	ADJ	f	p	préemptives
préemptif	ADJ	m	p	préemptifs
préemptif	ADJ	m	s	préemptif
préemption	NOM	f	p	préemptions
préencollé	ADJ	f	p	préencollées
préencollé	ADJ	f	s	préencollée
préencollé	ADJ	m	p	préencollés
préexistant	ADJ	f	p	préexistantes
préfacier	NOM	m	p	préfaciers
préfectoral	ADJ	f	p	préfectorales
préfectoral	ADJ	m	p	préfectoraux
préfectoral	ADJ	m	s	préfectoral
préfiguration	NOM	f	p	préfigurations
préfixation	NOM	f	p	préfixations
préformation	NOM	f	p	préformations
préfrontal	ADJ	f	p	préfrontales
préfrontal	ADJ	m	p	préfrontaux
préférentiel	ADJ	f	p	préférentielles
préférentiel	ADJ	m	p	préférentiels
prégnance	NOM	f	p	prégnances
prégnant	ADJ	f	p	prégnantes
prégnant	ADJ	m	p	prégnants
prégnant	ADJ	m	s	prégnant
préhenseur	ADJ	f	p	préhenseuses
préhenseur	ADJ	f	s	préhenseuse
préhenseur	ADJ	m	p	préhenseurs
préhensif	ADJ	m	s	préhensif
préhensile	ADJ	f	p	préhensiles
préhensile	ADJ	f	s	préhensile
préhensile	ADJ	m	p	préhensiles
préhension	NOM	f	p	préhensions
préhistoire	NOM	f	p	préhistoires
préhistorien	NOM	m	p	préhistoriens
préhominien	NOM	m	p	préhominien
préhominien	NOM	m	p	préhominiens
préindustriel	ADJ	f	p	préindustrielles
préindustriel	ADJ	f	s	préindustrielle
préindustriel	ADJ	m	p	préindustriels
préjudiciable	ADJ	f	p	préjudiciables
préjudiciable	ADJ	f	s	préjudiciable
préjudiciable	ADJ	m	s	préjudiciable
prélavage	NOM	m	p	prélavages
prématurité	NOM	f	p	prématurités
prémenstruel	ADJ	f	p	prémenstruelles
prémenstruel	ADJ	m	p	prémenstruels
prénommé	ADJ	f	p	prénommées
prénommé	ADJ	m	p	prénommés
prénommé	NOM	m	p	prénommés
prénuptial	ADJ	f	p	prénuptiales
prénuptial	ADJ	m	p	prénuptiaux
préoccupant	ADJ	m	p	préoccupants
prépa	NOM	f	p	prépas
prépondérance	NOM	f	p	prépondérances
prépondérant	ADJ	f	p	prépondérantes
prépotence	NOM	f	p	prépotences
préprogrammé	ADJ	f	p	préprogrammées
préprogrammé	ADJ	m	p	préprogrammés
prérentrée	NOM	f	p	prérentrées
préretraite	NOM	f	p	préretraites
préroman	ADJ	f	p	préromanes
préroman	ADJ	f	s	préromane
préroman	ADJ	m	p	préromans
prérévolutionnaire	ADJ	f	p	prérévolutionnaires
prérévolutionnaire	ADJ	m	p	prérévolutionnaires
prérévolutionnaire	ADJ	m	s	prérévolutionnaire
préscolaire	ADJ	f	p	préscolaires
préscolaire	ADJ	m	p	préscolaires
préscolaire	ADJ	m	s	préscolaire
préservateur	NOM	m	p	préservateurs
préservatif	ADJ	f	p	préservatives
préservatif	ADJ	f	s	préservative
préservation	NOM	f	p	préservations
présidium	NOM	m	p	présidiums
présomptif	ADJ	f	p	présomptives
présomptif	ADJ	m	p	présomptifs
présomptueux	ADJ	m	p	présomptueux
présumable	ADJ	f	p	présumables
présumable	ADJ	f	s	présumable
présumable	ADJ	m	s	présumable
prétentaine	NOM	f	p	prétentaines
prétentiard	ADJ	f	p	prétentiardes
prétentiard	ADJ	f	s	prétentiarde
prétentiard	ADJ	m	p	prétentiards
prétentieux	ADJ	m	p	prétentieux
prétentieux	ADJ	m	s	prétentieux
préternaturel	ADJ	f	p	préternaturelles
préternaturel	ADJ	f	s	préternaturelle
préternaturel	ADJ	m	p	préternaturels
prétorien	ADJ	m	s	prétorien
préture	NOM	f	p	prétures
prévalence	NOM	f	p	prévalences
prévalent	ADJ	f	p	prévalentes
prévalent	ADJ	f	s	prévalente
prévalent	ADJ	m	p	prévalents
prévaricateur	NOM	m	p	prévaricateurs
prévenant	ADJ	f	p	prévenantes
préventif	ADJ	m	p	préventifs
préventorium	NOM	m	p	préventoriums
prévisibilité	NOM	f	p	prévisibilités
prévisionnel	ADJ	f	s	prévisionnelle
prévôté	NOM	f	p	prévôtés
préélectoral	ADJ	f	p	préélectorales
préélectoral	ADJ	m	p	préélectoraux
prééminence	NOM	f	p	prééminences
prééminent	ADJ	f	p	prééminentes
prééminent	ADJ	m	p	prééminents
prééminent	ADJ	m	s	prééminent
prêle	NOM	f	s	prêle
prêteur	ADJ	f	p	prêteuses
prêtraille	NOM	f	p	prêtrailles
prêtrise	NOM	f	p	prêtrises
prôneur	NOM	m	p	prôneurs
psautier	NOM	m	p	psautiers
pseudobulbaire	ADJ	f	p	pseudobulbaires
pseudobulbaire	ADJ	m	p	pseudobulbaires
pseudobulbaire	ADJ	m	s	pseudo-bulbaire
pseudobulbaire	ADJ	m	s	pseudobulbaire
pseudopode	NOM	m	s	pseudopode
psilocybine	NOM	f	p	psilocybines
psittacose	NOM	f	p	psittacoses
psychiatrie	NOM	f	p	psychiatries
psychochirurgie	NOM	f	p	psychochirurgies
psychodrame	NOM	m	p	psychodrames
psychogène	ADJ	f	p	psychogènes
psychogène	ADJ	m	p	psychogènes
psychogène	ADJ	m	s	psychogène
psychokinésie	NOM	f	p	psychokinésies
psychologisation	NOM	f	p	psychologisations
psychomoteur	ADJ	f	p	psychomotrices
psychomoteur	ADJ	m	p	psychomoteurs
psychomoteur	ADJ	m	s	psychomoteur
psychonévrose	NOM	f	p	psychonévroses
psychopathie	NOM	f	p	psychopathies
psychopathique	ADJ	f	p	psychopathiques
psychopathique	ADJ	m	p	psychopathiques
psychopathique	ADJ	m	s	psychopathique
psychopathologie	NOM	f	p	psychopathologies
psychopathologique	ADJ	f	p	psychopathologiques
psychopathologique	ADJ	m	p	psychopathologiques
psychopathologique	ADJ	m	s	psychopathologique
psychopharmacologie	NOM	f	p	psychopharmacologies
psychophysiologie	NOM	f	p	psychophysiologies
psychophysiologique	ADJ	f	p	psychophysiologiques
psychophysiologique	ADJ	m	p	psychophysiologiques
psychophysiologique	ADJ	m	s	psycho-physiologique
psychophysiologique	ADJ	m	s	psychophysiologique
psychorigide	ADJ	f	p	psychorigides
psychorigide	ADJ	f	s	psychorigide
psychorigide	ADJ	m	p	psychorigides
psychose	NOM	f	p	psychoses
psychosexuel	ADJ	f	p	psychosexuelles
psychosexuel	ADJ	f	s	psychosexuelle
psychosexuel	ADJ	m	p	psychosexuels
psychosomaticien	NOM	m	p	psychosomaticiens
psychotechnique	ADJ	f	p	psychotechniques
psychotechnique	ADJ	f	s	psychotechnique
psychotechnique	ADJ	m	p	psychotechniques
psychothérapie	NOM	f	p	psychothérapies
psychotrope	ADJ	f	s	psychotrope
psychotrope	ADJ	m	p	psychotropes
psychotrope	ADJ	m	s	psychotrope
psyllium	NOM	m	p	psylliums
pubertaire	ADJ	f	s	pubertaire
pubertaire	ADJ	m	p	pubertaires
pubertaire	ADJ	m	s	pubertaire
puberté	NOM	f	p	pubertés
pubescent	ADJ	f	s	pubescente
pubescent	ADJ	m	p	pubescents
pubescent	ADJ	m	s	pubescent
publiable	ADJ	f	p	publiables
publiable	ADJ	f	s	publiable
publiable	ADJ	m	s	publiable
publiphone	NOM	m	p	publiphones
publireportage	NOM	m	p	publi-reportages
publireportage	NOM	m	p	publireportages
pudicité	NOM	f	p	pudicités
pueblo	ADJ	f	p	pueblos
pueblo	ADJ	f	s	pueblo
pueblo	ADJ	m	p	pueblos
puerpéral	ADJ	f	p	puerpérales
puerpéral	ADJ	m	p	puerpéraux
puerpéral	ADJ	m	s	puerpéral
puff	NOM	m	p	puffs
puffin	NOM	m	p	puffins
pugilistique	ADJ	f	p	pugilistiques
pugilistique	ADJ	m	p	pugilistiques
pugilistique	ADJ	m	s	pugilistique
pugnacité	NOM	f	p	pugnacités
puisatier	NOM	m	p	puisatiers
puisette	NOM	f	p	puisettes
pullulant	ADJ	f	s	pullulante
pullulant	ADJ	m	s	pullulant
pullulement	NOM	m	p	pullulements
pulmonie	NOM	f	p	pulmonies
pulpeux	ADJ	m	p	pulpeux
pulpeux	ADJ	m	s	pulpeux
pulque	NOM	m	p	pulques
pulsar	NOM	m	p	pulsars
pulsatif	ADJ	f	p	pulsatives
pulsatif	ADJ	m	p	pulsatifs
pulsatif	ADJ	m	s	pulsatif
pulsatile	ADJ	f	p	pulsatiles
pulsatile	ADJ	m	p	pulsatiles
pulsatile	ADJ	m	s	pulsatile
pulseur	NOM	m	p	pulseurs
pulsoréacteur	NOM	m	s	pulsoréacteur
pulvérin	NOM	m	p	pulvérins
pulvérulence	NOM	f	p	pulvérulences
pulvérulent	ADJ	f	s	pulvérulente
pulvérulent	ADJ	m	p	pulvérulents
pulvérulent	ADJ	m	s	pulvérulent
punais	ADJ	f	p	punaises
punais	ADJ	f	s	punaise
punais	ADJ	m	p	punais
puncheur	NOM	m	p	puncheurs
punctiforme	ADJ	f	p	punctiformes
punctiforme	ADJ	m	p	punctiformes
punctiforme	ADJ	m	s	punctiforme
puncture	NOM	f	p	punctures
punique	ADJ	f	p	puniques
punique	ADJ	f	s	punique
punique	ADJ	m	p	puniques
punissable	ADJ	f	p	punissables
punissable	ADJ	f	s	punissable
punisseur	NOM	m	p	punisseurs
punitif	ADJ	m	p	punitifs
punkette	NOM	f	p	punkettes
pupazzo	NOM	m	p	pupazzi
pupazzo	NOM	m	p	pupazzos
pupe	NOM	f	p	pupes
pupillaire	ADJ	f	p	pupillaires
pupillaire	ADJ	f	s	pupillaire
pupillaire	ADJ	m	s	pupillaire
pupitreur	NOM	m	p	pupitreurs
pureau	NOM	m	p	pureaux
purgatif	ADJ	f	p	purgatives
purgatif	ADJ	m	p	purgatifs
purgatif	NOM	m	p	purgatifs
purifiant	ADJ	f	p	purifiantes
purifiant	ADJ	f	s	purifiante
purifiant	ADJ	m	p	purifiants
purificatoire	ADJ	f	p	purificatoires
purificatoire	ADJ	f	s	purificatoire
purificatoire	ADJ	m	p	purificatoires
purin	NOM	m	p	purins
puriste	ADJ	f	p	puristes
puriste	ADJ	f	s	puriste
puriste	ADJ	m	p	puristes
puritanisme	NOM	m	p	puritanismes
purpura	NOM	m	p	purpuras
pusillanimité	NOM	f	p	pusillanimités
pustuleux	ADJ	f	p	pustuleuses
pustuleux	ADJ	m	s	pustuleux
putatif	ADJ	f	p	putatives
putier	NOM	m	p	putiers
putrescent	ADJ	f	p	putrescentes
putrescent	ADJ	f	s	putrescente
putrescible	ADJ	f	p	putrescibles
putrescible	ADJ	m	p	putrescibles
putrescible	ADJ	m	s	putrescible
putrescine	NOM	f	p	putrescines
putréfaction	NOM	f	p	putréfactions
putsch	NOM	m	p	putschs
putschiste	ADJ	f	p	putschistes
putschiste	ADJ	m	p	putschistes
putschiste	ADJ	m	s	putschiste
putt	NOM	m	p	putts
putting	NOM	m	p	puttings
putto	NOM	m	s	putto
puy	NOM	m	p	puys
puériculture	NOM	f	p	puéricultures
puîné	ADJ	f	p	puînées
puîné	ADJ	m	p	puînés
puîné	ADJ	m	s	puîné
pygmée	ADJ	f	p	pygmées
pygmée	ADJ	f	s	pygmée
pygmée	ADJ	m	s	pygmée
pylore	NOM	m	p	pylores
pyogène	ADJ	f	p	pyogènes
pyogène	ADJ	f	s	pyogène
pyogène	ADJ	m	p	pyogènes
pyralène	NOM	m	p	pyralènes
pyramidé	ADJ	f	p	pyramidées
pyramidé	ADJ	f	s	pyramidée
pyramidé	ADJ	m	p	pyramidés
pyrexie	NOM	f	p	pyrexies
pyridoxine	NOM	f	p	pyridoxines
pyrolyse	NOM	f	p	pyrolyses
pyromanie	NOM	f	p	pyromanies
pyromètre	NOM	m	p	pyromètres
pyrosphère	NOM	f	p	pyrosphères
pyrotechnie	NOM	f	p	pyrotechnies
pyroxène	NOM	m	p	pyroxènes
pyrrhique	NOM	f	p	pyrrhiques
pyrrhonien	ADJ	f	p	pyrrhoniennes
pyrrhonien	ADJ	f	s	pyrrhonienne
pyrrhonien	ADJ	m	p	pyrrhoniens
pyrrhonien	NOM	m	p	pyrrhoniens
pyrrhonisme	NOM	m	p	pyrrhonismes
pyrèthre	NOM	m	p	pyrèthres
pyrénéen	ADJ	f	p	pyrénéennes
pyrénéen	ADJ	f	s	pyrénéenne
pyrénéen	ADJ	m	p	pyrénéens
pyréthrine	NOM	f	p	pyréthrines
pythagoricien	ADJ	f	p	pythagoriciennes
pythagoricien	ADJ	f	s	pythagoricienne
pythagoricien	ADJ	m	p	pythagoriciens
pythagorique	ADJ	f	p	pythagoriques
pythagorique	ADJ	f	s	pythagorique
pythagorique	ADJ	m	s	pythagorique
pythonisse	NOM	f	p	pythonisses
pyxide	NOM	f	s	pyxide
pâlichon	ADJ	f	p	pâlichonnes
pâlissant	ADJ	m	p	pâlissants
pâque	NOM	f	p	pâques
pâques	NOM	m	p	pâques
pâteux	ADJ	m	p	pâteux
pâteux	ADJ	m	s	pâteux
pâturin	NOM	m	p	pâturins
pègre	NOM	f	p	pègres
pètesec	ADJ	f	p	pètesec
pètesec	ADJ	m	p	pètesec
pètesec	ADJ	m	s	pètesec
pèze	NOM	m	p	pèzes
péan	NOM	m	p	péans
pébroc	NOM	m	p	pébrocs
pécan	NOM	m	p	pécans
pécune	NOM	f	p	pécunes
pédagogie	NOM	f	p	pédagogies
pédalage	NOM	m	p	pédalages
pédaleur	NOM	m	p	pédaleurs
pédantisme	NOM	m	p	pédantismes
pédestre	ADJ	f	s	pédestre
pédestre	ADJ	m	p	pédestres
pédestre	ADJ	m	s	pédestre
pédiatrie	NOM	f	p	pédiatries
pédicule	NOM	m	p	pédicules
pédicurie	NOM	f	p	pédicuries
pédieux	ADJ	f	p	pédieuses
pédieux	ADJ	m	p	pédieux
pédieux	ADJ	m	s	pédieux
pédomètre	NOM	m	p	pédomètres
pédonculé	ADJ	f	p	pédonculées
pédonculé	ADJ	f	s	pédonculée
pédonculé	ADJ	m	p	pédonculés
pédophilie	NOM	f	p	pédophilies
pédophilique	ADJ	f	p	pédophiliques
pédophilique	ADJ	f	s	pédophilique
pédophilique	ADJ	m	s	pédophilique
pédégé	NOM	m	p	pédégés
pédérastie	NOM	f	p	pédérasties
pékan	NOM	m	p	pékans
pékinois	ADJ	f	p	pékinoises
pékinois	ADJ	m	p	pékinois
pékinois	ADJ	m	s	pékinois
pélagique	ADJ	f	p	pélagiques
pélagique	ADJ	f	s	pélagique
pélagique	ADJ	m	p	pélagiques
pélot	NOM	m	p	pélots
pénalisation	NOM	f	p	pénalisations
pénicilline	NOM	f	p	pénicillines
pénien	ADJ	f	p	péniennes
pénien	ADJ	m	p	péniens
pénil	NOM	m	p	pénils
pénitent	ADJ	f	p	pénitentes
pénitentiel	ADJ	f	p	pénitentielles
pénitentiel	ADJ	m	p	pénitentiels
pénitentiel	ADJ	m	s	pénitentiel
pénologie	NOM	f	p	pénologies
pénultième	NOM	f	p	pénultièmes
pénéplaine	NOM	f	s	pénéplaine
pénétrable	ADJ	f	p	pénétrables
pénétrable	ADJ	m	p	pénétrables
pénétrable	ADJ	m	s	pénétrable
pénétré	ADJ	f	p	pénétrées
péotte	NOM	f	s	péotte
pépiant	ADJ	f	p	pépiantes
pépiant	ADJ	f	s	pépiante
pépiant	ADJ	m	p	pépiants
pépie	NOM	f	p	pépies
pérennité	NOM	f	p	pérennités
péri	ADJ	f	p	péries
péricarde	NOM	m	p	péricardes
péricardite	NOM	f	p	péricardites
péricarpe	NOM	m	p	péricarpes
périf	NOM	m	p	périfs
périgourdin	ADJ	f	p	périgourdines
périgée	NOM	m	p	périgées
périlleux	ADJ	m	p	périlleux
périlleux	ADJ	m	s	périlleux
périnée	NOM	m	p	périnées
périodicité	NOM	f	p	périodicités
péripatéticienne	NOM	f	s	péripatéticienne
périscolaire	ADJ	f	p	périscolaires
périscolaire	ADJ	m	p	périscolaires
périscolaire	ADJ	m	s	périscolaire
périscopique	ADJ	f	p	périscopiques
périscopique	ADJ	m	p	périscopiques
périscopique	ADJ	m	s	périscopique
périssodactyle	NOM	m	p	périssodactyles
péristaltique	ADJ	m	p	péristaltiques
péristaltique	ADJ	m	s	péristaltique
péristaltisme	NOM	m	p	péristaltismes
péristyle	NOM	m	p	péristyles
péritoine	NOM	m	p	péritoines
péritonite	NOM	f	p	péritonites
péritonéal	ADJ	f	p	péritonéales
péritonéal	ADJ	m	p	péritonéaux
périurbain	ADJ	f	s	périurbaine
périurbain	ADJ	m	p	périurbains
périurbain	ADJ	m	s	périurbain
pérodictique	NOM	m	p	pérodictiques
péroniste	ADJ	f	p	péronistes
péroniste	ADJ	f	s	péroniste
péroniste	ADJ	m	p	péronistes
péronnelle	NOM	f	p	péronnelles
péroreur	NOM	m	p	péroreurs
pérot	NOM	m	p	pérots
péruvien	ADJ	f	p	péruviennes
pétainiste	ADJ	f	s	pétainiste
pétainiste	ADJ	m	p	pétainistes
pétaloïde	ADJ	f	p	pétaloïdes
pétaloïde	ADJ	f	s	pétaloïde
pétaloïde	ADJ	m	s	pétaloïde
pétanque	NOM	f	p	pétanques
pétardier	NOM	m	p	pétardiers
pétase	NOM	m	p	pétases
pétaudière	NOM	f	p	pétaudières
péteur	NOM	m	p	péteurs
péteur	NOM	m	p	péteuses
péteuse	NOM	f	p	péteuses
péteux	ADJ	f	p	péteuses
péteux	ADJ	m	p	péteuses
péteux	ADJ	m	s	péteux
pétiole	NOM	m	p	pétioles
pétochard	ADJ	f	p	pétochardes
pétochard	ADJ	f	s	pétocharde
pétochard	ADJ	m	p	pétochards
pétrel	NOM	m	p	pétrels
pétri	ADJ	f	p	pétries
pétrifiant	ADJ	m	p	pétrifiants
pétrifiant	ADJ	m	s	pétrifiant
pétrification	NOM	f	p	pétrifications
pétrissage	NOM	m	p	pétrissages
pétrisseur	NOM	m	p	pétrisseurs
pétrochimie	NOM	f	p	pétrochimies
pétrodollar	NOM	m	s	pétrodollar
pétrolette	NOM	f	p	pétrolettes
pétrousquin	NOM	m	p	pétrousquins
pétré	ADJ	f	p	pétrées
pétré	ADJ	m	p	pétrés
pétré	ADJ	m	s	pétré
pétulance	NOM	f	p	pétulances
pétéchial	ADJ	f	p	pétéchiales
pétéchial	ADJ	m	p	pétéchiaux
pétéchial	ADJ	m	s	pétéchial
pêne	NOM	m	p	pênes
quadrangle	NOM	m	p	quadrangles
quadrangulaire	ADJ	f	p	quadrangulaires
quadrangulaire	ADJ	m	s	quadrangulaire
quadrature	NOM	f	p	quadratures
quadridimensionnel	ADJ	f	p	quadridimensionnelles
quadridimensionnel	ADJ	f	s	quadridimensionnelle
quadridimensionnel	ADJ	m	p	quadridimensionnels
quadriennal	ADJ	f	p	quadriennales
quadriennal	ADJ	f	s	quadriennale
quadriennal	ADJ	m	p	quadriennaux
quadrige	NOM	m	p	quadriges
quadrillion	NOM	m	p	quadrillions
quadrilobé	ADJ	f	p	quadrilobées
quadrilobé	ADJ	f	s	quadrilobée
quadrilobé	ADJ	m	p	quadrilobés
quadrimestre	NOM	m	p	quadrimestres
quadrimoteur	ADJ	f	p	quadrimoteurs
quadrimoteur	ADJ	f	s	quadrimoteur
quadrimoteur	ADJ	m	p	quadrimoteurs
quadrimoteur	NOM	m	p	quadrimoteurs
quadriphonie	NOM	f	p	quadriphonies
quadriréacteur	NOM	m	p	quadriréacteurs
quadrivium	NOM	m	p	quadriviums
quadrumane	NOM	m	p	quadrumanes
quadruplé	NOM	m	s	quadruplé
quadruplée	NOM	f	s	quadruplée
quadrupède	ADJ	f	p	quadrupèdes
quadrupède	ADJ	f	s	quadrupède
quadrupède	ADJ	m	s	quadrupède
quakeresse	NOM	f	p	quakeresses
qualifiable	ADJ	f	p	qualifiables
qualifiable	ADJ	f	s	qualifiable
qualifiable	ADJ	m	p	qualifiables
qualitatif	ADJ	f	p	qualitatives
quantitatif	ADJ	m	p	quantitatifs
quarantenaire	ADJ	f	p	quarantenaires
quarantenaire	ADJ	f	s	quarantenaire
quarantenaire	ADJ	m	p	quarantenaires
quartaut	NOM	m	p	quartauts
quarte	NOM	f	p	quartes
quartenier	NOM	m	p	quarteniers
quartet	NOM	m	p	quartets
quartidi	NOM	m	p	quartidis
quarté	NOM	m	p	quartés
quasar	NOM	m	p	quasars
quasi	NOM	m	p	quasis
quaternaire	ADJ	f	p	quaternaires
quaternaire	ADJ	m	p	quaternaires
quaternaire	ADJ	m	s	quaternaire
quaternaire	NOM	m	p	quaternaires
quatrillion	NOM	m	p	quatrillions
quechua	NOM	m	p	quechuas
querelleur	ADJ	f	p	querelleuses
querelleur	ADJ	f	s	querelleuse
querelleux	ADJ	f	p	querelleuses
querelleux	ADJ	m	p	querelleuses
querelleux	ADJ	m	s	querelleux
questure	NOM	f	p	questures
quetzal	NOM	m	p	quetzals
quidam	NOM	m	p	quidams
quillard	NOM	m	s	quillard
quincaille	NOM	f	p	quincailles
quine	NOM	m	p	quines
quinine	NOM	f	p	quinines
quinoa	NOM	m	p	quinoas
quinqua	NOM	m	p	quinquas
quinquagénaire	ADJ	f	p	quinquagénaires
quinquagénaire	ADJ	f	s	quinquagénaire
quinquagénaire	ADJ	m	s	quinquagénaire
quinquagésime	NOM	f	p	quinquagésimes
quinquennal	ADJ	f	p	quinquennales
quinquennal	ADJ	f	s	quinquennale
quinquennal	ADJ	m	p	quinquennaux
quinquennat	NOM	m	p	quinquennats
quinquina	NOM	m	p	quinquinas
quintaine	NOM	f	p	quintaines
quintessence	NOM	f	p	quintessences
quintessencié	ADJ	m	p	quintessenciés
quintet	NOM	m	p	quintets
quinteux	ADJ	f	p	quinteuses
quinteux	ADJ	f	s	quinteuse
quinteux	ADJ	m	p	quinteux
quintidi	NOM	m	p	quintidis
quintolet	NOM	m	p	quintolets
quinton	NOM	m	p	quintons
quintuple	ADJ	f	s	quintuple
quintuple	ADJ	m	p	quintuples
quintuple	ADJ	m	s	quintuple
quintuplé	NOM	m	s	quintuplé
quintuplée	NOM	f	s	quintuplée
quinté	NOM	m	p	quintés
quipo	NOM	m	s	quipo
quipu	NOM	m	p	quipus
quiqui	NOM	m	p	quiquis
quiscale	NOM	m	p	quiscales
quiétisme	NOM	m	p	quiétismes
quorum	NOM	m	p	quorums
quotidienneté	NOM	f	p	quotidiennetés
quotité	NOM	f	p	quotités
québécois	ADJ	f	p	québécoises
québécois	ADJ	m	p	québécois
quêteur	ADJ	f	p	quêteuses
quêteur	ADJ	f	s	quêteuse
rabaissement	NOM	m	p	rabaissements
rabattant	ADJ	f	p	rabattantes
rabattant	ADJ	f	s	rabattante
rabattant	ADJ	m	p	rabattants
rabbi	NOM	m	p	rabbis
rabbinat	NOM	m	p	rabbinats
rabbinique	ADJ	f	p	rabbiniques
rabbinique	ADJ	f	s	rabbinique
rabbinique	ADJ	m	s	rabbinique
rabibochage	NOM	m	p	rabibochages
rabiot	NOM	m	p	rabiots
rabique	ADJ	f	p	rabiques
rabique	ADJ	m	p	rabiques
rabique	ADJ	m	s	rabique
rabotage	NOM	m	p	rabotages
raboteur	NOM	m	p	raboteurs
raboteux	ADJ	m	p	raboteux
raboteux	ADJ	m	s	raboteux
rabotin	NOM	m	p	rabotins
rabouin	NOM	m	p	rabouins
rabâcheur	ADJ	f	p	rabâcheuses
rabâcheur	ADJ	f	s	rabâcheuse
rabâcheur	ADJ	m	p	rabâcheurs
raccommodement	NOM	m	s	raccommodement
raccommodeur	NOM	m	s	raccommodeur
raccourci	ADJ	f	p	raccourcies
raccourci	ADJ	f	s	raccourcie
raccourcissement	NOM	m	p	raccourcissements
raccrocheur	ADJ	f	p	raccrocheuses
raccrocheur	ADJ	f	s	raccrocheuse
rachianesthésie	NOM	f	p	rachianesthésies
rachidien	ADJ	f	p	rachidiennes
rachidien	ADJ	m	p	rachidiens
rachitisme	NOM	m	p	rachitismes
racinien	ADJ	m	s	racinien
rack	NOM	m	p	racks
racketteur	NOM	m	p	racketteurs
raclage	NOM	m	s	raclage
racle	NOM	f	p	racles
raclette	NOM	f	p	raclettes
racleur	NOM	m	p	racleurs
racloir	NOM	m	p	racloirs
racontable	ADJ	m	p	racontables
racontable	ADJ	m	s	racontable
raconteur	NOM	m	p	raconteurs
racé	ADJ	f	p	racées
radiant	ADJ	f	p	radiantes
radiant	ADJ	m	p	radiants
radiant	NOM	m	p	radiants
radiatif	ADJ	f	p	radiatives
radiatif	ADJ	m	p	radiatifs
radiatif	ADJ	m	s	radiatif
radical	NOM	m	p	radicaux
radicalisation	NOM	f	p	radicalisations
radicalisme	NOM	m	p	radicalismes
radicelle	NOM	f	s	radicelle
radieux	ADJ	m	p	radieux
radieux	ADJ	m	s	radieux
radinerie	NOM	f	p	radineries
radioactivité	NOM	f	p	radioactivités
radioamateur	NOM	m	p	radioamateurs
radiobalisage	NOM	m	p	radiobalisages
radiobalise	NOM	f	p	radiobalises
radiocassette	NOM	f	p	radiocassettes
radiodiffusion	NOM	f	p	radiodiffusions
radiogoniomètre	NOM	m	p	radiogoniomètres
radiographique	ADJ	f	p	radiographiques
radiographique	ADJ	m	p	radiographiques
radiographique	ADJ	m	s	radiographique
radioguidage	NOM	m	p	radioguidages
radiologie	NOM	f	p	radiologies
radiologique	ADJ	m	p	radiologiques
radiologique	ADJ	m	s	radiologique
radiométrie	NOM	f	p	radiométries
radiophare	NOM	m	p	radiophares
radiophonie	NOM	f	p	radiophonies
radioréveil	NOM	m	p	radioréveils
radioscopie	NOM	f	p	radioscopies
radioscopique	ADJ	f	p	radioscopiques
radioscopique	ADJ	m	p	radioscopiques
radioscopique	ADJ	m	s	radioscopique
radiosonde	NOM	f	p	radiosondes
radiothérapie	NOM	f	p	radiothérapies
radiotélégraphie	NOM	f	p	radiotélégraphies
radiotéléphonie	NOM	f	p	radiotéléphonies
radioélément	NOM	m	p	radioéléments
radium	NOM	m	p	radiums
radié	ADJ	f	p	radiées
radja	NOM	m	p	radjas
radon	NOM	m	p	radons
radoteur	ADJ	f	s	radoteuse
radoteur	ADJ	m	p	radoteurs
radoub	NOM	m	p	radoubs
radoucissement	NOM	m	p	radoucissements
radôme	NOM	m	p	radômes
raffinage	NOM	m	p	raffinages
raffineur	NOM	m	p	raffineurs
rafiau	NOM	m	p	rafiaux
rafraîchisseur	NOM	m	p	rafraîchisseurs
raft	NOM	m	p	rafts
rafting	NOM	m	p	raftings
raga	NOM	m	p	raga
rageant	ADJ	f	p	rageantes
rageant	ADJ	f	s	rageante
rageant	ADJ	m	p	rageants
ragondin	NOM	m	s	ragondin
ragot	ADJ	f	p	ragotes
ragot	ADJ	f	s	ragote
ragtime	NOM	m	p	ragtimes
raifort	NOM	m	p	raiforts
railway	NOM	m	p	railways
rain	NOM	m	p	rains
raineuse	NOM	f	p	raineuses
raiponce	NOM	f	p	raiponces
raisiné	NOM	m	p	raisinés
raisonnant	ADJ	f	p	raisonnantes
raisonnant	ADJ	m	p	raisonnants
raisonnant	ADJ	m	s	raisonnant
raisonneur	ADJ	f	p	raisonneuses
raisonné	ADJ	f	p	raisonnées
raisonné	ADJ	m	p	raisonnés
raja	NOM	m	p	rajas
rajeunissant	ADJ	f	p	rajeunissantes
rajeunissant	ADJ	m	p	rajeunissants
rajeunissement	NOM	m	p	rajeunissements
rajeunisseur	NOM	m	s	rajeunisseur
rajustement	NOM	m	p	rajustements
raki	NOM	m	p	rakis
rallié	ADJ	f	p	ralliées
rallié	ADJ	f	s	ralliée
rallongement	NOM	m	p	rallongements
rallumage	NOM	m	p	rallumages
ramadan	NOM	m	p	ramadans
rambin	NOM	m	p	rambins
rambineur	NOM	m	p	rambineurs
rambour	NOM	m	p	rambours
ramenard	ADJ	f	p	ramenardes
ramenard	ADJ	f	s	ramenarde
ramenard	NOM	m	p	ramenards
ramette	NOM	f	p	ramettes
ramie	NOM	f	s	ramie
ramollissement	NOM	m	p	ramollissements
ramollo	ADJ	f	p	ramollos
ramollo	ADJ	f	s	ramollo
ramponneau	NOM	m	p	ramponneaux
ranatre	NOM	f	s	ranatre
ranche	NOM	f	p	ranches
rancho	NOM	m	p	ranchos
ranci	NOM	m	p	rancis
rancio	NOM	m	p	rancio
rancio	NOM	m	p	rancios
rancissure	NOM	f	p	rancissures
rancuneux	ADJ	f	s	rancuneuse
rancuneux	ADJ	m	p	rancuneux
rancuneux	ADJ	m	s	rancuneux
rani	NOM	f	p	ranis
ranimation	NOM	f	p	ranimations
rançonnement	NOM	m	p	rançonnements
rançonneur	NOM	m	s	rançonneur
rap	NOM	m	p	raps
rapacité	NOM	f	p	rapacités
rapatrié	ADJ	f	p	rapatriées
rapatrié	ADJ	f	s	rapatriée
rapatrié	ADJ	m	s	rapatrié
rapetasseur	NOM	m	p	rapetasseurs
rapetissement	NOM	m	p	rapetissements
raphaélesque	ADJ	f	p	raphaélesques
raphaélesque	ADJ	m	p	raphaélesques
raphaélesque	ADJ	m	s	raphaélesque
raphia	NOM	m	p	raphias
raphé	NOM	m	p	raphés
rapiat	ADJ	f	p	rapiates
rapiat	ADJ	f	s	rapiate
rapiat	ADJ	m	p	rapiats
rapière	NOM	f	p	rapières
rappelé	ADJ	f	p	rappelées
rapportage	NOM	m	p	rapportages
rapporteur	ADJ	m	p	rapporteurs
rapprocheur	NOM	m	p	rapprocheurs
rapsodie	NOM	f	p	rapsodies
raréfaction	NOM	f	p	raréfactions
raréfié	ADJ	m	p	raréfiés
ras	ADJ	m	p	ras
ras	ADJ	m	s	ras
raseur	ADJ	f	p	raseuses
raseur	ADJ	f	s	raseuse
rash	NOM	m	p	rashes
rash	NOM	m	p	rashs
rassasiant	ADJ	f	s	rassasiante
rassasiant	ADJ	m	p	rassasiants
rasse	NOM	f	p	rasses
rassembleur	NOM	m	p	rassembleurs
rassis	ADJ	f	p	rassises
rassis	ADJ	m	p	rassis
rassis	ADJ	m	s	rassis
rassortiment	NOM	m	p	rassortiments
rastafari	ADJ	f	p	rastafaris
rastafari	ADJ	f	s	rastafari
rastafari	ADJ	m	p	rastafaris
rastafari	NOM	m	p	rastafaris
rata	NOM	m	p	ratas
ratafia	NOM	m	p	ratafias
raticide	NOM	m	p	raticides
ratier	NOM	m	p	ratiers
ratification	NOM	f	p	ratifications
ratine	NOM	f	p	ratines
ratio	NOM	m	p	ratios
ratiocineur	NOM	m	p	ratiocineurs
rational	NOM	m	p	rationals
rational	NOM	m	p	rationaux
rationalisation	NOM	f	p	rationalisations
rationalisme	NOM	m	p	rationalismes
rationaliste	ADJ	f	s	rationaliste
rationaliste	ADJ	m	p	rationalistes
rationaliste	ADJ	m	s	rationaliste
rationalisé	ADJ	f	p	rationalisées
rationalisé	ADJ	m	p	rationalisés
rationalisé	ADJ	m	s	rationalisé
rationalité	NOM	f	p	rationalités
rationnement	NOM	m	p	rationnements
ratissage	NOM	m	p	ratissages
ratisseur	ADJ	f	p	ratisseuses
ratisseur	ADJ	f	s	ratisseuse
ratisseur	ADJ	m	p	ratisseurs
rattachement	NOM	m	p	rattachements
ratte	NOM	f	p	rattes
raucité	NOM	f	p	raucités
rauquement	NOM	m	p	rauquements
ravageant	ADJ	f	p	ravageantes
ravageant	ADJ	m	p	ravageants
raval	NOM	m	p	ravals
ravalement	NOM	m	p	ravalements
ravaleur	NOM	m	p	ravaleurs
ravaudage	NOM	m	p	ravaudages
ravenelle	NOM	f	s	ravenelle
ravigotant	ADJ	f	p	ravigotantes
ravigotant	ADJ	f	s	ravigotante
ravigote	NOM	f	p	ravigotes
ravivement	NOM	m	p	ravivements
rayonneur	NOM	m	p	rayonneurs
raïa	NOM	m	p	raïas
rebab	NOM	m	p	rebabs
rebec	NOM	m	p	rebecs
reboisement	NOM	m	p	reboisements
reboule	NOM	f	p	reboules
rebroussement	NOM	m	p	rebroussements
recalage	NOM	m	p	recalages
recalé	ADJ	f	p	recalées
recel	NOM	m	p	recels
recenseur	NOM	m	p	recenseurs
recension	NOM	f	p	recensions
recentrage	NOM	m	p	recentrages
recevabilité	NOM	f	p	recevabilité
recevabilité	NOM	f	p	recevabilités
recevable	ADJ	f	s	recevable
recevable	ADJ	m	p	recevables
recevable	ADJ	m	s	recevable
rechampi	NOM	m	p	rechampis
rechargeable	ADJ	f	p	rechargeables
rechargeable	ADJ	f	s	rechargeable
rechargeable	ADJ	m	p	rechargeables
rechargement	NOM	m	p	rechargements
reclassement	NOM	m	p	reclassements
reclus	ADJ	m	p	reclus
reclus	ADJ	m	s	reclus
recodage	NOM	m	p	recodages
recognition	NOM	f	p	recognitions
recollage	NOM	m	p	recollages
recoloration	NOM	f	p	recolorations
recombinaison	NOM	f	p	recombinaisons
recombinant	ADJ	f	p	recombinantes
recombinant	ADJ	f	s	recombinante
recombinant	ADJ	m	p	recombinants
recomposition	NOM	f	p	recompositions
reconditionnement	NOM	m	p	reconditionnements
reconduction	NOM	f	p	reconductions
reconfiguration	NOM	f	p	reconfigurations
reconquis	ADJ	m	p	reconquis
reconquis	ADJ	m	s	reconquis
reconquête	NOM	f	p	reconquêtes
reconstructeur	ADJ	f	p	reconstructrices
reconstructeur	ADJ	m	p	reconstructeurs
reconstructeur	ADJ	m	s	reconstructeur
reconstructeur	NOM	m	p	reconstructeurs
reconventionnel	ADJ	f	p	reconventionnelles
reconventionnel	ADJ	m	p	reconventionnels
reconventionnel	ADJ	m	s	reconventionnel
reconversion	NOM	f	p	reconversions
recopiage	NOM	m	p	recopiages
recouvrable	ADJ	f	s	recouvrable
recouvrable	ADJ	m	p	recouvrables
recouvrable	ADJ	m	s	recouvrable
recouvrance	NOM	f	p	recouvrances
recouvrant	ADJ	f	p	recouvrantes
recouvrant	ADJ	f	s	recouvrante
recouvrant	ADJ	m	p	recouvrants
recouvrement	NOM	m	p	recouvrements
recroquevillement	NOM	m	p	recroquevillements
recrudescence	NOM	f	p	recrudescences
recrudescent	ADJ	f	p	recrudescentes
recrudescent	ADJ	m	p	recrudescents
recrudescent	ADJ	m	s	recrudescent
recrutement	NOM	m	p	recrutements
recréation	NOM	f	p	recréations
rectal	ADJ	f	p	rectales
rectangle	ADJ	f	p	rectangles
rectangle	ADJ	f	s	rectangle
rectangle	ADJ	m	s	rectangle
recteur	ADJ	f	p	rectrices
recteur	ADJ	f	s	rectrice
rectificatif	NOM	m	p	rectificatifs
rectilinéaire	ADJ	f	p	rectilinéaires
rectilinéaire	ADJ	f	s	rectilinéaire
rectilinéaire	ADJ	m	p	rectilinéaires
rectitude	NOM	f	p	rectitudes
rectorat	NOM	m	p	rectorats
rectum	NOM	m	p	rectums
recuisson	NOM	f	p	recuissons
recyclage	NOM	m	p	recyclages
recépage	NOM	m	s	recépage
redan	NOM	m	p	redans
reddition	NOM	f	p	redditions
redent	NOM	m	s	redent
redescente	NOM	f	p	redescentes
redoublant	ADJ	f	p	redoublantes
redoublant	ADJ	f	s	redoublante
redoublant	ADJ	m	p	redoublants
redoublant	NOM	m	s	redoublant
redoublement	NOM	m	p	redoublements
redresseur	ADJ	f	p	redresseuses
redresseur	ADJ	m	p	redresseurs
redécoupage	NOM	m	p	redécoupages
redécouvert	ADJ	f	p	redécouvertes
redécouvert	ADJ	f	s	redécouverte
redécouvert	ADJ	m	s	redécouvert
redécouverte	NOM	f	p	redécouvertes
redéfinition	NOM	f	p	redéfinitions
redémarrage	NOM	m	p	redémarrages
redéploiement	NOM	m	p	redéploiements
referendum	NOM	m	p	referendums
refinancement	NOM	m	p	refinancements
reflex	ADJ	f	p	reflex
reflex	ADJ	f	s	reflex
reflex	ADJ	m	p	reflex
refonte	NOM	f	p	refontes
reformation	NOM	f	p	reformations
reformulation	NOM	f	p	reformulations
refoulant	ADJ	f	p	refoulantes
refoulant	ADJ	m	p	refoulants
refouloir	NOM	m	p	refouloirs
refroidissant	ADJ	f	p	refroidissantes
refroidissant	ADJ	f	s	refroidissante
refroidissant	ADJ	m	p	refroidissants
refroidissement	NOM	m	p	refroidissements
refroidisseur	NOM	m	p	refroidisseurs
refuite	NOM	f	s	refuite
reg	NOM	m	p	regs
regardant	ADJ	f	p	regardantes
regardeur	NOM	m	p	regardeurs
regimbement	NOM	m	s	regimbement
regonflage	NOM	m	p	regonflages
rehaussement	NOM	m	p	rehaussements
rehausseur	ADJ	f	p	rehausseuses
rehausseur	ADJ	f	s	rehausseuse
rehausseur	ADJ	m	p	rehausseurs
rehausseur	NOM	m	p	rehausseurs
reichstag	NOM	m	p	reichstags
rejaillissement	NOM	m	s	rejaillissement
rejoint	ADJ	f	p	rejointes
rejoint	ADJ	f	s	rejointe
relancement	NOM	m	p	relancements
relanceur	NOM	m	p	relanceurs
relaps	ADJ	m	p	relaps
relative	NOM	f	p	relatives
relativisation	NOM	f	p	relativisations
relativisme	NOM	m	p	relativismes
relativiste	ADJ	f	p	relativistes
relativiste	ADJ	m	p	relativistes
relativiste	ADJ	m	s	relativiste
relativité	NOM	f	p	relativités
relaxation	NOM	f	p	relaxations
relayeur	NOM	m	p	relayeurs
relecture	NOM	f	p	relectures
relevable	ADJ	f	p	relevables
relevable	ADJ	f	s	relevable
relevable	ADJ	m	p	relevables
relevant	ADJ	f	p	relevantes
relevant	ADJ	f	s	relevante
relevant	ADJ	m	p	relevants
releveur	ADJ	f	p	releveuses
releveur	ADJ	f	s	releveuse
reliage	NOM	m	p	reliages
religieux	ADJ	m	p	religieux
religieux	ADJ	m	s	religieux
religiosité	NOM	f	p	religiosités
relu	ADJ	f	p	relues
relégation	NOM	f	p	relégations
remaillage	NOM	m	p	remaillages
remake	NOM	m	p	remakes
remariage	NOM	m	p	remariages
remarque	NOM	f	s	remarque
remballage	NOM	m	p	remballages
remblaiement	NOM	m	p	remblaiements
rembobinage	NOM	m	p	rembobinages
remembrance	NOM	f	p	remembrances
remembrement	NOM	m	p	remembrements
remis	ADJ	m	p	remis
remmailleuse	NOM	f	s	remmailleuse
remodelage	NOM	m	p	remodelages
remontage	NOM	m	p	remontages
remontant	ADJ	f	s	remontante
remontoir	NOM	m	p	remontoirs
remorquage	NOM	m	p	remorquages
remorqueur	ADJ	f	p	remorqueuses
remplaçable	ADJ	f	p	remplaçables
remplaçable	ADJ	f	s	remplaçable
remplaçable	ADJ	m	s	remplaçable
remplissage	NOM	m	p	remplissages
remplisseur	NOM	m	p	remplisseurs
remploi	NOM	m	p	remplois
remuage	NOM	m	p	remuages
remédiable	ADJ	f	p	remédiables
remédiable	ADJ	f	s	remédiable
remédiable	ADJ	m	p	remédiables
remémoratif	ADJ	f	p	remémoratives
remémoratif	ADJ	m	p	remémoratifs
remémoratif	ADJ	m	s	remémoratif
remémoration	NOM	f	p	remémorations
renaudeur	NOM	m	p	renaudeurs
renfermement	NOM	m	p	renfermements
renfermé	ADJ	f	p	renfermées
renflouage	NOM	m	p	renflouages
renflouement	NOM	m	p	renflouements
renflé	ADJ	m	p	renflés
renfrognement	NOM	m	p	renfrognements
renfrogné	ADJ	f	p	renfrognées
rengagement	NOM	m	p	rengagements
rengagé	NOM	m	s	rengagé
reniflage	NOM	m	p	reniflages
reniflerie	NOM	f	s	reniflerie
renifleur	ADJ	f	p	renifleuses
rennais	ADJ	f	s	rennaise
rennais	ADJ	m	p	rennaises
rennais	ADJ	m	s	rennais
renom	NOM	m	p	renoms
renommée	NOM	f	p	renommées
renonciateur	NOM	m	p	renonciateurs
renonculacée	NOM	f	s	renonculacée
renouée	NOM	f	p	renouées
rentabilisation	NOM	f	p	rentabilisations
rentabilité	NOM	f	p	rentabilités
rentoilage	NOM	m	s	rentoilage
rentré	ADJ	f	p	rentrées
rentré	ADJ	f	s	rentrée
renversant	ADJ	m	p	renversants
renverse	NOM	f	p	renverses
renverseur	NOM	m	p	renverseurs
renégociation	NOM	f	p	renégociations
rep	NOM	m	p	reps
repasseur	NOM	m	p	repasseurs
repavage	NOM	m	p	repavages
repentance	NOM	f	p	repentances
repeuplement	NOM	m	p	repeuplements
repiquage	NOM	m	p	repiquages
repique	NOM	f	p	repiques
replacement	NOM	m	p	replacements
replantation	NOM	f	p	replantations
repliement	NOM	m	p	repliements
replâtrage	NOM	m	p	replâtrages
reposé	ADJ	f	p	reposées
reposé	ADJ	f	s	reposée
repoussage	NOM	m	p	repoussages
repoussé	ADJ	f	p	repoussées
repoussé	ADJ	f	s	repoussée
repris	ADJ	m	p	repris
repris	ADJ	m	s	repris
reproductible	ADJ	f	p	reproductibles
reproductible	ADJ	f	s	reproductible
reproductible	ADJ	m	p	reproductibles
reproductif	ADJ	f	p	reproductives
reprographie	NOM	f	p	reprographies
représaille	NOM	f	s	représaille
repérable	ADJ	f	s	repérable
repérable	ADJ	m	p	repérables
repérable	ADJ	m	s	repérable
requiem	NOM	m	p	requiems
requis	ADJ	m	p	requis
requis	ADJ	m	s	requis
rescision	NOM	f	p	rescisions
rescousse	NOM	f	p	rescousses
rescrit	NOM	m	p	rescrits
resocialisation	NOM	f	p	resocialisations
respectabilité	NOM	f	p	respectabilités
respectueux	ADJ	m	p	respectueux
respectueux	ADJ	m	s	respectueux
respir	NOM	m	p	respirs
respirable	ADJ	f	p	respirables
respirable	ADJ	f	s	respirable
respirable	ADJ	m	s	respirable
resplendissement	NOM	m	p	resplendissements
responsabilisation	NOM	f	p	responsabilisations
resquille	NOM	f	p	resquilles
resquilleur	ADJ	f	p	resquilleuses
resquilleur	ADJ	f	s	resquilleuse
resquilleur	ADJ	m	p	resquilleurs
ressaisissement	NOM	m	p	ressaisissements
ressassement	NOM	m	p	ressassements
ressasseur	NOM	m	p	ressasseurs
resserrage	NOM	m	p	resserrages
resserrement	NOM	m	p	resserrements
ressourcement	NOM	m	p	ressourcements
ressui	NOM	m	p	ressuis
restauroute	NOM	m	p	restauroutes
restitution	NOM	f	p	restitutions
restoroute	NOM	m	p	restoroutes
restrictif	ADJ	m	p	restrictifs
resucée	NOM	f	p	resucées
retape	NOM	f	p	retapes
retapeur	NOM	m	p	retapeurs
retardataire	ADJ	f	p	retardataires
retardataire	ADJ	f	s	retardataire
retardataire	ADJ	m	s	retardataire
retardateur	NOM	m	p	retardateurs
retardement	NOM	m	p	retardements
retentissement	NOM	m	p	retentissements
retirable	ADJ	f	p	retirables
retirable	ADJ	m	p	retirables
retirable	ADJ	m	s	retirable
retirement	NOM	m	p	retirements
retombant	ADJ	m	p	retombants
retombe	NOM	f	p	retombes
retombement	NOM	m	p	retombements
retors	ADJ	m	p	retors
retors	ADJ	m	s	retors
retoucheur	NOM	m	p	retoucheurs
retraduction	NOM	f	p	retraductions
retraitement	NOM	m	p	retraitements
retranscription	NOM	f	p	retranscriptions
retreinte	NOM	f	p	retreintes
retriever	NOM	m	p	retrievers
retroussage	NOM	m	p	retroussages
revalidation	NOM	f	p	revalidations
revalorisation	NOM	f	p	revalorisations
revanchard	ADJ	m	p	revanchards
revenant	ADJ	f	p	revenantes
revendicateur	ADJ	m	p	revendicateurs
revendicateur	NOM	m	s	revendicateur
revient	NOM	m	p	revient
revient	NOM	m	p	revients
revigorant	ADJ	m	p	revigorants
revitalisant	ADJ	f	p	revitalisantes
revitalisant	ADJ	f	s	revitalisante
revitalisant	ADJ	m	p	revitalisants
revitalisation	NOM	f	p	revitalisations
revival	NOM	m	p	revivals
reviviscence	NOM	f	p	reviviscences
revoir	NOM	m	p	revoirs
revoyure	NOM	f	p	revoyures
rexiste	ADJ	f	p	rexistes
rexiste	ADJ	m	p	rexistes
rexiste	ADJ	m	s	rexiste
rhabillage	NOM	m	p	rhabillages
rhabilleur	NOM	m	p	rhabilleurs
rhingrave	NOM	m	s	rhingrave
rhinoplastie	NOM	f	p	rhinoplasties
rhinoscopie	NOM	f	p	rhinoscopies
rhizome	NOM	m	p	rhizomes
rho	NOM	m	p	rhos
rhodamine	NOM	f	p	rhodamines
rhodanien	ADJ	f	p	rhodaniennes
rhodanien	ADJ	f	s	rhodanienne
rhodanien	ADJ	m	p	rhodaniens
rhodia	NOM	m	p	rhodias
rhodium	NOM	m	p	rhodiums
rhodoïd	NOM	m	p	rhodoïds
rhombe	NOM	m	p	rhombes
rhomboïdal	ADJ	f	p	rhomboïdales
rhomboïdal	ADJ	f	s	rhomboïdale
rhomboïdal	ADJ	m	p	rhomboïdaux
rhomboïde	NOM	m	s	rhomboïde
rhovyl	NOM	m	p	rhovyls
rhum	NOM	m	p	rhums
rhumatisant	ADJ	f	p	rhumatisantes
rhumatismal	ADJ	m	p	rhumatismaux
rhumatologie	NOM	f	p	rhumatologies
rhumatoïde	ADJ	f	p	rhumatoïdes
rhumatoïde	ADJ	m	p	rhumatoïdes
rhumatoïde	ADJ	m	s	rhumatoïde
rhumb	NOM	m	s	rhumb
rhumerie	NOM	f	p	rhumeries
rhynchite	NOM	m	s	rhynchite
rhyolite	NOM	f	p	rhyolites
rhénan	ADJ	f	p	rhénanes
rhéostat	NOM	m	p	rhéostats
rhétoricien	ADJ	f	p	rhétoriciennes
rhétoricien	ADJ	f	s	rhétoricienne
rhétoricien	ADJ	m	p	rhétoriciens
rhétorique	ADJ	f	s	rhétorique
rhétorique	ADJ	m	p	rhétoriques
rhétorique	ADJ	m	s	rhétorique
ribaud	ADJ	m	p	ribauds
ribaud	ADJ	m	s	ribaud
ribleur	NOM	m	p	ribleurs
riboflavine	NOM	f	p	riboflavines
ribosome	NOM	m	s	ribosome
riboteur	NOM	m	p	riboteurs
riboulant	ADJ	f	p	riboulantes
riboulant	ADJ	f	s	riboulante
riboulant	ADJ	m	s	riboulant
ribouldingue	NOM	f	p	ribouldingues
ricaneur	ADJ	f	p	ricaneuses
richissime	ADJ	f	s	richissime
richissime	ADJ	m	p	richissimes
richissime	ADJ	m	s	richissime
richomme	NOM	m	p	richommes
ricin	NOM	m	p	ricins
ricotta	NOM	f	p	ricottas
ridiculisation	NOM	f	p	ridiculisations
ridiculité	NOM	f	s	ridiculité
riel	NOM	m	p	riels
riesling	NOM	m	p	rieslings
rieur	ADJ	f	p	rieuses
rieur	ADJ	f	s	rieuse
rif	NOM	m	p	rifs
rififi	NOM	m	p	rififis
riflard	NOM	m	p	riflards
riflette	NOM	f	p	riflettes
rift	NOM	m	p	rifts
rigodon	NOM	m	p	rigodons
rigolage	NOM	m	p	rigolages
rigoleur	ADJ	f	p	rigoleuses
rigoleur	ADJ	f	s	rigoleuse
rigoleur	ADJ	m	p	rigoleurs
rigollot	NOM	m	p	rigollots
rigorisme	NOM	m	p	rigorismes
rigoriste	ADJ	f	p	rigoristes
rigoriste	ADJ	m	p	rigoristes
rigoriste	ADJ	m	s	rigoriste
rigoureux	ADJ	m	p	rigoureux
rigoureux	ADJ	m	s	rigoureux
rikiki	ADJ	f	p	rikiki
rikiki	ADJ	f	s	rikiki
rikiki	ADJ	m	p	rikiki
rimaye	NOM	f	p	rimayes
rimbaldien	ADJ	f	p	rimbaldiennes
rimbaldien	ADJ	f	s	rimbaldienne
rimbaldien	ADJ	m	p	rimbaldiens
rimmel	NOM	m	p	rimmels
rincette	NOM	f	p	rincettes
rinceur	NOM	m	p	rinceurs
rincée	NOM	f	p	rincées
rink	NOM	m	p	rinks
ripolin	NOM	m	p	ripolins
ripper	NOM	m	p	rippers
rise	NOM	f	p	rises
risotto	NOM	m	p	risottos
ritualisation	NOM	f	p	ritualisations
ritualiste	ADJ	f	p	ritualistes
ritualiste	ADJ	f	s	ritualiste
riverain	ADJ	f	s	riveraine
riverain	ADJ	m	s	riverain
rivetage	NOM	m	p	rivetages
riveteuse	NOM	f	p	riveteuses
rivoir	NOM	m	p	rivoirs
rixdale	NOM	f	s	rixdale
robette	NOM	f	p	robettes
robinetterie	NOM	f	p	robinetteries
robinier	NOM	m	s	robinier
robinson	NOM	m	s	robinson
roboratif	ADJ	m	p	roboratifs
roburite	NOM	f	p	roburites
robustesse	NOM	f	p	robustesses
rocailleux	ADJ	m	p	rocailleux
rocailleux	ADJ	m	s	rocailleux
rocambole	NOM	f	p	rocamboles
rochassier	NOM	m	p	rochassiers
rochet	NOM	m	p	rochets
rocheux	ADJ	m	p	rocheux
rocheux	ADJ	m	s	rocheux
rochier	NOM	m	s	rochier
rodeo	NOM	m	p	rodeos
rodomontade	NOM	f	s	rodomontade
roentgen	NOM	m	s	attoroentgen
roentgen	NOM	m	s	centiroentgen
roentgen	NOM	m	s	décaroentgen
roentgen	NOM	m	s	déciroentgen
roentgen	NOM	m	s	exaroentgen
roentgen	NOM	m	s	femtoroentgen
roentgen	NOM	m	s	gigaroentgen
roentgen	NOM	m	s	hectoroentgen
roentgen	NOM	m	s	kiloroentgen
roentgen	NOM	m	s	microroentgen
roentgen	NOM	m	s	milliroentgen
roentgen	NOM	m	s	mégaroentgen
roentgen	NOM	m	s	nanoroentgen
roentgen	NOM	m	s	petaroentgen
roentgen	NOM	m	s	picoroentgen
roentgen	NOM	m	s	pétaroentgen
roentgen	NOM	m	s	roentgen
roentgen	NOM	m	s	téraroentgen
roentgen	NOM	m	s	yoctoroentgen
roentgen	NOM	m	s	yottaroentgen
roentgen	NOM	m	s	zeptoroentgen
roentgen	NOM	m	s	zettaroentgen
rogation	NOM	f	s	rogation
rogatoire	ADJ	m	p	rogatoires
rogatoire	ADJ	m	s	rogatoire
rogneux	ADJ	f	p	rogneuses
rogneux	ADJ	f	s	rogneuse
rogneux	ADJ	m	s	rogneux
rogue	ADJ	f	p	rogues
rogue	ADJ	f	s	rogue
rogue	ADJ	m	s	rogue
roideur	NOM	f	p	roideurs
romancero	NOM	m	p	romanceros
romanche	NOM	m	p	romanches
romancé	ADJ	m	p	romancés
romand	ADJ	f	p	romandes
romand	ADJ	m	p	romands
romand	ADJ	m	s	romand
romani	NOM	m	p	romanis
romanisation	NOM	f	p	romanisations
romanité	NOM	f	p	romanités
romanticisme	NOM	m	p	romanticismes
romarin	NOM	m	p	romarins
rombière	NOM	f	s	rombière
ronchon	ADJ	f	p	ronchonnes
ronchon	ADJ	f	p	ronchons
ronchon	ADJ	m	p	ronchons
ronchon	NOM	m	p	ronchons
ronchonneur	ADJ	f	p	ronchonneuses
ronchonneur	ADJ	m	p	ronchonneurs
ronchonneur	ADJ	m	s	ronchonneur
ronchonneur	NOM	m	p	ronchonneurs
ronchonnot	NOM	m	p	ronchonnots
rondache	NOM	f	p	rondaches
rondeau	NOM	m	p	rondeaux
rondelet	ADJ	m	p	rondelets
rondelet	NOM	m	p	rondelets
rondouillard	ADJ	f	p	rondouillardes
rongeant	ADJ	m	p	rongeants
rongement	NOM	m	p	rongements
ronéo	NOM	f	p	ronéos
roof	NOM	m	p	roofs
roquefort	NOM	m	p	roqueforts
roquentin	NOM	m	p	roquentins
rosage	NOM	m	s	rosage
rosat	ADJ	f	p	rosat
rosat	ADJ	m	p	rosat
rosat	ADJ	m	s	rosat
rosicrucien	ADJ	f	p	rosicruciennes
rosicrucien	ADJ	f	s	rosicrucienne
rosicrucien	NOM	m	s	rosicrucien
rosière	NOM	f	p	rosières
rosse	ADJ	m	p	rosses
rosse	ADJ	m	s	rosse
rossée	NOM	f	p	rossées
rosé	ADJ	f	p	rosées
rosé	ADJ	f	s	rosée
roséole	NOM	f	p	roséoles
rotarien	ADJ	f	p	rotariennes
rotarien	ADJ	f	s	rotarienne
rotarien	ADJ	m	s	rotarien
rotary	NOM	m	p	rotarys
rotateur	ADJ	f	p	rotatrices
rotateur	ADJ	f	s	rotatrice
rotateur	ADJ	m	p	rotateurs
rotationnel	ADJ	f	p	rotationnelles
rotationnel	ADJ	f	s	rotationnelle
rotationnel	ADJ	m	p	rotationnels
rotatoire	ADJ	f	p	rotatoires
rotatoire	ADJ	f	s	rotatoire
rotatoire	ADJ	m	p	rotatoires
rote	NOM	f	p	rotes
rotengle	NOM	m	s	rotengle
roteur	NOM	m	p	roteurs
rotin	NOM	m	p	rotins
rotonde	NOM	f	p	rotondes
rotulien	ADJ	f	p	rotuliennes
rotulien	ADJ	f	s	rotulienne
rotulien	ADJ	m	p	rotuliens
roture	NOM	f	p	rotures
roturier	ADJ	f	p	roturières
roturier	ADJ	m	p	roturiers
roténone	NOM	f	p	roténones
rouan	ADJ	f	p	rouannes
rouan	ADJ	f	s	rouanne
rouan	ADJ	m	p	rouans
rouan	NOM	m	p	rouans
roublard	ADJ	m	p	roublards
roublard	NOM	m	p	roublards
roucouleur	ADJ	f	p	roucouleuses
roucouleur	ADJ	f	s	roucouleuse
roucouleur	ADJ	m	p	roucouleurs
rouelle	NOM	f	p	rouelles
rouennais	ADJ	f	p	rouennaises
rouennais	ADJ	m	p	rouennaises
rouennais	ADJ	m	s	rouennais
rouennerie	NOM	f	s	rouennerie
rouergat	ADJ	f	p	rouergates
rouergat	ADJ	f	s	rouergate
rouergat	ADJ	m	p	rouergats
rouet	NOM	m	p	rouets
rouf	NOM	m	p	roufs
rouflaquette	NOM	f	s	rouflaquette
rougeaud	NOM	m	p	rougeauds
rougeole	NOM	f	p	rougeoles
rouillarde	NOM	f	p	rouillardes
rouillure	NOM	f	s	rouillure
rouleur	ADJ	m	p	rouleurs
roulottier	NOM	m	s	roulottier
roupette	NOM	f	p	roupettes
rouspétance	NOM	f	p	rouspétances
rouspéteur	ADJ	f	p	rouspéteuses
rouspéteur	ADJ	f	s	rouspéteuse
rousseauiste	ADJ	f	p	rousseauistes
rousseauiste	ADJ	m	p	rousseauistes
rousseauiste	ADJ	m	s	rousseauiste
rousserolle	NOM	f	p	rousserolles
roussissure	NOM	f	s	roussissure
rouston	NOM	m	p	roustons
routage	NOM	m	p	routages
routin	NOM	m	p	routins
roux	ADJ	m	p	roux
roux	ADJ	m	s	roux
roué	ADJ	f	p	rouées
royale	NOM	f	p	royales
royaliste	ADJ	f	p	royalistes
royaliste	ADJ	f	s	royaliste
royaliste	ADJ	m	s	royaliste
royalty	NOM	f	p	royalties
royalty	NOM	f	p	royalty
rubican	ADJ	m	p	rubicans
rubénien	ADJ	f	p	rubéniennes
rubénien	ADJ	m	p	rubéniens
rubénien	ADJ	m	s	rubénien
rubéole	NOM	f	p	rubéoles
ruché	NOM	m	p	ruchés
rucksack	NOM	m	p	rucksacks
rue	NOM	f	p	rues
rugby	NOM	m	p	rugbys
rugueux	ADJ	m	p	rugueux
rugueux	ADJ	m	s	rugueux
ruineux	ADJ	m	p	ruineux
ruineux	ADJ	m	s	ruineux
ruminant	ADJ	f	p	ruminantes
rumsteck	NOM	m	p	rumstecks
runique	ADJ	f	p	runiques
runique	ADJ	m	s	runique
rupin	ADJ	f	p	rupines
rupteur	NOM	m	p	rupteurs
rural	NOM	m	p	rural
rural	NOM	m	p	ruraux
russification	NOM	f	p	russifications
russophone	ADJ	f	p	russophones
russophone	ADJ	f	s	russophone
russophone	ADJ	m	p	russophones
russule	NOM	f	s	russule
rusticité	NOM	f	p	rusticités
rustre	ADJ	f	s	rustre
rustre	ADJ	m	p	rustres
rustre	ADJ	m	s	rustre
rut	NOM	m	p	ruts
rutilance	NOM	f	s	rutilance
râble	NOM	m	p	râbles
râblé	ADJ	f	p	râblées
râlant	ADJ	f	p	râlantes
râlant	ADJ	m	p	râlants
râlement	NOM	m	p	râlements
râleur	ADJ	f	p	râleuses
râleur	ADJ	f	s	râleuse
râleux	ADJ	m	s	râleux
râpeux	ADJ	m	p	râpeux
râpeux	ADJ	m	s	râpeux
râpé	NOM	m	p	râpés
réa	NOM	m	p	réas
réabonnement	NOM	m	p	réabonnements
réabsorption	NOM	f	p	réabsorptions
réac	ADJ	f	p	réacs
réac	ADJ	f	s	réac
réactant	NOM	m	p	réactants
réactionnel	ADJ	f	p	réactionnelles
réactionnel	ADJ	f	s	réactionnelle
réactionnel	ADJ	m	p	réactionnels
réactivation	NOM	f	p	réactivations
réactivité	NOM	f	p	réactivités
réactualisation	NOM	f	p	réactualisations
réadaptation	NOM	f	p	réadaptations
réadmission	NOM	f	p	réadmissions
réaffectation	NOM	f	p	réaffectations
réaffirmation	NOM	f	p	réaffirmations
réagencement	NOM	m	p	réagencements
réal	ADJ	f	p	réales
réal	ADJ	f	s	réale
réal	ADJ	m	s	réal
réal	NOM	m	p	réaux
réalignement	NOM	m	p	réalignements
réalisme	NOM	m	p	réalismes
réamorçage	NOM	m	p	réamorçages
réanimateur	NOM	m	p	réanimateurs
réanimation	NOM	f	p	réanimations
réapprovisionnement	NOM	m	p	réapprovisionnements
réarmement	NOM	m	p	réarmements
réarrangement	NOM	m	p	réarrangements
réassignation	NOM	f	p	réassignations
rébus	NOM	m	s	rébus
récapitulatif	ADJ	f	p	récapitulatives
récapitulatif	ADJ	f	s	récapitulative
récapitulatif	ADJ	m	p	récapitulatifs
récapitulatif	NOM	m	p	récapitulatifs
récapitulation	NOM	f	p	récapitulations
récepteur	ADJ	f	p	réceptrices
réceptivité	NOM	f	p	réceptivités
récessif	ADJ	f	p	récessives
récession	NOM	f	p	récessions
réchauffage	NOM	m	p	réchauffages
réchauffant	ADJ	m	s	réchauffant
réchauffement	NOM	m	p	réchauffements
réchauffeur	NOM	m	p	réchauffeurs
récidivant	ADJ	f	p	récidivantes
récidivant	ADJ	m	p	récidivants
récidiviste	ADJ	f	p	récidivistes
récidiviste	ADJ	f	s	récidiviste
récidiviste	ADJ	m	s	récidiviste
récifal	ADJ	f	p	récifales
récifal	ADJ	m	p	récifaux
récifal	ADJ	m	s	récifal
réciprocité	NOM	f	p	réciprocités
réciproque	NOM	f	p	réciproques
récoltant	NOM	m	p	récoltants
récolteur	NOM	m	s	récolteur
réconciliateur	ADJ	f	p	réconciliatrices
réconciliateur	ADJ	m	p	réconciliateurs
réconciliateur	ADJ	m	s	réconciliateur
réconciliateur	NOM	m	p	réconciliateurs
récréatif	ADJ	m	p	récréatifs
récup	NOM	m	p	récups
récupérable	ADJ	f	p	récupérables
récupérable	ADJ	f	s	récupérable
récupérable	ADJ	m	p	récupérables
récupérateur	ADJ	f	p	récupératrices
récupérateur	ADJ	f	s	récupératrice
récurage	NOM	m	p	récurages
récursif	ADJ	f	p	récursives
récursif	ADJ	f	s	récursive
récursif	ADJ	m	p	récursifs
récusable	ADJ	f	p	récusables
récusable	ADJ	f	s	récusable
récusable	ADJ	m	p	récusables
récépissé	NOM	m	p	récépissés
rédactionnel	ADJ	f	p	rédactionnelles
rédactionnel	ADJ	m	p	rédactionnels
rédempteur	ADJ	f	p	rédemptrices
rédempteur	ADJ	m	p	rédempteurs
rédempteur	NOM	m	p	rédempteurs
rédhibition	NOM	f	p	rédhibitions
réducteur	ADJ	f	p	réductrices
réducteur	ADJ	f	s	réductrice
réducteur	ADJ	m	p	réducteurs
réductionnisme	NOM	m	p	réductionnismes
réduplication	NOM	f	p	réduplications
réembarquement	NOM	m	p	réembarquements
réemploi	NOM	m	p	réemplois
réengagement	NOM	m	p	réengagements
réexamen	NOM	m	p	réexamens
réexpédition	NOM	f	p	réexpéditions
réf	NOM	f	p	réf
réflexif	ADJ	f	p	réflexives
réflexif	ADJ	m	p	réflexifs
réflexologie	NOM	f	p	réflexologies
réformateur	ADJ	f	p	réformatrices
réformateur	ADJ	f	s	réformatrice
réformation	NOM	f	p	réformations
réformisme	NOM	m	p	réformismes
réformiste	ADJ	f	p	réformistes
réformiste	ADJ	f	s	réformiste
réfraction	NOM	f	p	réfractions
réfrigération	NOM	f	p	réfrigérations
référencement	NOM	m	p	référencements
référendaire	ADJ	f	p	référendaires
référendaire	ADJ	f	s	référendaire
référendaire	ADJ	m	p	référendaires
référent	NOM	m	p	référents
régalade	NOM	f	p	régalades
régale	ADJ	f	p	régales
régale	NOM	f	p	régales
régaleur	NOM	m	p	régaleurs
régalien	ADJ	f	p	régaliennes
régalien	ADJ	f	s	régalienne
régalien	ADJ	m	p	régaliens
régence	NOM	f	p	régences
régent	NOM	m	p	régents
régimentaire	ADJ	f	s	régimentaire
régimentaire	ADJ	m	p	régimentaires
régimentaire	ADJ	m	s	régimentaire
régional	ADJ	m	p	régionaux
régionalisme	NOM	m	p	régionalismes
régionaliste	ADJ	f	p	régionalistes
régionaliste	ADJ	f	s	régionaliste
régionaliste	ADJ	m	p	régionalistes
réglable	ADJ	f	p	réglables
réglable	ADJ	f	s	réglable
réglable	ADJ	m	s	réglable
réglette	NOM	f	p	réglettes
régleur	NOM	m	p	régleurs
réglo	ADJ	f	p	réglos
réglo	ADJ	f	s	réglo
réglo	ADJ	m	s	réglo
réglure	NOM	f	p	réglures
régnant	ADJ	f	p	régnantes
régressif	ADJ	f	p	régressives
régressif	ADJ	m	p	régressifs
régularité	NOM	f	p	régularités
régulation	NOM	f	p	régulations
régulatrice	NOM	f	s	régulatrice
régule	NOM	m	p	régules
régénérateur	ADJ	f	p	régénératrices
régénération	NOM	f	p	régénérations
régénérescence	NOM	f	p	régénérescences
réhabilitation	NOM	f	p	réhabilitations
réhabilité	ADJ	f	p	réhabilitées
réhydratation	NOM	f	p	réhydratations
réimplantation	NOM	f	p	réimplantations
réimpression	NOM	f	p	réimpressions
réinitialisation	NOM	f	p	réinitialisations
réinjection	NOM	f	p	réinjections
réinsertion	NOM	f	p	réinsertions
réinstallation	NOM	f	p	réinstallations
réinterprétation	NOM	f	p	réinterprétations
réinvention	NOM	f	p	réinventions
réinvestissement	NOM	m	p	réinvestissements
rémanence	NOM	f	p	rémanences
rémanent	ADJ	f	p	rémanentes
rémanent	ADJ	m	p	rémanents
rémige	NOM	f	s	rémige
rémora	NOM	m	p	rémoras
rémoulade	NOM	f	p	rémoulades
rémunérateur	ADJ	f	p	rémunératrices
rénette	NOM	f	s	rénette
rénine	NOM	f	p	rénines
rénovateur	ADJ	f	p	rénovatrices
rénovateur	ADJ	m	s	rénovateur
réorientation	NOM	f	p	réorientations
répandeur	NOM	m	p	répandeurs
réparable	ADJ	f	s	réparable
réparable	ADJ	m	p	réparables
réparable	ADJ	m	s	réparable
réparti	ADJ	f	p	réparties
réparti	ADJ	f	s	répartie
répartiteur	NOM	m	p	répartiteurs
réplication	NOM	f	p	réplications
répondeur	ADJ	f	p	répondeuses
répondeur	ADJ	m	p	répondeurs
répresseur	NOM	m	p	répresseurs
répressif	ADJ	m	p	répressifs
réprobateur	ADJ	f	p	réprobatrices
réprobation	NOM	f	p	réprobations
réprouvé	ADJ	f	p	réprouvées
réprouvé	ADJ	f	s	réprouvée
réprouvé	ADJ	m	s	réprouvé
répudiation	NOM	f	p	répudiations
répulsif	ADJ	f	p	répulsives
répulsif	ADJ	m	p	répulsifs
résection	NOM	f	p	résections
résidant	ADJ	f	p	résidantes
résidant	ADJ	f	s	résidante
résidant	ADJ	m	p	résidants
résidant	NOM	m	p	résidants
résident	ADJ	f	p	résidentes
résiliation	NOM	f	p	résiliations
résilience	NOM	f	p	résiliences
résineux	ADJ	m	p	résineux
résiné	ADJ	f	p	résinées
résiné	ADJ	f	s	résinée
résiné	ADJ	m	p	résinés
résiné	NOM	m	p	résinés
résipiscence	NOM	f	p	résipiscences
résoluble	ADJ	f	p	résolubles
résoluble	ADJ	f	s	résoluble
résoluble	ADJ	m	p	résolubles
résonateur	NOM	m	p	résonateurs
résonnant	ADJ	f	p	résonnantes
résultant	ADJ	f	p	résultantes
résultant	ADJ	m	p	résultants
résurgent	ADJ	f	p	résurgentes
résurgent	ADJ	m	p	résurgents
résurgent	ADJ	m	s	résurgent
réséda	ADJ	f	p	réséda
réséda	ADJ	m	p	réséda
réséda	ADJ	m	s	réséda
rétameur	NOM	m	p	rétameurs
rétention	NOM	f	p	rétentions
réticulaire	ADJ	f	p	réticulaires
réticulaire	ADJ	f	s	réticulaire
réticulaire	ADJ	m	p	réticulaires
réticulation	NOM	f	p	réticulations
réticule	NOM	m	p	réticules
réticulum	NOM	m	p	réticulums
réticulé	ADJ	f	p	réticulées
réticulé	ADJ	m	p	réticulés
rétinal	NOM	m	p	rétinals
rétinien	ADJ	m	p	rétiniens
rétinite	NOM	f	p	rétinites
rétinopathie	NOM	f	p	rétinopathies
rétorsion	NOM	f	p	rétorsions
rétractile	ADJ	m	p	rétractiles
rétractile	ADJ	m	s	rétractile
rétraction	NOM	f	p	rétractions
rétribué	ADJ	f	p	rétribuées
rétribué	ADJ	m	p	rétribués
rétroactif	ADJ	f	p	rétroactives
rétroactif	ADJ	m	p	rétroactifs
rétroaction	NOM	f	p	rétroactions
rétrocession	NOM	f	p	rétrocessions
rétrogression	NOM	f	p	rétrogressions
rétroprojecteur	NOM	m	p	rétroprojecteurs
rétropropulsion	NOM	f	p	rétropropulsions
rétrospection	NOM	f	p	rétrospections
rétroversion	NOM	f	p	rétroversions
rétroviral	ADJ	f	p	rétrovirales
rétroviral	ADJ	m	p	rétroviraux
rétroviral	ADJ	m	s	rétroviral
réunification	NOM	f	p	réunifications
réunionnite	NOM	f	p	réunionnites
réutilisation	NOM	f	p	réutilisations
réveilleur	NOM	m	s	réveilleur
réveillonneur	NOM	m	s	réveillonneur
réverbérant	ADJ	f	p	réverbérantes
réverbérant	ADJ	f	s	réverbérante
réverbérant	ADJ	m	p	réverbérants
réversibilité	NOM	f	p	réversibilités
réversible	ADJ	f	s	réversible
réversible	ADJ	m	p	réversibles
réversible	ADJ	m	s	réversible
réversion	NOM	f	p	réversions
réviseur	NOM	m	p	réviseurs
révisionnisme	NOM	m	p	révisionnismes
révocable	ADJ	f	p	révocables
révocable	ADJ	m	s	révocable
révulsif	ADJ	f	p	révulsives
révulsif	NOM	m	p	révulsifs
révulsion	NOM	f	p	révulsions
révulsé	ADJ	f	p	révulsées
révérenciel	ADJ	f	p	révérencielles
révérenciel	ADJ	f	s	révérencielle
révérenciel	ADJ	m	p	révérenciels
révérencieux	ADJ	f	p	révérencieuses
révérencieux	ADJ	m	s	révérencieux
révérend	ADJ	f	p	révérendes
révérendissime	ADJ	f	p	révérendissimes
révérendissime	ADJ	f	s	révérendissime
révérendissime	ADJ	m	p	révérendissimes
rééchelonnement	NOM	m	p	rééchelonnements
rééducateur	NOM	m	p	rééducateurs
rééducation	NOM	f	p	rééducations
réélection	NOM	f	p	réélections
réélu	ADJ	f	p	réélues
réélu	ADJ	f	s	réélue
réélu	ADJ	m	p	réélus
rééquilibrage	NOM	m	p	rééquilibrages
réévaluation	NOM	f	p	réévaluations
rôtisserie	NOM	f	p	rôtisseries
röntgen	NOM	m	s	attoröntgen
röntgen	NOM	m	s	centiröntgen
röntgen	NOM	m	s	décaröntgen
röntgen	NOM	m	s	déciröntgen
röntgen	NOM	m	s	exaröntgen
röntgen	NOM	m	s	femtoröntgen
röntgen	NOM	m	s	gigaröntgen
röntgen	NOM	m	s	hectoröntgen
röntgen	NOM	m	s	kiloröntgen
röntgen	NOM	m	s	microröntgen
röntgen	NOM	m	s	milliröntgen
röntgen	NOM	m	s	mégaröntgen
röntgen	NOM	m	s	nanoröntgen
röntgen	NOM	m	s	petaröntgen
röntgen	NOM	m	s	picoröntgen
röntgen	NOM	m	s	pétaröntgen
röntgen	NOM	m	s	röntgen
röntgen	NOM	m	s	téraröntgen
röntgen	NOM	m	s	yoctoröntgen
röntgen	NOM	m	s	yottaröntgen
röntgen	NOM	m	s	zeptoröntgen
röntgen	NOM	m	s	zettaröntgen
sabbatique	ADJ	f	s	sabbatique
sabbatique	ADJ	m	p	sabbatiques
sabbatique	ADJ	m	s	sabbatique
sabelle	NOM	f	s	sabelle
sabin	ADJ	f	p	sabines
sabin	ADJ	f	s	sabine
sabin	ADJ	m	s	sabin
sabine	NOM	f	s	sabine
sabir	NOM	m	p	sabirs
sableux	ADJ	m	p	sableux
sableux	ADJ	m	s	sableux
sablon	NOM	m	s	sablon
sablonneux	ADJ	m	p	sablonneux
sablonneux	ADJ	m	s	sablonneux
sabordage	NOM	m	p	sabordages
saboterie	NOM	f	p	saboteries
sabra	NOM	m	p	sabras
sabéen	ADJ	f	p	sabéennes
sabéen	ADJ	f	s	sabéenne
sabéen	ADJ	m	p	sabéens
saccageur	NOM	m	s	saccageur
saccharine	NOM	f	p	saccharines
saccharomyces	NOM	m	s	saccharomyces
saccharose	NOM	m	p	saccharoses
sachem	NOM	m	p	sachems
sacralisation	NOM	f	p	sacralisations
sacramentel	ADJ	m	p	sacramentels
sacret	NOM	m	p	sacrets
sacrificiel	ADJ	f	p	sacrificielles
sacristine	NOM	f	p	sacristines
sacrum	NOM	m	p	sacrums
sadducéen	NOM	m	p	sadducéens
sado	ADJ	f	p	sados
sado	ADJ	f	s	sado
sado	ADJ	m	p	sados
sadomasochisme	NOM	m	p	sadomasochismes
safran	NOM	m	p	safrans
safrané	ADJ	f	p	safranées
safrané	ADJ	f	s	safranée
safrané	ADJ	m	p	safranés
sagacité	NOM	f	p	sagacités
sagard	NOM	m	p	sagards
sagette	NOM	f	s	sagette
sagittal	ADJ	f	p	sagittales
sagittal	ADJ	m	p	sagittaux
sagoutier	NOM	m	p	sagoutiers
sagum	NOM	m	p	sagums
saie	NOM	f	p	saies
saigneur	NOM	m	p	saigneurs
saint	NOM	m	s	saint
saki	NOM	m	p	sakis
sal	NOM	m	s	sal
salant	ADJ	f	p	salantes
salant	ADJ	f	s	salante
salarial	ADJ	f	p	salariales
salarial	ADJ	m	s	salarial
salariat	NOM	m	p	salariats
salarié	ADJ	f	p	salariées
saleur	NOM	m	p	saleurs
salicaire	NOM	f	s	salicaire
salicine	NOM	f	p	salicines
salicorne	NOM	f	p	salicornes
saligaud	ADJ	f	p	saligaudes
saligaud	ADJ	f	s	saligaude
salin	NOM	m	s	salin
saline	NOM	f	p	salines
salingue	ADJ	f	p	salingues
salingue	ADJ	f	s	salingue
salingue	ADJ	m	p	salingues
salinité	NOM	f	p	salinités
salique	ADJ	f	p	saliques
salique	ADJ	m	p	saliques
salique	ADJ	m	s	salique
salivaire	ADJ	f	s	salivaire
salivaire	ADJ	m	p	salivaires
salivaire	ADJ	m	s	salivaire
salivant	ADJ	f	p	salivantes
salivant	ADJ	f	s	salivante
salivant	ADJ	m	p	salivants
salivation	NOM	f	p	salivations
saliveux	ADJ	m	p	saliveux
saliveux	ADJ	m	s	saliveux
salmonelle	NOM	f	p	salmonelles
salmonellose	NOM	f	p	salmonelloses
salmonidé	NOM	m	p	salmonidés
salonnard	NOM	m	p	salonnards
salonnier	NOM	m	s	salonnier
salonnière	NOM	f	s	salonnière
salopiau	NOM	m	s	salopiau
salpicon	NOM	m	p	salpicons
salpingite	NOM	f	p	salpingites
salpêtre	NOM	m	p	salpêtres
salpêtreux	ADJ	f	p	salpêtreuses
salpêtreux	ADJ	f	s	salpêtreuse
salpêtreux	ADJ	m	s	salpêtreux
salpêtrière	NOM	f	p	salpêtriers
salpêtrière	NOM	f	p	salpêtrières
salsa	NOM	f	p	salsas
salsepareille	NOM	f	p	salsepareilles
salto	NOM	m	p	saltos
salubrité	NOM	f	p	salubrités
salueur	NOM	m	p	salueurs
salutiste	ADJ	f	p	salutistes
salutiste	ADJ	f	s	salutiste
salutiste	ADJ	m	p	salutistes
salvadorien	ADJ	f	p	salvadoriennes
salvadorienne	NOM	f	p	salvadoriennes
salvateur	ADJ	f	p	salvatrices
salvation	NOM	f	p	salvations
salzbourgeois	ADJ	f	s	salzbourgeoise
salzbourgeois	ADJ	m	p	salzbourgeoises
salzbourgeois	ADJ	m	s	salzbourgeois
salésien	ADJ	f	p	salésiennes
salésien	ADJ	m	p	salésiens
salésien	ADJ	m	s	salésien
samaritain	ADJ	f	p	samaritaines
samaritain	ADJ	f	s	samaritaine
samaritaine	NOM	f	p	samaritaines
samaritaine	NOM	f	p	samaritains
samba	NOM	f	p	sambas
sambo	NOM	m	p	sambos
samizdat	NOM	m	s	samizdat
sammy	NOM	m	p	sammies
samoan	ADJ	f	p	samoanes
samoan	ADJ	f	s	samoane
samoyède	NOM	m	p	samoyèdes
sampan	NOM	m	p	sampans
sample	NOM	m	p	samples
sampler	NOM	m	p	samplers
samurai	NOM	m	p	samurais
sancerre	NOM	m	p	sancerres
sanctifiant	ADJ	f	p	sanctifiantes
sanctifiant	ADJ	m	p	sanctifiants
sanctifiant	ADJ	m	s	sanctifiant
sanctificateur	ADJ	f	p	sanctificatrices
sanctificateur	ADJ	m	p	sanctificateurs
sanctificateur	ADJ	m	s	sanctificateur
sanctification	NOM	f	p	sanctifications
sandale	NOM	f	s	sandale
sandalette	NOM	f	s	sandalette
sandalier	NOM	m	p	sandaliers
sanderling	NOM	m	p	sanderlings
sandiniste	ADJ	f	p	sandinistes
sandiniste	ADJ	f	s	sandiniste
sandiniste	ADJ	m	p	sandinistes
sandwich	NOM	m	p	sandwiches
sandwich	NOM	m	p	sandwichs
sanglotant	ADJ	f	p	sanglotantes
sangria	NOM	f	p	sangrias
sanhédrin	NOM	m	p	sanhédrins
sanieux	ADJ	f	s	sanieuse
sanieux	ADJ	m	p	sanieux
sanieux	ADJ	m	s	sanieux
sanscrit	ADJ	f	p	sanscrites
sanscrit	NOM	m	p	sanscrits
santiag	NOM	f	p	santiags
saoudite	ADJ	f	p	saoudites
saoudite	ADJ	m	p	saoudites
saoudite	ADJ	m	s	saoudite
saphisme	NOM	m	p	saphismes
saphène	ADJ	f	p	saphènes
saphène	ADJ	m	p	saphènes
saphène	ADJ	m	s	saphène
sapide	ADJ	f	p	sapides
sapide	ADJ	f	s	sapide
sapide	ADJ	m	p	sapides
sapidité	NOM	f	p	sapidités
sapience	NOM	f	p	sapiences
sapine	NOM	f	s	sapine
saponaire	NOM	f	s	saponaire
saponification	NOM	f	p	saponifications
saponite	NOM	f	p	saponites
sapotille	NOM	f	p	sapotilles
sapotillier	NOM	m	p	sapotilliers
sar	NOM	m	p	sars
sarcine	NOM	f	p	sarcines
sarclage	NOM	m	p	sarclages
sarclette	NOM	f	p	sarclettes
sarcloir	NOM	m	p	sarcloirs
sarcome	NOM	m	p	sarcomes
sarcoïdose	NOM	f	p	sarcoïdoses
sardanapalesque	ADJ	f	p	sardanapalesques
sardanapalesque	ADJ	f	s	sardanapalesque
sardanapalesque	ADJ	m	s	sardanapalesque
sardane	NOM	f	s	sardane
sarde	ADJ	f	p	sardes
sarde	ADJ	f	s	sarde
sarde	ADJ	m	p	sardes
sardinier	NOM	m	s	sardinier
sardoine	NOM	f	p	sardoines
sardonique	ADJ	f	p	sardoniques
sardonique	ADJ	f	s	sardonique
sardonique	ADJ	m	s	sardonique
sarigue	NOM	f	p	sarigues
sarong	NOM	m	p	sarongs
saroual	NOM	m	p	sarouals
sarouel	NOM	m	p	sarouels
sarracénie	NOM	f	p	sarracénies
sarreau	NOM	m	p	sarreaus
sarriette	NOM	f	p	sarriettes
sarrois	ADJ	f	p	sarroises
sarrois	ADJ	m	p	sarrois
sarrois	ADJ	m	s	sarrois
sarrussophone	NOM	m	p	sarrussophones
sashimi	NOM	m	p	sashimis
sassanide	ADJ	f	p	sassanides
sassanide	ADJ	m	p	sassanides
sassanide	ADJ	m	s	sassanide
sasseur	NOM	m	p	sasseurs
satan	NOM	m	p	satans
satanisme	NOM	m	p	satanismes
sati	NOM	m	p	satis
satinette	NOM	f	p	satinettes
satiété	NOM	f	p	satiétés
satrapie	NOM	f	p	satrapies
saturation	NOM	f	p	saturations
saturnien	ADJ	f	p	saturniennes
saturnien	ADJ	f	s	saturnienne
saturnisme	NOM	m	p	saturnismes
saucier	NOM	m	p	sauciers
sauciflard	NOM	m	p	sauciflards
saucé	ADJ	f	p	saucées
saucé	ADJ	m	p	saucés
saucé	ADJ	m	s	saucé
saucée	NOM	f	p	saucées
sauge	NOM	f	p	sauges
saumoneau	NOM	m	p	saumoneaux
saumonette	NOM	f	p	saumonettes
saumoné	ADJ	m	p	saumonés
saumurage	NOM	m	p	saumurages
saumure	NOM	f	p	saumures
saumuré	ADJ	f	s	saumurée
saumuré	ADJ	m	p	saumurés
saumuré	ADJ	m	s	saumuré
saunière	NOM	f	s	saunière
saupoudrage	NOM	m	p	saupoudrages
saupoudreur	NOM	m	p	saupoudreurs
saur	ADJ	f	p	saures
saur	ADJ	f	s	saure
saurien	ADJ	m	p	sauriens
saurin	NOM	m	p	saurins
saussaie	NOM	f	s	saussaie
sautant	ADJ	f	p	sautantes
sautant	ADJ	m	p	sautants
sautelle	NOM	f	p	sautelles
sauvagin	NOM	m	p	sauvagins
sauveté	NOM	f	p	sauvetés
sauvignon	NOM	m	p	sauvignons
savantasse	NOM	m	s	savantasse
savarin	NOM	m	p	savarins
savonnerie	NOM	f	s	savonnerie
savonneux	ADJ	m	p	savonneux
savonneux	ADJ	m	s	savonneux
savonnier	ADJ	f	p	savonnières
savonnier	ADJ	f	s	savonnière
savonnier	ADJ	m	p	savonniers
savoureux	ADJ	m	p	savoureux
savoureux	ADJ	m	s	savoureux
saxe	NOM	m	s	saxe
saxhorn	NOM	m	p	saxhorns
saxifragacée	NOM	f	s	saxifragacée
saxonne	NOM	f	s	saxonne
sayon	NOM	m	p	sayons
saï	NOM	m	p	saïs
scabieux	ADJ	f	p	scabieuses
scabieux	ADJ	m	p	scabieux
scabieux	ADJ	m	s	scabieux
scabreux	ADJ	m	p	scabreux
scabreux	ADJ	m	s	scabreux
scaferlati	NOM	m	p	scaferlatis
scalaire	NOM	m	p	scalaires
scalpeur	NOM	m	p	scalpeurs
scalène	ADJ	f	p	scalènes
scalène	ADJ	f	s	scalène
scalène	ADJ	m	p	scalènes
scampi	NOM	m	s	scampi
scandaleux	ADJ	m	p	scandaleux
scandaleux	ADJ	m	s	scandaleux
scanneur	NOM	m	p	scanneurs
scanning	NOM	m	p	scannings
scanographie	NOM	f	p	scanographies
scapin	NOM	m	p	scapins
scare	NOM	m	p	scares
scarlatine	NOM	f	p	scarlatines
scat	NOM	m	p	scats
scatologie	NOM	f	p	scatologies
scatologue	NOM	m	p	scatologues
scatophile	ADJ	f	p	scatophiles
scatophile	ADJ	f	s	scatophile
scatophile	ADJ	m	s	scatophile
scazon	NOM	m	s	scazon
scellage	NOM	m	p	scellages
scepticisme	NOM	m	p	scepticismes
schako	NOM	m	p	schakos
schismatique	ADJ	f	p	schismatiques
schismatique	ADJ	f	s	schismatique
schismatique	ADJ	m	p	schismatiques
schisteux	ADJ	f	s	schisteuse
schisteux	ADJ	m	p	schisteux
schisteux	ADJ	m	s	schisteux
schizophasie	NOM	f	p	schizophasies
schizophrène	ADJ	f	p	schizophrènes
schizophrène	ADJ	f	s	schizophrène
schizophrène	ADJ	m	s	schizophrène
schizophrénie	NOM	f	p	schizophrénies
schizoïde	ADJ	f	p	schizoïdes
schizoïde	ADJ	f	s	schizoïde
schizoïde	ADJ	m	s	schizoïde
schlague	NOM	f	p	schlagues
schlass	ADJ	f	p	schlass
schlass	ADJ	f	s	schlass
schlass	ADJ	m	p	schlass
schleu	ADJ	f	p	schleues
schleu	ADJ	f	s	schleue
schleu	ADJ	m	p	schleus
schleu	NOM	m	p	schleus
schlitte	NOM	f	p	schlittes
schnauzer	NOM	m	p	schnauzers
schnick	NOM	m	p	schnicks
schproum	NOM	m	p	schproums
schématique	ADJ	f	s	schématique
schématique	ADJ	m	p	schématiques
schématique	ADJ	m	s	schématique
schématisme	NOM	m	p	schématismes
sciage	NOM	m	p	sciages
scialytique	ADJ	f	p	scialytiques
scialytique	ADJ	f	s	scialytique
scialytique	ADJ	m	p	scialytiques
sciant	ADJ	f	p	sciantes
sciant	ADJ	f	s	sciante
sciant	ADJ	m	p	sciants
scientificité	NOM	f	p	scientificités
scientisme	NOM	m	p	scientismes
scientologie	NOM	f	p	scientologies
scintigraphie	NOM	f	p	scintigraphies
scission	NOM	f	p	scissions
scissionniste	ADJ	f	p	scissionnistes
scissionniste	ADJ	f	s	scissionniste
scissionniste	ADJ	m	p	scissionnistes
scissiparité	NOM	f	p	scissiparités
scissure	NOM	f	s	scissure
sciène	NOM	f	p	sciènes
sclérodermie	NOM	f	p	sclérodermies
sclérosant	ADJ	f	p	sclérosantes
sclérosant	ADJ	m	p	sclérosants
sclérosant	ADJ	m	s	sclérosant
sclérosé	ADJ	f	p	sclérosées
scolarisation	NOM	f	p	scolarisations
scolastique	ADJ	f	s	scolastique
scolastique	ADJ	m	p	scolastiques
scolyte	NOM	m	p	scolytes
sconse	NOM	m	p	sconses
scopie	NOM	f	p	scopies
scopolamine	NOM	f	p	scopolamines
scorbut	NOM	m	p	scorbuts
scorie	NOM	f	s	scorie
scottish	NOM	f	p	scottishs
scoumoune	NOM	f	p	scoumounes
scout	ADJ	f	p	scoutes
scoutisme	NOM	m	p	scoutismes
scrabble	NOM	m	p	scrabbles
scratch	NOM	m	p	scratches
scratch	NOM	m	p	scratchs
scratching	NOM	m	p	scratchings
scriban	NOM	m	p	scribans
scribouillage	NOM	m	s	scribouillage
scrofulaire	NOM	f	p	scrofulaires
scrofuleux	ADJ	f	p	scrofuleuses
scrofuleux	ADJ	f	s	scrofuleuse
scrofuleux	ADJ	m	p	scrofuleux
scrotal	ADJ	f	p	scrotales
scrotal	ADJ	f	s	scrotale
scrotal	ADJ	m	p	scrotaux
scrotum	NOM	m	p	scrotums
scrupuleux	ADJ	m	p	scrupuleux
scrupuleux	ADJ	m	s	scrupuleux
scrupulosité	NOM	f	p	scrupulosités
scrutateur	ADJ	f	s	scrutatrice
scrutateur	NOM	m	p	scrutateurs
scrutation	NOM	f	p	scrutations
scythe	ADJ	f	p	scythes
scythe	ADJ	f	s	scythe
scythe	ADJ	m	s	scythe
scénarimage	NOM	m	p	scénarimages
scénaristique	ADJ	f	p	scénaristiques
scénaristique	ADJ	m	p	scénaristiques
scénaristique	ADJ	m	s	scénaristique
scénique	ADJ	f	p	scéniques
scénique	ADJ	m	p	scéniques
scénique	ADJ	m	s	scénique
scénographie	NOM	f	p	scénographies
scénographique	ADJ	f	p	scénographiques
scénographique	ADJ	f	s	scénographique
scénographique	ADJ	m	p	scénographiques
seaborgium	NOM	m	p	seaborgiums
secouement	NOM	m	p	secouements
secourisme	NOM	m	p	secourismes
secrétairerie	NOM	f	p	secrétaireries
sectarisme	NOM	m	p	sectarismes
sectionnement	NOM	m	p	sectionnements
sectoriel	ADJ	f	s	sectorielle
sectoriel	ADJ	m	s	sectoriel
sectorisation	NOM	f	p	sectorisations
sedan	NOM	m	p	sedans
sedum	NOM	m	s	sedum
segmental	ADJ	f	p	segmentales
segmental	ADJ	m	p	segmentaux
segmental	ADJ	m	s	segmental
seillon	NOM	m	p	seillons
seine	NOM	f	p	seines
seing	NOM	m	p	seings
seldjoukide	ADJ	f	p	seldjoukides
seldjoukide	ADJ	f	s	seldjoukide
seldjoukide	ADJ	m	p	seldjoukides
select	ADJ	f	p	select
select	ADJ	f	p	selectes
select	ADJ	f	s	select
select	ADJ	f	s	selecte
sellette	NOM	f	p	sellettes
sellier	NOM	m	p	selliers
selva	NOM	f	p	selvas
semaille	NOM	f	s	semaille
semainier	NOM	m	p	semainiers
semblance	NOM	f	p	semblances
semestriel	ADJ	f	p	semestrielles
semestriel	ADJ	m	p	semestriels
semeuse	NOM	f	p	semeuses
semoule	NOM	f	p	semoules
semé	ADJ	f	p	semées
semé	ADJ	m	s	semé
sen	NOM	m	p	sen
sen	NOM	m	p	sens
senestre	ADJ	f	p	senestres
senestre	ADJ	m	p	senestres
senestre	ADJ	m	s	senestre
senior	ADJ	f	p	seniors
senior	ADJ	f	s	senior
sens	NOM	m	p	sens
sensationnalisme	NOM	m	p	sensationnalismes
sensibilisation	NOM	f	p	sensibilisations
sensorialité	NOM	f	p	sensorialités
sentant	ADJ	f	p	sentantes
sentant	ADJ	f	s	sentante
sentant	ADJ	m	p	sentants
sentencieux	ADJ	m	p	sentencieux
sentencieux	ADJ	m	s	sentencieux
sentimentalisme	NOM	m	p	sentimentalismes
seppuku	NOM	m	p	seppukus
septal	ADJ	f	p	septales
septal	ADJ	m	s	septal
septante	NOM	m	p	septante
septembriseur	NOM	m	p	septembriseurs
septennat	NOM	m	p	septennats
septentrion	NOM	m	p	septentrions
septentrional	ADJ	m	p	septentrionaux
septicité	NOM	f	p	septicités
septicémie	NOM	f	p	septicémies
septicémique	ADJ	f	p	septicémiques
septicémique	ADJ	m	p	septicémiques
septicémique	ADJ	m	s	septicémique
septidi	NOM	m	p	septidis
septime	NOM	f	p	septimes
septuagénaire	ADJ	f	p	septuagénaires
septuagénaire	ADJ	f	s	septuagénaire
septuagénaire	ADJ	m	p	septuagénaires
septum	NOM	m	p	septums
septuor	NOM	m	p	septuors
septuple	ADJ	f	p	septuples
septuple	ADJ	f	s	septuple
septuple	ADJ	m	p	septuples
septuple	NOM	m	p	septuples
serein	NOM	m	p	sereins
serf	ADJ	f	p	serves
serf	ADJ	f	s	serve
serfouette	NOM	f	p	serfouettes
sergé	NOM	m	p	sergés
serial	NOM	m	p	serials
seringueiro	NOM	m	s	seringueiro
sermonneur	ADJ	f	p	sermonneuses
sermonneur	ADJ	f	s	sermonneuse
sermonneur	ADJ	m	p	sermonneurs
serpenteau	NOM	m	p	serpenteaux
serpentiforme	ADJ	f	p	serpentiformes
serpentiforme	ADJ	f	s	serpentiforme
serpentiforme	ADJ	m	p	serpentiformes
serpette	NOM	f	p	serpettes
serpolet	NOM	m	p	serpolets
serra	NOM	f	p	serras
serrage	NOM	m	p	serrages
serrurerie	NOM	f	p	serrureries
sertissage	NOM	m	p	sertissages
sertisseur	NOM	m	p	sertisseurs
sertão	NOM	m	p	sertões
servage	NOM	m	p	servages
serval	NOM	m	p	servals
servant	ADJ	f	p	servantes
servant	ADJ	f	s	servante
serviabilité	NOM	f	p	serviabilités
serviable	ADJ	f	p	serviables
serviable	ADJ	f	s	serviable
serviable	ADJ	m	s	serviable
servofrein	NOM	m	p	servofreins
servomécanisme	NOM	m	p	servomécanismes
sesterce	NOM	m	s	sesterce
seulet	ADJ	m	p	seulets
sexagénaire	ADJ	f	p	sexagénaires
sexagénaire	ADJ	f	s	sexagénaire
sexisme	NOM	m	p	sexismes
sexologie	NOM	f	p	sexologies
sextant	NOM	m	p	sextants
sextidi	NOM	m	p	sextidis
sextil	ADJ	f	p	sextiles
sextil	ADJ	m	p	sextils
sextil	ADJ	m	s	sextil
sextuor	NOM	m	p	sextuors
sextuple	ADJ	f	p	sextuples
sextuple	ADJ	f	s	sextuple
sextuple	ADJ	m	p	sextuples
sexualité	NOM	f	p	sexualités
sexué	ADJ	f	p	sexuées
sexué	ADJ	f	s	sexuée
shabbat	NOM	m	p	shabbats
shaker	NOM	m	p	shakers
shakespearien	ADJ	f	p	shakespeariennes
shamisen	NOM	m	p	shamisens
shampouineur	NOM	m	p	shampouineurs
shantung	NOM	m	p	shantungs
shed	NOM	m	p	sheds
shekel	NOM	m	s	shekel
sherry	NOM	m	p	sherries
sherry	NOM	m	p	sherrys
shiatsu	NOM	m	p	shiatsus
shilom	NOM	m	p	shiloms
shimmy	NOM	m	p	shimmys
shintoïsme	NOM	m	p	shintoïsmes
shintoïste	ADJ	f	p	shintoïstes
shintoïste	ADJ	f	s	shintoïste
shintoïste	ADJ	m	p	shintoïstes
shintô	NOM	m	p	shintôs
shipchandler	NOM	m	p	shipchandlers
shirting	NOM	m	p	shirtings
shit	NOM	m	p	shits
shocking	ADJ	f	p	shocking
shocking	ADJ	f	s	shocking
shocking	ADJ	m	p	shocking
shogoun	NOM	m	p	shogouns
shogunal	ADJ	f	p	shogunales
shogunal	ADJ	m	p	shogunaux
shogunat	NOM	m	p	shogunats
shunt	NOM	m	p	shunts
shéol	NOM	m	p	shéols
siam	NOM	m	p	siams
siamois	ADJ	m	p	siamois
siamois	ADJ	m	s	siamois
sibilant	ADJ	f	p	sibilantes
sibilant	ADJ	f	s	sibilante
sibilant	ADJ	m	p	sibilants
sibérienne	NOM	f	p	sibériennes
sicle	NOM	m	p	sicles
sidéen	ADJ	f	p	sidéennes
sidéen	ADJ	m	s	sidéen
sidéen	NOM	m	s	sidéen
sidérant	ADJ	f	p	sidérantes
sidérant	ADJ	m	p	sidérants
sidération	NOM	f	p	sidérations
sidérite	NOM	f	p	sidérites
sidérurgie	NOM	f	p	sidérurgies
sidérurgique	ADJ	f	p	sidérurgiques
sidérurgique	ADJ	m	p	sidérurgiques
sidérurgique	ADJ	m	s	sidérurgique
siennois	ADJ	m	p	siennois
sifflant	ADJ	f	s	sifflante
sifflante	NOM	f	p	sifflantes
siffleur	ADJ	f	p	siffleuses
siffleur	ADJ	f	s	siffleuse
siffleur	ADJ	m	p	siffleurs
siffleur	NOM	m	p	siffleurs
sifflotement	NOM	m	p	sifflotements
sigillaire	ADJ	f	p	sigillaires
sigillaire	ADJ	f	s	sigillaire
sigillaire	ADJ	m	p	sigillaires
sigillé	ADJ	f	p	sigillées
sigillé	ADJ	m	p	sigillés
signalétique	ADJ	f	p	signalétiques
signalétique	ADJ	f	s	signalétique
signalétique	ADJ	m	s	signalétique
signifiance	NOM	f	p	signifiances
signifié	NOM	m	p	signifiés
silencieux	ADJ	m	p	silencieux
silencieux	ADJ	m	s	silencieux
silicate	NOM	m	p	silicates
siliceux	ADJ	f	p	siliceuses
siliceux	ADJ	m	p	siliceux
siliceux	ADJ	m	s	siliceux
silicium	NOM	m	p	siliciums
silicone	NOM	f	p	silicones
silicose	NOM	f	p	silicoses
silicosé	ADJ	f	p	silicosées
silicosé	ADJ	m	p	silicosés
silionne	NOM	f	p	silionnes
sillet	NOM	m	p	sillets
sillonné	ADJ	f	p	sillonnées
sillonné	ADJ	m	p	sillonnés
sillonné	ADJ	m	s	sillonné
silésien	ADJ	f	p	silésiennes
silésien	ADJ	f	s	silésienne
silésien	ADJ	m	p	silésiens
sima	NOM	m	p	simas
simarre	NOM	f	p	simarres
simien	ADJ	f	p	simiennes
simili	NOM	m	p	similis
similicuir	NOM	m	p	similicuirs
simoun	NOM	m	p	simouns
simplesse	NOM	f	p	simplesses
simplette	NOM	f	p	simplettes
simplicité	NOM	f	p	simplicités
simplissime	ADJ	f	p	simplissimes
simplissime	ADJ	m	p	simplissimes
simplissime	ADJ	m	s	simplissime
simultanéité	NOM	f	p	simultanéités
sinciput	NOM	m	p	sinciputs
sincérité	NOM	f	p	sincérités
sindon	NOM	m	p	sindons
single	NOM	m	s	single
singleton	NOM	m	p	singletons
sinistrose	NOM	f	p	sinistroses
sinologie	NOM	f	p	sinologies
sinople	NOM	m	p	sinoples
sinueux	ADJ	m	p	sinueux
sinueux	ADJ	m	s	sinueux
sinusal	ADJ	f	p	sinusales
sinusal	ADJ	m	p	sinusaux
sinusoïdal	ADJ	f	p	sinusoïdales
sinusoïde	NOM	f	s	sinusoïde
sionisme	NOM	m	p	sionismes
siphonnage	NOM	m	p	siphonnages
siphonné	ADJ	f	p	siphonnées
sir	NOM	m	p	sirs
sirdar	NOM	m	p	sirdars
sirocco	NOM	m	p	siroccos
sirupeux	ADJ	m	p	sirupeux
sirupeux	ADJ	m	s	sirupeux
sis	ADJ	m	p	sis
sisal	NOM	m	p	sisals
sismologie	NOM	f	p	sismologies
sismologique	ADJ	f	p	sismologiques
sismologique	ADJ	m	p	sismologiques
sismologique	ADJ	m	s	sismologique
sismomètre	NOM	m	p	sismomètres
sismothérapie	NOM	f	p	sismothérapies
sisymbre	NOM	m	p	sisymbres
sitar	NOM	m	p	sitars
sittelle	NOM	f	p	sittelles
situable	ADJ	f	p	situables
situable	ADJ	m	p	situables
situable	ADJ	m	s	situable
situationnel	ADJ	f	p	situationnelles
situationnel	ADJ	f	s	situationnelle
situationnel	ADJ	m	p	situationnels
situationnisme	NOM	m	p	situationnismes
sixain	NOM	m	p	sixains
sixte	NOM	f	p	sixtes
sizain	NOM	m	p	sizains
skating	NOM	m	p	skatings
skaï	NOM	m	p	skaïs
skiable	ADJ	f	p	skiables
skiable	ADJ	f	s	skiable
skiable	ADJ	m	p	skiables
skip	NOM	m	p	skips
skipper	NOM	m	p	skippers
skydome	NOM	m	p	skydomes
slash	NOM	m	p	slashes
slash	NOM	m	p	slashs
slavisme	NOM	m	p	slavismes
slavon	ADJ	f	p	slavonnes
slavon	ADJ	f	s	slavonne
slavon	ADJ	m	p	slavons
slavon	NOM	m	p	slavons
slice	NOM	m	p	slices
sloop	NOM	m	p	sloops
sloughi	NOM	m	p	sloughis
slovène	ADJ	f	p	slovènes
slovène	ADJ	m	p	slovènes
slovène	ADJ	m	s	slovène
smala	NOM	f	p	smalas
smalah	NOM	f	p	smalahs
smalah	NOM	f	p	smalas
smaragdin	ADJ	f	p	smaragdines
smaragdin	ADJ	f	s	smaragdine
smaragdin	ADJ	m	p	smaragdins
smash	NOM	m	p	smashes
smash	NOM	m	p	smashs
smegma	NOM	m	p	smegmas
smigard	NOM	m	p	smigards
smog	NOM	m	p	smogs
smurf	NOM	m	p	smurfs
snob	ADJ	f	p	snobs
snob	ADJ	f	s	snob
snob	ADJ	m	s	snob
sobriété	NOM	f	p	sobriétés
soccer	NOM	m	p	soccers
sociabilité	NOM	f	p	sociabilités
social	NOM	m	p	socials
socialisation	NOM	f	p	socialisations
socialo	ADJ	f	p	socialos
socialo	ADJ	f	s	socialo
sociobiologie	NOM	f	p	sociobiologies
socioculturel	ADJ	f	s	socioculturelle
socioculturel	ADJ	m	p	socioculturels
sociologie	NOM	f	p	sociologies
sociologique	ADJ	f	s	sociologique
sociologique	ADJ	m	p	sociologiques
sociologique	ADJ	m	s	sociologique
sociopathie	NOM	f	p	sociopathies
sociopolitique	ADJ	f	p	sociopolitiques
sociopolitique	ADJ	m	p	sociopolitiques
sociopolitique	ADJ	m	s	sociopolitique
sociétaire	ADJ	f	p	sociétaires
sociétaire	ADJ	m	p	sociétaires
sociétaire	ADJ	m	s	sociétaire
sociétal	ADJ	f	p	sociétales
sociétal	ADJ	m	p	sociétaux
socket	NOM	m	p	sockets
sodium	NOM	m	p	sodiums
sodomie	NOM	f	p	sodomies
sodomisation	NOM	f	p	sodomisations
soeurette	NOM	f	p	soeurettes
soft	NOM	m	p	softs
softball	NOM	m	p	softballs
soi	NOM	m	p	sois
soiffard	ADJ	f	p	soiffardes
soiffard	ADJ	f	s	soiffarde
soignable	ADJ	f	p	soignables
soignable	ADJ	m	p	soignables
soignable	ADJ	m	s	soignable
soigneux	ADJ	m	p	soigneux
soigneux	ADJ	m	s	soigneux
soixantaine	NOM	f	p	soixantaines
soja	NOM	m	p	sojas
soldatesque	NOM	f	p	soldatesques
solderie	NOM	f	p	solderies
soleilleux	ADJ	f	p	soleilleuses
soleilleux	ADJ	f	s	soleilleuse
soleilleux	ADJ	m	p	soleilleux
solen	NOM	m	p	solens
solfège	NOM	m	p	solfèges
solidification	NOM	f	p	solidifications
solidité	NOM	f	p	solidités
soliflore	NOM	m	p	soliflores
solipsisme	NOM	m	p	solipsismes
soliveau	NOM	m	p	soliveaux
solognot	ADJ	f	p	solognotes
solubilité	NOM	f	p	solubilités
solucamphre	NOM	m	p	solucamphres
solvabilité	NOM	f	p	solvabilités
solvable	ADJ	f	p	solvables
solvable	ADJ	f	s	solvable
solvable	ADJ	m	p	solvables
solécisme	NOM	m	s	solécisme
soma	NOM	m	p	somas
somali	ADJ	f	p	somalies
somali	ADJ	f	s	somalie
somali	ADJ	m	s	somali
somalien	ADJ	f	p	somaliennes
somalien	NOM	m	s	somalien
somatique	ADJ	f	p	somatiques
somatique	ADJ	f	s	somatique
somatique	ADJ	m	p	somatiques
somme	NOM	f	s	somme
sommeillant	ADJ	f	p	sommeillantes
sommeilleux	ADJ	f	p	sommeilleuses
sommeilleux	ADJ	f	s	sommeilleuse
sommeilleux	ADJ	m	s	sommeilleux
sommelier	NOM	m	p	sommeliers
sommital	ADJ	f	s	sommitale
sommital	ADJ	m	p	sommitaux
sommital	ADJ	m	s	sommital
somnambule	ADJ	f	s	somnambule
somnambule	ADJ	m	p	somnambules
somnambule	ADJ	m	s	somnambule
somnambulisme	NOM	m	p	somnambulismes
somno	NOM	m	p	somnos
somptuaire	ADJ	f	s	somptuaire
somptuaire	ADJ	m	p	somptuaires
somptuaire	ADJ	m	s	somptuaire
somptueux	ADJ	m	p	somptueux
somptueux	ADJ	m	s	somptueux
sonagramme	NOM	m	p	sonagrammes
sonatine	NOM	f	p	sonatines
sondé	ADJ	f	p	sondées
sondé	ADJ	m	p	sondés
sonoluminescence	NOM	f	p	sonoluminescences
sonomètre	NOM	m	s	sonomètre
sonorisation	NOM	f	p	sonorisations
sonothèque	NOM	f	p	sonothèques
sophora	NOM	m	p	sophoras
soporifique	ADJ	f	s	soporifique
soporifique	ADJ	m	p	soporifiques
soporifique	ADJ	m	s	soporifique
sorbe	NOM	f	s	sorbe
sorbitol	NOM	m	p	sorbitols
sorbonne	NOM	f	p	sorbonnes
sorcier	ADJ	f	p	sorcières
sorcier	ADJ	f	s	sorcière
sordidité	NOM	f	p	sordidités
sorgho	NOM	m	p	sorghos
sorite	NOM	m	p	sorites
sororal	ADJ	m	p	sororaux
sororité	NOM	f	p	sororités
sortir	NOM	m	p	sortirs
sotie	NOM	f	p	soties
souchet	NOM	m	p	souchets
souchette	NOM	f	p	souchettes
soucieux	ADJ	m	p	soucieux
soucieux	ADJ	m	s	soucieux
soudage	NOM	m	p	soudages
soudaineté	NOM	f	p	soudainetés
soudanais	ADJ	f	p	soudanaises
soudanais	ADJ	m	p	soudanais
soudanais	ADJ	m	s	soudanais
soude	NOM	f	p	soudes
soue	NOM	f	p	soues
soufflage	NOM	m	s	soufflage
soufflant	ADJ	f	p	soufflantes
soufflerie	NOM	f	p	souffleries
souffreteux	ADJ	m	p	souffreteux
souffreteux	ADJ	m	s	souffreteux
soufi	ADJ	f	p	soufies
soufi	ADJ	f	s	soufie
soufi	NOM	m	s	soufi
soufrage	NOM	m	s	soufrage
soufre	NOM	m	p	soufres
soul	NOM	f	p	souls
soulard	ADJ	f	p	soulardes
soulard	ADJ	f	s	soularde
soule	NOM	f	p	soules
soumis	ADJ	m	p	soumis
soumis	ADJ	m	s	soumis
soupier	ADJ	f	p	soupières
soupier	ADJ	f	s	soupière
soupier	ADJ	m	p	soupiers
soupçonneux	ADJ	m	p	soupçonneux
soupçonneux	ADJ	m	s	soupçonneux
sourcilier	ADJ	m	p	sourciliers
sourcilier	ADJ	m	s	sourcilier
sourcilleux	ADJ	m	p	sourcilleux
sourcilleux	ADJ	m	s	sourcilleux
sourdine	NOM	f	p	sourdines
sourdingue	ADJ	f	p	sourdingues
sourdingue	ADJ	f	s	sourdingue
sourdingue	ADJ	m	s	sourdingue
souris	ADJ	f	p	souris
souris	ADJ	f	s	souris
souris	ADJ	m	p	souris
sournois	ADJ	m	p	sournois
sournois	ADJ	m	s	sournois
soussigné	ADJ	f	p	soussignées
soutanelle	NOM	f	p	soutanelles
soutenance	NOM	f	p	soutenances
soutenant	NOM	m	p	soutenants
soutirage	NOM	m	p	soutirages
soutra	NOM	m	p	soutras
soutènement	NOM	m	p	soutènements
souvlaki	NOM	m	p	souvlakis
soviétisation	NOM	f	p	soviétisations
soviétisme	NOM	m	p	soviétismes
soya	NOM	m	p	soyas
soyeux	ADJ	m	p	soyeux
soyeux	ADJ	m	s	soyeux
soûlant	ADJ	f	p	soûlantes
soûlant	ADJ	m	p	soûlants
soûlographie	NOM	f	p	soûlographies
spacieux	ADJ	m	p	spacieux
spacieux	ADJ	m	s	spacieux
spadille	NOM	m	p	spadilles
sparterie	NOM	f	p	sparteries
spartiate	ADJ	f	p	spartiates
spartiate	ADJ	f	s	spartiate
spartiate	ADJ	m	s	spartiate
spartéine	NOM	f	p	spartéines
spasmophile	ADJ	f	p	spasmophiles
spasmophile	ADJ	f	s	spasmophile
spasmophile	ADJ	m	p	spasmophiles
spasmophilie	NOM	f	p	spasmophilies
spasticité	NOM	f	p	spasticités
spastique	ADJ	f	p	spastiques
spastique	ADJ	m	p	spastiques
spastique	ADJ	m	s	spastique
spath	NOM	m	p	spaths
spatial	NOM	m	p	spatials
spatiotemporel	ADJ	f	p	spatiotemporelles
spatiotemporel	ADJ	f	s	spatiotemporelle
spatiotemporel	ADJ	m	p	spatiotemporels
spatulé	ADJ	m	s	spatulé
speakeasy	NOM	m	p	speakeasies
speakeasy	NOM	m	p	speakeasys
spectrogramme	NOM	m	p	spectrogrammes
spectrographe	NOM	m	p	spectrographes
spectrographie	NOM	f	p	spectrographies
spectrohéliographe	NOM	m	p	spectrohéliographes
spectromètre	NOM	m	p	spectromètres
spectrométrie	NOM	f	p	spectrométries
spectrométrique	ADJ	f	p	spectrométriques
spectrométrique	ADJ	m	p	spectrométriques
spectrométrique	ADJ	m	s	spectrométrique
spectrophotomètre	NOM	m	p	spectrophotomètres
spectroscope	NOM	m	p	spectroscopes
spectroscopie	NOM	f	p	spectroscopies
speech	NOM	m	p	speeches
speech	NOM	m	p	speechs
speed	NOM	m	p	speeds
spermaceti	NOM	m	p	spermacetis
spermatogenèse	NOM	f	p	spermatogenèses
spermicide	ADJ	f	p	spermicides
spermicide	ADJ	m	p	spermicides
spermicide	ADJ	m	s	spermicide
spermicide	NOM	m	p	spermicides
spermogramme	NOM	m	p	spermogrammes
spermophile	NOM	m	s	spermophile
sphygmomanomètre	NOM	m	p	sphygmomanomètres
sphéricité	NOM	f	p	sphéricités
spi	NOM	m	p	spis
spica	NOM	m	p	spicas
spicule	NOM	m	s	spicule
spider	NOM	m	p	spiders
spin	NOM	m	p	spins
spina	NOM	f	p	spinas
spinal	ADJ	f	p	spinales
spinozisme	NOM	m	p	spinozismes
spiral	ADJ	m	p	spiraux
spiral	ADJ	m	s	spiral
spiralé	ADJ	f	s	spiralée
spirite	ADJ	m	p	spirites
spirite	ADJ	m	s	spirite
spiritisme	NOM	m	p	spiritismes
spiritualisme	NOM	m	p	spiritualismes
spiritualiste	ADJ	f	s	spiritualiste
spiritualiste	ADJ	m	p	spiritualistes
spiritualiste	ADJ	m	s	spiritualiste
spirochète	NOM	m	p	spirochètes
spirographe	NOM	m	p	spirographes
spiromètre	NOM	m	s	spiromètre
spiruline	NOM	f	p	spirulines
spirée	NOM	f	s	spirée
spitz	NOM	m	p	spitz
splénectomie	NOM	f	p	splénectomies
spoiler	NOM	m	p	spoilers
spondylarthrose	NOM	f	p	spondylarthroses
spondylite	NOM	f	p	spondylites
spondée	NOM	m	s	spondée
spongieux	ADJ	m	p	spongieux
spongieux	ADJ	m	s	spongieux
spongiforme	ADJ	f	p	spongiformes
spongiforme	ADJ	m	p	spongiformes
spongiforme	ADJ	m	s	spongiforme
sponsoring	NOM	m	p	sponsorings
sponsorisé	ADJ	f	p	sponsorisées
sponsorisé	ADJ	f	s	sponsorisée
sponsorisé	ADJ	m	p	sponsorisés
spontanéité	NOM	f	p	spontanéités
sportivité	NOM	f	p	sportivités
sprechgesang	NOM	m	p	sprechgesangs
springer	NOM	m	p	springers
spruce	NOM	m	p	spruces
spumescent	ADJ	f	p	spumescentes
spumescent	ADJ	f	s	spumescente
spumescent	ADJ	m	p	spumescents
spumosité	NOM	f	p	spumosités
spécialisation	NOM	f	p	spécialisations
spécieux	ADJ	m	p	spécieux
spécieux	ADJ	m	s	spécieux
spéculum	NOM	m	p	spéculums
spéléo	NOM	f	p	spéléo
spéléologie	NOM	f	p	spéléologies
spéléotomie	NOM	f	p	spéléotomies
squame	NOM	f	s	squame
squameux	ADJ	f	p	squameuses
squameux	ADJ	m	p	squameux
squash	NOM	m	p	squashs
squeeze	NOM	m	p	squeezes
stabilisant	ADJ	f	p	stabilisantes
stabilisant	ADJ	m	p	stabilisants
stabilisant	ADJ	m	s	stabilisant
stabilisant	NOM	m	p	stabilisants
stabilisateur	ADJ	f	p	stabilisatrices
stabilisation	NOM	f	p	stabilisations
stabilité	NOM	f	p	stabilités
stabulation	NOM	f	p	stabulations
staccato	NOM	m	p	staccatos
stagflation	NOM	f	p	stagflations
stagnant	ADJ	m	p	stagnants
stagnation	NOM	f	p	stagnations
stakhanoviste	ADJ	f	p	stakhanovistes
stakhanoviste	ADJ	m	p	stakhanovistes
stakhanoviste	ADJ	m	s	stakhanoviste
stalinisme	NOM	m	p	stalinismes
standardisation	NOM	f	p	standardisations
standing	NOM	m	p	standings
staphylococcie	NOM	f	p	staphylococcies
staphylococcique	ADJ	f	p	staphylococciques
staphylococcique	ADJ	f	s	staphylococcique
staphylococcique	ADJ	m	p	staphylococciques
staroste	NOM	m	p	starostes
starter	NOM	m	p	starters
stase	NOM	f	p	stases
statice	NOM	m	s	statice
statisticien	NOM	m	p	statisticiens
statuaire	ADJ	f	p	statuaires
statuaire	ADJ	m	p	statuaires
statuaire	ADJ	m	s	statuaire
statutaire	ADJ	f	p	statutaires
statutaire	ADJ	m	p	statutaires
statutaire	ADJ	m	s	statutaire
stem	NOM	m	p	stemms
stem	NOM	m	p	stems
stencil	NOM	m	p	stencils
stendhalien	ADJ	f	p	stendhaliennes
stendhalien	ADJ	f	s	stendhalienne
stendhalien	ADJ	m	p	stendhaliens
stendhalien	NOM	m	p	stendhaliens
stercoraire	ADJ	f	p	stercoraires
stercoraire	ADJ	f	s	stercoraire
stercoraire	ADJ	m	p	stercoraires
stercoraire	NOM	m	s	stercoraire
sterling	NOM	m	p	sterling
sterling	NOM	m	p	sterlings
sternal	ADJ	f	p	sternales
sternal	ADJ	m	p	sternaux
sternum	NOM	m	p	sternums
steward	NOM	m	p	stewards
stigma	NOM	m	p	stigmas
stigmatisé	ADJ	f	p	stigmatisées
stilton	NOM	m	p	stiltons
stimulateur	NOM	m	p	stimulateurs
stimulus	NOM	m	s	stimulus
stipe	NOM	m	s	stipe
stipendié	ADJ	f	p	stipendiées
stipendié	ADJ	f	s	stipendiée
stipendié	ADJ	m	s	stipendié
stipulant	ADJ	f	p	stipulantes
stipulant	ADJ	f	s	stipulante
stipulant	ADJ	m	p	stipulants
stipule	NOM	f	p	stipules
stipulé	ADJ	m	p	stipulés
stochastique	ADJ	f	p	stochastiques
stochastique	ADJ	f	s	stochastique
stochastique	ADJ	m	p	stochastiques
stoker	NOM	m	p	stokers
stomate	NOM	m	s	stomate
stomie	NOM	f	p	stomies
stoppage	NOM	m	p	stoppages
stout	NOM	m	p	stouts
stoïcien	ADJ	f	p	stoïciennes
stoïcien	ADJ	f	s	stoïcienne
stoïcien	ADJ	m	p	stoïciens
stoïcisme	NOM	m	p	stoïcismes
stramoine	NOM	f	p	stramoines
stramonium	NOM	m	p	stramoniums
strangulation	NOM	f	p	strangulations
strasbourgeois	ADJ	f	p	strasbourgeoises
strasbourgeois	ADJ	m	p	strasbourgeois
strasse	NOM	f	p	strasses
stratifié	ADJ	m	p	stratifiés
stratosphère	NOM	f	p	stratosphères
stratosphérique	ADJ	f	s	stratosphérique
stratosphérique	ADJ	m	p	stratosphériques
strelitzia	NOM	m	p	strelitzias
streptococcie	NOM	f	p	streptococcies
streptococcique	ADJ	f	p	streptococciques
streptococcique	ADJ	m	p	streptococciques
streptococcique	ADJ	m	s	streptococcique
streptocoque	NOM	m	p	streptocoques
streptokinase	NOM	f	p	streptokinases
streptomycine	NOM	f	p	streptomycines
stretch	NOM	m	p	stretchs
stretching	NOM	m	p	stretchings
striation	NOM	f	s	striation
stridor	NOM	m	p	stridors
striduleux	ADJ	f	p	striduleuses
striduleux	ADJ	m	p	striduleux
striduleux	ADJ	m	s	striduleux
strip	NOM	m	p	strips
striptease	NOM	m	p	stripteases
striure	NOM	f	s	striure
stroboscope	NOM	m	p	stroboscopes
stroboscopique	ADJ	f	p	stroboscopiques
stroboscopique	ADJ	f	s	stroboscopique
stroboscopique	ADJ	m	p	stroboscopiques
strontiane	NOM	f	p	strontianes
strontium	NOM	m	p	strontiums
stropiat	NOM	m	s	stropiat
structuralisme	NOM	m	p	structuralismes
structuraliste	ADJ	f	p	structuralistes
structuraliste	ADJ	f	s	structuraliste
structuraliste	ADJ	m	s	structuraliste
structuration	NOM	f	s	structuration
structurel	ADJ	f	p	structurelles
structuré	ADJ	f	p	structurées
strychnine	NOM	f	p	strychnines
stryge	NOM	f	s	stryge
studette	NOM	f	p	studettes
studieux	ADJ	m	p	studieux
studieux	ADJ	m	s	studieux
stup	NOM	m	s	stup
stupa	NOM	m	s	stupa
stupeur	NOM	f	p	stupeurs
stuporeux	ADJ	f	p	stuporeuses
stuporeux	ADJ	m	p	stuporeux
stuporeux	ADJ	m	s	stuporeux
stupre	NOM	m	p	stupres
stupéfaction	NOM	f	p	stupéfactions
stygien	ADJ	f	p	stygiennes
stygien	ADJ	f	s	stygienne
stygien	ADJ	m	p	stygiens
stylisation	NOM	f	p	stylisations
stylisme	NOM	m	p	stylismes
stylistique	ADJ	f	p	stylistiques
stylistique	ADJ	f	s	stylistique
stylistique	ADJ	m	p	stylistiques
stylite	NOM	m	p	stylites
stylomine	NOM	m	p	stylomines
styrène	NOM	m	p	styrènes
stéarate	NOM	m	p	stéarates
stéatopyge	ADJ	f	p	stéatopyges
stéatopyge	ADJ	f	s	stéatopyge
stéatopyge	ADJ	m	s	stéatopyge
stégosaure	NOM	m	p	stégosaures
sténodactylographie	NOM	f	p	sténodactylographies
sténographie	NOM	f	p	sténographies
sténographique	ADJ	f	p	sténographiques
sténographique	ADJ	f	s	sténographique
sténose	NOM	f	p	sténoses
sténotype	NOM	f	p	sténotypes
stérilet	NOM	m	p	stérilets
stérilisant	ADJ	m	p	stérilisants
stérilisateur	NOM	m	p	stérilisateurs
stérilité	NOM	f	p	stérilités
stéroïde	ADJ	f	p	stéroïdes
stéroïde	ADJ	f	s	stéroïde
stéroïde	ADJ	m	p	stéroïdes
stéréophonie	NOM	f	p	stéréophonies
stéréophonique	ADJ	f	p	stéréophoniques
stéréophonique	ADJ	f	s	stéréophonique
stéréophonique	ADJ	m	p	stéréophoniques
stéréoscope	NOM	m	p	stéréoscopes
stéréoscopie	NOM	f	p	stéréoscopies
stéréotypie	NOM	f	p	stéréotypies
su	ADJ	m	p	sus
suavité	NOM	f	p	suavités
subaigu	ADJ	f	p	subaiguës
subaigu	ADJ	f	p	subaigües
subaigu	ADJ	m	p	subaigus
subaigu	ADJ	m	s	subaigu
subcarpatique	ADJ	f	p	subcarpatiques
subcarpatique	ADJ	m	p	subcarpatiques
subcarpatique	ADJ	m	s	subcarpatique
subculture	NOM	f	p	subcultures
subduction	NOM	f	p	subductions
suber	NOM	m	p	subers
subjectivisme	NOM	m	p	subjectivismes
subjectiviste	ADJ	f	p	subjectivistes
subjectiviste	ADJ	f	s	subjectiviste
subjectiviste	ADJ	m	p	subjectivistes
subjectivité	NOM	f	p	subjectivités
subjugation	NOM	f	p	subjugations
sublimable	ADJ	f	p	sublimables
sublimable	ADJ	m	p	sublimables
sublimable	ADJ	m	s	sublimable
sublingual	ADJ	f	p	sublinguales
sublingual	ADJ	f	s	sublinguale
submersible	ADJ	f	p	submersibles
submersible	ADJ	f	s	submersible
submersible	ADJ	m	p	submersibles
submersion	NOM	f	p	submersions
suborbital	ADJ	f	p	suborbitales
suborbital	ADJ	m	p	suborbitaux
suborbital	ADJ	m	s	suborbital
subordination	NOM	f	p	subordinations
subornation	NOM	f	p	subornations
subreptice	ADJ	f	p	subreptices
subreptice	ADJ	f	s	subreptice
subreptice	ADJ	m	s	subreptice
subrogation	NOM	f	p	subrogations
subrécargue	NOM	m	p	subrécargues
subsaharien	ADJ	f	p	subsahariennes
subsaharien	ADJ	m	p	subsahariens
subsaharien	ADJ	m	s	subsaharien
subsistant	ADJ	f	s	subsistante
substantif	ADJ	f	p	substantives
substantif	ADJ	f	s	substantive
substantifique	ADJ	f	p	substantifiques
substantifique	ADJ	m	p	substantifiques
substantifique	ADJ	m	s	substantifique
substrat	NOM	m	p	substrats
substratum	NOM	m	p	substratums
substruction	NOM	f	p	substructions
subtropical	ADJ	m	p	subtropicaux
successoral	ADJ	f	p	successorales
successoral	ADJ	m	p	successoraux
succinct	ADJ	m	p	succincts
succulence	NOM	f	p	succulences
sucrier	ADJ	m	p	sucriers
sucrin	ADJ	f	p	sucrines
sucrin	ADJ	f	s	sucrine
sucrin	ADJ	m	s	sucrin
sud	NOM	m	p	suds
sudation	NOM	f	p	sudations
sudatoire	ADJ	f	s	sudatoire
sudatoire	ADJ	m	p	sudatoires
sudatoire	ADJ	m	s	sudatoire
sudoripare	ADJ	f	s	sudoripare
sudoripare	ADJ	m	p	sudoripares
sudoripare	ADJ	m	s	sudoripare
sudète	ADJ	f	p	sudètes
sudète	ADJ	f	s	sudète
sudète	ADJ	m	s	sudète
suffixe	NOM	m	s	suffixe
suffète	NOM	m	p	suffètes
suggestibilité	NOM	f	p	suggestibilités
suggestivité	NOM	f	p	suggestivités
suif	NOM	m	p	suifs
suiffard	NOM	m	p	suiffards
suiffeux	ADJ	f	s	suiffeuse
suiffeux	ADJ	m	p	suiffeux
suiffeux	ADJ	m	s	suiffeux
suint	NOM	m	p	suints
suisse	ADJ	f	p	suisses
suisse	ADJ	m	p	suisses
suisse	ADJ	m	s	suisse
suitée	ADJ	f	p	suitées
suiveur	ADJ	m	s	suiveur
sulfatage	NOM	m	s	sulfatage
sulfaté	ADJ	f	s	sulfatée
sulfaté	ADJ	m	p	sulfatés
sulfhydrique	ADJ	f	p	sulfhydriques
sulfhydrique	ADJ	f	s	sulfhydrique
sulfhydrique	ADJ	m	p	sulfhydriques
sulfite	NOM	m	p	sulfites
sulfonate	NOM	m	p	sulfonates
sulfureux	ADJ	m	p	sulfureux
sulfureux	ADJ	m	s	sulfureux
sulfurique	ADJ	f	p	sulfuriques
sulfurique	ADJ	f	s	sulfurique
sulfurique	ADJ	m	p	sulfuriques
sulfurisé	ADJ	f	p	sulfurisées
sulfurisé	ADJ	f	s	sulfurisée
sulfurisé	ADJ	m	p	sulfurisés
sulfuré	ADJ	f	p	sulfurées
sulfuré	ADJ	m	p	sulfurés
sulky	NOM	m	p	sulkies
sulky	NOM	m	p	sulkys
sulpicien	ADJ	m	p	sulpiciens
sultanat	NOM	m	p	sultanats
sultane	NOM	f	p	sultanes
sumac	NOM	m	p	sumacs
summum	NOM	m	p	summums
sumo	NOM	m	p	sumo
sumo	NOM	m	p	sumos
sumérien	ADJ	f	p	sumériennes
sumérien	ADJ	f	s	sumérienne
sumérien	ADJ	m	p	sumériens
sumérien	NOM	m	p	sumériens
sunna	NOM	f	p	sunnas
supercalculateur	NOM	m	p	supercalculateurs
supercarburant	NOM	m	p	supercarburants
superfamille	NOM	f	p	superfamilles
superficie	NOM	f	p	superficies
superfin	ADJ	f	p	superfines
superfin	ADJ	f	s	superfine
superfin	ADJ	m	p	superfins
superfétatoire	ADJ	f	s	superfétatoire
superfétatoire	ADJ	m	p	superfétatoires
superfétatoire	ADJ	m	s	superfétatoire
supergrand	NOM	m	p	super-grands
supergrand	NOM	m	p	supergrands
superlatif	ADJ	f	p	superlatives
superlatif	ADJ	m	p	superlatifs
superlatif	NOM	m	s	superlatif
superman	NOM	m	s	superman
superordinateur	NOM	m	p	super-ordinateurs
superordinateur	NOM	m	p	superordinateurs
superphosphate	NOM	m	s	superphosphate
superposable	ADJ	f	p	superposables
superposable	ADJ	f	s	superposable
superposable	ADJ	m	s	superposable
superstitieux	ADJ	m	p	superstitieux
superstitieux	ADJ	m	s	superstitieux
supertanker	NOM	m	p	supertankers
supin	NOM	m	p	supins
supination	NOM	f	p	supinations
suppliciant	ADJ	f	s	suppliciante
suppliciant	ADJ	m	p	suppliciants
supplicié	ADJ	f	p	suppliciées
suppléance	NOM	f	p	suppléances
suppléant	ADJ	f	p	suppléantes
supplétif	ADJ	f	p	supplétives
supplétif	ADJ	m	p	supplétifs
supplétif	ADJ	m	s	supplétif
supplétif	NOM	m	s	supplétif
supporteur	NOM	m	p	supporteurs
suppresseur	ADJ	f	p	suppresseuses
suppresseur	ADJ	f	s	suppresseuse
suppresseur	ADJ	m	p	suppresseurs
suppresseur	NOM	m	p	suppresseurs
suppurant	ADJ	m	p	suppurants
supraconducteur	ADJ	f	p	supraconductrices
supraconducteur	ADJ	m	p	supraconducteurs
supraconducteur	ADJ	m	s	supraconducteur
supraconductivité	NOM	f	p	supraconductivités
supranational	ADJ	f	s	supranationale
supranational	ADJ	m	p	supranationaux
supranaturel	ADJ	f	p	supranaturelles
supranaturel	ADJ	f	s	supranaturelle
supranaturel	ADJ	m	p	supranaturels
suprématie	NOM	f	p	suprématies
supérette	NOM	f	p	supérettes
surabondant	ADJ	m	p	surabondants
suractivité	NOM	f	p	suractivités
suractivé	ADJ	f	p	suractivées
suractivé	ADJ	m	p	suractivés
suradaptation	NOM	f	p	suradaptations
surah	NOM	m	p	surahs
suralimentation	NOM	f	p	suralimentations
suralimenté	ADJ	f	p	suralimentées
suralimenté	ADJ	m	s	suralimenté
surard	NOM	m	p	surards
surarmement	NOM	m	p	surarmements
surbooké	ADJ	m	p	surbookés
surbrillance	NOM	f	p	surbrillances
surcapacité	NOM	f	p	surcapacités
surchauffe	NOM	f	p	surchauffes
surcompensation	NOM	f	p	surcompensations
surconsommation	NOM	f	p	surconsommations
surcontre	NOM	m	p	surcontres
surcoût	NOM	m	p	surcoûts
surdimensionné	ADJ	f	p	surdimensionnées
surdimensionné	ADJ	m	p	surdimensionnés
surdité	NOM	f	p	surdités
surdosage	NOM	m	p	surdosages
surdose	NOM	f	p	surdoses
surdoué	ADJ	f	p	surdouées
sureffectif	NOM	m	p	sureffectifs
suremploi	NOM	m	p	suremplois
surencombré	ADJ	f	p	surencombrées
surencombré	ADJ	m	p	surencombrés
surencombré	ADJ	m	s	surencombré
surentraînement	NOM	m	p	surentraînements
surentraîné	ADJ	f	s	surentraînée
surestimation	NOM	f	p	surestimations
suret	ADJ	f	p	surettes
surexcitation	NOM	f	p	surexcitations
surexposition	NOM	f	p	surexpositions
surf	NOM	m	p	surfs
surfactant	NOM	m	p	surfactants
surfacturation	NOM	f	p	surfacturations
surfaçage	NOM	m	p	surfaçages
surfilage	NOM	m	p	surfilages
surfin	ADJ	f	p	surfines
surfin	ADJ	m	p	surfins
surgénérateur	NOM	m	p	surgénérateurs
surhumanité	NOM	f	p	surhumanités
suri	ADJ	m	p	suris
suricate	NOM	m	p	suricates
surinfection	NOM	f	s	surinfection
surinformation	NOM	f	p	surinformations
surintendance	NOM	f	p	surintendances
surintendant	NOM	m	p	surintendants
surintensité	NOM	f	p	surintensités
surinvestissement	NOM	m	p	surinvestissements
surlendemain	NOM	m	p	surlendemains
surligneur	NOM	m	p	surligneurs
surmenage	NOM	m	p	surmenages
surmenant	ADJ	f	p	surmenantes
surmenant	ADJ	f	s	surmenante
surmenant	ADJ	m	p	surmenants
surmultiplié	ADJ	m	p	surmultipliés
surmultiplié	ADJ	m	s	surmultiplié
surmédicalisation	NOM	f	p	surmédicalisations
surnaturel	NOM	m	p	surnaturels
surnombre	NOM	m	p	surnombres
surnommé	ADJ	f	p	surnommées
surnuméraire	ADJ	f	p	surnuméraires
surnuméraire	ADJ	m	s	surnuméraire
suroxygéné	ADJ	f	p	suroxygénées
suroxygéné	ADJ	f	s	suroxygénée
suroxygéné	ADJ	m	p	suroxygénés
surpeuplement	NOM	m	p	surpeuplements
surpiqûre	NOM	f	s	surpiqûre
surplace	NOM	m	p	surplaces
surplombant	ADJ	f	p	surplombantes
surplombant	ADJ	m	p	surplombants
surpopulation	NOM	f	p	surpopulations
surpresseur	NOM	m	p	surpresseurs
surpression	NOM	f	p	surpressions
surprime	NOM	f	p	surprimes
surpris	ADJ	m	p	surpris
surpris	ADJ	m	s	surpris
surproduction	NOM	f	p	surproductions
surprotecteur	ADJ	f	p	surprotectrices
surprotecteur	ADJ	f	s	surprotectrice
surprotecteur	ADJ	m	p	surprotecteurs
surpuissance	NOM	f	p	surpuissances
surpuissant	ADJ	f	p	surpuissantes
surréalisme	NOM	m	p	surréalismes
surréalité	NOM	f	p	surréalités
surréel	ADJ	m	p	surréels
surrégime	NOM	m	p	surrégimes
surrénal	ADJ	m	p	surrénaux
surrénalien	ADJ	f	p	surrénaliennes
surrénalien	ADJ	f	s	surrénalienne
surrénalien	ADJ	m	p	surrénaliens
surréservation	NOM	f	p	surréservations
sursaturé	ADJ	m	p	sursaturés
sursaturé	ADJ	m	s	sursaturé
surtension	NOM	f	p	surtensions
survenant	NOM	m	s	survenant
survie	NOM	f	p	survies
survitesse	NOM	f	p	survitesses
survoltage	NOM	m	p	survoltages
survolteur	NOM	m	p	survolteurs
surélévation	NOM	f	p	surélévations
suréminent	ADJ	f	p	suréminentes
suréminent	ADJ	m	p	suréminents
suréminent	ADJ	m	s	suréminent
surévaluation	NOM	f	p	surévaluations
suscription	NOM	f	p	suscriptions
susdit	ADJ	m	p	susdits
susdit	NOM	m	p	susdits
susmentionné	ADJ	f	p	susmentionnées
susmentionné	ADJ	m	p	susmentionnés
susnommé	ADJ	f	p	susnommées
susnommé	NOM	m	p	susnommés
suspens	ADJ	m	p	suspens
suspensif	ADJ	f	p	suspensives
suspensif	ADJ	m	p	suspensifs
suspicieux	ADJ	m	p	suspicieux
suspicieux	ADJ	m	s	suspicieux
sustentation	NOM	f	p	sustentations
susvisé	ADJ	f	p	susvisées
susvisé	ADJ	m	p	susvisés
susvisé	ADJ	m	s	susvisé
sutra	NOM	m	p	sutra
sutra	NOM	m	p	sutras
suzeraineté	NOM	f	p	suzerainetés
suçotement	NOM	m	s	suçotement
suède	NOM	m	p	suèdes
suédine	NOM	f	p	suédines
suédois	ADJ	m	p	suédois
suédois	ADJ	m	s	suédois
sveltesse	NOM	f	p	sveltesses
swahili	ADJ	f	p	swahilies
swahili	ADJ	f	s	swahilie
swahili	ADJ	m	p	swahilis
swahili	NOM	m	p	swahilis
sweepstake	NOM	m	p	sweepstakes
sybaritisme	NOM	m	p	sybaritismes
syllepse	NOM	f	p	syllepses
syllogistique	ADJ	f	p	syllogistiques
syllogistique	ADJ	m	p	syllogistiques
syllogistique	ADJ	m	s	syllogistique
sylphe	NOM	m	s	sylphe
sylvaner	NOM	m	p	sylvaner
sylvaner	NOM	m	p	sylvaners
sylve	NOM	f	p	sylves
sylviculture	NOM	f	p	sylvicultures
sylvie	NOM	f	p	sylvies
symbionte	NOM	m	p	symbiontes
symbiose	NOM	f	p	symbioses
symbolisation	NOM	f	p	symbolisations
symbolisme	NOM	m	p	symbolismes
sympathectomie	NOM	f	p	sympathectomies
symphonique	ADJ	f	p	symphoniques
symphonique	ADJ	f	s	symphonique
symphonique	ADJ	m	s	symphonique
symphorine	NOM	f	s	symphorine
symphyse	NOM	f	p	symphyses
symptomatique	ADJ	f	p	symptomatiques
symptomatique	ADJ	f	s	symptomatique
symptomatologie	NOM	f	p	symptomatologies
synagogal	ADJ	f	p	synagogales
synagogal	ADJ	m	s	synagogal
synaptique	ADJ	f	p	synaptiques
synaptique	ADJ	f	s	synaptique
synaptique	ADJ	m	s	synaptique
synchronie	NOM	f	p	synchronies
synchronisation	NOM	f	p	synchronisations
synchroniseur	NOM	m	p	synchroniseurs
synchronisme	NOM	m	p	synchronismes
synchrotron	NOM	m	p	synchrotrons
syncopal	ADJ	f	p	syncopales
syncopal	ADJ	f	s	syncopale
syncopal	ADJ	m	p	syncopaux
syncrétisme	NOM	m	p	syncrétismes
syncytial	ADJ	f	p	syncytiales
syncytial	ADJ	f	s	syncytiale
syncytial	ADJ	m	p	syncytiaux
syndicalisation	NOM	f	p	syndicalisations
syndicalisme	NOM	m	p	syndicalismes
syndication	NOM	f	p	syndications
synecdoque	NOM	f	p	synecdoques
synergique	ADJ	f	p	synergiques
synergique	ADJ	m	p	synergiques
synergique	ADJ	m	s	synergique
synergétique	ADJ	f	p	synergétiques
synergétique	ADJ	f	s	synergétique
synergétique	ADJ	m	p	synergétiques
synesthésie	NOM	f	p	synesthésies
synode	NOM	m	p	synodes
synonyme	ADJ	f	s	synonyme
synonyme	ADJ	m	p	synonymes
synonyme	ADJ	m	s	synonyme
synopsie	NOM	f	p	synopsies
synovial	ADJ	f	s	synoviale
synovial	ADJ	m	p	synoviaux
synovial	ADJ	m	s	synovial
synovite	NOM	f	p	synovites
syntagme	NOM	m	p	syntagmes
syntaxique	ADJ	f	p	syntaxiques
syntaxique	ADJ	f	s	syntaxique
syntaxique	ADJ	m	p	syntaxiques
synérèse	NOM	f	s	synérèse
syringomyélie	NOM	f	p	syringomyélies
syrte	NOM	f	s	syrte
systole	NOM	f	p	systoles
systématisation	NOM	f	p	systématisations
systématisé	ADJ	f	p	systématisées
syénite	NOM	f	p	syénites
sème	NOM	m	p	sèmes
séant	ADJ	f	p	séantes
séant	ADJ	m	p	séants
séant	NOM	m	p	séants
sébacé	ADJ	m	p	sébacés
sébaste	NOM	m	p	sébastes
séborrhée	NOM	f	p	séborrhées
séborrhéique	ADJ	f	p	séborrhéiques
séborrhéique	ADJ	m	p	séborrhéiques
séborrhéique	ADJ	m	s	séborrhéique
sébum	NOM	m	p	sébums
sécession	NOM	f	p	sécessions
sécessionniste	ADJ	f	p	sécessionnistes
sécessionniste	ADJ	m	p	sécessionnistes
sécessionniste	ADJ	m	s	sécessionniste
séchage	NOM	m	p	séchages
sécot	NOM	m	p	sécots
sécréteur	ADJ	f	p	sécréteuses
sécréteur	ADJ	f	p	sécrétrices
sécréteur	ADJ	f	s	sécrétrice
sécréteur	ADJ	m	s	sécréteur
sécrétine	NOM	f	p	sécrétines
séculier	ADJ	f	p	séculières
sécurisant	ADJ	f	p	sécurisantes
sécurisant	ADJ	m	p	sécurisants
sécurisation	NOM	f	p	sécurisations
sécurit	NOM	m	p	sécurits
sédation	NOM	f	p	sédations
sédentaire	ADJ	f	p	sédentaires
sédentaire	ADJ	f	s	sédentaire
sédentaire	ADJ	m	s	sédentaire
sédentarisation	NOM	f	p	sédentarisations
sédentarisme	NOM	m	p	sédentarismes
sédentarité	NOM	f	p	sédentarités
sédimentaire	ADJ	f	s	sédimentaire
sédimentaire	ADJ	m	p	sédimentaires
sédimentaire	ADJ	m	s	sédimentaire
séditieux	ADJ	m	p	séditieux
séditieux	ADJ	m	s	séditieux
sédition	NOM	f	p	séditions
séfarade	ADJ	f	p	séfarades
séfarade	ADJ	f	s	séfarade
séfarade	ADJ	m	p	séfarades
ségrégation	NOM	f	p	ségrégations
ségrégationniste	ADJ	f	p	ségrégationnistes
ségrégationniste	ADJ	f	s	ségrégationniste
ségrégationniste	ADJ	m	p	ségrégationnistes
séguedille	NOM	f	p	séguedilles
sélectionneur	NOM	m	p	sélectionneurs
sélectionneuse	NOM	f	p	sélectionneuses
sélectivité	NOM	f	p	sélectivités
sélénium	NOM	m	p	séléniums
séléniure	NOM	m	p	séléniures
sélénographie	NOM	f	p	sélénographies
sémantique	NOM	f	p	sémantiques
sémaphorique	ADJ	f	p	sémaphoriques
sémaphorique	ADJ	f	s	sémaphorique
sémaphorique	ADJ	m	s	sémaphorique
sémillant	ADJ	f	p	sémillantes
sémillant	ADJ	m	p	sémillants
sémillon	NOM	m	p	sémillons
séminome	NOM	m	p	séminomes
sémiologie	NOM	f	p	sémiologies
sémite	ADJ	f	p	sémites
sémite	ADJ	m	p	sémites
sémite	ADJ	m	s	sémite
sémitique	ADJ	f	s	sémitique
sémitique	ADJ	m	p	sémitiques
sémitique	ADJ	m	s	sémitique
sénat	NOM	m	p	sénats
sénatorial	ADJ	m	p	sénatoriaux
sénescence	NOM	f	p	sénescences
sénevé	NOM	m	p	sénevés
sénilité	NOM	f	p	sénilités
sénégalais	ADJ	m	p	sénégalais
sénégalais	ADJ	m	s	sénégalais
séoudite	ADJ	f	p	séoudites
séoudite	ADJ	m	p	séoudites
séoudite	ADJ	m	s	séoudite
séparateur	ADJ	f	p	séparatrices
séparateur	ADJ	m	p	séparateurs
séparateur	NOM	m	p	séparateurs
séparatiste	ADJ	f	s	séparatiste
séparatiste	ADJ	m	p	séparatistes
sépharade	ADJ	f	p	sépharades
sépharade	ADJ	m	p	sépharades
sépharade	ADJ	m	s	sépharade
sépulcral	ADJ	m	p	sépulcraux
séquenceur	NOM	m	p	séquenceurs
séquentiel	ADJ	f	p	séquentielles
séquentiel	ADJ	m	p	séquentiels
séquençage	NOM	m	p	séquençages
sérail	NOM	m	p	sérails
séreux	ADJ	f	p	séreuses
séreux	ADJ	f	s	séreuse
séreux	ADJ	m	p	séreux
sérial	NOM	m	p	sérials
sériel	ADJ	f	p	sérielles
sériel	ADJ	m	p	sériels
sérieux	ADJ	m	p	sérieux
sérieux	ADJ	m	s	sérieux
sérique	ADJ	f	p	sériques
sérique	ADJ	f	s	sérique
sérique	ADJ	m	p	sériques
sérologie	NOM	f	p	sérologies
séronégatif	ADJ	f	p	séronégatives
séropositive	NOM	f	p	séropositives
séropositivité	NOM	f	p	séropositivités
sérosité	NOM	f	p	sérosités
sérotonine	NOM	f	p	sérotonines
sérénité	NOM	f	p	sérénités
sésame	NOM	m	p	sésames
séton	NOM	m	p	sétons
sévillan	ADJ	f	p	sévillanes
sévillan	ADJ	m	p	sévillans
tabagisme	NOM	m	p	tabagismes
tabard	NOM	m	p	tabards
tabard	NOM	m	p	tabars
tabassée	NOM	f	p	tabassées
tabla	NOM	m	p	tablas
tablature	NOM	f	p	tablatures
tabletterie	NOM	f	p	tabletteries
tableur	NOM	m	p	tableurs
tabloïd	ADJ	f	p	tabloïds
tabloïd	ADJ	f	s	tabloïd
tabloïd	ADJ	m	p	tabloïds
taborite	NOM	m	s	taborite
taboulé	NOM	m	p	taboulés
tabulaire	ADJ	f	p	tabulaires
tabulaire	ADJ	m	p	tabulaires
tabulaire	ADJ	m	s	tabulaire
tabulateur	NOM	m	p	tabulateurs
tabulation	NOM	f	s	tabulation
tacaud	NOM	m	s	tacaud
tacheture	NOM	f	s	tacheture
tachiste	ADJ	f	p	tachistes
tachiste	ADJ	m	p	tachistes
tachiste	ADJ	m	s	tachiste
tachyarythmie	NOM	f	p	tachyarythmies
tachymètre	NOM	m	p	tachymètres
tachéomètre	NOM	m	p	tachéomètres
taciturnité	NOM	f	p	taciturnités
tacle	NOM	m	p	tacles
tacon	NOM	m	p	tacons
tact	NOM	m	p	tacts
tadjik	NOM	m	p	tadjiks
taenia	NOM	m	p	taenias
tafia	NOM	m	p	tafias
tag	NOM	m	p	tags
tagalog	NOM	m	p	tagalogs
tagger	NOM	m	p	taggers
tahitien	ADJ	m	p	tahitiens
taifa	NOM	m	s	taifa
taillable	ADJ	f	p	taillables
taillable	ADJ	f	s	taillable
taillable	ADJ	m	p	taillables
taillade	NOM	f	p	taillades
taillandier	NOM	m	p	taillandiers
taillant	NOM	m	s	taillant
tailleuse	NOM	f	p	tailleuses
taillon	NOM	m	s	taillon
tain	NOM	m	p	tains
taiseux	ADJ	f	p	taiseuses
taiseux	ADJ	f	s	taiseuse
taiseux	ADJ	m	p	taiseux
talc	NOM	m	p	talcs
talentueux	ADJ	m	p	talentueux
talentueux	ADJ	m	s	talentueux
talion	NOM	m	p	talions
talle	NOM	f	p	talles
tallipot	NOM	m	p	tallipots
talmouse	NOM	f	p	talmouses
talonnade	NOM	f	s	talonnade
talonneur	NOM	m	p	talonneurs
talure	NOM	f	s	talure
talé	ADJ	m	s	talé
tamanoir	NOM	m	p	tamanoirs
tambourinement	NOM	m	p	tambourinements
tambourineur	NOM	m	p	tambourineurs
tamia	NOM	m	p	tamias
tamisage	NOM	m	p	tamisages
tamiseur	NOM	m	p	tamiseurs
tamoul	NOM	m	p	tamouls
tamouré	NOM	m	p	tamourés
tamponnade	NOM	f	p	tamponnades
tamponnement	NOM	m	p	tamponnements
tamponneur	ADJ	m	p	tamponneurs
tamtam	NOM	m	p	tamtams
tanaisie	NOM	f	p	tanaisies
tangage	NOM	m	p	tangages
tangence	NOM	f	p	tangences
tangentiel	ADJ	f	p	tangentielles
tangentiel	ADJ	f	s	tangentielle
tangentiel	ADJ	m	p	tangentiels
tangibilité	NOM	f	p	tangibilités
tangon	NOM	m	p	tangons
tangue	NOM	f	p	tangues
tanin	NOM	m	p	tanins
tanka	NOM	m	p	tanka
tannage	NOM	m	p	tannages
tannant	ADJ	m	p	tannants
tannerie	NOM	f	p	tanneries
tanrec	NOM	m	p	tanrecs
tansad	NOM	m	p	tansads
tantinet	NOM	m	p	tantinets
tantième	NOM	m	s	tantième
tantra	NOM	m	p	tantra
tantra	NOM	m	p	tantras
tantrique	ADJ	f	p	tantriques
tantrique	ADJ	f	s	tantrique
tantrisme	NOM	m	p	tantrismes
tantôt	NOM	m	p	tantôts
tao	NOM	m	p	taos
taoïsme	NOM	m	p	taoïsmes
taoïste	ADJ	f	s	taoïste
taoïste	ADJ	m	p	taoïstes
taoïste	ADJ	m	s	taoïste
tapant	ADJ	m	p	tapants
tapecul	NOM	m	p	tapeculs
tapenade	NOM	f	p	tapenades
tapi	ADJ	m	p	tapis
tapioca	NOM	m	p	tapiocas
taquoir	NOM	m	p	taquoirs
tarabiscot	NOM	m	p	tarabiscots
tarabiscotage	NOM	m	s	tarabiscotage
tarama	NOM	m	p	taramas
tarare	NOM	m	p	tarares
taraudant	ADJ	f	p	taraudantes
taraudant	ADJ	f	s	taraudante
taraudant	ADJ	m	p	taraudants
tarbouche	NOM	m	p	tarbouches
tardigrade	NOM	m	p	tardigrades
tardillon	NOM	m	p	tardillons
targe	NOM	f	p	targes
targui	ADJ	f	p	touarègue
targui	ADJ	f	s	targuie
targui	ADJ	m	p	touareg
targui	NOM	m	p	touaregs
targui	NOM	m	p	touarègue
tarin	NOM	m	p	tarins
tarissement	NOM	m	p	tarissements
tarlatane	NOM	f	p	tarlatanes
tarmac	NOM	m	p	tarmacs
taro	NOM	m	p	taros
tarpon	NOM	m	p	tarpons
tarsien	ADJ	f	p	tarsiennes
tarsien	ADJ	m	s	tarsien
tarsier	NOM	m	p	tarsiers
tartan	NOM	m	p	tartans
tartarinade	NOM	f	s	tartarinade
tartempion	NOM	m	p	tartempions
tartre	NOM	m	p	tartres
tartuffe	NOM	m	s	tartuffe
tasmanien	ADJ	f	p	tasmaniennes
tasmanien	ADJ	f	s	tasmanienne
tasmanien	ADJ	m	p	tasmaniens
tasseau	NOM	m	p	tasseaux
tassili	NOM	m	p	tassilis
tatar	ADJ	f	p	tatares
tatar	ADJ	f	s	tatare
tatar	NOM	m	p	tatars
tau	NOM	m	p	tau
tau	NOM	m	p	taus
taupin	NOM	m	p	taupins
taupinée	NOM	f	s	taupinée
taupé	ADJ	f	p	taupées
taupé	ADJ	f	s	taupée
taure	NOM	f	p	taures
taurin	ADJ	f	p	taurines
taurobole	NOM	m	p	tauroboles
tauromachie	NOM	f	p	tauromachies
tautologie	NOM	f	p	tautologies
tavelure	NOM	f	s	tavelure
tavelé	ADJ	f	p	tavelées
tavelé	ADJ	m	p	tavelés
taxable	ADJ	f	s	taxable
taxable	ADJ	m	p	taxables
taxable	ADJ	m	s	taxable
taxation	NOM	f	p	taxations
taxaudier	NOM	m	p	taxaudiers
taxidermie	NOM	f	p	taxidermies
taximètre	NOM	m	p	taximètres
taxinomie	NOM	f	p	taxinomies
taxinomique	ADJ	f	p	taxinomiques
taxinomique	ADJ	f	s	taxinomique
taxinomique	ADJ	m	p	taxinomiques
taxonomie	NOM	f	p	taxonomies
taxonomique	ADJ	f	p	taxonomiques
taxonomique	ADJ	f	s	taxonomique
taxonomique	ADJ	m	p	taxonomiques
taxé	ADJ	f	p	taxées
taylorisme	NOM	m	p	taylorismes
tchadien	NOM	m	s	tchadien
tchador	NOM	m	p	tchadors
tchatche	NOM	f	p	tchatches
tcherkesse	NOM	m	p	tcherkesses
tchernoziom	NOM	m	p	tchernozioms
tchécoslovaque	ADJ	f	p	tchécoslovaques
tchécoslovaque	ADJ	f	s	tchécoslovaque
tchécoslovaque	ADJ	m	s	tchécoslovaque
teaser	NOM	m	p	teasers
technicien	ADJ	f	p	techniciennes
technicité	NOM	f	p	technicités
technicolor	NOM	m	p	technicolors
techno	NOM	f	p	technos
technocratisme	NOM	m	p	technocratismes
technétium	NOM	m	p	technétiums
teck	NOM	m	p	tecks
tectonique	ADJ	f	s	tectonique
tectonique	ADJ	m	p	tectoniques
tectonique	ADJ	m	s	tectonique
tectonique	NOM	f	p	tectoniques
teigneux	ADJ	m	p	teigneux
teigneux	ADJ	m	s	teigneux
tek	NOM	m	p	teks
tell	NOM	m	p	tells
tellure	NOM	m	p	tellures
tellurique	ADJ	f	p	telluriques
tellurique	ADJ	f	s	tellurique
tellurique	ADJ	m	s	tellurique
telson	NOM	m	p	telsons
tempera	NOM	f	p	temperas
templier	ADJ	f	p	templières
templier	ADJ	m	p	templiers
templier	ADJ	m	s	templier
temporisateur	ADJ	f	p	temporisatrices
temporisateur	ADJ	f	s	temporisatrice
temporisateur	ADJ	m	p	temporisateurs
temporisation	NOM	f	p	temporisations
temps	NOM	m	p	temps
tempérance	NOM	f	p	tempérances
tempétueux	ADJ	f	p	tempétueuses
tempétueux	ADJ	f	s	tempétueuse
tempétueux	ADJ	m	p	tempétueux
tenable	ADJ	f	p	tenables
tenable	ADJ	m	p	tenables
tenable	ADJ	m	s	tenable
tenant	ADJ	f	p	tenantes
tendancieux	ADJ	m	s	tendancieux
tendelet	NOM	m	p	tendelets
tendineux	ADJ	f	s	tendineuse
tendineux	ADJ	m	p	tendineux
tendineux	ADJ	m	s	tendineux
tendinite	NOM	f	p	tendinites
tendreté	NOM	f	p	tendretés
tenseur	NOM	m	p	tenseurs
tensiomètre	NOM	m	p	tensiomètres
tenure	NOM	f	p	tenures
tepidarium	NOM	m	p	tepidariums
tercet	NOM	m	s	tercet
tergal	NOM	m	p	tergals
tergal	NOM	m	p	tergaux
terminateur	ADJ	f	p	terminatrices
terminateur	ADJ	m	p	terminateurs
terminateur	ADJ	m	s	terminateur
terminateur	NOM	m	p	terminateurs
terminologie	NOM	f	p	terminologies
terrage	NOM	m	p	terrages
terramycine	NOM	f	p	terramycines
terraplane	NOM	m	p	terraplanes
terrarium	NOM	m	p	terrariums
terreux	ADJ	m	p	terreux
terreux	ADJ	m	s	terreux
terri	NOM	m	p	terris
terrifique	ADJ	f	p	terrifiques
terrifique	ADJ	f	s	terrifique
terrifique	ADJ	m	p	terrifiques
territorialité	NOM	f	p	territorialités
terroir	NOM	m	p	terroirs
terrorisant	ADJ	f	p	terrorisantes
tertiaire	ADJ	f	p	tertiaires
tertiaire	ADJ	f	s	tertiaire
tertiaire	ADJ	m	s	tertiaire
tertiaire	NOM	m	p	tertiaires
tesla	NOM	m	p	attotesla
tesla	NOM	m	p	attoteslas
tesla	NOM	m	p	centitesla
tesla	NOM	m	p	centiteslas
tesla	NOM	m	p	décatesla
tesla	NOM	m	p	décateslas
tesla	NOM	m	p	décitesla
tesla	NOM	m	p	déciteslas
tesla	NOM	m	p	exatesla
tesla	NOM	m	p	exateslas
tesla	NOM	m	p	femtotesla
tesla	NOM	m	p	femtoteslas
tesla	NOM	m	p	gigatesla
tesla	NOM	m	p	gigateslas
tesla	NOM	m	p	hectotesla
tesla	NOM	m	p	hectoteslas
tesla	NOM	m	p	kilotesla
tesla	NOM	m	p	kiloteslas
tesla	NOM	m	p	microtesla
tesla	NOM	m	p	microteslas
tesla	NOM	m	p	millitesla
tesla	NOM	m	p	milliteslas
tesla	NOM	m	p	mégatesla
tesla	NOM	m	p	mégateslas
tesla	NOM	m	p	nanotesla
tesla	NOM	m	p	nanoteslas
tesla	NOM	m	p	petatesla
tesla	NOM	m	p	petateslas
tesla	NOM	m	p	picotesla
tesla	NOM	m	p	picoteslas
tesla	NOM	m	p	pétatesla
tesla	NOM	m	p	pétateslas
tesla	NOM	m	p	teslas
tesla	NOM	m	p	tératesla
tesla	NOM	m	p	térateslas
tesla	NOM	m	p	yoctotesla
tesla	NOM	m	p	yoctoteslas
tesla	NOM	m	p	yottatesla
tesla	NOM	m	p	yottateslas
tesla	NOM	m	p	zeptotesla
tesla	NOM	m	p	zeptoteslas
tesla	NOM	m	p	zettatesla
tesla	NOM	m	p	zettateslas
tessiture	NOM	f	p	tessitures
testamentaire	ADJ	f	s	testamentaire
testamentaire	ADJ	m	p	testamentaires
testamentaire	ADJ	m	s	testamentaire
testeur	NOM	m	p	testeurs
teston	NOM	m	s	teston
tette	NOM	f	p	tettes
teutonique	ADJ	f	p	teutoniques
teutonique	ADJ	f	s	teutonique
teutonique	ADJ	m	s	teutonique
textologie	NOM	f	p	textologies
textuel	ADJ	m	p	textuels
thalamique	ADJ	f	p	thalamiques
thalamique	ADJ	m	p	thalamiques
thalamique	ADJ	m	s	thalamique
thalassothérapie	NOM	f	p	thalassothérapies
thalassémie	NOM	f	p	thalassémies
thalidomide	NOM	f	p	thalidomides
thallium	NOM	m	p	thalliums
thalweg	NOM	m	p	thalwegs
thanatologie	NOM	f	p	thanatologies
thanatologique	ADJ	f	p	thanatologiques
thanatologique	ADJ	f	s	thanatologique
thanatologique	ADJ	m	p	thanatologiques
thanatopraxie	NOM	f	p	thanatopraxies
thatchérien	ADJ	f	s	thatchérienne
thatchérien	ADJ	m	p	thatchériens
thatchérien	ADJ	m	s	thatchérien
thaumaturgie	NOM	f	p	thaumaturgies
thaï	ADJ	f	p	thaïes
thaï	NOM	m	p	thaïs
thaïlandais	ADJ	m	p	thaïlandais
thaïlandais	ADJ	m	s	thaïlandais
thermidor	NOM	m	p	thermidors
thermidorien	ADJ	f	p	thermidoriennes
thermidorien	ADJ	m	p	thermidoriens
thermidorien	ADJ	m	s	thermidorien
thermite	NOM	f	p	thermites
thermocollant	ADJ	f	p	thermocollantes
thermocollant	ADJ	f	s	thermocollante
thermocollant	ADJ	m	s	thermocollant
thermodynamique	ADJ	f	p	thermodynamiques
thermodynamique	ADJ	m	p	thermodynamiques
thermodynamique	ADJ	m	s	thermodynamique
thermodynamique	NOM	f	p	thermodynamiques
thermoformage	NOM	m	p	thermoformages
thermographe	NOM	m	p	thermographes
thermographie	NOM	f	p	thermographies
thermoluminescence	NOM	f	p	thermoluminescences
thermorégulateur	ADJ	f	p	thermorégulatrices
thermorégulateur	ADJ	f	s	thermorégulatrice
thermorégulateur	ADJ	m	p	thermorégulateurs
thermosensible	ADJ	f	p	thermosensibles
thermosensible	ADJ	f	s	thermosensible
thermosensible	ADJ	m	p	thermosensibles
thermoélectrique	ADJ	f	p	thermo-électriques
thermoélectrique	ADJ	f	p	thermoélectriques
thermoélectrique	ADJ	f	s	thermo-électrique
thermoélectrique	ADJ	f	s	thermoélectrique
thermoélectrique	ADJ	m	s	thermo-électrique
thermoélectrique	ADJ	m	s	thermoélectrique
thessalien	ADJ	f	p	thessaliennes
thessalien	ADJ	f	s	thessalienne
thiamine	NOM	f	p	thiamines
thibaude	NOM	f	p	thibaudes
thomisme	NOM	m	p	thomismes
thomiste	ADJ	f	p	thomistes
thomiste	ADJ	f	s	thomiste
thomiste	ADJ	m	p	thomistes
thoracentèse	NOM	f	p	thoracentèses
thoracotomie	NOM	f	p	thoracotomies
thorine	NOM	f	p	thorines
thoron	NOM	m	p	thorons
thrace	ADJ	f	s	thrace
thrace	ADJ	m	p	thraces
thrace	ADJ	m	s	thrace
thrombolyse	NOM	f	p	thrombolyses
thrombolytique	ADJ	f	p	thrombolytiques
thrombolytique	ADJ	m	p	thrombolytiques
thrombolytique	ADJ	m	s	thrombolytique
thrombose	NOM	f	p	thromboses
thrombosé	ADJ	f	p	thrombosées
thrombosé	ADJ	f	s	thrombosée
thrombosé	ADJ	m	p	thrombosés
thrène	NOM	m	p	thrènes
thym	NOM	m	p	thyms
thymectomie	NOM	f	p	thymectomies
thymine	NOM	f	p	thymines
thyroxine	NOM	f	p	thyroxines
thyroïde	NOM	f	p	thyroïdes
thyroïdectomie	NOM	f	p	thyroïdectomies
thyroïdien	ADJ	f	p	thyroïdiennes
thyroïdien	ADJ	m	p	thyroïdiens
thyrse	NOM	m	s	thyrse
thyréotoxicose	NOM	f	p	thyréotoxicoses
thébaïne	NOM	f	p	thébaïnes
théier	NOM	m	p	théiers
théine	NOM	f	p	théines
théiste	ADJ	f	p	théistes
théiste	ADJ	m	p	théistes
théiste	ADJ	m	s	théiste
thématique	ADJ	f	p	thématiques
thématique	ADJ	f	s	thématique
thématique	ADJ	m	s	thématique
théocratique	ADJ	f	p	théocratiques
théocratique	ADJ	m	p	théocratiques
théocratique	ADJ	m	s	théocratique
théodolite	NOM	m	p	théodolites
théologal	ADJ	f	s	théologale
théologal	ADJ	m	p	théologaux
théologal	ADJ	m	s	théologal
théologique	ADJ	f	s	théologique
théologique	ADJ	m	p	théologiques
théologique	ADJ	m	s	théologique
théophylline	NOM	f	p	théophyllines
théosophie	NOM	f	p	théosophies
théosophique	ADJ	f	p	théosophiques
théosophique	ADJ	f	s	théosophique
théosophique	ADJ	m	p	théosophiques
thérapeutique	NOM	f	p	thérapeutiques
théâtralité	NOM	f	p	théâtralités
tian	NOM	m	p	tians
tiaré	NOM	m	p	tiarés
tibial	ADJ	f	p	tibiales
tibial	ADJ	m	p	tibiaux
tien	NOM	m	s	tien
tiercefeuille	NOM	f	p	tiercefeuilles
tiercé	ADJ	f	p	tiercées
tiercé	ADJ	f	s	tiercée
tiercé	ADJ	m	p	tiercés
tiers	ADJ	m	p	tiers
tiers	ADJ	m	s	tiers
tigelle	NOM	f	s	tigelle
tiki	NOM	m	p	tikis
timbrage	NOM	m	p	timbrages
timonerie	NOM	f	p	timoneries
tine	NOM	f	p	tines
tinée	NOM	f	p	tinées
tipule	NOM	f	p	tipules
tiqueté	ADJ	f	p	tiquetées
tiqueté	ADJ	f	s	tiquetée
tiqueté	ADJ	m	p	tiquetés
tiraillerie	NOM	f	s	tiraillerie
tiraillé	ADJ	f	p	tiraillées
tiraillé	ADJ	f	s	tiraillée
tiraillé	ADJ	m	p	tiraillés
tiramisu	NOM	m	p	tiramisus
tisanière	NOM	f	p	tisanières
tisonné	ADJ	f	p	tisonnées
tisonné	ADJ	f	s	tisonnée
tisseur	NOM	m	p	tisseurs
tissuterie	NOM	f	p	tissuteries
tissutier	NOM	m	p	tissutiers
titane	NOM	m	p	titanes
titanique	ADJ	f	p	titaniques
titanique	ADJ	f	s	titanique
titanique	ADJ	m	p	titaniques
titisme	NOM	m	p	titismes
titrage	NOM	m	p	titrages
titubement	NOM	m	p	titubements
titulaire	ADJ	f	p	titulaires
titulaire	ADJ	f	s	titulaire
titularisation	NOM	f	p	titularisations
toaster	NOM	m	p	toasters
toasteur	NOM	m	p	toasteurs
tocante	NOM	f	p	tocantes
toccata	NOM	f	p	toccatas
toccata	NOM	f	p	toccate
tofu	NOM	m	p	tofus
togolais	ADJ	m	p	togolais
togolais	ADJ	m	s	togolais
toilettage	NOM	m	p	toilettages
toiletteur	NOM	m	p	toiletteurs
tokamak	NOM	m	p	tokamaks
tokay	NOM	m	p	tokay
tokay	NOM	m	p	tokays
tokharien	NOM	m	p	tokhariens
tolar	NOM	m	p	tolars
tollé	NOM	m	p	tollés
tolstoïen	ADJ	f	p	tolstoïennes
tolstoïen	ADJ	f	s	tolstoïenne
tolstoïen	ADJ	m	p	tolstoïens
toltèque	ADJ	f	p	toltèques
toltèque	ADJ	f	s	toltèque
toltèque	ADJ	m	s	toltèque
tolu	NOM	m	p	tolus
toluidine	NOM	f	p	toluidines
toluène	NOM	m	p	toluènes
tolérance	NOM	f	p	tolérances
toman	NOM	m	p	tomans
tombal	ADJ	m	p	tombals
tombal	ADJ	m	p	tombaux
tomette	NOM	f	s	tomette
tommy	NOM	m	p	tommies
tommy	NOM	m	p	tommys
tomodensitomètre	NOM	m	p	tomodensitomètres
tomodensitométrie	NOM	f	p	tomodensitométries
tomographe	NOM	m	p	tomographes
tomographie	NOM	f	p	tomographies
tonal	ADJ	f	p	tonales
tonal	ADJ	m	p	tonals
tondeur	NOM	m	p	tondeurs
toner	NOM	m	p	toners
tonicardiaque	NOM	m	p	tonicardiaques
tonicité	NOM	f	p	tonicités
tonie	NOM	f	p	tonies
tonifiant	ADJ	f	p	tonifiantes
tonka	NOM	f	p	tonkas
tonkinois	ADJ	f	p	tonkinoises
tonkinois	ADJ	f	s	tonkinoise
tonkinois	ADJ	m	p	tonkinoises
tonte	NOM	f	p	tontes
topique	ADJ	f	p	topiques
topique	ADJ	f	s	topique
topique	ADJ	m	p	topiques
topographie	NOM	f	p	topographies
topologie	NOM	f	p	topologies
topologique	ADJ	f	p	topologiques
topologique	ADJ	m	p	topologiques
topologique	ADJ	m	s	topologique
toponymie	NOM	f	p	toponymies
torana	NOM	m	p	toranas
torchée	NOM	f	s	torchée
tordage	NOM	m	p	tordages
toril	NOM	m	p	torils
toron	NOM	m	s	toron
torpide	ADJ	f	p	torpides
torpide	ADJ	m	p	torpides
torpide	ADJ	m	s	torpide
torpillé	ADJ	f	p	torpillées
torpillé	ADJ	f	s	torpillée
torpillé	ADJ	m	p	torpillés
torque	NOM	m	p	torques
torrentueux	ADJ	f	s	torrentueuse
torrentueux	ADJ	m	p	torrentueux
torréfaction	NOM	f	p	torréfactions
tors	ADJ	m	p	tors
tortille	NOM	f	p	tortilles
tortueux	ADJ	m	p	tortueux
tortueux	ADJ	m	s	tortueux
tortureur	NOM	m	s	tortureur
totalisant	ADJ	f	p	totalisantes
totalisant	ADJ	f	s	totalisante
totalisant	ADJ	m	p	totalisants
totalisateur	NOM	m	p	totalisateurs
totalisation	NOM	f	p	totalisations
totémique	ADJ	f	p	totémiques
totémique	ADJ	f	s	totémique
totémisme	NOM	m	p	totémismes
touareg	ADJ	f	p	touaregs
touareg	ADJ	f	s	touareg
toucan	NOM	m	p	toucans
touchette	NOM	f	p	touchettes
touille	NOM	f	p	touilles
toulonnais	ADJ	f	p	toulonnaises
toulonnais	ADJ	f	s	toulonnaise
toulonnais	ADJ	m	p	toulonnais
toungouse	ADJ	f	p	toungouses
toungouse	ADJ	m	p	toungouses
toungouse	ADJ	m	s	toungouse
toupilleur	NOM	m	p	toupilleurs
tourbeux	ADJ	f	p	tourbeuses
tourbeux	ADJ	m	s	tourbeux
tourbier	NOM	m	s	tourbier
tourbillonnaire	ADJ	f	p	tourbillonnaires
tourbillonnaire	ADJ	m	p	tourbillonnaires
tourbillonnaire	ADJ	m	s	tourbillonnaire
touret	NOM	m	p	tourets
tourier	ADJ	f	p	tourières
tourier	ADJ	m	p	touriers
tourier	ADJ	m	s	tourier
tourillon	NOM	m	p	tourillons
tourisme	NOM	m	p	tourismes
tourlourou	NOM	m	p	tourlourous
tourmaline	NOM	f	s	tourmaline
tourmentant	ADJ	m	p	tourmentants
tournebroche	NOM	m	p	tournebroches
tournemain	NOM	m	p	tournemains
tournement	NOM	m	s	tournement
tournerie	NOM	f	s	tournerie
tournette	NOM	f	p	tournettes
tournois	ADJ	f	p	tournois
tournois	ADJ	f	s	tournois
tournois	ADJ	m	s	tournois
toussaint	NOM	f	p	toussaints
tousseur	ADJ	f	p	tousseuses
tousseur	ADJ	f	s	tousseuse
toussoteux	ADJ	m	s	toussoteux
toutim	NOM	m	p	toutims
toutime	NOM	m	p	toutimes
toxicité	NOM	f	p	toxicités
toxico	ADJ	f	p	toxicos
toxico	ADJ	f	s	toxico
toxico	ADJ	m	s	toxico
toxicologie	NOM	f	p	toxicologies
toxicomanie	NOM	f	p	toxicomanies
toxoplasmose	NOM	f	p	toxoplasmoses
traban	NOM	m	s	traban
traboule	NOM	f	s	traboule
trabuco	NOM	m	p	trabucos
tracassier	ADJ	f	s	tracassière
tracassier	ADJ	m	p	tracassiers
tracassin	NOM	m	p	tracassins
trachome	NOM	m	p	trachomes
trachéal	ADJ	f	p	trachéales
trachéal	ADJ	m	p	trachéaux
trachéite	NOM	f	p	trachéites
trachéotomie	NOM	f	p	trachéotomies
tractage	NOM	m	p	tractages
tracteur	ADJ	f	p	tractrices
tracteur	ADJ	f	s	tractrice
tracté	ADJ	f	p	tractées
tracté	ADJ	f	s	tractée
trader	NOM	m	p	traders
traditionalisme	NOM	m	p	traditionalismes
traduisible	ADJ	f	s	traduisible
traduisible	ADJ	m	p	traduisibles
traduisible	ADJ	m	s	traduisible
traficoteur	NOM	m	s	traficoteur
tragicomédie	NOM	f	s	tragicomédie
trainglot	NOM	m	s	trainglot
traitable	ADJ	f	p	traitables
traitable	ADJ	f	s	traitable
traitable	ADJ	m	p	traitables
traitant	ADJ	f	p	traitantes
trajectographie	NOM	f	p	trajectographies
tramp	NOM	m	p	tramps
tranchage	NOM	m	p	tranchages
tranchelard	NOM	m	s	tranchelard
trancheur	NOM	m	p	trancheurs
trans	ADJ	f	p	trans
trans	ADJ	m	p	trans
trans	ADJ	m	s	trans
transactionnel	ADJ	f	p	transactionnelles
transactionnel	ADJ	m	p	transactionnels
transactionnel	ADJ	m	s	transactionnel
transafricain	ADJ	f	p	transafricaines
transafricain	ADJ	f	s	transafricaine
transafricain	ADJ	m	p	transafricains
transalpin	ADJ	f	s	transalpine
transalpin	ADJ	m	p	transalpins
transalpin	ADJ	m	s	transalpin
transamazonien	ADJ	f	p	transamazoniennes
transamazonien	ADJ	m	p	transamazoniens
transamazonien	ADJ	m	s	transamazonien
transbordeur	NOM	m	p	transbordeurs
transcaspien	ADJ	f	p	transcaspiennes
transcaspien	ADJ	f	s	transcaspienne
transcaspien	ADJ	m	p	transcaspiens
transcendance	NOM	f	p	transcendances
transcendantal	ADJ	m	p	transcendantaux
transcontinental	ADJ	f	p	transcontinentales
transcontinental	ADJ	m	p	transcontinentaux
transcriptase	NOM	f	p	transcriptases
transcripteur	NOM	m	p	transcripteurs
transcutané	ADJ	f	p	transcutanées
transcutané	ADJ	f	s	transcutanée
transcutané	ADJ	m	p	transcutanés
transdermique	ADJ	f	p	transdermiques
transdermique	ADJ	m	p	transdermiques
transdermique	ADJ	m	s	transdermique
transduction	NOM	f	p	transductions
transformant	ADJ	f	p	transformantes
transformant	ADJ	f	s	transformante
transformant	ADJ	m	p	transformants
transformateur	ADJ	f	p	transformatrices
transformé	ADJ	f	p	transformées
transfuseur	NOM	m	p	transfuseurs
transfusé	ADJ	f	p	transfusées
transfusé	ADJ	f	s	transfusée
transfusé	ADJ	m	p	transfusés
transgresseur	NOM	m	p	transgresseurs
transhumant	ADJ	f	s	transhumante
transillumination	NOM	f	p	transilluminations
transistorisé	ADJ	m	s	transistorisé
transitaire	ADJ	f	p	transitaires
transitaire	ADJ	m	p	transitaires
transitaire	ADJ	m	s	transitaire
transitif	ADJ	f	p	transitives
transitif	ADJ	f	s	transitive
transitionnel	ADJ	f	p	transitionnelles
transitionnel	ADJ	m	p	transitionnels
transitoire	ADJ	f	s	transitoire
transitoire	ADJ	m	p	transitoires
transitoire	ADJ	m	s	transitoire
translocation	NOM	f	p	translocations
translucidité	NOM	f	p	translucidités
transmigration	NOM	f	p	transmigrations
transmis	ADJ	m	p	transmis
transmissible	ADJ	f	s	transmissible
transmissible	ADJ	m	p	transmissibles
transmissible	ADJ	m	s	transmissible
transnational	ADJ	f	p	transnationales
transnational	ADJ	f	s	transnationale
transocéanique	ADJ	f	p	transocéaniques
transocéanique	ADJ	f	s	transocéanique
transocéanique	ADJ	m	s	transocéanique
transpirant	ADJ	f	p	transpirantes
transpiration	NOM	f	p	transpirations
transplant	NOM	m	s	transplant
transplantable	ADJ	f	p	transplantables
transplantable	ADJ	f	s	transplantable
transplantable	ADJ	m	p	transplantables
transpondeur	NOM	m	p	transpondeurs
transportable	ADJ	f	p	transportables
transportable	ADJ	f	s	transportable
transportable	ADJ	m	s	transportable
transportation	NOM	f	p	transportations
transporteur	ADJ	f	p	transporteuses
transposable	ADJ	f	p	transposables
transposable	ADJ	f	s	transposable
transposon	NOM	m	p	transposons
transsaharien	ADJ	f	p	transsahariennes
transsaharien	ADJ	m	p	transsahariens
transsaharien	ADJ	m	s	transsaharien
transsexualisme	NOM	m	p	transsexualismes
transsexualité	NOM	f	p	transsexualités
transsexuel	ADJ	f	p	transsexuelles
transsibérien	ADJ	f	p	transsibériennes
transsibérien	ADJ	m	p	transsibériens
transsibérien	ADJ	m	s	transsibérien
transsibérien	NOM	m	p	transsibériens
transsubstantiation	NOM	f	p	transsubstantiations
transsudat	NOM	m	p	transsudats
transuranien	ADJ	f	p	transuraniennes
transuranien	ADJ	m	p	transuraniens
transuranien	ADJ	m	s	transuranien
transverse	ADJ	f	p	transverses
transverse	ADJ	m	p	transverses
transverse	ADJ	m	s	transverse
transvestisme	NOM	m	p	transvestismes
transylvain	ADJ	f	p	transylvaines
transylvain	ADJ	f	s	transylvaine
transylvain	ADJ	m	p	transylvains
transylvanien	ADJ	f	p	transylvaniennes
transylvanien	ADJ	m	p	transylvaniens
transylvanien	ADJ	m	s	transylvanien
traumatologie	NOM	f	p	traumatologies
traumatologique	ADJ	f	p	traumatologiques
traumatologique	ADJ	f	s	traumatologique
traumatologique	ADJ	m	p	traumatologiques
travailliste	ADJ	f	p	travaillistes
travailliste	ADJ	f	s	travailliste
travailliste	ADJ	m	p	travaillistes
trave	NOM	f	p	traves
traversable	ADJ	f	p	traversables
traversable	ADJ	f	s	traversable
traversable	ADJ	m	p	traversables
traversant	ADJ	f	p	traversantes
traversant	ADJ	f	s	traversante
traversant	ADJ	m	p	traversants
traversier	ADJ	m	p	traversiers
traversier	NOM	m	p	traversiers
traversine	NOM	f	p	traversines
traversé	ADJ	f	p	traversées
traversé	ADJ	f	s	traversée
travertin	NOM	m	p	travertins
travesti	ADJ	f	p	travesties
travestisme	NOM	m	p	travestismes
traçabilité	NOM	f	p	traçabilités
traçage	NOM	m	p	traçages
traçant	ADJ	m	p	traçants
traçant	ADJ	m	s	traçant
traînage	NOM	m	p	traînages
traînard	ADJ	f	p	traînardes
traînement	NOM	m	p	traînements
traîneuse	NOM	f	s	traîneuse
traînier	NOM	m	p	traîniers
treillard	NOM	m	p	treillards
trek	NOM	m	p	treks
trekkeur	NOM	m	p	trekkeurs
trekking	NOM	m	p	trekkings
trembleur	ADJ	f	p	trembleuses
trembleur	ADJ	f	s	trembleuse
trembleur	NOM	m	p	trembleurs
tremblote	NOM	f	p	tremblotes
tremblé	NOM	m	p	tremblés
tremolo	NOM	m	s	tremolo
trempette	NOM	f	p	trempettes
trempeur	NOM	m	p	trempeurs
tremplin	NOM	m	p	tremplins
trench	NOM	m	p	trenchs
trentaine	NOM	f	p	trentaines
tresseur	NOM	m	s	tresseur
triage	NOM	m	p	triages
triangulation	NOM	f	p	triangulations
trianon	NOM	m	p	trianons
triasique	ADJ	f	p	triasiques
triasique	ADJ	m	p	triasiques
triasique	ADJ	m	s	triasique
triathlon	NOM	m	p	triathlons
tribart	NOM	m	p	tribarts
tribord	NOM	m	p	tribords
tribunat	NOM	m	p	tribunats
tributaire	ADJ	f	p	tributaires
tributaire	ADJ	m	p	tributaires
tributaire	ADJ	m	s	tributaire
tric	NOM	m	p	trics
tricard	NOM	m	p	tricards
tricentenaire	NOM	m	p	tricentenaires
trichinose	NOM	f	p	trichinoses
trichloracétique	ADJ	f	p	trichloracétiques
trichloracétique	ADJ	f	s	trichloracétique
trichloracétique	ADJ	m	p	trichloracétiques
trichlorure	NOM	m	p	trichlorures
trichloréthylène	NOM	m	p	trichloréthylènes
trichophytie	NOM	f	s	trichophytie
trick	NOM	m	p	tricks
tricoteur	NOM	m	p	tricoteurs
trictrac	NOM	m	p	trictracs
tricuspide	ADJ	f	p	tricuspides
tricuspide	ADJ	m	p	tricuspides
tricuspide	ADJ	m	s	tricuspide
tricéphale	ADJ	f	p	tricéphales
tricéphale	ADJ	m	p	tricéphales
tricéphale	ADJ	m	s	tricéphale
tridi	NOM	m	p	tridis
tridimensionnel	ADJ	f	p	tridimensionnelles
tridimensionnel	ADJ	m	p	tridimensionnels
triennal	ADJ	m	p	triennaux
triennal	ADJ	m	s	triennal
trifolium	NOM	m	p	trifoliums
triforium	NOM	m	p	triforiums
trigle	NOM	m	s	trigle
trigonométrie	NOM	f	p	trigonométries
trigramme	NOM	m	s	trigramme
trilatéral	ADJ	f	p	trilatérales
trilatéral	ADJ	m	p	trilatéraux
trilatéral	ADJ	m	s	trilatéral
trilingue	ADJ	f	s	trilingue
trilingue	ADJ	m	p	trilingues
trilingue	ADJ	m	s	trilingue
trilobite	NOM	m	p	trilobites
trilobé	ADJ	f	p	trilobées
trilobé	ADJ	m	s	trilobé
trilogie	NOM	f	p	trilogies
trimballage	NOM	m	p	trimballages
trimmer	NOM	m	p	trimmers
trin	ADJ	f	p	trines
trin	ADJ	m	p	trins
trin	ADJ	m	s	trin
tringlette	NOM	f	p	tringlettes
trinitaire	ADJ	f	p	trinitaires
trinitaire	ADJ	f	s	trinitaire
trinitaire	ADJ	m	p	trinitaires
trinitrine	NOM	f	p	trinitrines
trinité	NOM	f	p	trinités
trinquette	NOM	f	p	trinquettes
trinôme	NOM	m	p	trinômes
triode	NOM	f	p	triodes
triolisme	NOM	m	p	triolismes
triomphalisme	NOM	m	p	triomphalismes
triomphateur	ADJ	f	p	triomphatrices
triomphateur	ADJ	m	p	triomphateurs
trional	NOM	m	p	trionals
tripartite	ADJ	f	s	tripartite
tripartite	ADJ	m	p	tripartites
tripartite	ADJ	m	s	tripartite
tripette	NOM	f	p	tripettes
triphasé	ADJ	f	p	triphasées
triphasé	ADJ	f	s	triphasée
triphasé	ADJ	m	p	triphasés
triphosphate	NOM	m	p	triphosphates
triplement	NOM	m	p	triplements
triplet	NOM	m	s	triplet
triplette	NOM	f	p	triplettes
triploïde	ADJ	f	p	triploïdes
triploïde	ADJ	m	p	triploïdes
triploïde	ADJ	m	s	triploïde
triplé	ADJ	m	p	triplés
tripode	ADJ	f	p	tripodes
tripode	ADJ	f	s	tripode
tripode	ADJ	m	p	tripodes
tripode	NOM	m	p	tripodes
tripoli	NOM	m	p	tripolis
tripoteur	NOM	m	p	tripoteurs
tripotée	NOM	f	p	tripotées
triqueballe	NOM	m	p	triqueballes
trisomie	NOM	f	p	trisomies
tristounet	ADJ	m	p	tristounets
trithérapie	NOM	f	p	trithérapies
tritium	NOM	m	p	tritiums
triturant	ADJ	f	p	triturantes
triturant	ADJ	f	s	triturante
triturant	ADJ	m	p	triturants
triumvir	NOM	m	p	triumvirs
triumvirat	NOM	m	p	triumvirats
trivium	NOM	m	p	triviums
trocart	NOM	m	p	trocarts
trochanter	NOM	m	p	trochanters
trochaïque	ADJ	f	p	trochaïques
trochaïque	ADJ	f	s	trochaïque
trochaïque	ADJ	m	p	trochaïques
troche	NOM	f	p	troches
trochure	NOM	f	s	trochure
troglodytique	ADJ	f	p	troglodytiques
troglodytique	ADJ	f	s	troglodytique
troglodytique	ADJ	m	p	troglodytiques
trombinoscope	NOM	m	p	trombinoscopes
trommel	NOM	m	p	trommels
trope	NOM	m	p	tropes
troposphère	NOM	f	p	troposphères
troposphérique	ADJ	f	p	troposphériques
troposphérique	ADJ	m	p	troposphériques
troposphérique	ADJ	m	s	troposphérique
tropézien	ADJ	f	p	tropéziennes
tropézien	ADJ	f	s	tropézienne
tropézien	ADJ	m	s	tropézien
trotskisme	NOM	m	p	trotskismes
trotskiste	ADJ	f	s	trotskiste
trotskiste	ADJ	m	p	trotskistes
trotskiste	ADJ	m	s	trotskiste
trotteur	ADJ	f	p	trotteuses
trottinant	ADJ	f	p	trottinantes
trottinant	ADJ	f	s	trottinante
trottinant	ADJ	m	p	trottinants
troubade	NOM	m	s	troubade
trouillard	ADJ	f	p	trouillardes
trouillomètre	NOM	m	p	trouillomètres
trousseau	NOM	m	p	trousseaux
troussequin	NOM	m	p	troussequins
trousseur	NOM	m	p	trousseurs
troussé	ADJ	m	s	troussé
troyen	ADJ	f	p	troyennes
troyen	ADJ	m	p	troyens
troyen	NOM	m	p	troyens
truandaille	NOM	f	p	truandailles
truanderie	NOM	f	p	truanderies
truculence	NOM	f	p	truculences
truculent	ADJ	f	p	truculentes
truculent	ADJ	m	p	truculents
truitelle	NOM	f	p	truitelles
trusquin	NOM	m	p	trusquins
trypanosomiase	NOM	f	p	trypanosomiases
trypsine	NOM	f	p	trypsines
tryptophane	NOM	m	p	tryptophanes
trébuchet	NOM	m	p	trébuchets
tréflière	NOM	f	s	tréflière
trémail	NOM	m	p	trémails
trémulant	ADJ	f	p	trémulantes
trémulant	ADJ	m	p	trémulants
trémulation	NOM	f	p	trémulations
trépan	NOM	m	p	trépans
trépanation	NOM	f	p	trépanations
trépané	NOM	m	p	trépanés
trépassé	ADJ	m	p	trépassés
trépignant	ADJ	f	p	trépignantes
trésorerie	NOM	f	p	trésoreries
tsarisme	NOM	m	p	tsarismes
tsariste	ADJ	f	p	tsaristes
tsariste	ADJ	f	s	tsariste
tsarévitch	NOM	m	p	tsarévitchs
tsuica	NOM	f	p	tsuicas
tsunami	NOM	m	p	tsunamis
tubage	NOM	m	s	tubage
tubard	ADJ	f	p	tubardes
tuberculeux	ADJ	m	p	tuberculeux
tuberculeux	ADJ	m	s	tuberculeux
tuberculine	NOM	f	p	tuberculines
tuberculose	NOM	f	p	tuberculoses
tubulaire	ADJ	f	p	tubulaires
tubulaire	ADJ	f	s	tubulaire
tubulaire	ADJ	m	s	tubulaire
tubule	NOM	m	p	tubules
tubuleux	ADJ	f	s	tubuleuse
tubuleux	ADJ	m	p	tubuleux
tubuleux	ADJ	m	s	tubuleux
tubéreux	ADJ	m	s	tubéreux
tubérosité	NOM	f	p	tubérosités
tudesque	ADJ	f	p	tudesques
tudesque	ADJ	f	s	tudesque
tudesque	ADJ	m	s	tudesque
tueuse	NOM	f	p	tueuses
tuf	NOM	m	p	tufs
tularémie	NOM	f	p	tularémies
tumescence	NOM	f	p	tumescences
tumescent	ADJ	f	p	tumescentes
tumescent	ADJ	f	s	tumescente
tumescent	ADJ	m	p	tumescents
tumoral	ADJ	f	p	tumorales
tumoral	ADJ	m	s	tumoral
tumultueux	ADJ	m	p	tumultueux
tumultueux	ADJ	m	s	tumultueux
tumulus	NOM	m	s	tumulus
tuméfaction	NOM	f	p	tuméfactions
tuner	NOM	m	p	tuners
tungstène	NOM	m	p	tungstènes
tuque	NOM	f	p	tuques
turbopropulseur	NOM	m	p	turbopropulseurs
turboréacteur	NOM	m	p	turbo-réacteurs
turboréacteur	NOM	m	p	turboréacteurs
turbot	NOM	m	p	turbots
turcoman	ADJ	f	p	turcomans
turcoman	ADJ	f	s	turcoman
turcoman	ADJ	m	p	turcomans
turelure	NOM	f	p	turelures
turgescence	NOM	f	p	turgescences
turgide	ADJ	f	p	turgides
turgide	ADJ	f	s	turgide
turgide	ADJ	m	p	turgides
turinois	ADJ	f	p	turinoises
turinois	ADJ	m	p	turinoises
turinois	ADJ	m	s	turinois
turkmène	ADJ	f	p	turkmènes
turkmène	ADJ	f	s	turkmène
turkmène	ADJ	m	s	turkmène
turlupin	NOM	m	s	turlupin
turlutaine	NOM	f	s	turlutaine
turlutte	NOM	f	p	turluttes
turnover	NOM	m	p	turnovers
turpide	ADJ	f	s	turpide
turpide	ADJ	m	p	turpides
turpide	ADJ	m	s	turpide
turquerie	NOM	f	p	turqueries
turquin	ADJ	m	p	turquins
tussilage	NOM	m	p	tussilages
tussor	NOM	m	p	tussors
tutelle	NOM	f	p	tutelles
tutorat	NOM	m	p	tutorats
tutoyeur	ADJ	f	s	tutoyeuse
tutoyeur	ADJ	m	p	tutoyeurs
tutoyeur	ADJ	m	s	tutoyeur
tuyautage	NOM	m	s	tuyautage
twill	NOM	m	p	twills
tympanon	NOM	m	p	tympanons
typhique	ADJ	f	p	typhiques
typhique	ADJ	f	s	typhique
typhique	ADJ	m	s	typhique
typhoïde	NOM	f	p	typhoïdes
typographie	NOM	f	p	typographies
typographique	ADJ	f	p	typographiques
typographique	ADJ	m	p	typographiques
typographique	ADJ	m	s	typographique
typologie	NOM	f	p	typologies
typomètre	NOM	m	p	typomètres
typé	ADJ	f	p	typées
tyrien	ADJ	f	p	tyriennes
tyrien	ADJ	m	p	tyriens
tyrien	ADJ	m	s	tyrien
tyrrhénien	ADJ	f	p	tyrrhéniennes
tyrrhénien	ADJ	m	p	tyrrhéniens
tyrrhénien	ADJ	m	s	tyrrhénien
téflon	NOM	m	p	téflons
tégument	NOM	m	p	téguments
tégumentaire	ADJ	f	p	tégumentaires
tégumentaire	ADJ	f	s	tégumentaire
tégumentaire	ADJ	m	p	tégumentaires
tégénaire	NOM	f	s	tégénaire
tél	NOM	m	p	tél
télencéphale	NOM	m	p	télencéphales
télescopage	NOM	m	p	télescopages
télescopique	ADJ	f	p	télescopiques
télescopique	ADJ	f	s	télescopique
télescopique	ADJ	m	s	télescopique
téloche	NOM	f	p	téloches
télègue	NOM	f	p	télègues
téléachat	NOM	m	p	téléachats
téléavertisseur	NOM	m	p	téléavertisseurs
télécabine	NOM	f	p	télécabines
télécarte	NOM	f	s	télécarte
téléchargeable	ADJ	f	s	téléchargeable
téléchargeable	ADJ	m	p	téléchargeables
téléchargeable	ADJ	m	s	téléchargeable
téléchargement	NOM	m	p	téléchargements
télécinéma	NOM	m	p	télécinémas
téléconférence	NOM	f	p	téléconférences
télécopieur	NOM	m	p	télécopieurs
télédiffusion	NOM	f	p	télédiffusions
téléférique	NOM	m	s	téléférique
télégraphie	NOM	f	p	télégraphies
téléguidage	NOM	m	p	téléguidages
télégénie	NOM	f	p	télégénies
télékinésie	NOM	f	p	télékinésies
télémark	NOM	m	p	télémarks
télémarketing	NOM	m	p	télémarketings
télémétrie	NOM	f	p	télémétries
télépathie	NOM	f	p	télépathies
téléphonage	NOM	m	p	téléphonages
téléphonie	NOM	f	p	téléphonies
téléphérique	NOM	m	p	téléphériques
téléport	NOM	m	p	téléports
téléportation	NOM	f	p	téléportations
téléprompteur	NOM	m	p	téléprompteurs
téléreportage	NOM	m	p	téléreportages
téléroman	NOM	m	p	téléromans
téléski	NOM	m	p	téléskis
télésurveillance	NOM	f	p	télésurveillances
télétravail	NOM	m	p	télétravails
télétravail	NOM	m	p	télétravaux
télévendeur	NOM	m	p	télévendeurs
télévente	NOM	f	p	téléventes
télévisuel	ADJ	f	p	télévisuelles
ténacité	NOM	f	p	ténacités
ténuité	NOM	f	p	ténuités
ténèbre	NOM	f	p	ténèbres
ténébreux	ADJ	m	p	ténébreux
ténébreux	ADJ	m	s	ténébreux
ténébrionidé	NOM	m	p	ténébrionidés
téraoctet	NOM	m	s	téraoctet
tératologique	ADJ	m	p	tératologiques
tératologique	ADJ	m	s	tératologique
tératome	NOM	m	p	tératomes
térébenthine	NOM	f	p	térébenthines
térébrant	ADJ	f	p	térébrantes
térébrant	ADJ	f	s	térébrante
tétanie	NOM	f	p	tétanies
tétanique	ADJ	f	s	tétanique
tétanique	ADJ	m	p	tétaniques
tétanique	ADJ	m	s	tétanique
tétanisation	NOM	f	p	tétanisations
téteur	NOM	m	p	téteurs
tétin	NOM	m	s	tétin
tétra	NOM	m	p	tétra
tétra	NOM	m	p	tétras
tétrachlorure	NOM	m	p	tétrachlorures
tétracycline	NOM	f	p	tétracyclines
tétradrachme	NOM	m	p	tétradrachmes
tétragone	NOM	f	s	tétragone
tétralogie	NOM	f	p	tétralogies
tétramère	ADJ	f	p	tétramères
tétramère	ADJ	f	s	tétramère
tétramère	ADJ	m	p	tétramères
tétramètre	NOM	m	p	tétramètres
tétraplégie	NOM	f	p	tétraplégies
tétrodotoxine	NOM	f	p	tétrodotoxines
têt	NOM	m	p	têts
tôlerie	NOM	f	p	tôleries
ubac	NOM	m	p	ubacs
ubiquitaire	ADJ	f	p	ubiquitaires
ubiquitaire	ADJ	f	s	ubiquitaire
ubiquitaire	ADJ	m	p	ubiquitaires
ubiquité	NOM	f	p	ubiquités
ubuesque	ADJ	f	p	ubuesques
ubuesque	ADJ	m	p	ubuesques
ubuesque	ADJ	m	s	ubuesque
ufologie	NOM	f	p	ufologies
ukulélé	NOM	m	p	ukulélés
ulcératif	ADJ	f	p	ulcératives
ulcératif	ADJ	m	p	ulcératifs
ulcératif	ADJ	m	s	ulcératif
ulcération	NOM	f	s	ulcération
ulcéreux	ADJ	m	p	ulcéreux
ulnaire	ADJ	f	p	ulnaires
ulnaire	ADJ	f	s	ulnaire
ulnaire	ADJ	m	p	ulnaires
ultrafin	ADJ	f	p	ultrafines
ultrafin	ADJ	f	s	ultrafine
ultrafin	ADJ	m	p	ultrafins
ultragauche	NOM	f	p	ultragauches
ultraléger	ADJ	f	p	ultra-légères
ultraléger	ADJ	f	p	ultralégères
ultraléger	ADJ	f	s	ultralégère
ultraléger	ADJ	m	p	ultralégers
ultramarin	ADJ	f	p	ultramarines
ultramarin	ADJ	m	p	ultramarins
ultramarin	ADJ	m	s	ultramarin
ultramontain	ADJ	f	p	ultramontaines
ultramontain	ADJ	f	s	ultramontaine
ultrarapide	ADJ	f	p	ultrarapides
ultrarapide	ADJ	f	s	ultrarapide
ultrarapide	ADJ	m	s	ultrarapide
ultrasensible	ADJ	f	p	ultrasensibles
ultrasensible	ADJ	f	s	ultrasensible
ultrasensible	ADJ	m	s	ultrasensible
unanimisme	NOM	m	p	unanimismes
unanimité	NOM	f	p	unanimités
unau	NOM	m	p	unaus
unau	NOM	m	p	unaux
une	NOM	f	p	unes
unguéal	ADJ	f	p	unguéales
unguéal	ADJ	f	s	unguéale
unguéal	ADJ	m	p	unguéaux
uniate	ADJ	f	p	uniates
uniate	ADJ	f	s	uniate
uniate	ADJ	m	p	uniates
unicellulaire	ADJ	f	p	unicellulaires
unicellulaire	ADJ	f	s	unicellulaire
unicellulaire	ADJ	m	p	unicellulaires
unicité	NOM	f	p	unicités
unidimensionnel	ADJ	f	p	unidimensionnelles
unidimensionnel	ADJ	m	p	unidimensionnels
unidirectionnel	ADJ	f	p	unidirectionnelles
unificateur	ADJ	f	p	unificatrices
unificateur	ADJ	m	p	unificateurs
unificateur	ADJ	m	s	unificateur
unification	NOM	f	p	unifications
uniformisation	NOM	f	p	uniformisations
uniformité	NOM	f	p	uniformités
unilatéralité	NOM	f	p	unilatéralités
uninominal	ADJ	f	s	uninominale
uninominal	ADJ	m	p	uninominaux
unisexe	ADJ	f	s	unisexe
unisexe	ADJ	m	p	unisexes
unisexe	ADJ	m	s	unisexe
unisson	NOM	m	p	unissons
unitarien	ADJ	f	p	unitariennes
unitarien	ADJ	m	p	unitariens
universal	NOM	m	p	universal
universal	NOM	m	p	universaux
universalisme	NOM	m	p	universalismes
universalité	NOM	f	p	universalités
universel	NOM	m	p	universels
univoque	ADJ	f	p	univoques
univoque	ADJ	f	s	univoque
univoque	ADJ	m	p	univoques
untel	NOM	m	p	untels
urane	NOM	m	p	uranes
uranien	ADJ	f	p	uraniennes
uranien	ADJ	f	s	uranienne
uranien	ADJ	m	s	uranien
uranisme	NOM	m	p	uranismes
uraniste	NOM	m	p	uranistes
uranium	NOM	m	p	uraniums
urbanisation	NOM	f	p	urbanisations
urbanisme	NOM	m	p	urbanismes
urbaniste	ADJ	f	p	urbanistes
urbaniste	ADJ	f	s	urbaniste
urbaniste	ADJ	m	s	urbaniste
urbanité	NOM	f	p	urbanités
urdu	NOM	m	p	urdus
ure	NOM	m	s	ure
uretère	NOM	m	p	uretères
urf	ADJ	f	p	urfs
urf	ADJ	f	s	urf
urf	ADJ	m	p	urfs
urinal	NOM	m	p	urinals
urinal	NOM	m	p	urinaux
urineux	ADJ	f	p	urineuses
urineux	ADJ	m	p	urineux
urineux	ADJ	m	s	urineux
urique	ADJ	f	p	uriques
urique	ADJ	f	s	urique
urique	ADJ	m	p	uriques
urographie	NOM	f	p	urographies
urokinase	NOM	f	p	urokinases
urologie	NOM	f	p	urologies
urologique	ADJ	f	p	urologiques
urologique	ADJ	f	s	urologique
urologique	ADJ	m	p	urologiques
uroscopie	NOM	f	p	uroscopies
urticaire	NOM	f	p	urticaires
urticant	ADJ	m	s	urticant
uruguayen	ADJ	f	p	uruguayennes
uruguayen	ADJ	f	s	uruguayenne
uruguayen	ADJ	m	p	uruguayens
uruguayen	NOM	m	p	uruguayens
urètre	NOM	m	p	urètres
urée	NOM	f	p	urées
urémie	NOM	f	p	urémies
uréthane	NOM	m	p	uréthanes
urétrite	NOM	f	p	urétrites
usant	ADJ	f	p	usantes
usant	ADJ	m	p	usants
usinage	NOM	m	p	usinages
usinier	ADJ	f	p	usinières
usinier	ADJ	m	p	usiniers
usinier	NOM	m	s	usinier
usité	ADJ	f	p	usitées
usité	ADJ	f	s	usitée
usufruit	NOM	m	p	usufruits
usufruitier	NOM	m	p	usufruitiers
usuraire	ADJ	f	p	usuraires
usuraire	ADJ	f	s	usuraire
usurpation	NOM	f	p	usurpations
utile	NOM	m	p	utiles
utilitarisme	NOM	m	p	utilitarismes
utopique	ADJ	f	s	utopique
utopique	ADJ	m	p	utopiques
utopique	ADJ	m	s	utopique
uxorilocal	ADJ	f	p	uxorilocales
uxorilocal	ADJ	f	s	uxorilocale
uxorilocal	ADJ	m	p	uxorilocaux
vaccinal	ADJ	f	p	vaccinales
vaccinal	ADJ	f	s	vaccinale
vaccinal	ADJ	m	p	vaccinaux
vaccinant	ADJ	f	p	vaccinantes
vaccinant	ADJ	f	s	vaccinante
vaccinant	ADJ	m	p	vaccinants
vaccine	NOM	f	p	vaccines
vacciné	ADJ	f	p	vaccinées
vacherin	NOM	m	p	vacherins
vacillation	NOM	f	s	vacillation
vacillement	NOM	m	p	vacillements
vacuité	NOM	f	p	vacuités
vacuole	NOM	f	p	vacuoles
vacuolisation	NOM	f	p	vacuolisations
vacuum	NOM	m	p	vacuums
vagal	ADJ	f	p	vagales
vagal	ADJ	f	s	vagale
vagal	ADJ	m	p	vagaux
vaginite	NOM	f	p	vaginites
vagissant	ADJ	f	p	vagissantes
vagissant	ADJ	f	s	vagissante
vagissant	ADJ	m	p	vagissants
vagotomie	NOM	f	p	vagotomies
vaillance	NOM	f	p	vaillances
vainqueur	ADJ	f	p	vainqueurs
vainqueur	ADJ	f	s	vainqueur
vair	NOM	m	p	vairs
vairon	ADJ	f	p	vairones
vairon	ADJ	f	p	vaironnes
vairon	ADJ	f	s	vairone
vairon	ADJ	f	s	vaironne
valdôtain	NOM	m	s	valdôtain
valence	NOM	f	p	valences
valencien	NOM	m	p	valenciens
valentin	NOM	m	p	valentins
valetaille	NOM	f	p	valetailles
valeureux	ADJ	m	p	valeureux
valeureux	ADJ	m	s	valeureux
validation	NOM	f	p	validations
validité	NOM	f	p	validités
validé	ADJ	f	p	validées
validé	ADJ	m	p	validés
valkyrie	NOM	f	s	valkyrie
valleuse	NOM	f	p	valleuses
valorisant	ADJ	f	p	valorisantes
valorisant	ADJ	m	p	valorisants
valorisation	NOM	f	p	valorisations
valvule	NOM	f	p	valvules
valériane	NOM	f	p	valérianes
valétudinaire	ADJ	f	p	valétudinaires
valétudinaire	ADJ	f	s	valétudinaire
valétudinaire	ADJ	m	p	valétudinaires
vampirisme	NOM	m	p	vampirismes
vanadium	NOM	m	p	vanadiums
vandalisme	NOM	m	p	vandalismes
vandoise	NOM	f	s	vandoise
vanille	NOM	f	p	vanilles
vanillé	ADJ	m	p	vanillés
vaniteux	ADJ	m	p	vaniteux
vaniteux	ADJ	m	s	vaniteux
vannière	NOM	f	s	vannière
vanné	ADJ	f	p	vannées
vanné	ADJ	m	p	vannés
vaporeux	ADJ	m	p	vaporeux
vaporeux	ADJ	m	s	vaporeux
var	NOM	m	p	Evar
var	NOM	m	p	Gvar
var	NOM	m	p	Mvar
var	NOM	m	p	Pvar
var	NOM	m	p	Tvar
var	NOM	m	p	Yvar
var	NOM	m	p	Zvar
var	NOM	m	p	avar
var	NOM	m	p	cvar
var	NOM	m	p	davar
var	NOM	m	p	dvar
var	NOM	m	p	fvar
var	NOM	m	p	hvar
var	NOM	m	p	kvar
var	NOM	m	p	mvar
var	NOM	m	p	nvar
var	NOM	m	p	pvar
var	NOM	m	p	vars
var	NOM	m	p	yvar
var	NOM	m	p	zvar
var	NOM	m	p	µvar
vara	ADJ	f	p	vara
vara	ADJ	m	p	vara
vara	ADJ	m	s	vara
varappe	NOM	f	p	varappes
varappeur	NOM	m	p	varappeurs
variabilité	NOM	f	p	variabilités
variance	NOM	f	p	variances
variant	ADJ	m	p	variants
variateur	NOM	m	p	variateurs
varicelle	NOM	f	p	varicelles
variole	NOM	f	p	varioles
variorum	NOM	m	p	variorums
variqueux	ADJ	f	s	variqueuse
variqueux	ADJ	m	p	variqueux
variqueux	ADJ	m	s	variqueux
variétal	ADJ	f	p	variétales
variétal	ADJ	f	s	variétale
variétal	ADJ	m	p	variétaux
varlet	NOM	m	p	varlets
varlope	NOM	f	p	varlopes
varon	NOM	m	p	varons
varsovien	NOM	m	p	varsoviens
vasard	ADJ	f	p	vasardes
vasard	ADJ	f	s	vasarde
vasard	ADJ	m	s	vasard
vasculaire	ADJ	f	p	vasculaires
vasculaire	ADJ	f	s	vasculaire
vasculaire	ADJ	m	s	vasculaire
vascularisé	ADJ	f	p	vascularisées
vascularisé	ADJ	f	s	vascularisée
vascularisé	ADJ	m	p	vascularisés
vasectomie	NOM	f	p	vasectomies
vaseline	NOM	f	p	vaselines
vaseux	ADJ	m	p	vaseux
vaseux	ADJ	m	s	vaseux
vasoconstricteur	ADJ	f	p	vasoconstrictrices
vasoconstricteur	ADJ	f	s	vasoconstrictrice
vasoconstricteur	ADJ	m	p	vasoconstricteurs
vasoconstriction	NOM	f	p	vasoconstrictions
vasodilatateur	ADJ	f	p	vasodilatatrices
vasodilatateur	ADJ	f	s	vasodilatatrice
vasodilatateur	ADJ	m	p	vasodilatateurs
vasodilatation	NOM	f	p	vasodilatations
vasomoteur	ADJ	f	p	vasomotrices
vasomoteur	ADJ	f	s	vasomotrice
vasomoteur	ADJ	m	s	vasomoteur
vasopressine	NOM	f	p	vasopressines
vasouillard	ADJ	f	p	vasouillardes
vasouillard	ADJ	m	p	vasouillards
vassalité	NOM	f	p	vassalités
vastité	NOM	f	p	vastités
vaticane	ADJ	f	p	vaticanes
vau	NOM	m	p	vaux
vauclusien	ADJ	f	s	vauclusienne
vauclusien	ADJ	m	p	vauclusiens
vaudois	ADJ	f	p	vaudoises
vaudois	ADJ	m	p	vaudois
vaudois	ADJ	m	s	vaudois
vautre	NOM	m	p	vautres
vecteur	ADJ	f	p	vectrices
vecteur	ADJ	f	s	vectrice
vectoriel	ADJ	f	p	vectorielles
vectoriel	ADJ	m	p	vectoriels
vedettariat	NOM	m	p	vedettariats
veineux	ADJ	f	p	veineuses
veineux	ADJ	m	p	veineux
veinulé	ADJ	f	p	veinulées
veinulé	ADJ	f	s	veinulée
veinulé	ADJ	m	p	veinulés
veinure	NOM	f	s	veinure
velcro	NOM	m	p	velcros
veld	NOM	m	p	velds
veldt	NOM	m	p	veldts
velouteux	ADJ	f	p	velouteuses
velouteux	ADJ	m	p	velouteux
velte	NOM	f	p	veltes
velum	NOM	m	p	velum
velum	NOM	m	p	velums
velux	NOM	m	p	velux
velvet	NOM	m	p	velvets
venant	NOM	m	p	venants
vendéen	NOM	m	p	vendéens
vendémiaire	NOM	m	p	vendémiaires
venette	NOM	f	p	venettes
venimeux	ADJ	m	p	venimeux
venimeux	ADJ	m	s	venimeux
venteux	ADJ	m	p	venteux
venteux	ADJ	m	s	venteux
ventral	ADJ	f	p	ventrales
ventral	ADJ	m	p	ventraux
ventriloquie	NOM	f	p	ventriloquies
ventripotent	ADJ	f	p	ventripotentes
ventripotent	ADJ	f	s	ventripotente
ventripotent	NOM	m	p	ventripotents
ventrière	NOM	f	p	ventrières
venté	ADJ	m	p	ventés
ventôse	NOM	m	p	ventôses
venu	NOM	m	s	venu
ver	NOM	m	p	vers
verbalisation	NOM	f	p	verbalisations
verbalisme	NOM	m	p	verbalismes
verbatim	NOM	m	p	verbatims
verbeux	ADJ	m	p	verbeux
verbeux	ADJ	m	s	verbeux
verbiage	NOM	m	p	verbiages
verdelet	ADJ	f	p	verdelettes
verdelet	ADJ	f	s	verdelette
verdelet	ADJ	m	p	verdelets
verdissant	ADJ	f	p	verdissantes
verdoiement	NOM	m	p	verdoiements
vergence	NOM	f	p	vergences
verglacé	ADJ	m	p	verglacés
vergogne	NOM	f	p	vergognes
vergé	ADJ	f	p	vergées
vergé	ADJ	f	s	vergée
verlan	NOM	m	p	verlans
vermeil	NOM	m	p	vermeils
vermiculé	ADJ	f	s	vermiculée
vermiculé	ADJ	m	p	vermiculés
vermiculé	ADJ	m	s	vermiculé
vermifuge	NOM	m	p	vermifuges
vermout	NOM	m	p	vermouts
vernal	ADJ	f	p	vernales
vernal	ADJ	f	s	vernale
vernal	ADJ	m	p	vernaux
verne	NOM	m	p	vernes
verni	ADJ	m	p	vernis
vernier	NOM	m	p	verniers
vernisseur	NOM	m	p	vernisseurs
verrier	ADJ	f	p	verrières
verrier	ADJ	f	s	verrière
verrier	NOM	m	s	verrier
verrouillage	NOM	m	p	verrouillages
verruqueux	ADJ	f	p	verruqueuses
verruqueux	ADJ	m	p	verruqueux
verruqueux	ADJ	m	s	verruqueux
vers	NOM	m	s	vers
versaillais	ADJ	f	p	versaillaises
versaillais	ADJ	m	p	versaillais
versaillais	ADJ	m	s	versaillais
versant	ADJ	f	p	versantes
versant	ADJ	f	s	versante
versatile	ADJ	f	s	versatile
versatile	ADJ	m	p	versatiles
versatile	ADJ	m	s	versatile
versatilité	NOM	f	p	versatilités
verseau	NOM	m	p	verseaux
verseur	ADJ	f	p	verseuses
verseur	ADJ	f	s	verseuse
versiculet	NOM	m	s	versiculet
versificateur	NOM	m	p	versificateurs
versification	NOM	f	p	versifications
verste	NOM	f	s	verste
vertical	NOM	m	p	vertical
vertical	NOM	m	p	verticaux
verticalité	NOM	f	p	verticalités
verticille	NOM	m	p	verticilles
vertigineux	ADJ	m	p	vertigineux
vertigineux	ADJ	m	s	vertigineux
vertigo	NOM	m	p	vertigos
vertueux	ADJ	m	p	vertueux
vertueux	ADJ	m	s	vertueux
vertugadin	NOM	m	p	vertugadins
vertébré	ADJ	f	p	vertébrées
vertébré	ADJ	f	s	vertébrée
verve	NOM	f	p	verves
verveine	NOM	f	p	verveines
vespasienne	NOM	f	p	vespasiennes
vesprée	NOM	f	p	vesprées
vesse	NOM	f	s	vesse
veule	ADJ	f	p	veules
veule	ADJ	f	s	veule
veule	ADJ	m	s	veule
vexatoire	ADJ	f	s	vexatoire
vexatoire	ADJ	m	p	vexatoires
vexatoire	ADJ	m	s	vexatoire
viabilité	NOM	f	p	viabilités
viaduc	NOM	m	p	viaducs
viager	ADJ	f	p	viagères
viager	ADJ	m	p	viagers
viager	ADJ	m	s	viager
viager	NOM	m	p	viagers
viagra	NOM	m	p	viagras
viandeux	ADJ	m	s	viandeux
viatique	NOM	m	p	viatiques
vibratile	ADJ	f	p	vibratiles
vibratile	ADJ	m	s	vibratile
vibreur	NOM	m	p	vibreurs
vibrion	NOM	m	s	vibrion
vibrisse	NOM	f	s	vibrisse
vichy	NOM	m	p	vichys
vichysme	NOM	m	p	vichysmes
vichyssois	ADJ	f	p	vichyssoises
vichyssois	ADJ	m	p	vichyssois
vichyssois	ADJ	m	s	vichyssois
vicieux	ADJ	m	p	vicieux
vicieux	ADJ	m	s	vicieux
vicinal	ADJ	f	s	vicinale
vicinalité	NOM	f	p	vicinalités
vicié	ADJ	f	p	viciées
vicié	ADJ	f	s	viciée
vicomté	NOM	f	p	vicomtés
victimaire	NOM	m	p	victimaires
victimologie	NOM	f	p	victimologies
victorieux	ADJ	m	p	victorieux
victorieux	ADJ	m	s	victorieux
vidage	NOM	m	p	vidages
vidame	NOM	m	p	vidames
vidicon	NOM	m	p	vidicons
viduité	NOM	f	p	viduités
vidure	NOM	f	s	vidure
vidéoclip	NOM	m	p	vidéo-clips
vidéoclip	NOM	m	p	vidéoclips
vidéoclub	NOM	m	p	vidéoclubs
vidéoconférence	NOM	f	p	vidéoconférences
vidéogramme	NOM	m	p	vidéogrammes
vidéophone	NOM	m	p	vidéophones
vidéophonie	NOM	f	p	vidéophonies
vidéosurveillance	NOM	f	p	vidéosurveillances
vidéothèque	NOM	f	p	vidéothèques
vieil	ADJ	f	p	vieilles
vieil	ADJ	f	s	vieille
vieil	ADJ	m	p	vieux
vieillissement	NOM	m	p	vieillissements
viennois	ADJ	m	p	viennois
viennois	ADJ	m	s	viennois
vieux	ADJ	m	p	vieux
vieux	ADJ	m	s	vieil
vieux	ADJ	m	s	vieux
vigil	ADJ	m	p	vigiles
vigil	ADJ	m	p	vigils
vigneau	NOM	m	s	vigneau
vigogne	NOM	f	p	vigognes
vigoureux	ADJ	m	p	vigoureux
vigoureux	ADJ	m	s	vigoureux
viking	ADJ	f	p	vikings
viking	ADJ	f	s	viking
vilipendé	ADJ	f	s	vilipendée
vilipendé	ADJ	m	p	vilipendés
villageois	ADJ	m	p	villageois
villageois	ADJ	m	s	villageois
villette	NOM	f	p	villettes
vinaigrette	NOM	f	p	vinaigrettes
vinasse	NOM	f	p	vinasses
vindicte	NOM	f	p	vindictes
vineux	ADJ	m	p	vineux
vineux	ADJ	m	s	vineux
vintage	NOM	m	p	vintages
vinylique	ADJ	f	p	vinyliques
vinylique	ADJ	f	s	vinylique
vinylique	ADJ	m	p	vinyliques
violine	NOM	m	p	violines
vioque	ADJ	m	p	vioques
vioque	ADJ	m	s	vioque
vipéreau	NOM	m	p	vipéreaux
vipérin	ADJ	m	p	vipérins
vipérin	ADJ	m	s	vipérin
vireux	ADJ	f	p	vireuses
vireux	ADJ	m	p	vireux
vireux	ADJ	m	s	vireux
virevoltant	ADJ	m	p	virevoltants
virgilien	ADJ	f	p	virgiliennes
virgilien	ADJ	m	p	virgiliens
virginal	NOM	m	p	virginals
virginal	NOM	m	p	virginaux
virginie	NOM	m	p	virginies
virole	NOM	f	s	virole
virologie	NOM	f	p	virologies
virtuosité	NOM	f	p	virtuosités
virulence	NOM	f	p	virulences
visibilité	NOM	f	p	visibilités
visioconférence	NOM	f	p	visioconférences
visionnage	NOM	m	p	visionnages
visiophone	NOM	m	p	visiophones
visitandine	NOM	f	s	visitandine
visitation	NOM	f	p	visitations
visqueux	ADJ	m	p	visqueux
visqueux	ADJ	m	s	visqueux
visserie	NOM	f	p	visseries
visualisation	NOM	f	p	visualisations
vit	NOM	m	s	vit
vitalité	NOM	f	p	vitalités
vite	ADJ	f	p	vites
vite	ADJ	f	s	vite
vite	ADJ	m	p	vites
vitellin	ADJ	f	p	vitellines
vitellin	ADJ	f	s	vitelline
vitellin	ADJ	m	p	vitellins
viticulture	NOM	f	p	viticultures
vitiligo	NOM	m	p	vitiligos
vitrauphanie	NOM	f	p	vitrauphanies
vitreux	ADJ	m	p	vitreux
vitreux	ADJ	m	s	vitreux
vitrioleur	NOM	m	s	vitrioleur
vitriolique	ADJ	f	p	vitrioliques
vitriolique	ADJ	m	p	vitrioliques
vitriolique	ADJ	m	s	vitriolique
vitupération	NOM	f	s	vitupération
vivarium	NOM	m	p	vivariums
vivat	NOM	m	p	vivats
vivification	NOM	f	p	vivifications
vivisecteur	NOM	m	p	vivisecteurs
vivrier	ADJ	f	p	vivrières
vivrier	ADJ	f	s	vivrière
vivrier	ADJ	m	s	vivrier
vocalique	ADJ	f	p	vocaliques
vocalique	ADJ	m	p	vocaliques
vocalique	ADJ	m	s	vocalique
vocodeur	NOM	m	p	vocodeurs
voirie	NOM	f	p	voiries
voiture	NOM	f	s	voiture
voiturin	NOM	m	p	voiturins
volapük	NOM	m	p	volapüks
volatilisation	NOM	f	p	volatilisations
volatilité	NOM	f	p	volatilités
volcanologique	ADJ	f	p	volcanologiques
volcanologique	ADJ	f	s	volcanologique
volcanologique	ADJ	m	p	volcanologiques
volerie	NOM	f	p	voleries
voletant	ADJ	m	p	voletants
volley	NOM	m	p	volleys
volontariat	NOM	m	p	volontariats
volontarisme	NOM	m	p	volontarismes
voltage	NOM	m	p	voltages
voltairien	ADJ	f	p	voltairiennes
voltairien	ADJ	f	s	voltairienne
voltairien	ADJ	m	p	voltairiens
voltaïque	ADJ	f	p	voltaïques
voltaïque	ADJ	m	p	voltaïques
voltaïque	ADJ	m	s	voltaïque
voltigement	NOM	m	p	voltigements
voltmètre	NOM	m	p	voltmètres
volubilité	NOM	f	p	volubilités
volumineux	ADJ	m	p	volumineux
volumineux	ADJ	m	s	volumineux
volumique	ADJ	f	p	volumiques
volumique	ADJ	m	p	volumiques
volumique	ADJ	m	s	volumique
voluptueux	ADJ	m	p	voluptueux
voluptueux	ADJ	m	s	voluptueux
volvaire	NOM	f	s	volvaire
volve	NOM	f	p	volves
volémie	NOM	f	p	volémies
vomique	ADJ	f	p	vomiques
vomique	ADJ	f	s	vomique
vomique	ADJ	m	p	vomiques
vomisseur	ADJ	f	p	vomisseuses
vomisseur	ADJ	f	s	vomisseuse
vomisseur	ADJ	m	p	vomisseurs
vomitif	ADJ	f	s	vomitive
voracité	NOM	f	p	voracités
vosgien	ADJ	f	p	vosgiennes
vosgien	ADJ	m	p	vosgiens
vosgien	ADJ	m	s	vosgien
vosgien	NOM	m	p	vosgiens
votant	ADJ	f	p	votantes
votant	ADJ	f	s	votante
voussoiement	NOM	m	p	voussoiements
vouvray	NOM	m	p	vouvray
vouvray	NOM	m	p	vouvrays
voyer	ADJ	m	p	voyers
voyer	NOM	m	p	voyers
voyeurisme	NOM	m	p	voyeurismes
voyou	ADJ	m	p	voyous
voyou	ADJ	m	s	voyou
vrac	NOM	m	p	vracs
vraisemblable	ADJ	f	p	vraisemblables
vraisemblable	ADJ	f	s	vraisemblable
vraisemblable	ADJ	m	s	vraisemblable
vraquier	NOM	m	p	vraquiers
vrillement	NOM	m	p	vrillements
vrillé	ADJ	f	p	vrillées
vrillé	ADJ	f	s	vrillée
vrombissant	ADJ	m	p	vrombissants
vu	NOM	m	p	vus
vulcain	NOM	m	p	vulcains
vulcanisation	NOM	f	p	vulcanisations
vulgarisateur	NOM	m	s	vulgarisateur
vulgarisé	ADJ	f	p	vulgarisées
vulgarisé	ADJ	m	p	vulgarisés
vulgarisé	ADJ	m	s	vulgarisé
vulgate	NOM	f	p	vulgates
vulnérabilité	NOM	f	p	vulnérabilités
vulnérant	ADJ	f	p	vulnérantes
vulnérant	ADJ	f	s	vulnérante
vulnérant	ADJ	m	p	vulnérants
vulpin	NOM	m	p	vulpins
végétalien	ADJ	f	p	végétaliennes
végétalien	ADJ	m	p	végétaliens
végétalien	NOM	m	p	végétaliens
végétalisme	NOM	m	p	végétalismes
végétarisme	NOM	m	p	végétarismes
véhémence	NOM	f	p	véhémences
vélaire	NOM	f	s	vélaire
vélar	NOM	m	p	vélar
vélar	NOM	m	p	vélars
vélin	ADJ	f	p	vélines
vélin	ADJ	f	s	véline
vélin	ADJ	m	p	vélins
vélique	ADJ	f	p	véliques
vélique	ADJ	m	p	véliques
vélique	ADJ	m	s	vélique
véloce	ADJ	f	s	véloce
véloce	ADJ	m	p	véloces
véloce	ADJ	m	s	véloce
vélocipédique	ADJ	f	s	vélocipédique
vélocipédique	ADJ	m	p	vélocipédiques
vélocipédique	ADJ	m	s	vélocipédique
vélocité	NOM	f	p	vélocités
vénalité	NOM	f	p	vénalités
vénerie	NOM	f	p	véneries
vénusien	ADJ	f	p	vénusiennes
vénusté	NOM	f	p	vénustés
vénéneux	ADJ	m	p	vénéneux
vénéneux	ADJ	m	s	vénéneux
vénéréologie	NOM	f	p	vénéréologies
vénézuélien	ADJ	f	p	vénézuéliennes
vérace	ADJ	f	p	véraces
vérace	ADJ	m	p	véraces
vérace	ADJ	m	s	vérace
véracité	NOM	f	p	véracités
véreux	ADJ	m	p	véreux
véreux	ADJ	m	s	véreux
vérifiable	ADJ	f	s	vérifiable
vérifiable	ADJ	m	p	vérifiables
vérifiable	ADJ	m	s	vérifiable
vérifieur	NOM	m	p	vérifieurs
vériste	ADJ	f	p	véristes
vériste	ADJ	f	s	vériste
vériste	ADJ	m	p	véristes
véronais	ADJ	f	p	véronaises
véronais	ADJ	m	p	véronaises
véronais	ADJ	m	s	véronais
véronal	NOM	m	p	véronals
vésical	ADJ	f	p	vésicales
vésical	ADJ	m	p	vésicaux
vésical	ADJ	m	s	vésical
vésicant	ADJ	f	p	vésicantes
vésicant	ADJ	m	p	vésicants
vésicant	ADJ	m	s	vésicant
vésicatoire	ADJ	f	p	vésicatoires
vésicatoire	ADJ	f	s	vésicatoire
vésicatoire	ADJ	m	s	vésicatoire
vésuvien	ADJ	f	s	vésuvienne
vésuvien	ADJ	m	p	vésuviens
vésuvien	ADJ	m	s	vésuvien
vétilleux	ADJ	m	p	vétilleux
vétilleux	ADJ	m	s	vétilleux
vétiver	NOM	m	p	vétivers
vétusté	NOM	f	p	vétustés
vétyver	NOM	m	p	vétyvers
wagnérien	ADJ	m	p	wagnériens
wali	NOM	m	p	walis
walkyrie	NOM	f	p	walkyries
wallaby	NOM	m	p	wallabies
wallaby	NOM	m	p	wallabys
wallace	NOM	f	p	wallaces
wallon	ADJ	f	p	wallonnes
wallon	ADJ	m	p	wallons
warrant	NOM	m	s	warrant
waterproof	ADJ	f	p	waterproofs
waterproof	ADJ	f	s	waterproof
waterproof	ADJ	m	p	waterproofs
wattman	NOM	m	p	wattmans
wattman	NOM	m	p	wattmen
web	NOM	m	p	webs
webcam	NOM	f	p	webcams
weltanschauung	NOM	f	p	weltanschauungs
westphalien	ADJ	f	s	westphalienne
westphalien	ADJ	m	p	westphaliens
williams	NOM	f	p	williams
winchester	NOM	m	p	winchesters
windsurf	NOM	m	p	windsurfs
wintergreen	NOM	m	p	wintergreens
wishbone	NOM	m	p	wishbones
wisigoth	NOM	m	s	wisigoth
wisigothique	ADJ	m	p	wisigothiques
wisigothique	ADJ	m	s	wisigothique
wombat	NOM	m	p	wombats
wurtembergeois	ADJ	f	p	wurtembergeoises
wurtembergeois	ADJ	m	p	wurtembergeoises
wurtembergeois	ADJ	m	s	wurtembergeois
xiang	NOM	m	p	xiangs
xiphoïde	ADJ	f	p	xiphoïdes
xiphoïde	ADJ	f	s	xiphoïde
xiphoïde	ADJ	m	p	xiphoïdes
xylographie	NOM	f	p	xylographies
xylène	NOM	m	p	xylènes
xénogreffe	NOM	f	p	xénogreffes
xénon	NOM	m	p	xénons
xénophilie	NOM	f	p	xénophilies
xénophobie	NOM	f	p	xénophobies
xérographie	NOM	f	p	xérographies
xérographique	ADJ	f	p	xérographiques
xérographique	ADJ	f	s	xérographique
xérographique	ADJ	m	p	xérographiques
y	NOM	m	p	y
yachting	NOM	m	p	yachtings
yachtwoman	NOM	f	p	yachtwomans
yachtwoman	NOM	f	p	yachtwomen
yakitori	NOM	m	p	yakitoris
yakusa	NOM	m	p	yakusas
yang	NOM	m	p	yangs
yaourtière	NOM	f	s	yaourtière
yearling	NOM	m	p	yearlings
yeti	NOM	m	p	yetis
yiddish	ADJ	f	p	yiddish
yiddish	ADJ	f	s	yiddish
yiddish	ADJ	m	p	yiddish
yin	NOM	m	p	yins
yoga	NOM	m	p	yogas
yogourt	NOM	m	p	yogourts
yole	NOM	f	p	yoles
yorkshire	NOM	m	p	yorkshires
youpin	NOM	m	p	youpins
ypérite	NOM	f	p	ypérites
yèble	NOM	f	s	yèble
yéménite	ADJ	f	p	yéménites
yéménite	ADJ	f	s	yéménite
yéménite	ADJ	m	s	yéménite
yéti	NOM	m	p	yétis
zain	ADJ	f	p	zains
zain	ADJ	f	s	zain
zain	ADJ	m	p	zains
zani	NOM	m	p	zani
zani	NOM	m	p	zanis
zanzi	NOM	m	p	zanzis
zanzibar	NOM	m	p	zanzibars
zappeur	NOM	m	p	zappeurs
zapping	NOM	m	p	zappings
zazou	ADJ	f	p	zazoues
zazou	ADJ	f	s	zazoue
zaïrois	ADJ	m	p	zaïrois
zaïrois	ADJ	m	s	zaïrois
zemstvo	NOM	m	p	zemstvos
zen	ADJ	f	p	zens
zen	ADJ	f	s	zen
zen	ADJ	m	p	zens
zest	NOM	m	p	zests
zig	NOM	m	p	zigs
zigounette	NOM	f	p	zigounettes
zigzagant	ADJ	m	p	zigzagants
zingage	NOM	m	p	zingages
zingaro	NOM	m	p	zingara
zingaro	NOM	m	p	zingari
zingaro	NOM	m	p	zingaros
zinzin	ADJ	f	p	zinzins
zinzin	ADJ	f	s	zinzin
zinzin	ADJ	m	p	zinzins
zinzolin	ADJ	f	p	zinzolines
zinzolin	ADJ	f	s	zinzoline
zinzolin	ADJ	m	s	zinzolin
zip	NOM	m	p	zips
zirconium	NOM	m	p	zirconiums
zizique	NOM	f	p	ziziques
zodiac	NOM	m	p	zodiacs
zodiacal	ADJ	f	p	zodiacales
zodiacal	ADJ	m	p	zodiacaux
zodiaque	NOM	m	p	zodiaques
zonage	NOM	m	p	zonages
zonal	ADJ	f	p	zonales
zonal	ADJ	f	s	zonale
zonal	ADJ	m	p	zonaux
zoning	NOM	m	p	zonings
zonzon	NOM	m	p	zonzons
zoologie	NOM	f	p	zoologies
zoologique	ADJ	f	p	zoologiques
zoologique	ADJ	f	s	zoologique
zoologique	ADJ	m	s	zoologique
zoologue	NOM	m	p	zoologues
zoophile	ADJ	m	p	zoophiles
zoophile	ADJ	m	s	zoophile
zoophilie	NOM	f	p	zoophilies
zorille	NOM	f	p	zorilles
zoroastrien	ADJ	f	p	zoroastriennes
zoroastrien	ADJ	f	s	zoroastrienne
zoroastrien	ADJ	m	p	zoroastriens
zoroastrisme	NOM	m	p	zoroastrismes
zouk	NOM	m	p	zouks
zoulou	ADJ	f	p	zouloues
zurichois	ADJ	f	p	zurichoises
zurichois	ADJ	m	s	zurichois
zygoma	NOM	m	p	zygomas
zygomatique	ADJ	m	p	zygomatiques
zygomatique	ADJ	m	s	zygomatique
zygote	NOM	m	p	zygotes
zyklon	NOM	m	p	zyklons
zénith	NOM	m	p	zéniths
zénithal	ADJ	m	p	zénithaux
zénithal	ADJ	m	s	zénithal
zézaiement	NOM	m	p	zézaiements
âcreté	NOM	f	p	âcretés
âgisme	NOM	m	p	âgismes
ânier	NOM	m	p	âniers
ève	NOM	f	p	èves
ébahissement	NOM	m	p	ébahissements
ébarbage	NOM	m	p	ébarbages
ébat	NOM	m	s	ébat
ébattement	NOM	m	s	ébattement
ébaubi	ADJ	f	p	ébaubies
ébaubi	ADJ	m	p	ébaubis
ébaucheur	NOM	m	s	ébaucheur
ébauchon	NOM	m	s	ébauchon
ébonite	NOM	f	p	ébonites
ébouleux	ADJ	f	s	ébouleuse
ébouleux	ADJ	m	p	ébouleux
ébouleux	ADJ	m	s	ébouleux
ébouriffant	ADJ	f	p	ébouriffantes
ébouriffant	ADJ	m	p	ébouriffants
ébranchement	NOM	m	p	ébranchements
ébriété	NOM	f	p	ébriées
ébriété	NOM	f	p	ébriétés
ébrouement	NOM	m	p	ébrouements
ébullition	NOM	f	p	ébullitions
ébène	NOM	f	p	ébènes
écaillage	NOM	m	p	écaillages
écailleur	NOM	m	p	écailleurs
écailleux	ADJ	m	p	écailleux
écailleux	ADJ	m	s	écailleux
écarlate	NOM	f	p	écarlates
écarquillement	NOM	m	p	écarquillements
écarteur	NOM	m	p	écarteurs
échangeable	ADJ	f	p	échangeables
échangeable	ADJ	f	s	échangeable
échangeable	ADJ	m	s	échangeable
échangisme	NOM	m	p	échangismes
échantillonnage	NOM	m	p	échantillonnages
échaudé	ADJ	f	p	échaudées
échaudé	ADJ	m	p	échaudés
échevellement	NOM	m	p	échevellements
échinoderme	NOM	m	s	échinoderme
échocardiogramme	NOM	m	p	échocardiogrammes
échocardiographie	NOM	f	p	échocardiographies
échographie	NOM	f	p	échographies
écholocalisation	NOM	f	p	écholocalisations
écholocation	NOM	f	p	écholocations
échouement	NOM	m	p	échouements
échéancier	NOM	m	p	échéanciers
échéant	ADJ	f	p	échéantes
échéant	ADJ	f	s	échéante
échéant	ADJ	m	p	échéants
éclaircissage	NOM	m	p	éclaircissages
éclairement	NOM	m	p	éclairements
éclampsie	NOM	f	p	éclampsies
éclatage	NOM	m	p	éclatages
éclateur	NOM	m	s	éclateur
éclectisme	NOM	m	p	éclectismes
écliptique	NOM	m	p	écliptiques
éclopé	ADJ	f	p	éclopées
éclos	ADJ	m	p	éclos
éclos	ADJ	m	s	éclos
éclusier	ADJ	f	p	éclusières
éclusier	ADJ	f	s	éclusière
éclusier	ADJ	m	p	éclusiers
écoinçon	NOM	m	p	écoinçons
écologie	NOM	f	p	écologies
écologiste	ADJ	f	p	écologistes
écologiste	ADJ	f	s	écologiste
écologiste	ADJ	m	s	écologiste
économat	NOM	m	p	économats
économisme	NOM	m	p	économismes
écoperche	NOM	f	s	écoperche
écorchage	NOM	m	p	écorchages
écorchement	NOM	m	p	écorchements
écorcherie	NOM	f	p	écorcheries
écorcé	ADJ	f	p	écorcées
écorcé	ADJ	f	s	écorcée
écosphère	NOM	f	p	écosphères
écossais	ADJ	m	p	écossais
écossais	ADJ	m	s	écossais
écot	NOM	m	p	écots
écotone	NOM	m	p	écotones
écoutant	NOM	m	p	écoutants
écrabouillage	NOM	m	p	écrabouillages
écrasage	NOM	m	p	écrasages
écraseur	NOM	m	p	écraseurs
écrasure	NOM	f	p	écrasures
écrivailleur	NOM	m	p	écrivailleurs
écrivassier	NOM	m	s	écrivassier
écru	ADJ	f	p	écrues
écru	ADJ	m	p	écrus
écrémage	NOM	m	p	écrémages
écubier	NOM	m	p	écubiers
écumeux	ADJ	m	p	écumeux
écumeux	ADJ	m	s	écumeux
édam	NOM	m	p	édams
éden	NOM	m	s	éden
édification	NOM	f	p	édifications
édile	NOM	m	s	édile
édilitaire	ADJ	f	p	édilitaires
édilitaire	ADJ	m	s	édilitaire
éditorial	ADJ	f	p	éditoriales
éducateur	ADJ	f	p	éducatrices
éducationnel	ADJ	f	p	éducationnelles
éducationnel	ADJ	m	p	éducationnels
édulcorant	ADJ	f	p	édulcorantes
édulcorant	ADJ	f	s	édulcorante
édulcorant	ADJ	m	p	édulcorants
édulcorant	NOM	m	p	édulcorants
édénique	ADJ	f	p	édéniques
édénique	ADJ	f	s	édénique
édénique	ADJ	m	s	édénique
égalable	ADJ	f	p	égalables
égalable	ADJ	m	p	égalables
égalable	ADJ	m	s	égalable
égalisateur	ADJ	f	p	égalisatrices
égalisation	NOM	f	p	égalisations
égaliseur	NOM	m	p	égaliseurs
égalitarisme	NOM	m	p	égalitarismes
égayant	ADJ	f	p	égayantes
égayant	ADJ	m	p	égayants
égayant	ADJ	m	s	égayant
égide	NOM	f	p	égides
égotisme	NOM	m	p	égotismes
égouttement	NOM	m	p	égouttements
égouttoir	NOM	m	p	égouttoirs
égoïne	NOM	f	p	égoïnes
égrenage	NOM	m	p	égrenages
égrotant	ADJ	f	s	égrotante
égrènement	NOM	m	s	égrènement
égyptologie	NOM	f	p	égyptologies
égéen	ADJ	f	p	égéennes
égéen	ADJ	m	p	égéens
égéen	ADJ	m	s	égéen
égérie	NOM	f	p	égéries
éjaculateur	ADJ	f	p	éjaculatrices
éjaculateur	ADJ	f	s	éjaculatrice
éjaculateur	ADJ	m	p	éjaculateurs
éjectable	ADJ	f	s	éjectable
éjectable	ADJ	m	p	éjectables
élagage	NOM	m	p	élagages
élargissement	NOM	m	p	élargissements
élasticimétrie	NOM	f	p	élasticimétries
élasticité	NOM	f	p	élasticités
élastomère	NOM	m	p	élastomères
électif	ADJ	m	p	électifs
électorat	NOM	m	p	électorats
électricité	NOM	f	p	électricités
électrification	NOM	f	p	électrifications
électrisant	ADJ	f	p	électrisantes
électrisant	ADJ	m	p	électrisants
électrisation	NOM	f	p	électrisations
électroacoustique	ADJ	f	p	électroacoustiques
électroacoustique	ADJ	m	p	électroacoustiques
électroacoustique	ADJ	m	s	électroacoustique
électroacoustique	NOM	f	p	électroacoustiques
électrobiologie	NOM	f	p	électrobiologies
électrocardiogramme	NOM	m	p	électrocardiogrammes
électrochimie	NOM	f	p	électrochimies
électrochimique	ADJ	f	p	électrochimiques
électrochimique	ADJ	m	p	électrochimiques
électrochimique	ADJ	m	s	électrochimique
électrocution	NOM	f	p	électrocutions
électrodynamique	NOM	f	p	électrodynamiques
électroencéphalogramme	NOM	m	p	électroencéphalogrammes
électroencéphalographie	NOM	f	p	électro-encéphalographies
électroencéphalographie	NOM	f	p	électroencéphalographies
électrogène	ADJ	f	p	électrogènes
électrogène	ADJ	f	s	électrogène
électrogène	ADJ	m	p	électrogènes
électrologie	NOM	f	p	électrologies
électrolyse	NOM	f	p	électrolyses
électrolytique	ADJ	f	p	électrolytiques
électrolytique	ADJ	f	s	électrolytique
électrolytique	ADJ	m	p	électrolytiques
électromagnétisme	NOM	m	p	électromagnétismes
électromètre	NOM	m	p	électromètres
électroménager	ADJ	f	p	électroménagères
électroménager	ADJ	f	s	électroménagère
électroménager	ADJ	m	p	électroménagers
électroménager	NOM	m	p	électroménagers
électronucléaire	ADJ	f	p	électronucléaires
électronucléaire	ADJ	m	p	électronucléaires
électronucléaire	ADJ	m	s	électronucléaire
électronvolt	NOM	m	s	attoélectronvolt
électronvolt	NOM	m	s	centiélectronvolt
électronvolt	NOM	m	s	décaélectronvolt
électronvolt	NOM	m	s	déciélectronvolt
électronvolt	NOM	m	s	exaélectronvolt
électronvolt	NOM	m	s	femtoélectronvolt
électronvolt	NOM	m	s	gigaélectronvolt
électronvolt	NOM	m	s	hectoélectronvolt
électronvolt	NOM	m	s	kiloélectronvolt
électronvolt	NOM	m	s	microélectronvolt
électronvolt	NOM	m	s	milliélectronvolt
électronvolt	NOM	m	s	mégaélectronvolt
électronvolt	NOM	m	s	nanoélectronvolt
électronvolt	NOM	m	s	petaélectronvolt
électronvolt	NOM	m	s	picoélectronvolt
électronvolt	NOM	m	s	pétaélectronvolt
électronvolt	NOM	m	s	téraélectronvolt
électronvolt	NOM	m	s	yoctoélectronvolt
électronvolt	NOM	m	s	yottaélectronvolt
électronvolt	NOM	m	s	zeptoélectronvolt
électronvolt	NOM	m	s	zettaélectronvolt
électronvolt	NOM	m	s	électronvolt
électrophorèse	NOM	f	p	électrophorèses
électrostatique	NOM	f	p	électrostatiques
électrum	NOM	m	p	électrums
électuaire	NOM	m	s	électuaire
éleusinien	ADJ	f	p	éleusiniennes
éleusinien	ADJ	m	p	éleusiniens
éleusinien	ADJ	m	s	éleusinien
élevon	NOM	m	s	élevon
élevure	NOM	f	s	élevure
éligibilité	NOM	f	p	éligibilités
éliminateur	ADJ	f	p	éliminatrices
éliminateur	ADJ	f	s	éliminatrice
éliminatoire	ADJ	f	s	éliminatoire
éliminatoire	ADJ	m	p	éliminatoires
éliminatoire	ADJ	m	s	éliminatoire
élingue	NOM	f	p	élingues
élisabéthain	ADJ	f	p	élisabéthaines
élisabéthain	ADJ	m	p	élisabéthains
élitisme	NOM	m	p	élitismes
élitiste	ADJ	f	s	élitiste
élitiste	ADJ	m	p	élitistes
élitiste	ADJ	m	s	élitiste
élocution	NOM	f	p	élocutions
élogieux	ADJ	m	p	élogieux
élogieux	ADJ	m	s	élogieux
éloignement	NOM	m	p	éloignements
éloquence	NOM	f	p	éloquences
élucidation	NOM	f	p	élucidations
élusif	ADJ	f	p	élusives
élusif	ADJ	m	s	élusif
élysée	NOM	m	p	élysées
élyséen	ADJ	f	p	élyséennes
élyséen	ADJ	m	p	élyséens
élégiaque	ADJ	f	p	élégiaques
élégiaque	ADJ	f	s	élégiaque
élégiaque	ADJ	m	s	élégiaque
élémentarité	NOM	f	p	élémentarités
éléphanteau	NOM	m	p	éléphanteaux
éléphantin	ADJ	m	p	éléphantins
éléphantin	ADJ	m	s	éléphantin
émancipateur	ADJ	f	p	émancipatrices
émancipateur	ADJ	m	p	émancipateurs
émancipation	NOM	f	p	émancipations
émargement	NOM	m	p	émargements
émasculation	NOM	f	p	émasculations
émeraude	NOM	f	p	émeraudes
émergent	ADJ	f	p	émergentes
émergent	ADJ	m	p	émergents
émergé	ADJ	m	p	émergés
émeri	NOM	m	p	émeris
émerillon	NOM	m	p	émerillons
émerillonné	ADJ	f	p	émerillonnées
émerillonné	ADJ	f	s	émerillonnée
émerillonné	ADJ	m	p	émerillonnés
émersion	NOM	f	p	émersions
émetteur	ADJ	f	p	émettrices
émigrant	ADJ	f	p	émigrantes
émigrant	ADJ	m	p	émigrants
émigrant	ADJ	m	s	émigrant
émigration	NOM	f	p	émigrations
émigré	ADJ	f	p	émigrées
émigré	ADJ	f	s	émigrée
émilien	ADJ	f	p	émiliennes
émilien	ADJ	m	p	émiliens
émilien	ADJ	m	s	émilien
éminentissime	ADJ	f	p	éminentissimes
éminentissime	ADJ	f	s	éminentissime
éminentissime	ADJ	m	s	éminentissime
émissaire	ADJ	f	p	émissaires
émissaire	ADJ	f	s	émissaire
émollient	ADJ	f	p	émollientes
émollient	ADJ	m	p	émollients
émolument	NOM	m	s	émolument
émondeur	NOM	m	p	émondeurs
émotionnant	ADJ	f	p	émotionnantes
émotionnant	ADJ	m	p	émotionnants
émotionnant	ADJ	m	s	émotionnant
émotivité	NOM	f	p	émotivités
émouchet	NOM	m	s	émouchet
émoulu	ADJ	f	p	émoulues
émoulu	ADJ	m	p	émoulus
émoussement	NOM	m	p	émoussements
émoustillant	ADJ	f	p	émoustillantes
émoustillant	ADJ	m	p	émoustillants
émulsif	ADJ	f	p	émulsives
émulsif	ADJ	m	p	émulsifs
émulsif	ADJ	m	s	émulsif
émulsifiant	ADJ	f	p	émulsifiantes
émulsifiant	ADJ	f	s	émulsifiante
émulsifiant	ADJ	m	p	émulsifiants
émulsion	NOM	f	p	émulsions
émétine	NOM	f	p	émétines
émétique	ADJ	f	p	émétiques
émétique	ADJ	f	s	émétique
émétique	ADJ	m	p	émétiques
émétique	NOM	m	p	émétiques
énergisant	ADJ	f	p	énergisantes
énergisant	ADJ	m	p	énergisants
énergisant	NOM	m	p	énergisants
énergétique	NOM	f	p	énergétiques
énonciateur	NOM	m	s	énonciateur
énonciation	NOM	f	p	énonciations
énucléation	NOM	f	p	énucléations
énumératif	ADJ	f	p	énumératives
énumératif	ADJ	m	p	énumératifs
énumératif	ADJ	m	s	énumératif
énurésie	NOM	f	p	énurésies
éocène	NOM	m	p	éocènes
éolien	NOM	m	p	éoliens
éon	NOM	m	p	éons
éonisme	NOM	m	p	éonismes
éosine	NOM	f	p	éosines
épagneul	NOM	m	p	épagneuls
épagomène	ADJ	f	p	épagomènes
épagomène	ADJ	f	s	épagomène
épagomène	ADJ	m	s	épagomène
épais	ADJ	m	p	épais
épais	ADJ	m	s	épais
épaississement	NOM	m	p	épaississements
épandeur	NOM	m	p	épandeurs
épanouissant	ADJ	m	p	épanouissants
épargnant	ADJ	f	s	épargnante
épargnant	ADJ	m	p	épargnants
éparpillement	NOM	m	p	éparpillements
épars	ADJ	m	p	épars
épars	ADJ	m	s	épars
épart	NOM	m	p	éparts
épatement	NOM	m	p	épatements
épateur	ADJ	f	p	épateuses
épateur	ADJ	f	s	épateuse
épaté	ADJ	f	p	épatées
épaulé	ADJ	f	p	épaulées
épaulé	ADJ	f	s	épaulée
épaulé	NOM	m	p	épaulés
épeautre	NOM	m	p	épeautres
épeichette	NOM	f	p	épeichettes
épeire	NOM	f	p	épeires
épellation	NOM	f	p	épellations
épendyme	NOM	m	p	épendymes
éphébie	NOM	f	p	éphébies
éphédrine	NOM	f	p	éphédrines
éphélide	NOM	f	s	éphélide
éphésien	ADJ	f	p	éphésiennes
éphésien	ADJ	f	s	éphésienne
éphésien	ADJ	m	s	éphésien
éphésien	NOM	m	s	éphésien
épicentre	NOM	m	p	épicentres
épicondyle	NOM	m	p	épicondyles
épicrânien	ADJ	f	p	épicrâniennes
épicrânien	ADJ	m	p	épicrâniens
épicrânien	ADJ	m	s	épicrânien
épicurien	ADJ	f	p	épicuriennes
épicurisme	NOM	m	p	épicurismes
épicéa	NOM	m	p	épicéas
épidiascope	NOM	m	s	épidiascope
épidural	ADJ	f	p	épidurales
épidural	ADJ	m	p	épiduraux
épidémiologie	NOM	f	p	épidémiologies
épidémiologique	ADJ	f	p	épidémiologiques
épidémiologique	ADJ	f	s	épidémiologique
épidémiologique	ADJ	m	p	épidémiologiques
épieu	NOM	m	p	épieux
épigastre	NOM	m	p	épigastres
épigastrique	ADJ	f	p	épigastriques
épigastrique	ADJ	m	p	épigastriques
épigastrique	ADJ	m	s	épigastrique
épiglotte	NOM	f	p	épiglottes
épigraphe	NOM	f	p	épigraphes
épigraphie	NOM	f	p	épigraphies
épilateur	NOM	m	p	épilateurs
épilation	NOM	f	p	épilations
épilepsie	NOM	f	p	épilepsies
épileptiforme	ADJ	f	p	épileptiformes
épileptiforme	ADJ	m	p	épileptiformes
épileptiforme	ADJ	m	s	épileptiforme
épinaie	NOM	f	p	épinaies
épineux	ADJ	m	p	épineux
épineux	ADJ	m	s	épineux
épinglage	NOM	m	p	épinglages
épinglette	NOM	f	p	épinglettes
épinglé	ADJ	f	s	épinglée
épinier	NOM	m	s	épinier
épinoche	NOM	f	s	épinoche
épiphane	ADJ	f	p	épiphanes
épiphane	ADJ	f	s	épiphane
épiphane	ADJ	m	p	épiphanes
épiphanie	NOM	f	p	épiphanies
épiphysaire	ADJ	f	p	épiphysaires
épiphysaire	ADJ	m	p	épiphysaires
épiphysaire	ADJ	m	s	épiphysaire
épiphyse	NOM	f	p	épiphyses
épiphénomène	NOM	m	p	épiphénomènes
épiscopalien	ADJ	f	p	épiscopaliennes
épiscopalien	ADJ	m	p	épiscopaliens
épiscopalien	NOM	m	p	épiscopaliens
épiscopat	NOM	m	p	épiscopats
épisiotomie	NOM	f	p	épisiotomies
épissoir	NOM	m	s	épissoir
épissure	NOM	f	s	épissure
épistolier	NOM	m	p	épistoliers
épistémologie	NOM	f	p	épistémologies
épistémologique	ADJ	f	p	épistémologiques
épistémologique	ADJ	f	s	épistémologique
épistémologique	ADJ	m	p	épistémologiques
épithète	ADJ	f	p	épithètes
épithète	ADJ	f	s	épithète
épithète	ADJ	m	p	épithètes
épithélial	ADJ	f	p	épithéliales
épithélial	ADJ	m	p	épithéliaux
épithélioma	NOM	m	p	épithéliomas
épithélium	NOM	m	p	épithéliums
épitoge	NOM	f	p	épitoges
épitomé	NOM	m	p	épitomés
épongeage	NOM	m	p	épongeages
épouillage	NOM	m	p	épouillages
époussetage	NOM	m	p	époussetages
époxy	ADJ	f	p	époxy
époxy	ADJ	m	p	époxy
époxy	ADJ	m	s	époxy
époxyde	NOM	m	p	époxydes
épris	ADJ	m	p	épris
épulie	NOM	f	p	épulies
épurateur	NOM	m	p	épurateurs
épuratif	ADJ	f	p	épuratives
épuratif	ADJ	m	p	épuratifs
épuratif	ADJ	m	s	épuratif
équanimité	NOM	f	p	équanimités
équarrissage	NOM	m	p	équarrissages
équateur	NOM	m	p	équateurs
équatorial	ADJ	f	p	équatoriales
équatorien	ADJ	f	s	équatorienne
équatorien	ADJ	m	p	équatoriens
équatorien	ADJ	m	s	équatorien
équatorien	NOM	m	p	équatoriens
équerrage	NOM	m	p	équerrages
équeuté	ADJ	f	s	équeutée
équeuté	ADJ	m	p	équeutés
équeuté	ADJ	m	s	équeuté
équidistance	NOM	f	p	équidistances
équidé	NOM	m	s	équidé
équilatéral	ADJ	f	p	équilatérales
équilatéral	ADJ	f	s	équilatérale
équilibrage	NOM	m	p	équilibrages
équilibrant	ADJ	f	p	équilibrantes
équilibrant	ADJ	m	p	équilibrants
équilibrant	ADJ	m	s	équilibrant
équilibreur	NOM	m	p	équilibreurs
équin	ADJ	f	p	équines
équin	ADJ	m	p	équins
équipé	ADJ	f	p	équipées
équipé	ADJ	f	s	équipée
équitation	NOM	f	p	équitations
équité	NOM	f	p	équités
érablière	NOM	f	s	érablière
éradicateur	ADJ	f	p	éradicatrices
éradicateur	ADJ	f	s	éradicatrice
éradicateur	ADJ	m	p	éradicateurs
éradicateur	NOM	m	p	éradicateurs
éradication	NOM	f	p	éradications
éraillure	NOM	f	s	éraillure
érectile	ADJ	f	p	érectiles
érectile	ADJ	f	s	érectile
érectile	ADJ	m	s	érectile
éreintant	ADJ	f	p	éreintantes
éreintement	NOM	m	p	éreintements
éreinteur	NOM	m	p	éreinteurs
érogène	ADJ	f	p	érogènes
érogène	ADJ	m	p	érogènes
érogène	ADJ	m	s	érogène
érotisme	NOM	m	p	érotismes
érotomane	ADJ	f	p	érotomanes
érotomane	ADJ	f	s	érotomane
érotomane	ADJ	m	p	érotomanes
érotomanie	NOM	f	p	érotomanies
érudition	NOM	f	p	éruditions
éruptif	ADJ	m	p	éruptifs
éruptif	ADJ	m	s	éruptif
érythromycine	NOM	f	p	érythromycines
érythrophobie	NOM	f	p	érythrophobies
ésotérisme	NOM	m	p	ésotérismes
étale	ADJ	f	s	étale
étale	ADJ	m	p	étales
étale	ADJ	m	s	étale
étalonné	ADJ	f	p	étalonnées
étalonné	ADJ	f	s	étalonnée
étalonné	ADJ	m	s	étalonné
étambot	NOM	m	p	étambots
étampe	NOM	f	s	étampe
étampure	NOM	f	s	étampure
étamé	ADJ	f	p	étamées
étamé	ADJ	f	s	étamée
étamé	ADJ	m	p	étamés
étanchement	NOM	m	p	étanchements
étanchéité	NOM	f	p	étanchéités
étançon	NOM	m	p	étançons
étatisation	NOM	f	p	étatisations
étatisme	NOM	m	p	étatismes
étayage	NOM	m	p	étayages
éteignoir	NOM	m	p	éteignoirs
étendage	NOM	m	p	étendages
étendoir	NOM	m	p	étendoirs
étendu	ADJ	f	p	étendues
étendu	ADJ	f	s	étendue
éthane	NOM	m	p	éthanes
éthanol	NOM	m	p	éthanols
éthologie	NOM	f	p	éthologies
éthyle	NOM	m	p	éthyles
éthylisme	NOM	m	p	éthylismes
éthylotest	NOM	m	p	éthylotests
éthylène	NOM	m	p	éthylènes
éthérique	ADJ	f	p	éthériques
éthérique	ADJ	m	p	éthériques
éthérique	ADJ	m	s	éthérique
étiage	NOM	m	p	étiages
étiolement	NOM	m	p	étiolements
étiologie	NOM	f	p	étiologies
étiologique	ADJ	f	p	étiologiques
étiologique	ADJ	f	s	étiologique
étiologique	ADJ	m	p	étiologiques
étiquetage	NOM	m	p	étiquetages
étirable	ADJ	f	p	étirables
étirable	ADJ	f	s	étirable
étirable	ADJ	m	p	étirables
étirage	NOM	m	p	étirages
étisie	NOM	f	p	étisies
étouffeur	NOM	m	p	étouffeurs
étouffé	ADJ	f	p	étouffées
étouffé	ADJ	f	s	étouffée
étoupe	NOM	f	p	étoupes
étrillage	NOM	m	p	étrillages
étroitesse	NOM	f	p	étroitesses
étrusque	ADJ	f	p	étrusques
étrusque	ADJ	f	s	étrusque
étrusque	ADJ	m	p	étrusques
étrécissement	NOM	m	p	étrécissements
étrésillon	NOM	m	p	étrésillons
étuvée	NOM	f	p	étuvées
évadé	ADJ	f	p	évadées
évaluateur	NOM	m	p	évaluateurs
évangéliaire	NOM	m	p	évangéliaires
évangélisateur	ADJ	f	s	évangélisatrice
évangélisateur	ADJ	m	p	évangélisateurs
évangélisateur	NOM	m	p	évangélisateurs
évangélisation	NOM	f	p	évangélisations
évaporation	NOM	f	p	évaporations
évaporée	NOM	f	s	évaporée
évasement	NOM	m	p	évasements
éveilleur	NOM	m	p	éveilleurs
éveinage	NOM	m	p	éveinages
éventration	NOM	f	p	éventrations
éventrement	NOM	m	p	éventrements
éviction	NOM	f	p	évictions
évidement	NOM	m	p	évidements
évidé	ADJ	f	p	évidées
évidé	ADJ	m	p	évidés
éviscération	NOM	f	p	éviscérations
évitable	ADJ	f	s	évitable
évitable	ADJ	m	p	évitables
évitable	ADJ	m	s	évitable
évitement	NOM	m	p	évitements
évocateur	NOM	m	p	évocateurs
évolutif	ADJ	m	p	évolutifs
évolutionniste	ADJ	f	p	évolutionnistes
évolutionniste	ADJ	m	p	évolutionnistes
évolutionniste	ADJ	m	s	évolutionniste
événementiel	ADJ	f	p	événementielles
événementiel	ADJ	f	s	événementielle
événementiel	ADJ	m	p	événementiels
îlette	NOM	f	p	îlettes
îlotier	NOM	m	p	îlotiers
