position	k	phono	ortho	isSeed	carriers	lemmas	freq	topExamples	slots	grownFrom	root	aliases	marginal	exceptionCount	exceptionFreq
prefix	1	a	a	0	1428	279	10264.6	alors avez avoir avait après avais					10264.6	0	0.0
suffix	2	*-{s°,ti}.m@	·[be|ble|bre|ca|che|chi|cie|claffe|cle|cre|cré|cu|cé|de|di|die|dre|du|dé|dû|ffle|ffre|fie|fle|ge|gi|gle|gne|gre|gré|gu|gue|ille|le|li|lle|lu|lé|lû|ma|me|mmé|mé|ne|ni|nie|nne|nné|noie|nu|nue|né|nû|pe|pie|ple|pli|ppe|pre|que|ra|re|rre|rré|ré|se|ssuie|ssé|sé|ta|te|tie|tre|trie|tru|tte|té|ve|voue|vre|vé|xcré|xe|xtre|é]-{s°,ti}ment	0	1759	1418	3491.7	seulement tellement exactement sûrement complètement absolument	*-{s°,ti}	suffix/1/m@/ment	suffix/1/m@/ment		3491.7	196	70.5
suffix	2	[C]°.m@	·[be|ble|bre|ce|che|cle|cre|de|dre|ffle|ffre|fle|ge|gle|gne|gre|gue|ille|le|lle|me|ne|nne|pe|ple|ppe|pre|que|re|rre|sce|se|sse|te|tre|tte|ve|vre|xe|xtre]ment	0	1863	1461	3274.7	seulement tellement exactement sûrement complètement doucement	[C]°	suffix/1/m@/ment	suffix/1/m@/ment		3274.7	153	51.7
suffix	2	°.m@	·°ment	1	2275	1830	3085.1	seulement exactement complètement doucement simplement appartement					3085.1	0	0.0
prefix	1	R°	re	1	4684	488	5716.2	regarde revoir regardez reviens regarder retour					5716.2	0	0.0
suffix	1	m@	ment	1	2295	1777	4954.6	vraiment seulement tellement exactement sûrement complètement					4954.6	0	0.0
prefix	1	@	en	0	1911	287	4496.7	encore enfin entendu envie endroit entends					4496.7	0	0.0
suffix	1	te	ter	0	2829	566	4176.9	rester arrêter arrêtez acheter restez écoutez					4176.9	0	0.0
prefix	1	d°	de	0	160	19	4016.7	depuis demain demande devrais demandé devrait					4016.7	0	0.0
prefix	1	kO+kOR+kOl+kOm+ko+k§	co+col+com+con+cor	1	2230	423	3629.4	combien comprends compris confiance comprendre content					3629.4	0	0.0
prefix	1	de	dé	1	6013	819	3208.5	désolé début désolée déteste départ dérange					3208.5	0	0.0
suffix	1	sj§	tion	1	1360	813	2888.9	attention situation solution position opération relation					2888.9	0	0.0
suffix	2	a.sj§	·ation	1	1418	954	1359.5	félicitations opération informations conversation imagination explication					1359.5	0	0.0
suffix	1	le	ler	0	1288	257	2613.3	parler parlé désolé appeler appelé parlez					2613.3	0	0.0
suffix	2	[C]a.sj§	·[a|ba|bra|ca|cia|cra|da|dia|fla|ga|gna|gra|la|lia|lla|ma|mma|na|pa|pla|qua|ra|ria|rra|sa|sla|ssa|ta|tia|tra|tta|va|via|xa|xpia]tion	0	893	539	1190.5	opération relation informations imagination explication information	[C]a	suffix/1/sj§/tion	suffix/1/sj§/tion		1190.5	31	12.3
suffix	2	[C]i.te	·[bi|bri|ci|di|gi|gni|gri|i|li|lli|mi|mmi|ni|nni|pi|qui|ri|ry|si|ssi|ti|vi|xci|xi|ï]té	0	502	224	1146.2	vérité sécurité réalité université identité unité	[C]i	suffix/1/te/té	suffix/1/te/té		1146.2	38	9.4
suffix	2	°.n@	·°nant	0	30	13	1122.5	maintenant lieutenant surprenant surprenante inconvenant lieutenants					1122.5	0	0.0
suffix	2	t°.n@	tenant	0	8	5	1110.4	maintenant lieutenant lieutenants contenant contenants appartenant					1110.4	0	0.0
prefix	1	puR	pour	0	149	24	2215.0	pourquoi pourtant pourvu poursuivre poursuit poursuite					2215.0	0	0.0
prefix	1	sa	sa	0	216	68	2177.0	savoir savez salut savais savait salaud					2177.0	0	0.0
suffix	2	*.n@	·[bi|ca|cer|ci|di|gi|li|mi|pre|qui|sci|si|sso|te|ter|ti|to|traî|tti|ve|ver]nant	0	84	44	1068.2	maintenant concernant fascinant surprenant dominant hallucinant	*	suffix/1/n@/nant	suffix/1/n@/nant		1068.2	10	0.9
suffix	1	ve	ver	0	379	75	2102.7	trouvé trouver arrivé arriver sauver retrouver					2102.7	0	0.0
suffix	2	[C]°.n@	·[pre|te|ve]nant	0	26	13	1040.4	maintenant surprenant inconvenant revenants revenant prévenant	[C]°	suffix/1/n@/nant	suffix/1/n@/nant		1040.4	4	0.2
suffix	2	i.te	·ité	1	1388	510	1040.1	sécurité réalité université identité responsabilité humanité					1040.1	0	0.0
suffix	2	t°.n@	·tenant	0	6	5	1029.4	maintenant contenant attenant contenants appartenant soutenant	t°	suffix/1/n@/nant	suffix/1/n@/nant		1029.4	0	0.0
prefix	1	paR	par	0	283	51	2025.6	partir pardon parti parfois partout parlez					2025.6	0	0.0
prefix	1	e	é	0	1818	293	2005.5	écoute école écoutez écouter époque énorme					2005.5	0	0.0
suffix	1	te	té	0	1474	493	1985.2	vérité sécurité santé liberté société beauté					1985.2	0	0.0
prefix	1	pu	pou	0	60	19	1976.6	pouvez pourrait pourrais pouvoir pouvais pouvait					1976.6	0	0.0
prefix	2	a.i	ai·	0	574	113	961.4	arrivé arriver arrivera animaux arrivée animal					961.4	0	0.0
prefix	2	d°.*	de[ba|man|ve|vi|vien|vri]·	0	87	6	943.1	demandé demander devenir devenu demandez demandais	*	prefix/1/d°/de	prefix/1/d°/de		943.1	7	4.1
prefix	1	ma	ma	0	311	78	1806.6	maman matin madame malade manière machine					1806.6	0	0.0
suffix	1	Ze	ger	0	906	151	1789.0	manger changer changé danger protéger mangé					1789.0	0	0.0
prefix	1	pRo	pro	0	615	101	1690.3	problème problèmes propos prochaine promis promets					1690.3	0	0.0
suffix	1	de	der	0	955	190	1686.0	regardez demandé demander regarder garder décidé					1686.0	0	0.0
suffix	1	si	ci	1	48	14	1653.9	merci voici souci soucis raccourci raccourcis					1653.9	0	0.0
suffix	2	t°.m@	·tement	0	241	183	797.5	exactement complètement appartement justement vêtements immédiatement	t°	suffix/1/m@/ment	suffix/1/m@/ment		797.5	1	0.3
suffix	3	[C-{tR,tj}]E.°.m@	·[ai|bai|chai|chaî|chè|cie|ciè|crè|cè|dai|diai|die|dre|dè|e|fai|fè|gai|gè|ille|lai|lei|liè|llè|lè|mai|me|miè|mmai|mè|mê|nai|ne|niai|niè|nnai|nne|nnê|plai|plè|prê|què|rai|re|rei|rie|rrai|rè|sai|scè|se|sei|siè|ssai|ssiè|strai|sè|tai|te|tie|tè|vai|ve|vei|vè|vé|vê|xiè|xtrê|è]-{tR,tj}tement	0	203	182	529.1	complètement certainement parfaitement enterrement naturellement personnellement	[C-{tR,tj}]E	suffix/2/°.m@/·°ment	suffix/2/°.m@/·°ment		529.1	83	29.9
suffix	1	ze	ser	0	1677	365	1535.0	excusez utiliser épouser amuser excuser baiser					1535.0	0	0.0
suffix	2	l°.m@	·lement	0	230	193	751.4	seulement tellement finalement également totalement facilement	l°	suffix/1/m@/ment	suffix/1/m@/ment		751.4	5	0.1
suffix	2	t°.m@	tement	0	208	158	720.9	exactement complètement appartement justement immédiatement parfaitement					720.9	0	0.0
suffix	1	Se	cher	0	634	121	1409.4	chercher marcher coucher empêcher touché toucher					1409.4	0	0.0
prefix	1	Re	ré	0	2009	288	1408.3	réponds réveille répondre réunion réfléchir répète					1408.3	0	0.0
prefix	2	5.*-{pyl}	im[bai|bi|bri|bu|man|pa|pal|par|pay|pe|pen|per|pi|plan|pli|po|pon|por|pos|pra|pre|pri|pro|prou|pru|pré|pu|pui|pé]-{pyl}·	0	317	98	695.2	important impossible impression importance importante importantes	*-{pyl}	prefix/1/5/im	prefix/1/5/im		695.2	59	11.1
suffix	2	*-{n8ij,vRij}.e	·[bli|blii|boy|clé|cré|doy|dri|droy|flou|flu|geoy|gri|loy|loyi|moy|noy|pli|plii|ppli|ppuy|ppuyi|pri|prii|rroy|ré|ssuy|ssuyi|stru|toy|tri|trii|troy|ttoy|ttoyi|voy|voyi]-{n8ij,vRij}é	0	262	45	686.6	oublié oublier envoyé envoyer oubliez envoyez	*-{n8ij,vRij}	suffix/1/e/er	suffix/1/e/er		686.6	83	8.4
prefix	1	Za	ja	0	45	17	1363.7	jamais jaquette jacasser jacasse jabot jacassent					1363.7	0	0.0
suffix	1	se	sser	0	693	135	1347.8	laissez laisser laissé blessé embrasser débarrasser					1347.8	0	0.0
suffix	1	z§	son	0	44	24	1317.9	maison raison prison raisons maisons saison					1317.9	0	0.0
prefix	2	R°.[C]aR	re[char|gar|mar|par|tar]·	0	165	10	658.1	regardez regarder remarqué regardé repartir regardait	[C]aR	prefix/1/R°/re	prefix/1/R°/re		658.1	31	11.1
suffix	3	[C-{tR,tj}]E.[C]°.m@	·[ai|bai|chai|chaî|chè|ciè|crè|cè|dai|diai|die|dre|dè|e|fai|fè|gai|gè|ille|lai|lei|liè|llè|lè|mai|miè|mmai|mè|mê|nai|niai|niè|nnai|nnê|plai|plè|prê|què|rai|re|rrai|rè|sai|scè|sei|siè|ssai|ssiè|strai|sè|tai|te|tè|vai|ve|vei|vè|vé|vê|xiè|xtrê|è]-{tR,tj}tement	0	143	123	427.0	complètement certainement parfaitement enterrement évènements particulièrement	[C]°,[C-{tR,tj}]E	suffix/2/[C]°.m@/·[be|ble|bre|ce|che|cle|cre|de|dre|ffle|ffre|fle|ge|gle|gne|gre|gue|ille|le|lle|me|ne|nne|pe|ple|ppe|pre|que|re|rre|sce|se|sse|te|tre|tte|ve|vre|xe|xtre]ment	suffix/1/m@/ment		427.0	66	26.9
suffix	3	[C-{tR,tj}]E.*-{s°,ti}.m@	·[ai|chai|chaî|chè|ciè|crè|cè|dai|diai|die|dè|e|fai|fè|gai|gè|ille|lai|lei|liè|llè|lè|mai|miè|mmai|mè|mê|nai|niai|niè|nnai|nnê|piè|plai|plè|prê|que|què|rai|rrai|rè|sai|scè|sei|siè|ssai|ssiè|strai|sè|tai|te|tè|vai|ve|vei|vè|vé|vê|xiè|xtrê|è]-{tR,tj}tement	0	140	121	426.0	complètement certainement parfaitement enterrement évènements particulièrement	*-{s°,ti},[C-{tR,tj}]E	suffix/2/*-{s°,ti}.m@/·[be|ble|bre|ca|che|chi|cie|claffe|cle|cre|cré|cu|cé|de|di|die|dre|du|dé|dû|ffle|ffre|fie|fle|ge|gi|gle|gne|gre|gré|gu|gue|ille|le|li|lle|lu|lé|lû|ma|me|mmé|mé|ne|ni|nie|nne|nné|noie|nu|nue|né|nû|pe|pie|ple|pli|ppe|pre|que|ra|re|rre|rré|ré|se|ssuie|ssé|sé|ta|te|tie|tre|trie|tru|tte|té|ve|voue|vre|vé|xcré|xe|xtre|é]-{s°,ti}ment	suffix/1/m@/ment		426.0	52	24.6
suffix	1	ne	ner	0	1098	234	1266.7	terminé retourner emmener ramener tourner emmenez					1266.7	0	0.0
prefix	2	R°.aR	reaR·	0	119	10	629.5	regardez regarder remarqué regardé repartir regardait					629.5	0	0.0
suffix	1	Re	rer	0	1214	220	1257.2	pleurer préparer récupérer réparer assurer respirer					1257.2	0	0.0
prefix	1	s°	se	0	86	23	1244.6	semaine serai semaines serais seras secret					1244.6	0	0.0
prefix	1	E	ai	0	73	10	1234.0	aider aimerais aimer aimé aidez aimez					1234.0	0	0.0
suffix	3	[C]a.*-{s°,ti}.m@	·[a|ba|bla|bra|bâ|ca|cca|cha|cia|da|dia|droi|ga|geoi|gna|gra|la|loi|lâ|ma|mma|na|nia|niâ|nna|noi|noî|pa|pha|qua|quoi|ra|ria|roi|rra|sa|soi|ssa|ssoi|ta|tia|toi|tra|tta|va|via|voua|xa|za|ça]blement	0	279	254	406.8	probablement immédiatement finalement également totalement normalement	*-{s°,ti},[C]a	suffix/2/*-{s°,ti}.m@/·[be|ble|bre|ca|che|chi|cie|claffe|cle|cre|cré|cu|cé|de|di|die|dre|du|dé|dû|ffle|ffre|fie|fle|ge|gi|gle|gne|gre|gré|gu|gue|ille|le|li|lle|lu|lé|lû|ma|me|mmé|mé|ne|ni|nie|nne|nné|noie|nu|nue|né|nû|pe|pie|ple|pli|ppe|pre|que|ra|re|rre|rré|ré|se|ssuie|ssé|sé|ta|te|tie|tre|trie|tru|tte|té|ve|voue|vre|vé|xcré|xe|xtre|é]-{s°,ti}ment	suffix/1/m@/ment		406.8	69	12.8
suffix	3	[C]a.°.m@	·[a|ba|bla|bra|bâ|ca|cca|cha|cia|da|dia|droi|ga|geoi|gna|gra|la|loi|lâ|ma|mma|na|nia|niâ|nna|noi|noî|pa|pha|pla|qua|quoi|ra|ria|roi|rra|sa|soi|ssa|ssoi|ta|tia|toi|tra|tta|va|via|xa|za|ça]blement	0	283	250	402.6	probablement immédiatement finalement également totalement normalement	[C]a	suffix/2/°.m@/·°ment	suffix/2/°.m@/·°ment		402.6	100	22.8
suffix	3	[C]a.[C]°.m@	·[a|ba|bla|bra|bâ|ca|cca|cha|cia|da|dia|droi|ga|geoi|gna|gra|la|loi|lâ|ma|mma|na|nia|niâ|nna|noi|noî|pa|pha|pla|qua|quoi|ra|ria|roi|rra|sa|soi|ssa|ssoi|ta|tia|toi|tra|tta|va|via|xa|za|ça]blement	0	278	248	402.2	probablement immédiatement finalement également totalement normalement	[C]°,[C]a	suffix/2/[C]°.m@/·[be|ble|bre|ce|che|cle|cre|de|dre|ffle|ffre|fle|ge|gle|gne|gre|gue|ille|le|lle|me|ne|nne|pe|ple|ppe|pre|que|re|rre|sce|se|sse|te|tre|tte|ve|vre|xe|xtre]ment	suffix/1/m@/ment		402.2	82	14.6
suffix	2	[C]°.le	·[ce|de|ge|me|mme|pe|ppe|que|rre|se|sse|te|ve]ler	0	225	39	597.0	appeler appelé appelez rappeler rappelez appelée	[C]°	suffix/1/le/ler	suffix/1/le/ler		597.0	24	1.6
prefix	1	pER	per	0	182	49	1189.2	personne personnes permettez permission permis permettre					1189.2	0	0.0
prefix	1	m5	main	0	42	7	1152.5	maintenant maintenir maintenez maintient maintiens maintien					1152.5	0	0.0
prefix	2	a.°	a°·	0	145	37	551.2	acheter appelez acheté appelait allemands amenez					551.2	0	0.0
suffix	2	l°.m@	lement	0	216	181	545.4	seulement finalement également totalement facilement normalement					545.4	0	0.0
suffix	1	n@	nant	0	106	58	1074.7	maintenant concernant fascinant surprenant tournant dominant					1074.7	0	0.0
suffix	1	t9R	teur	1	1073	502	1045.0	docteur inspecteur directeur ordinateur secteur menteur					1045.0	0	0.0
prefix	1	o	au	0	54	28	1041.7	aurais autant auras autour aurai aurez					1041.7	0	0.0
suffix	3	[C]i.°.m@	·[bi|bli|bri|chi|ci|cri|di|dri|fi|gi|gri|gui|i|illi|li|lli|mi|ni|nni|noui|ny|phi|pi|pli|qui|ri|rri|sci|si|ssi|thi|ti|tri|tti|vi|vri|xi|y|ï]lement	0	530	462	345.7	facilement rapidement uniquement pratiquement effectivement tranquillement	[C]i	suffix/2/°.m@/·°ment	suffix/2/°.m@/·°ment		345.7	108	10.7
prefix	1	5	im	0	432	127	1032.4	importe important impossible impression importance importante					1032.4	0	0.0
prefix	2	a.E	aE·	0	126	18	515.8	arrêter arrêtez arrêté arrêtera arrêtée arrêtait					515.8	0	0.0
suffix	2	[C]@.de	·[an|ban|chan|en|gen|lan|man|men|mman|pen|san|scen]dé	0	98	17	514.8	demandé demander demandez commandé commander demandée	[C]@	suffix/1/de/der	suffix/1/de/der		514.8	0	0.0
suffix	2	m@.de	·mandé	0	49	8	508.6	demandé demander demandez commandé commander demandée	m@	suffix/1/de/der	suffix/1/de/der		508.6	0	0.0
suffix	2	[C]i.ve	·[chi|di|li|qui|ri|rri|ssi|ti|vi]vé	0	106	22	504.9	arrivé arriver arrivée arrivés arrivez arrivées	[C]i	suffix/1/ve/ver	suffix/1/ve/ver		504.9	5	0.1
prefix	1	5	in	1	1186	369	990.9	inquiète informations invite invité invités information					990.9	0	0.0
prefix	1	tRu	trou	0	48	10	983.6	trouvé trouver trouvez trouvée trouvera trouverai					983.6	0	0.0
suffix	1	e	er	0	468	80	982.9	oublié oublier envoyé envoyer oubliez envoyez					982.9	0	0.0
suffix	2	[C]aR.de	·[bar|blar|car|char|gar|gnar|lar|llar|mar|mmar|nar|par|sar|tar|ttar|var|zar]dez	0	105	26	490.6	regardez regarder regardé bavarder regardée poignardé	[C]aR	suffix/1/de/der	suffix/1/de/der		490.6	24	9.4
suffix	3	[C]i.*-{s°,ti}.m@	·[bi|bli|bri|chi|ci|cri|di|fi|gi|gui|illi|li|mi|ni|nni|ny|phi|pi|qui|ri|rri|sci|si|ssi|sti|thi|ti|tri|tti|vi|xi|y|ï]caments	0	353	329	318.4	médicaments facilement rapidement uniquement pratiquement effectivement	*-{s°,ti},[C]i	suffix/2/*-{s°,ti}.m@/·[be|ble|bre|ca|che|chi|cie|claffe|cle|cre|cré|cu|cé|de|di|die|dre|du|dé|dû|ffle|ffre|fie|fle|ge|gi|gle|gne|gre|gré|gu|gue|ille|le|li|lle|lu|lé|lû|ma|me|mmé|mé|ne|ni|nie|nne|nné|noie|nu|nue|né|nû|pe|pie|ple|pli|ppe|pre|que|ra|re|rre|rré|ré|se|ssuie|ssé|sé|ta|te|tie|tre|trie|tru|tte|té|ve|voue|vre|vé|xcré|xe|xtre|é]-{s°,ti}ment	suffix/1/m@/ment		318.4	62	10.2
suffix	2	*-{t°}.niR	·[fi|jeu|ste|u|ve|ver]-{t°}nir	0	31	21	471.4	devenir revenir avenir prévenir souvenirs souvenir	*-{t°}	suffix/1/niR/nir	suffix/1/niR/nir		471.4	17	1.2
suffix	2	i.ze	·iser	0	2231	327	496.9	utiliser utilisé réalisé réaliser organiser utilisez					496.9	0	0.0
suffix	2	[C-{t}]°.niR	·[ste|ve]-{t}nir	0	22	16	457.8	devenir revenir avenir prévenir souvenirs souvenir	[C-{t}]°	suffix/1/niR/nir	suffix/1/niR/nir		457.8	0	0.0
prefix	1	pRe	pré	0	700	136	914.0	préfère présent présente prévu préparer prépare					914.0	0	0.0
suffix	2	[C]E.te	·[crê|nne|pê|rrê|trai]ter	0	24	5	456.1	arrêter arrêtez arrêté arrêtée arrêtés maltraité	[C]E	suffix/1/te/ter	suffix/1/te/ter		456.1	12	1.5
suffix	2	v°.niR	·venir	0	21	15	455.9	devenir revenir avenir prévenir souvenirs souvenir	v°	suffix/1/niR/nir	suffix/1/niR/nir		455.9	0	0.0
suffix	3	[C]i.[C]°.m@	·[bi|bli|bri|chi|ci|cri|di|dri|fi|gi|gri|gui|i|illi|li|lli|mi|ni|nni|noui|ny|phi|pi|qui|ri|rri|sci|si|ssi|thi|ti|tri|tti|vi|vri|xi|y|ï]lement	0	432	377	303.3	facilement rapidement uniquement pratiquement effectivement tranquillement	[C]°,[C]i	suffix/2/[C]°.m@/·[be|ble|bre|ce|che|cle|cre|de|dre|ffle|ffre|fle|ge|gle|gne|gre|gue|ille|le|lle|me|ne|nne|pe|ple|ppe|pre|que|re|rre|sce|se|sse|te|tre|tte|ve|vre|xe|xtre]ment	suffix/1/m@/ment		303.3	79	8.7
suffix	1	tyR	ture	1	165	96	903.1	voiture nourriture voitures couverture peinture aventure					903.1	0	0.0
suffix	2	[C]i.ne	·[bi|chi|ci|cli|di|ffi|fi|gi|gri|li|mi|pi|pli|poui|qui|ri|sci|si|ssi|sti|ti|tri|tti|vi]né	0	501	107	442.7	terminé imaginer imaginez terminée terminer deviner	[C]i	suffix/1/ne/ner	suffix/1/ne/ner		442.7	67	3.5
prefix	1	su	sou	0	335	54	878.6	souviens souvent souvenez sourire souvenirs souvenir					878.6	0	0.0
prefix	1	pa	pa	0	303	106	876.7	parents patron parole papiers papier parie					876.7	0	0.0
suffix	1	se	cer	0	556	91	873.0	commencé commencer recommencer coincé remplacer avancer					873.0	0	0.0
suffix	1	tiR	tir	0	97	49	868.3	partir sortir sentir mentir repartir avertir					868.3	0	0.0
prefix	1	fa	fa	0	90	31	865.7	famille façon facile familles façons fassiez					865.7	0	0.0
suffix	2	[C]i.ze	·[chi|ci|di|gui|li|lli|ly|mi|ni|nni|phi|ri|thi|ti|tri|vi|xci|y|ï]ser	0	1176	266	427.6	utiliser utilisé réalisé réaliser organiser utilisez	[C]i	suffix/1/ze/ser	suffix/1/ze/ser		427.6	38	5.8
suffix	2	i.ne	·iner	0	1000	133	444.7	terminé imaginer imaginez terminée terminer examiner					444.7	0	0.0
suffix	3	[C-{n,s}]i.[C]a.sj§	·[bi|bli|bri|chi|di|fi|gi|i|li|mi|mmi|pi|pli|ppli|qui|ri|si|ti|tri|vi|xi|xpli]-{n,s}nation	0	240	152	281.4	imagination explication invitation civilisation destination respiration	[C]a,[C-{n,s}]i	suffix/2/[C]a.sj§/·[a|ba|bra|ca|cia|cra|da|dia|fla|ga|gna|gra|la|lia|lla|ma|mma|na|pa|pla|qua|ra|ria|rra|sa|sla|ssa|ta|tia|tra|tta|va|via|xa|xpia]tion	suffix/1/sj§/tion		281.4	28	18.5
prefix	1	@	em	0	966	157	840.3	emmène emmener empêcher embrasse embrasser emmenez					840.3	0	0.0
suffix	2	[C-{k}]y.ze	·[bu|clu|du|ffu|fu|mu|xcu]-{k}sez	0	61	12	420.1	excusez amuser excuser refusé refuser amusez	[C-{k}]y	suffix/1/ze/ser	suffix/1/ze/ser		420.1	8	12.9
suffix	2	*.Ri	·[ba|be|ble|brai|bre|ce|che|cié|cre|cu|de|dre|fe|ffe|ffle|fle|fre|fré|ge|gle|gne|gneu|go|gre|gue|ille|le|lle|lo|me|moi|ne|nie|nne|nu|o|pe|pho|phé|que|re|rre|se|sse|ta|te|tre|tte|tu|té|ve|vre]ries	0	491	298	418.3	conneries théorie connerie saloperie galerie plaisanterie	*	suffix/1/Ri/rie	suffix/1/Ri/rie		418.3	52	7.7
suffix	2	[C]@.sj§	·[sten|ten|tten|ven]tion	0	22	13	403.9	attention intention intervention intentions détention convention	[C]@	suffix/1/sj§/tion	suffix/1/sj§/tion		403.9	5	11.8
suffix	2	Ri.te	·rité	0	63	29	397.8	vérité sécurité autorité autorités charité majorité	Ri	suffix/1/te/té	suffix/1/te/té		397.8	0	0.0
suffix	2	[C]o.le	·[bo|co|do|ffo|fo|geo|gno|go|jo|no|o|pau|po|so|sso|to|trô|vo]lé	0	146	29	397.8	désolé désolée contrôler rigoler envoler envolé	[C]o	suffix/1/le/ler	suffix/1/le/ler		397.8	48	14.2
suffix	3	*.li.ze	·[a|ba|bi|bo|ca|cia|co|cra|cu|da|dua|dé|ga|gi|gé|ma|mé|na|nna|phi|po|ra|ri|ria|sua|ta|ti|tia|tra|tua|va|vi|via|xua]liser	0	758	100	274.1	utiliser utilisé réalisé réaliser utilisez localiser	*	suffix/2/li.ze/liser	suffix/2/li.ze/liser		274.1	25	0.4
prefix	1	b°	be	0	15	7	775.1	besoin besoins belette benêt belettes belote					775.1	0	0.0
prefix	2	k§.i	coni·	0	129	25	384.6	continuer continue continuez compliqué considère continué					384.6	0	0.0
suffix	1	tRe	trer	0	237	45	767.2	rentrer montrer rencontrer rencontré rentré rentrez					767.2	0	0.0
prefix	1	b§	bon	0	51	10	764.1	bonjour bonsoir bonbons bonbon bondir bondé					764.1	0	0.0
suffix	2	[C-{vR}]ij.e	·[bli|blii|dri|gri|pli|plii|ppli|pri|prii|tri|trii]-{vR}é	0	96	18	380.3	oublié oublier oubliez meurtrier oubliée publier	[C-{vR}]ij	suffix/1/e/er	suffix/1/e/er		380.3	17	1.4
suffix	2	t@.sj§	·tention	0	15	9	380.0	attention intention intentions détention attentions prétention	t@	suffix/1/sj§/tion	suffix/1/sj§/tion		380.0	0	0.0
suffix	1	ke	quer	0	643	128	758.4	expliquer remarqué manqué manquer attaquer attaqué					758.4	0	0.0
suffix	3	*.l°.m@	·[a|ba|bi|bou|bra|bri|bu|ca|ci|cia|cou|cu|cè|da|dia|do|ffo|fou|ga|gi|gna|gra|llu|llè|lu|ma|mê|na|ni|nia|pa|pha|qui|què|ra|ri|ria|rou|rô|sa|so|ta|ti|tia|tra|tè|va|ve|vi|via|vo|xa]lement	0	154	140	250.6	finalement également totalement facilement normalement tranquillement	l°,*	suffix/2/l°.m@/·lement	suffix/1/m@/ment		250.6	46	4.9
suffix	3	*.li.ze	·[a|ba|bi|bo|ca|cia|co|cra|cu|da|dua|dé|ga|gi|gé|ma|mé|na|nna|phi|qui|ra|ri|ria|sua|ta|te|ti|tia|tra|tua|va|vi|via|xua]liser	0	448	102	250.5	utiliser utilisé réalisé réaliser utilisez localiser	li,*	suffix/2/li.ze/·liser	suffix/1/ze/ser		250.5	28	0.5
prefix	2	R°.[C]o	re[bro|chau|co|do|fau|lo|mo|no|po|pro|vau|vo]·	0	318	35	373.5	reposer reconnais recommence recommencer reconnu reconnaître	[C]o	prefix/1/R°/re	prefix/1/R°/re		373.5	29	7.4
prefix	1	Ra	ra	0	680	117	738.5	raconte raconter ramener ramène ravi racontes					738.5	0	0.0
suffix	3	*-{mi}.li.te	·[a|ba|bi|ca|cia|da|dua|dé|ga|gi|gra|ma|na|nna|qui|ra|ri|ria|sa|sua|ta|ti|tia|tra|tua|va|vi|via|xua]-{mi}lité	0	174	83	243.6	réalité responsabilité personnalité culpabilité responsabilités fidélité	li,*-{mi}	suffix/2/li.te/·lité	suffix/1/te/té		243.6	10	4.7
suffix	2	o.ne	·onner	0	1400	194	376.0	pardonnez abandonner abandonné pardonner téléphoné téléphoner					376.0	0	0.0
suffix	1	se	ser	0	221	39	717.8	pensé pensez penser danser traverser traversé					717.8	0	0.0
suffix	3	*.l°.m@	·[a|ba|bi|bou|bra|bri|bu|ca|ci|cia|cou|cu|cè|da|dia|do|ffo|fou|ga|gi|gna|gra|llu|llè|lu|ma|mê|na|ni|nia|pa|pha|què|ra|ri|ria|rou|rô|sa|so|ta|ti|tia|tra|tè|va|vi|via|vo|xa]lement	0	152	138	237.1	finalement également totalement facilement normalement spécialement	*	suffix/2/l°.m@/lement	suffix/2/l°.m@/lement		237.1	43	4.6
suffix	2	*-{fi,ny}.le	·[be|bi|bou|ce|cke|cu|de|do|du|fou|ga|ge|ghi|gna|gou|i|mu|ne|o|ppe|pu|que|ra|rio|ro|se|so|sse|sseu|te|ti|toi|trô|tu|ve|vio|vé]-{fi,ny}lé	0	235	57	352.9	désolé désolée enculé enculés isolé barbelés	*-{fi,ny}	suffix/1/le/lé	suffix/1/le/lé		352.9	94	6.2
suffix	2	[C]e.Re	·[bé|cé|dé|fé|gé|lé|mmé|mé|né|pé|scé|ssié|sé|té|vé]rer	0	390	65	349.0	récupérer libérer préféré libéré espérer opérer	[C]e	suffix/1/Re/rer	suffix/1/Re/rer		349.0	36	3.8
suffix	2	[C]@.se	·[den|en|gan|lan|man|men|mmen|nan|nnan|quen|ren|rren|tan|van]cé	0	125	19	349.0	commencé commencer recommencer avancer avancez commencez	[C]@	suffix/1/se/cer	suffix/1/se/cer		349.0	7	0.2
prefix	2	a.o	ao·	0	398	82	346.7	avocat approchez adorable approcher avocats associé					346.7	0	0.0
prefix	2	E.°	ai°·	0	45	12	346.4	aimerais ennemis élever aimerai élevé aiderai					346.4	0	0.0
suffix	2	*.ne	·[ba|blo|bo|cho|co|do|dro|e|ffo|fo|geo|gno|go|illo|llo|lo|mo|no|o|pio|po|ro|sio|so|ssio|sso|tio|to|tro|vo|xo|ço]nnez	0	760	166	346.2	pardonnez abandonner abandonné pardonner ordonné déconner	*	suffix/1/ne/nner	suffix/1/ne/nner		346.2	121	6.4
suffix	2	[C]o.ne	·[blo|bo|cho|co|do|dro|ffo|fo|geo|gno|go|illo|llo|lo|mo|no|o|pio|po|ro|sio|so|ssio|sso|tio|to|tro|vo|xo|ço]nnez	0	743	156	345.8	pardonnez abandonner abandonné pardonner ordonné déconner	[C]o	suffix/1/ne/nner	suffix/1/ne/nner		345.8	108	3.8
prefix	2	a.@	a@·	0	212	40	343.2	attendais arranger abandonner abandonne abandonné arrangé					343.2	0	0.0
suffix	2	[C]i.sj§	·[bi|ci|ddi|di|gni|li|mi|ni|ri|si|sti|ti|tri]tion	0	93	54	343.2	position condition conditions tradition disparition munitions	[C]i	suffix/1/sj§/tion	suffix/1/sj§/tion		343.2	4	0.9
suffix	2	[C]°.Ri	·[be|ble|bre|ce|che|cre|de|dre|fe|ffe|ffle|fle|fre|ge|gle|gne|gre|gue|ille|le|lle|me|ne|nne|pe|que|re|rre|se|sse|te|tre|tte|ve|vre]ries	0	456	277	342.6	conneries connerie saloperie galerie plaisanterie batterie	[C]°	suffix/1/Ri/rie	suffix/1/Ri/rie		342.6	38	2.6
suffix	2	*-{Ra,k@}.pe	·[ca|ccu|ci|co|cou|cul|lo|lou|qui|ssa|ssi|sur|ta|tom|ttra|ty|xtir]-{Ra,k@}per	0	148	29	341.9	occuper occupé attraper attrapé rattraper participer	*-{Ra,k@}	suffix/1/pe/per	suffix/1/pe/per		341.9	55	6.3
suffix	3	[C-{m,s}]i.i.te	·[bi|bli|bri|di|ffi|fi|gi|gui|li|lli|ni|pi|pli|qui|ri|si|ti|tri|vi|xi|xpli|ï]-{m,s}lité	0	349	143	227.2	responsabilité électricité activité publicité culpabilité responsabilités	[C-{m,s}]i	suffix/2/i.te/·ité	suffix/2/i.te/·ité		227.2	67	9.7
suffix	3	*-{SE,tO}.n°.m@	·[bo|ca|ci|cu|dai|di|die|do|e|fi|fo|gno|illo|lai|li|llo|mai|mi|mo|o|po|qui|rai|rei|ri|ro|rrai|sai|scè|ser|sio|so|sso|tai|ter|ti|tio|tour|traî|tri|tti|ver|vi|vè|vé|ço]-{SE,tO}nement	0	126	90	225.3	gouvernement certainement entraînement évènements événement environnement	n°,*-{SE,tO}	suffix/2/n°.m@/·nement	suffix/1/m@/ment		225.3	29	4.2
suffix	3	*-{ko}.Ra.sj§	·[bo|bu|bé|cla|cu|cé|do|dé|fo|fé|gu|gé|ju|lio|lo|lé|mi|mo|mé|né|pa|pi|plo|po|ppu|pu|pé|rio|scé|su|sé|to|tu|té|xplo]-{ko}ration	0	148	91	221.7	opération déclaration génération opérations séparation respiration	*-{ko}	suffix/2/Ra.sj§/ration	suffix/2/Ra.sj§/ration		221.7	15	4.4
prefix	1	REs	res	0	91	10	664.2	rester restez resté respire restera restée					664.2	0	0.0
suffix	2	°.niR	·°nir	0	209	17	460.9	maintenant prévenir souvenez souvenirs souvenir prévenu					460.9	0	0.0
suffix	3	[C]a.i.te	·[a|ba|bra|ca|cia|da|dia|ga|gia|gna|gra|la|le|lia|lla|ma|na|nha|nia|nna|pa|pla|ra|ria|sa|ssa|ta|tia|tra|va|via]lité	0	316	138	220.3	réalité humanité personnalité capacité spécialité capacités	[C]a	suffix/2/i.te/·ité	suffix/2/i.te/·ité		220.3	31	5.5
suffix	2	[C]i.te	·[bi|ci|cy|di|fi|gi|li|mi|pi|ri|sci|si|ssi|vi|xci]ter	0	243	48	328.8	éviter invité inviter profiter visiter habiter	[C]i	suffix/1/te/ter	suffix/1/te/ter		328.8	77	46.4
suffix	2	R°.m@	·rement	0	135	118	322.8	sûrement enterrement clairement entièrement particulièrement rarement	R°	suffix/1/m@/ment	suffix/1/m@/ment		322.8	0	0.0
suffix	2	[C]°.ne	·[gre|me]ner	0	48	8	322.2	emmener ramener emmenez amener ramené emmené	[C]°	suffix/1/ne/ner	suffix/1/ne/ner		322.2	2	0.1
suffix	3	*.Ri.te	·[ca|cu|cé|da|ga|jo|la|lia|lla|mé|no|o|pa|pla|pé|rio|scu|shé|ta|to|tu|té|vé|xté]rité	0	97	46	214.8	sécurité autorité obscurité autorités majorité priorité	*	suffix/2/Ri.te/rité	suffix/2/Ri.te/rité		214.8	12	4.2
suffix	2	m°.ne	·mener	0	38	6	321.6	emmener ramener emmenez amener ramené emmené	m°	suffix/1/ne/ner	suffix/1/ne/ner		321.6	0	0.0
prefix	1	ku	cou	0	199	40	643.0	coucher courage couleur courir couper couché					643.0	0	0.0
suffix	1	t@	tant	0	242	118	642.2	instant important pourtant assistant habitants excitant					642.2	0	0.0
prefix	2	5.e	ine·	0	182	52	321.1	intérieur inquiétez imbécile inquiéter intérêts imbéciles					321.1	0	0.0
suffix	3	*-{ko,to}.Ra.sj§	·[bo|bu|bé|cla|cu|dé|fo|fé|gu|gé|jo|ju|lio|lo|lé|mi|mo|mé|né|pa|pi|plo|po|ppu|pu|pé|tu|té|xplo|é]-{ko,to}ration	0	109	63	213.4	opération déclaration génération opérations séparation respiration	Ra,*-{ko,to}	suffix/2/Ra.sj§/·ration	suffix/1/sj§/tion		213.4	9	3.3
suffix	1	pe	per	0	361	71	636.3	occuper couper occupé attraper coupé trompé					636.3	0	0.0
prefix	2	R°.[C-{t}]°	re[ce|de|fai|fe|je|le|pre|ve]-{t}·	0	126	12	311.5	revenir revenu revenez revenue relever revenus	[C-{t}]°	prefix/1/R°/re	prefix/1/R°/re		311.5	34	40.4
prefix	1	sOR	sor	0	43	8	613.6	sortir sortez sorti sortie sortira sortis					613.6	0	0.0
prefix	2	k§.ti	conti	0	40	5	305.6	continuer continue continuez continué continues continuons					305.6	0	0.0
prefix	2	y.i	ui·	0	130	33	305.5	utiliser univers utilise utilisé uniforme unités					305.5	0	0.0
prefix	2	e.i	éi·	0	429	96	305.3	éviter évident écrivain équipage éliminer héritage					305.3	0	0.0
prefix	2	o.i	hôi·	0	155	38	304.7	hôpital obligé origine aussitôt obligée obligés					304.7	0	0.0
prefix	1	aR	ar	0	126	50	604.7	argent armé armoire armés armure ardent					604.7	0	0.0
suffix	3	[C]a.[C]i.te	·[a|ba|ca|cia|da|ga|gra|la|le|lia|ma|na|nha|nna|pa|ra|ria|sa|sha|ta|tia|tra|va|via]lité	0	162	79	200.5	réalité humanité personnalité capacité spécialité capacités	[C]i,[C]a	suffix/2/[C]i.te/·[bi|bri|ci|di|gi|gni|gri|i|li|lli|mi|mmi|ni|nni|pi|qui|ri|ry|si|ssi|ti|vi|xci|xi|ï]té	suffix/1/te/té		200.5	2	2.2
suffix	2	*-{se}.d@	·[ca|ci|fi|si|ssi|vi|xcé]-{se}dent	0	28	11	299.5	président accident évident incident accidents incidents	*-{se}	suffix/1/d@/dent	suffix/1/d@/dent		299.5	6	4.6
prefix	2	Ra.*-{Zu,bE}	ra[ba|bo|bou|brou|bâ|cle|co|con|da|do|dou|fraî|ga|jus|ma|me|men|mo|mè|ni|pa|pe|ta|te|va|ve|vi]-{Zu,bE}·	0	303	38	298.6	raconter ramener raconté ramené racontez ramasser	*-{Zu,bE}	prefix/1/Ra/ra	prefix/1/Ra/ra		298.6	117	5.1
suffix	2	[C]i.d@	·[ci|fi|si|ssi|vi]dent	0	22	9	298.0	président accident évident incident accidents incidents	[C]i	suffix/1/d@/dent	suffix/1/d@/dent		298.0	0	0.0
prefix	1	syR	sur	0	646	124	595.8	surtout surprise surveiller surveille surpris survivre					595.8	0	0.0
suffix	2	li.te	lité	0	298	145	296.6	réalité responsabilité qualité personnalité culpabilité responsabilités					296.6	0	0.0
suffix	2	i.sj§	·ission	0	123	74	295.1	permission condition conditions proposition tradition disparition					295.1	0	0.0
suffix	2	*.tER	·[ba|ber|bi|bu|ca|ci|cré|cy|da|den|dgé|di|fai|frac|ga|gna|gni|i|li|lli|lon|lé|man|men|mmen|na|nau|ni|né|pen|phlé|que|qui|ri|si|ta|ti|tu|tui|va|ven|é]taire	0	212	92	293.7	militaire propriétaire secrétaire volontaire solitaire célibataire	*	suffix/1/tER/taire	suffix/1/tER/taire		293.7	8	1.4
prefix	2	de.i	déi·	0	399	82	292.7	décidé décider désirez délicieux délicat délicate					292.7	0	0.0
suffix	2	*.je	·[bi|ci|di|dri|lei|mi|mmei|pi|ppi|qui|rei|sei|si|ssi|tei|ti|vei]ller	0	359	53	292.3	réveiller réveillé surveiller habiller conseiller réveillée	*	suffix/1/je/ller	suffix/1/je/ller		292.3	41	1.8
suffix	1	me	mer	0	566	105	580.6	fermer fermé calmez fermez calmer exprimer					580.6	0	0.0
suffix	2	e.Re	·erer	0	1185	75	314.9	récupérer préféré préférerais préférez récupéré préférée					314.9	0	0.0
suffix	1	niR	nir	0	68	44	576.6	devenir revenir avenir prévenir obtenir souvenirs					576.6	0	0.0
suffix	2	[C]o.le	·[do|ffo|o|pau|rio|ro|rô|so|trô|vio]lé	0	49	12	288.3	désolé désolée isolé isolée isolés désolés	[C]o	suffix/1/le/lé	suffix/1/le/lé		288.3	4	0.0
prefix	2	R@.*-{fOR}	ren[car|ché|co|con|de|dor|fer|fi|flou|floue|four|ga|gai|gor|gra|qui|ve|ver|voy|voyi]-{fOR}·	0	208	22	286.6	rencontrer rencontré rencontrés renvoyer rencontrée renvoyé	*-{fOR}	prefix/1/R@/ren	prefix/1/R@/ren		286.6	85	4.8
suffix	3	[C]a.l°.m@	·[a|ba|bra|ca|cia|da|dia|ffa|ga|gna|gra|ma|na|nia|pa|pha|ra|ria|sa|ta|tia|tra|va|via|voi|xa]lement	0	104	101	191.0	finalement également totalement normalement spécialement généralement	[C]a	suffix/2/l°.m@/lement	suffix/2/l°.m@/lement	suffix/3/[C]a.l°.m@/·[a|ba|bra|ca|cia|da|dia|ffa|ga|gna|gra|ma|na|nia|pa|pha|ra|ria|sa|ta|tia|tra|va|via|voi|xa]lement	191.0	6	0.2
suffix	3	*.Ri.te	·[cu|da|ga|jo|la|lia|no|o|pa|rio|shé|ta|to|té]rité	0	51	23	190.3	sécurité autorité autorités majorité priorité priorités	Ri,*	suffix/2/Ri.te/·rité	suffix/1/te/té		190.3	2	0.3
prefix	2	5.OR	imOR·	0	98	16	284.6	important importante importantes informer importants informé					284.6	0	0.0
suffix	2	*.tyR	·[a|ba|bla|ca|che|cri|cul|da|dra|fac|fai|fec|fi|ga|ge|gia|gna|la|ma|me|mma|ni|nia|pos|pul|punc|ra|rri|sla|ta|tec|ti|tra|van|ven|ver|vol]ture	0	97	59	284.2	nourriture couverture aventure créature ouverture signature	*	suffix/1/tyR/ture	suffix/1/tyR/ture		284.2	10	1.5
suffix	2	li.te	·lité	0	192	92	283.2	réalité responsabilité qualité personnalité culpabilité responsabilités	li	suffix/1/te/té	suffix/1/te/té		283.2	0	0.0
prefix	2	R°.ko	reco·	0	136	13	282.9	reconnais recommence recommencer reconnu reconnaître reconnaissance	ko	prefix/1/R°/re	prefix/1/R°/re		282.9	11	6.0
suffix	3	*.n°.m@	·[ca|chai|char|chaî|ci|cu|dai|di|ffi|fi|lai|li|mai|mi|qui|rai|rei|ri|rrai|sai|scè|ser|tai|ter|ti|to|tour|traî|tri|tti|ver|vi|vè|vé]nement	0	66	50	187.6	gouvernement certainement entraînement évènements événement soudainement	*	suffix/2/n°.m@/nement	suffix/2/n°.m@/nement		187.6	22	3.6
suffix	2	[C]a.Ze	·[a|bra|cca|fra|ga|la|ma|mma|na|pa|ra|rra|sa|ssa|ta|tra|va]ger	0	225	37	281.1	partager dégagez engagé voyager engager passagers	[C]a	suffix/1/Ze/ger	suffix/1/Ze/ger		281.1	34	9.4
prefix	2	a.a	aa·	0	491	110	280.8	attraper attaqué attrapé arracher attrapez analyse					280.8	0	0.0
suffix	2	[C]aj.e	·[boy|doy|droy|geoy|loy|loyi|moy|noy|rroy|toy|troy|ttoy|voy|voyi]é	0	125	20	279.4	envoyé envoyer envoyez nettoyer envoyée envoyés	[C]aj	suffix/1/e/er	suffix/1/e/er		279.4	0	0.0
suffix	2	*.tRe	·[bi|cen|ches|con|feu|fil|gis|llus|lâ|mon|mé|nes|nis|né|pi|pé|pê|ques|ven|xfil]trer	0	132	25	279.4	rencontrer rencontré rencontrés concentrer rencontrée enregistré	*	suffix/1/tRe/trer	suffix/1/tRe/trer		279.4	27	0.7
suffix	3	*-{ly}.[C]i.ne	·[a|bo|bou|com|cri|de|do|ga|li|llan|llo|lo|ma|po|ra|ré|sci|se|ssa|ta|ter|té|xter]-{ly}giner	0	127	29	184.6	imaginer imaginez examiner assassiné éliminer imaginé	[C]i,*-{ly}	suffix/2/[C]i.ne/·[bi|chi|ci|cli|di|ffi|fi|gi|gri|li|mi|pi|pli|poui|qui|ri|sci|si|ssi|sti|ti|tri|tti|vi]né	suffix/1/ne/ner		184.6	58	3.4
prefix	2	R°.[C]u	re[bou|brou|cou|dou|fou|grou|joue|loo|loue|mou|nou|pou|tou|trou|vou]·	0	233	35	271.5	retrouver retrouvé retrouvée retrouvera retrouverai retrouvés	[C]u	prefix/1/R°/re	prefix/1/R°/re		271.5	114	8.2
suffix	2	[C]a.t9R	·[a|ba|bra|ca|cia|da|dia|ga|gna|gra|la|lia|lla|ma|mma|na|nna|pa|pha|pla|qua|ra|ria|rra|sa|sla|ta|tia|tra|va|voi|xa|xploi]teur	0	566	260	269.0	ordinateur sénateur réalisateur ordinateurs générateur amateurs	[C]a	suffix/1/t9R/teur	suffix/1/t9R/teur		269.0	15	3.1
prefix	2	te.e	tée·	0	129	57	265.1	téléphone télévision téléphoné télégramme téléphonique téléphones					265.1	0	0.0
suffix	2	a.je	·ailler	0	187	29	297.9	travailler travaillé travaillait travaillez travaillais travaillons					297.9	0	0.0
suffix	3	[C]E.t°.m@	·[bé|crè|fai|ille|lè|nnê|plè|que|què|strai|tê|vê]tement	0	28	20	175.8	complètement parfaitement honnêtement discrètement secrètement entêtement	t°,[C]E	suffix/2/t°.m@/·tement	suffix/1/m@/ment		175.8	12	3.0
suffix	3	[C]E.t°.m@	·[bé|crè|fai|lè|nnê|plè|què|strai|tê|vê]tement	0	25	17	175.8	complètement parfaitement honnêtement discrètement secrètement entêtement	[C]E	suffix/2/t°.m@/tement	suffix/2/t°.m@/tement		175.8	9	3.2
prefix	1	S@	chan	0	149	19	524.8	changer changé chanson chanter chansons changera					524.8	0	0.0
prefix	2	te.le	télé	0	125	55	261.9	téléphone télévision téléphoné télégramme téléphonique téléphones					261.9	0	0.0
suffix	2	[C]a.Re	·[cla|ffa|ga|pa]rer	0	64	10	260.8	préparer réparer préparez préparé séparer déclaré	[C]a	suffix/1/Re/rer	suffix/1/Re/rer		260.8	5	0.0
suffix	2	ta.sj§	tation	0	236	146	259.4	félicitations réputation invitation représentation augmentation manifestation					259.4	0	0.0
prefix	2	R°.u	reu·	0	243	27	257.4	retrouver retrouvé retrouvée retrouvera retrouverai retrouvés					257.4	0	0.0
prefix	2	@.°	em°·	0	377	65	257.4	enlever emmenez entreprise enlevé enlevez entretien					257.4	0	0.0
prefix	2	e.[C]u	é[bou|brou|cou|crou|mou|pou|prou|tou]·	0	108	18	256.6	écoutez écouter écouté écoutais écoutait écoutera	[C]u	prefix/1/e/é	prefix/1/e/é		256.6	71	10.3
suffix	2	li.ze	liser	0	783	106	274.5	utiliser utilisé réalisé réaliser utilisez localiser					274.5	0	0.0
suffix	1	tik	tique	0	577	250	506.0	politique fantastique boutique romantique politiques plastique					506.0	0	0.0
suffix	2	li.ze	·liser	0	491	113	252.1	utiliser utilisé réalisé réaliser utilisez localiser	li	suffix/1/ze/ser	suffix/1/ze/ser		252.1	0	0.0
suffix	2	[C]@.te	·[an|cen|chan|den|emp|gen|glan|illan|jan|len|man|men|mmen|nen|pen|plan|quen|ren|rien|san|sen|ten|tien|tten|van|ven]ter	0	330	64	250.3	présenter inventé plaisantez présenté inventer augmenter	[C]@	suffix/1/te/ter	suffix/1/te/ter		250.3	41	5.2
suffix	3	[C]i.[C]i.te	·[bi|bli|ci|gi|li|ni|qui|ri|ti|tri|vi|ï]lité	0	118	52	166.3	responsabilité électricité activité publicité culpabilité responsabilités	[C]i,[C]i	suffix/2/[C]i.te/·[bi|bri|ci|di|gi|gni|gri|i|li|lli|mi|mmi|ni|nni|pi|qui|ri|ry|si|ssi|ti|vi|xci|xi|ï]té	suffix/1/te/té		166.3	8	6.7
prefix	2	e.u	éu·	0	121	24	249.2	écoutez écouter écouté écoutais écoutait écoutera					249.2	0	0.0
suffix	3	*-{fR2}.z°.m@	·[boi|bra|bu|cheu|cieu|deu|dieu|dio|eu|geoi|geu|gieu|gneu|gueu|gui|illeu|leu|lleu|loi|lou|meu|mu|neu|nieu|nneu|noi|nueu|nui|peu|pieu|pui|queu|quieu|quoi|reu|rieu|ro|roi|sseu|teu|tieu|toi|treu|tueu|vai|veu|voi|vreu|xueu|y]-{fR2}sement	0	160	154	163.9	heureusement sérieusement malheureusement déguisement amusement merveilleusement	*-{fR2}	suffix/2/z°.m@/sement	suffix/2/z°.m@/sement		163.9	17	1.0
prefix	1	ka	ca	0	367	125	491.4	capitaine cacher caché canapé canard canon					491.4	0	0.0
prefix	2	5.pOR	impor	0	49	6	244.7	important importante importantes importants importuner importait					244.7	0	0.0
suffix	3	[C]i.i.ze	·[bi|di|gi|gli|li|lli|mi|ni|phi|qui|ri|ti|ty|vi|xi|ï]liser	0	322	43	171.8	utiliser utilisé utilisez utilisant utilisée utilisait	[C]i	suffix/2/i.ze/·iser	suffix/2/i.ze/·iser		171.8	30	5.5
suffix	2	n°.m@	·nement	0	187	135	243.9	gouvernement certainement entraînement évènements événement environnement	n°	suffix/1/m@/ment	suffix/1/m@/ment		243.9	0	0.0
prefix	1	bu	bou	0	261	47	487.8	boulot bouger bougez boutique bouton boutons					487.8	0	0.0
suffix	2	*.R2	·[bé|cé|fu|ge|gou|leu|lheu|lou|lé|mou|nheu|né|quo|si|ssié|sé|tu|vou|vé]reux	0	29	24	243.6	dangereux amoureux malheureux généreux douloureux chaleureux	*	suffix/1/R2/reux	suffix/1/R2/reux		243.6	3	0.3
suffix	1	twaR	toire	0	171	87	485.1	histoire histoires victoire territoire laboratoire interrogatoire					485.1	0	0.0
prefix	2	ka.i	cai·	0	103	39	241.9	capitaine cabinet capitale qualités capital cannibales					241.9	0	0.0
suffix	2	[C-{d}]i.ke	·[bli|bri|fi|mi|ni|pi|pli|ppli|si|ti|xi|xpli]-{d}quer	0	157	33	241.6	expliquer expliquez expliqué impliqué communiquer compliqué	[C-{d}]i	suffix/1/ke/quer	suffix/1/ke/quer		241.6	15	0.1
suffix	2	[C]°.te	·[che|cque|ffle|ille|je|le|lle|pe|que|re|ve]ter	0	155	27	240.7	acheter acheté achetez racheter achetée racheté	[C]°	suffix/1/te/ter	suffix/1/te/ter		240.7	13	0.5
prefix	1	gaR	gar	0	46	13	480.9	garçon garder garçons gardez gardé garderai					480.9	0	0.0
suffix	3	E.t°.m@	·Etement	0	18	14	159.9	complètement parfaitement discrètement concrètement survêtement malhonnêtement					159.9	0	0.0
prefix	2	a.e	ae·	0	314	58	239.3	agréable apprécie américain américains américaine apprécié					239.3	0	0.0
prefix	1	RE	rai	0	64	9	478.0	raison raisons raisonner raisonne raisonnez raisonné					478.0	0	0.0
suffix	2	[C]o.ze	·[cro|lo|pho|po|ppo|rro|xplo]ser	0	129	21	235.5	reposer exploser proposé déposer proposer supposé	[C]o	suffix/1/ze/ser	suffix/1/ze/ser		235.5	16	17.1
suffix	2	a.t9R	·ateur	0	766	252	245.0	ordinateur réalisateur ordinateurs générateur spectateurs créateur					245.0	0	0.0
suffix	3	[C]y.i.te	·[cu|du|lu|mmu|pu|scu|ssu|tu]rité	0	50	15	157.6	sécurité obscurité opportunité ressuscité ressusciter immunité	[C]y	suffix/2/i.te/·ité	suffix/2/i.te/·ité		157.6	4	0.3
prefix	1	Es	es	0	134	42	470.2	espère espèce espoir espion espèces escroc					470.2	0	0.0
suffix	2	Ra.sj§	ration	1	165	103	234.3	opération déclaration génération opérations séparation respiration					234.3	0	0.0
suffix	2	[C]a.je	·[a|bâ|ca|da|la|ma|na|nna|pa|ra|rra|sa|ssa|ta|tra|va]iller	0	136	32	232.8	travailler travaillé travaillez poulailler dérailler chamailler	[C]a	suffix/1/je/iller	suffix/1/je/iller		232.8	34	2.4
suffix	2	Ri.te	rité	1	111	52	232.7	sécurité autorité obscurité autorités charité majorité					232.7	0	0.0
prefix	1	R@	ren	0	397	43	464.3	rencontrer rencontré rencontre rencontrés renvoyer renforts					464.3	0	0.0
prefix	2	di.i	dii·	0	123	24	231.8	difficile difficiles diriger difficultés difficulté dirigé					231.8	0	0.0
suffix	2	[C]u.te	·[chou|cou|dou|frou|glou|goû|jou|lou|voû]tez	0	58	12	230.6	écoutez écouter écouté ajouter ajouté rajouter	[C]u	suffix/1/te/ter	suffix/1/te/ter		230.6	23	1.7
suffix	3	[C]i.li.ze	·[bi|gi|phi|ri|ti|vi]liser	0	220	24	162.3	utiliser utilisé utilisez utilisant utilisée utilisait	[C]i	suffix/2/li.ze/liser	suffix/2/li.ze/liser		162.3	0	0.0
prefix	2	Re.[C]e	ré[cré|crée|e|flé|fé|gé|pre|pé|vei|vé|é]·	0	292	33	229.4	réfléchir réfléchi répéter réfléchis répétition révéler	[C]e	prefix/1/Re/ré	prefix/1/Re/ré		229.4	19	2.6
suffix	2	pa.Re	·parer	0	50	8	229.4	préparer réparer préparez préparé séparer séparés	pa	suffix/1/Re/rer	suffix/1/Re/rer		229.4	0	0.0
suffix	2	s°.m@	·cement	0	284	183	229.0	doucement avertissement lancement applaudissements commencement investissement	s°	suffix/1/m@/ment	suffix/1/m@/ment		229.0	1	0.0
suffix	2	Ra.sj§	·ration	0	128	75	228.4	opération déclaration génération opérations séparation respiration	Ra	suffix/1/sj§/tion	suffix/1/sj§/tion		228.4	0	0.0
suffix	2	S°.te	·cheter	0	46	7	228.2	acheter acheté achetez racheter achetée racheté	S°	suffix/1/te/ter	suffix/1/te/ter		228.2	0	0.0
suffix	3	[C]2.z°.m@	·[cheu|cieu|deu|dieu|eu|ffreu|geu|gieu|gneu|gueu|illeu|leu|lleu|meu|neu|nieu|nneu|peu|pieu|queu|quieu|reu|rieu|sseu|teu|tieu|treu|veu|vreu|xieu]sement	0	123	123	151.3	heureusement sérieusement malheureusement merveilleusement soigneusement affreusement	[C]2	suffix/2/z°.m@/sement	suffix/2/z°.m@/sement	suffix/3/[C]2.°.m@/·[cheu|cieu|deu|dieu|eu|ffreu|geu|gieu|gneu|gueu|illeu|leu|lleu|meu|neu|nieu|nneu|peu|pieu|queu|quieu|reu|rieu|sseu|teu|tieu|treu|veu|vreu|xieu]sement	151.3	2	0.0
prefix	2	e.ku	écou	0	34	5	226.7	écoutez écouter écouté écoutais écoutait écoutera					226.7	0	0.0
suffix	1	d@	dant	0	123	57	452.7	pendant commandant adjudant indépendant perdant intendant					452.7	0	0.0
prefix	2	5.i	ini·	0	267	51	225.3	invité invités inviter incident impliqué invitée					225.3	0	0.0
suffix	1	Ri	rie	0	564	342	449.1	conneries théorie connerie saloperie galerie mairie					449.1	0	0.0
prefix	2	dis.*-{pER}	dis[co|con|cor|cou|cour|cré|cur|gra|joi|join|pa|pen|po|pro|pu|qua|tan|ten|ti|tor|trac|trai|tray|tri]-{pER}·	0	220	38	224.4	disparu disparaître disposition disparaît disparais disposer	*-{pER}	prefix/1/dis/dis	prefix/1/dis/dis		224.4	119	3.8
prefix	1	v°	ve	0	18	8	448.5	venez venue venant vedette vedettes venues					448.5	0	0.0
suffix	3	[C]a.[C]i.ze	·[a|ba|ca|cia|cra|da|ga|la|le|lia|ma|na|nna|pa|ra|ria|sla|ssoi|ta|tia|tra|va|via]lisé	0	448	106	149.4	réalisé réaliser organiser organisé localiser analyser	[C]i,[C]a	suffix/2/[C]i.ze/·[chi|ci|di|gui|li|lli|ly|mi|ni|nni|phi|ri|thi|ti|tri|vi|xci|y|ï]ser	suffix/1/ze/ser		149.4	24	0.2
suffix	3	[C]e.a.sj§	·[bé|cré|cé|dé|fé|gré|gé|llé|lé|mé|né|pré|pé|rré|scé|sé|té|vé|é]ration	0	101	66	149.4	opération génération opérations libération générations coopération	[C]e	suffix/2/a.sj§/·ation	suffix/2/a.sj§/·ation		149.4	36	8.8
prefix	1	di	di	0	206	41	447.7	dirai dimanche dirais directeur disant diras					447.7	0	0.0
suffix	3	[C]a.li.te	·[a|ba|bra|ca|cia|da|dia|ga|gia|gra|ma|na|nia|nna|pa|ra|ria|sa|ssa|ta|tia|tra|va|via]lité	0	174	87	148.9	réalité personnalité spécialité égalité hospitalité moralité	[C]a	suffix/2/li.te/lité	suffix/2/li.te/lité		148.9	4	1.8
suffix	2	*-{so}.sje	·[an|can|cen|dan|fa|ffi|fi|go|la|lan|li|ma|man|mer|nan|pi|ppli|ppré|pré|ren|rri|san|tan|ten|ti|tran|ïen]-{so}cier	0	118	37	223.2	remercier officier policier officiers policiers négocier	*-{so}	suffix/1/sje/cier	suffix/1/sje/cier		223.2	5	0.1
prefix	1	nu	nou	0	13	5	444.8	nouveau nouvelles nouveaux nouvelle nounou nougat					444.8	0	0.0
suffix	3	*.l°.m@	·[ba|cie|co|due|e|me|ne|nne|nnue|nue|qui|re|rie|se|sue|te|tie|tue|ve|xtue|xue]llement	0	90	87	148.2	naturellement personnellement réellement tranquillement actuellement officiellement	*	suffix/2/l°.m@/llement	suffix/2/l°.m@/llement		148.2	1	0.0
suffix	4	*-{s@}.[C-{tR,tj}]E.°.m@	·[ce|che|ci|con|cu|den|dgé|di|em|ffi|fi|gi|gu|le|li|lon|lu|ma|man|men|mi|mé|nan|nen|nhu|nou|né|po|quen|ra|ri|si|sio|so|son|ssio|stan|ten|ter|ti|tio|tri|trin|tu|té|ve|ver]-{s@}rellement	0	95	92	110.9	naturellement personnellement particulièrement officiellement éternellement régulièrement	[C-{tR,tj}]E,*-{s@}	suffix/3/[C-{tR,tj}]E.°.m@/·[ai|bai|chai|chaî|chè|cie|ciè|crè|cè|dai|diai|die|dre|dè|e|fai|fè|gai|gè|ille|lai|lei|liè|llè|lè|mai|me|miè|mmai|mè|mê|nai|ne|niai|niè|nnai|nne|nnê|plai|plè|prê|què|rai|re|rei|rie|rrai|rè|sai|scè|se|sei|siè|ssai|ssiè|strai|sè|tai|te|tie|tè|vai|ve|vei|vè|vé|vê|xiè|xtrê|è]-{tR,tj}tement	suffix/2/°.m@/·°ment		110.9	27	1.2
suffix	2	v°.niR	venir	0	144	12	277.1	prévenir souvenez souvenirs souvenir prévenu intervenir					277.1	0	0.0
prefix	2	o.y	oy·	0	52	8	219.7	occuper occupé occupée occupez occuperai occupera					219.7	0	0.0
suffix	4	*.i.li.te	·[a|ba|bé|ca|cca|ci|cia|di|ga|gi|illi|la|ma|mma|mmo|ni|nia|pa|ra|ria|sa|si|ssi|ta|ti|tra|tta|va|via|vra|vé|xi|ça]bilité	0	223	106	109.8	responsabilité possibilité culpabilité responsabilités possibilités sensibilité	*	suffix/3/i.li.te/·ilité	suffix/3/i.li.te/·ilité		109.8	22	0.9
suffix	2	[C]OR.te	·[cor|for|or|por|ppor|xpor]té	0	85	14	219.2	apporté apporter apportez emporter emporté rapporter	[C]OR	suffix/1/te/ter	suffix/1/te/ter		219.2	11	5.1
suffix	2	*.fje	·[bri|ci|cri|cu|di|gni|i|li|mé|ni|nni|pli|pé|qué|ri|rri|si|ta|thi|ti|tri|tu|vi|zi]fier	0	342	71	218.1	vérifier vérifié identifier vérifiez identifié sacrifier	*	suffix/1/fje/fier	suffix/1/fje/fier		218.1	35	1.4
suffix	2	[C]i.m@	·[chi|cie|di|die|fie|gi|li|llie|ni|nie|pi|pie|pli|si|ti|tie|tri|trie]ments	0	66	40	217.4	sentiments sentiment bâtiment régiment gentiment infiniment	[C]i	suffix/1/m@/ment	suffix/1/m@/ment		217.4	4	0.7
suffix	4	*.bi.li.te	·[a|ba|ca|cca|ci|cia|di|ga|gi|illi|la|lu|ma|mma|mmo|ni|nia|pa|ra|ria|sa|si|ssi|ta|ti|tra|tta|va|via|vra|xi|ça]bilité	0	210	103	108.6	responsabilité possibilité culpabilité responsabilités possibilités sensibilité	*	suffix/3/bi.li.te/bilité	suffix/3/bi.li.te/bilité		108.6	8	0.2
suffix	2	[C]i.fje	·[bri|ci|cri|di|gni|i|li|ni|nni|pli|ri|rri|si|thi|ti|tri|vi|zi]fier	0	319	66	217.1	vérifier vérifié identifier vérifiez identifié sacrifier	[C]i	suffix/1/fje/fier	suffix/1/fje/fier		217.1	20	0.8
suffix	1	tj§	tion	1	18	11	433.9	question questions suggestion gestion combustion suggestions					433.9	0	0.0
prefix	1	sER	ser	0	83	18	432.4	service servir servi services sergent serpent					432.4	0	0.0
suffix	2	@.te	·@ter	0	609	76	240.3	présenter plaisantez présenté augmenter plaisantais plaisanter					240.3	0	0.0
suffix	3	[C]y.a.sj§	·[bu|ccu|cu|du|fu|gu|ju|lu|mu|nhu|nu|ppu|pu|su|tru|tu|u|xsu]tation	0	127	79	144.0	réputation éducation population accusation circulation accusations	[C]y	suffix/2/a.sj§/·ation	suffix/2/a.sj§/·ation		144.0	34	6.5
suffix	2	*.Ral	·[bé|cé|du|dé|gu|jo|mi|mmo|mo|mé|né|po|pé|ro|scé|sso|to|tu|té|vi]ral	0	111	37	212.8	général générale caporal fédéral amiral fédérale	*	suffix/1/Ral/ral	suffix/1/Ral/ral		212.8	8	1.7
suffix	3	[C]a.li.te	·[a|ba|ca|cia|da|ga|gra|ma|na|nna|ra|ria|sa|ta|tia|tra|va|via]lité	0	108	54	141.8	réalité personnalité spécialité égalité hospitalité moralité	li,[C]a	suffix/2/li.te/·lité	suffix/1/te/té		141.8	0	0.0
suffix	3	[C]e.[C]a.sj§	·[bé|cré|dé|fé|gré|gé|lé|mé|né|pré|pé|rré|té|vé|é]ration	0	73	44	141.3	opération génération opérations libération générations coopération	[C]a,[C]e	suffix/2/[C]a.sj§/·[a|ba|bra|ca|cia|cra|da|dia|fla|ga|gna|gra|la|lia|lla|ma|mma|na|pa|pla|qua|ra|ria|rra|sa|sla|ssa|ta|tia|tra|tta|va|via|xa|xpia]tion	suffix/1/sj§/tion		141.3	21	7.4
suffix	3	[C]a.[C]i.ne	·[a|ga|ma|ra|ssa|ta]giner	0	60	12	141.2	imaginer imaginez examiner assassiné imaginé assassiner	[C]i,[C]a	suffix/2/[C]i.ne/·[bi|chi|ci|cli|di|ffi|fi|gi|gri|li|mi|pi|pli|poui|qui|ri|sci|si|ssi|sti|ti|tri|tti|vi]né	suffix/1/ne/ner		141.2	6	0.0
suffix	2	[C-{S}]@.Ze	·[dan|gran|lan|llen|man|ran|rran|tran]-{S}ger	0	71	12	211.7	arranger étranger déranger étrangers arrangé dérangé	[C-{S}]@	suffix/1/Ze/ger	suffix/1/Ze/ger		211.7	7	0.1
suffix	2	mi.ne	·miné	0	123	28	211.5	terminé terminée terminer examiner éliminer déterminer	mi	suffix/1/ne/ner	suffix/1/ne/ner		211.5	0	0.0
suffix	2	mi.ne	miner	0	260	23	218.5	terminé terminée terminer examiner éliminer déterminer					218.5	0	0.0
prefix	2	R°.°	re°·	0	129	18	209.8	recevoir revenez revenue recevez relever reprenez					209.8	0	0.0
suffix	3	*-{pli}.ka.sj§	·[bar|bli|bri|di|du|ffo|ffus|fi|fur|llo|lo|mar|ni|slo|ter|ti|vo|xi|xpli]-{pli}cation	0	149	100	139.9	explication éducation communication explications identification signification	*-{pli}	suffix/2/ka.sj§/cation	suffix/2/ka.sj§/cation		139.9	16	1.8
suffix	3	[C]i.[C]i.ze	·[bi|gi|gli|li|lli|mi|ni|phi|qui|ri|ti|vi|xi|ï]liser	0	173	38	139.8	utiliser utilisé utilisez utilisée utilisés culpabiliser	[C]i,[C]i	suffix/2/[C]i.ze/·[chi|ci|di|gui|li|lli|ly|mi|ni|nni|phi|ri|thi|ti|tri|vi|xci|y|ï]ser	suffix/1/ze/ser		139.8	0	0.0
suffix	2	pOR.te	·porté	0	61	10	208.9	apporté apporter apportez emporter emporté rapporter	pOR	suffix/1/te/ter	suffix/1/te/ter		208.9	0	0.0
suffix	2	vwaj.e	·voyé	0	36	5	208.8	envoyé envoyer envoyez envoyée envoyés envoyées	vwaj	suffix/1/e/er	suffix/1/e/er		208.8	0	0.0
suffix	2	*.nEl	·[gi|lo|mi|pi|ter]nel	0	50	10	206.9	colonel criminel éternel criminels éternelle criminelle	*	suffix/1/nEl/nel	suffix/1/nEl/nel		206.9	0	0.0
suffix	1	R2	reux	0	40	33	413.2	heureux dangereux amoureux malheureux généreux douloureux					413.2	0	0.0
prefix	1	m@	man	0	99	21	410.6	manger mangé manqué mandat mangez mangerai					410.6	0	0.0
suffix	3	[C]i.li.ze	·[bi|gi|phi|qui|ri|ti|vi]liser	0	125	25	136.8	utiliser utilisé utilisez utilisée utilisés culpabiliser	li,[C]i	suffix/2/li.ze/·liser	suffix/1/ze/ser		136.8	0	0.0
prefix	2	Ze.ne	géné	0	23	6	204.5	général génération générale généralement générations génétique					204.5	0	0.0
suffix	2	[C]a.se	·[a|ba|bra|ca|cha|gna|illa|la|ma|na|pa|ra|rra|ta|va]sser	0	167	35	204.0	embrasser débarrasser ramasser dépassé embrassé repasser	[C]a	suffix/1/se/sser	suffix/1/se/sser		204.0	59	5.9
suffix	2	[C]i.Re	·[mi|pi|si|ti|tti|vi|xpi]rer	0	92	15	203.6	respirer retirer désirez attirer retiré respirez	[C]i	suffix/1/Re/rer	suffix/1/Re/rer		203.6	21	20.1
suffix	3	ti.i.ze	·tiliser	0	109	12	144.0	utiliser utilisé utilisez utilisant utilisée utilisait	ti	suffix/2/i.ze/·iser	suffix/2/i.ze/·iser		144.0	4	2.3
prefix	2	ka.*-{S°}	ca[ba|bi|bo|bou|car|far|fou|gou|la|li|lo|ma|me|mou|na|ni|no|pe|pi|po|que|què|ra|ri|si|sé|va|vi|ï]-{S°}·	0	115	37	203.1	capitaine canapé casino cabaret caniveau capitaines	*-{S°}	prefix/1/ka/ca	prefix/1/ka/ca		203.1	41	1.5
suffix	2	[C-{fR}]E.je	·[bla|ga|la|nna|ra|ssa|sse|ta|za]-{fR}yer	0	46	14	201.7	essayer essayez balayer balayé égayer relayer	[C-{fR}]E	suffix/1/je/yer	suffix/1/je/yer	suffix/2/*-{fRE}.je/·[bla|ga|la|nna|ra|ssa|sse|ta|za]-{fRE}yer	201.7	20	1.3
suffix	2	a.m@	·amment	0	93	78	201.1	apparemment médicaments évidemment suffisamment médicament précédemment					201.1	0	0.0
prefix	2	a.OR	aOR·	0	190	20	199.3	apporté apporter apportez accorder accordé apporterai					199.3	0	0.0
prefix	1	sy	su	0	182	28	397.9	super sujet sujets subir subi sucré					397.9	0	0.0
suffix	2	°.Ri	·°rie	0	461	284	198.8	saloperie plaisanterie artillerie infirmerie cavalerie épicerie					198.8	0	0.0
suffix	2	n°.m@	nement	0	99	75	197.7	gouvernement certainement entraînement évènements événement soudainement					197.7	0	0.0
suffix	3	[C-{g}]a.i.ze	·[a|ba|ca|cia|cra|da|la|le|lia|ma|na|nna|pa|ra|ria|sla|ssoi|ta|tia|tra|va|via]-{g}lisé	0	720	107	135.6	réalisé réaliser localiser analyser réalisez paralysé	[C-{g}]a	suffix/2/i.ze/·iser	suffix/2/i.ze/·iser		135.6	148	8.6
suffix	3	[C-{s}]a.i.ne	·[a|ga|ma|ra|ta|voi]-{s}giner	0	156	15	139.5	imaginer imaginez examiner imaginé imaginais examiné	[C-{s}]a	suffix/2/i.ne/·iner	suffix/2/i.ne/·iner		139.5	40	1.3
prefix	1	po	po	0	137	41	392.7	police policier poète policiers pognon poli					392.7	0	0.0
suffix	1	le	lé	0	408	101	391.9	désolé désolée enculé enculés défilé isolé					391.9	0	0.0
suffix	3	[C]y.Ri.te	·[cu|scu|tu]rité	0	10	5	130.6	sécurité obscurité maturité sécurités immaturité prématurité	[C]y	suffix/2/Ri.te/rité	suffix/2/Ri.te/rité		130.6	0	0.0
suffix	2	*.nEl	·[le|sio|so|ssio|tio]nnel	0	236	54	195.3	personnel personnelle professionnel exceptionnel personnels personnelles	*	suffix/1/nEl/nnel	suffix/1/nEl/nnel		195.3	0	0.0
suffix	3	*.bl°.m@	·[a|ba|bla|ca|cca|cha|ci|da|dia|dou|ffa|ga|gi|gno|illi|la|lu|ma|na|nia|nna|pa|qua|ra|ria|rri|sa|si|ssa|ssem|ssi|ta|ti|tia|tta|va|xi|ça]blement	0	109	107	129.9	probablement terriblement visiblement incroyablement rassemblement horriblement	bl°,*	suffix/2/bl°.m@/·blement	suffix/1/m@/ment		129.9	6	0.8
suffix	1	vo	veau	0	15	7	388.8	nouveau cerveau nouveaux cerveaux caniveau renouveau					388.8	0	0.0
prefix	1	so	sau	0	156	28	388.1	sauver sauvé sauter sauté saurai sauras					388.1	0	0.0
suffix	1	sj§	ssion	1	85	51	388.1	impression pression permission émission commission discussion					388.1	0	0.0
suffix	2	[C]i.de	·[ci|gui|li|mi|pi|qui|si|xy]dé	0	88	17	192.9	décidé décider suicider suicidé décidez liquider	[C]i	suffix/1/de/der	suffix/1/de/der		192.9	22	0.6
suffix	2	[C]E.je	·[lei|rei|sei|vei]ller	0	53	8	192.8	réveiller réveillé surveiller conseiller réveillée réveillez	[C]E	suffix/1/je/ller	suffix/1/je/ller		192.8	4	0.1
suffix	3	*-{pli}.ka.sj§	·[bar|bli|bri|di|du|ffo|fi|fé|llo|lo|ni|ti|vo|xi|xpli]-{pli}cation	0	78	47	127.9	explication éducation communication explications identification signification	ka,*-{pli}	suffix/2/ka.sj§/·cation	suffix/1/sj§/tion		127.9	7	1.4
suffix	2	[C]°.ve	·[che|le]ver	0	53	9	191.8	enlever enlevé enlevez élever élevé relever	[C]°	suffix/1/ve/ver	suffix/1/ve/ver		191.8	0	0.0
suffix	4	*-{mo}.*-{mi}.li.te	·[a|bé|ci|cia|ffi|gi|la|men|mi|mmor|ni|né|o|pa|pi|po|ri|ré|sa|se|si|so|ta|ten|tio|té|ver|vi|â]-{mo}bilité	0	82	39	95.8	responsabilité personnalité culpabilité responsabilités hospitalité sensibilité	li,*-{mi},*-{mo}	suffix/3/*-{mi}.li.te/·[a|ba|bi|ca|cia|da|dua|dé|ga|gi|gra|ma|na|nna|qui|ra|ri|ria|sa|sua|ta|ti|tia|tra|tua|va|vi|via|xua]-{mi}lité	suffix/1/te/té		95.8	10	1.7
prefix	1	vi	vi	0	163	42	382.6	visage visite virus visages visites vilain					382.6	0	0.0
suffix	3	*-{tjE}.R°.m@	·[ai|ba|cai|chi|ciè|cè|dai|diai|fè|ga|gai|gu|gè|lai|liè|miè|mmai|mè|nai|niai|niè|nnai|plai|rai|rieu|soi|ssai|ssiè|ssoi|ssu|su|tai|te|ti|toi|trai|tè|vi|vè|za]-{tjE}rrement	0	99	91	127.1	enterrement particulièrement sincèrement dernièrement contrairement bizarrement	R°,*-{tjE}	suffix/2/R°.m@/·rement	suffix/1/m@/ment		127.1	18	0.7
prefix	2	su.*-{t°}	sou[ba|le|li|lè|me|mi|pe|pè|ri|rii|ta|te|ti|ve|vien]-{t°}·	0	133	14	190.2	souvenez souvenirs souvenir soulever souviendrai souvenu	*-{t°}	prefix/1/su/sou	prefix/1/su/sou		190.2	23	3.3
suffix	4	*-{ny}.[C-{m,s}]i.i.te	·[a|ac|aus|ca|ci|cia|cu|da|des|duc|ffec|ga|ges|gi|gna|jec|la|lec|lla|llec|mes|mmo|mo|na|né|pa|rac|rio|sa|si|ta|then|tho|ti|to|va|xclu]-{ny}bilité	0	113	52	94.9	responsabilité électricité culpabilité responsabilités sensibilité comptabilité	[C-{m,s}]i,*-{ny}	suffix/3/[C-{m,s}]i.i.te/·[bi|bli|bri|di|ffi|fi|gi|gui|li|lli|ni|pi|pli|qui|ri|si|ti|tri|vi|xi|xpli|ï]-{m,s}lité	suffix/2/i.te/·ité		94.9	34	1.9
suffix	2	[C]o.nEl	·[sio|so|ssio|tio]nnel	0	188	42	189.7	personnel personnelle professionnel exceptionnel personnels personnelles	[C]o	suffix/1/nEl/nnel	suffix/1/nEl/nnel		189.7	0	0.0
suffix	2	po.ze	·poser	0	107	17	189.2	reposer proposé déposer proposer supposé déposé	po	suffix/1/ze/ser	suffix/1/ze/ser		189.2	0	0.0
suffix	3	i.li.te	·ilité	1	269	127	126.0	responsabilité possibilité culpabilité responsabilités possibilités sensibilité					126.0	0	0.0
suffix	2	*.Ro	·[bre|bé|ca|ce|ga|le|lle|lé|ma|mé|pe|que|qué|re|ré|se|sé|ta|ti|té|za]ro	0	40	24	188.2	numéro numéros hétéro amaro hétéros torero	*	suffix/1/Ro/ro	suffix/1/Ro/ro		188.2	6	0.8
prefix	2	5.[C]o	im[po|pro]·	0	59	15	186.5	impossible imposer impoli improbable imposé impossibles	[C]o	prefix/1/5/im	prefix/1/5/im		186.5	6	0.7
suffix	2	[C]e.Ro	·[bre|bé|ce|le|lle|lé|mé|pé|que|qué|re|ré|se|sé|té]ro	0	27	15	185.7	numéro numéros hétéro hétéros torero cicero	[C]e	suffix/1/Ro/ro	suffix/1/Ro/ro		185.7	0	0.0
suffix	2	[C-{f}]e.Rj9R	·[pé|té|xté]-{f}rieur	0	38	7	185.3	intérieur extérieur supérieure supérieur intérieure supérieurs	[C-{f}]e	suffix/1/Rj9R/rieur	suffix/1/Rj9R/rieur	suffix/2/*-{fe}.Rj9R/·[pé|té|xté]-{fe}rieur	185.3	0	0.0
prefix	2	a.[C]°	a[che|ge|me|pe|ve]·	0	85	10	184.8	avenir amener amenez avenue amenée achever	[C]°	prefix/1/a/a	prefix/1/a/a		184.8	7	0.8
suffix	2	o.nEl	·onnel	0	171	39	184.7	personnel personnelle professionnel exceptionnel personnels personnelles					184.7	0	0.0
suffix	2	[C]e.Ral	·[bé|cé|dé|mé|né|pé|scé|té]ral	0	48	14	184.5	général générale fédéral fédérale minérale libéral	[C]e	suffix/1/Ral/ral	suffix/1/Ral/ral		184.5	3	1.1
prefix	1	me	mé	0	329	65	368.4	mémoire mérite méchant ménage méchante métal					368.4	0	0.0
suffix	1	vaj	vail	1	2	2	367.4	travail télétravail					367.4	0	0.0
prefix	3	Re.a.*	réa[bo|che|gi|jus|li|mé|ni|per|ra]·	0	88	12	121.7	réalité réalisé réaliser réparation réalisez réparations	*	prefix/2/Re.a/réa·	prefix/2/Re.a/réa·		121.7	17	1.7
prefix	2	5.po	impo·	0	48	10	182.5	impossible imposer impoli imposé impossibles imposait	po	prefix/1/5/im	prefix/1/5/im		182.5	6	0.7
suffix	2	[C]§.te	·[comp|con|ffron|fron|mon]ter	0	42	7	181.0	raconter raconté affronter remonter racontez remontez	[C]§	suffix/1/te/ter	suffix/1/te/ter		181.0	12	1.0
suffix	3	*-{pa,to}.a.m@	·[bli|bon|cha|con|cé|di|dép|ffi|ffé|gli|gui|lli|lé|nno|pen|pi|pé|sé|ti|vei|vi|vé|xce]-{pa,to}caments	0	31	29	120.4	médicaments évidemment suffisamment médicament précédemment différemment	*-{pa,to}	suffix/2/a.m@/·amment	suffix/2/a.m@/·amment		120.4	19	2.4
prefix	2	de.[C]u	dé[bou|brou|clou|cloue|cou|dou|fou|gou|goû|joue|mou|noue|pou|rou|trou]·	0	308	47	180.2	découvert découvrir débrouiller découverte découper débrouillerai	[C]u	prefix/1/de/dé	prefix/1/de/dé		180.2	161	17.0
prefix	2	ka.pi	capi	0	34	10	180.0	capitaine capitale capital capitaines capitaux capitales					180.0	0	0.0
suffix	2	l°.ve	·lever	0	44	7	179.3	enlever enlevé enlevez élever élevé relever	l°	suffix/1/ve/ver	suffix/1/ve/ver		179.3	0	0.0
suffix	3	[C]e.Ra.sj§	·[bé|cé|dé|fé|gé|lé|mé|né|pé|rrié|scé|sé|té]ration	0	64	42	119.4	opération génération opérations libération générations coopération	[C]e	suffix/2/Ra.sj§/ration	suffix/2/Ra.sj§/ration		119.4	0	0.0
prefix	3	a.e.*	amé[an|di|ge|na|nu|nue|ra|ri|ti]·	0	57	10	118.9	américain américains américaine américaines anéanti aération	*	prefix/2/a.e/ae·	prefix/2/a.e/ae·		118.9	40	1.3
suffix	2	[C]Ek.sj§	·[fec|ffec|jec|lec|llec|nnec|pec|rec|rrec|tec]tion	0	48	28	178.0	direction protection collection affection objection élections	[C]Ek	suffix/1/sj§/tion	suffix/1/sj§/tion		178.0	11	18.2
suffix	2	*-{Rj@}.tal	·[bi|ci|cié|dan|den|do|gi|gé|jec|lec|men|mmen|mu|na|nen|ni|pi|ren|ri|rié|tho|zon]-{Rj@}tal	0	110	36	177.9	hôpital capital sentimental capitale digitales sentimentale	*-{Rj@}	suffix/1/tal/tal	suffix/1/tal/tal		177.9	3	0.2
suffix	1	ne	nner	0	887	199	354.7	pardonnez abandonner abandonné pardonner ordonné déconner					354.7	0	0.0
suffix	1	je	iller	0	418	92	354.1	travailler travaillé travaillez fouiller débrouiller fouillé					354.1	0	0.0
suffix	3	ti.[C]i.ze	·tiliser	0	50	10	117.8	utiliser utilisé utilisez utilisée utilisés utilisées	[C]i,ti	suffix/2/[C]i.ze/·[chi|ci|di|gui|li|lli|ly|mi|ni|nni|phi|ri|thi|ti|tri|vi|xci|y|ï]ser	suffix/1/ze/ser		117.8	0	0.0
suffix	1	d@	dent	0	51	19	351.8	président accident évident prudent incident accidents					351.8	0	0.0
suffix	3	[C]e.Ra.sj§	·[bé|dé|fé|gé|lé|mé|né|pé|té|é]ration	0	48	29	117.2	opération génération opérations libération générations coopération	Ra,[C]e	suffix/2/Ra.sj§/·ration	suffix/1/sj§/tion		117.2	0	0.0
suffix	3	ti.li.ze	·tiliser	0	33	6	117.2	utiliser utilisé utilisez utilisée utilisés utilisées	li,ti	suffix/2/li.ze/·liser	suffix/1/ze/ser		117.2	0	0.0
prefix	1	mu	mou	0	86	23	351.4	mourir mourra mouchoir moutons mourras mourrai					351.4	0	0.0
suffix	2	a.Ze	·ager	0	669	36	190.0	partager voyager déménager déménagé soulager voyagé					190.0	0	0.0
suffix	3	[C]E.n°.m@	·[chai|chaî|dai|die|e|lai|mai|rai|rei|rrai|sai|scè|tai|traî|vè|vé]nement	0	25	22	115.5	certainement entraînement évènements événement soudainement quotidiennement	n°,[C]E	suffix/2/n°.m@/·nement	suffix/1/m@/ment		115.5	4	1.7
prefix	2	de.si	déci	0	59	10	172.9	décidé décider décidez décidément décida décidée					172.9	0	0.0
suffix	2	*.abl	·[bli|gré|llé|loy|mé|nnay|pay|pli|roy|toy|ttoy|vé]able	0	40	18	172.9	incroyable agréable désagréable pitoyable incroyables impitoyable	*	suffix/1/abl/able	suffix/1/abl/able		172.9	0	0.0
prefix	1	dis	dis	0	427	64	344.9	disparu discours disparaître disposition dispute disparaît					344.9	0	0.0
prefix	2	ka.[C]i	ca[bi|li|ni|pi|ri|si|vi|ï]·	0	31	13	172.2	capitaine casino caniveau capitaines casinos cavité	[C]i	prefix/1/ka/ca	prefix/1/ka/ca		172.2	0	0.0
suffix	3	*-{Re,my}.*.tER	·[bli|co|cu|den|di|fi|ga|gle|gu|jo|le|li|llé|lo|lé|ma|no|o|pho|plé|po|pplé|pri|ra|ta|tar|te|ti|to|ver|vo|xcé]-{Re,my}étaire	0	84	36	114.7	propriétaire célibataire propriétaires supplémentaires alimentaire supplémentaire	*,*-{Re,my}	suffix/2/*.tER/·[ba|ber|bi|bu|ca|ci|cré|cy|da|den|dgé|di|fai|frac|ga|gna|gni|i|li|lli|lon|lé|man|men|mmen|na|nau|ni|né|pen|phlé|que|qui|ri|si|ta|ti|tu|tui|va|ven|é]taire	suffix/1/tER/taire		114.7	24	2.4
prefix	1	t§	tom	0	44	7	342.7	tomber tombé tombée tombés tombeau tombera					342.7	0	0.0
suffix	3	[C]E.n°.m@	·[chai|chaî|dai|lai|mai|rai|rei|rrai|sai|scè|tai|traî|vè|vé]nement	0	23	20	114.2	certainement entraînement évènements événement soudainement prochainement	[C]E	suffix/2/n°.m@/nement	suffix/2/n°.m@/nement		114.2	3	1.3
suffix	2	z°.m@	sement	0	185	175	171.2	heureusement sérieusement malheureusement déguisement amusement merveilleusement					171.2	0	0.0
suffix	2	*.lje	·[a|ba|bi|ca|ce|ci|co|cu|da|de|do|gu|ma|mi|mme|na|nne|pe|ro|rre|se|si|sse|ssi|ta|te|to|tro|va|xfo]lier	0	131	46	170.2	escalier atelier particulier escaliers chevalier familier	*	suffix/1/lje/lier	suffix/1/lje/lier		170.2	25	3.1
suffix	2	*.fOn	·[bli|bra|co|cro|dio|dro|ga|glo|go|lo|ly|lé|mo|no|o|pho|ta|ter|to|tro|xi|xo]phone	0	51	26	170.1	téléphone téléphones magnétophone interphone saxophone mégaphone	*	suffix/1/fOn/phone	suffix/1/fOn/phone		170.1	2	0.0
prefix	3	Re.a.*	réa[bo|che|gi|jus|li|mé|ni|per]·	0	87	11	113.4	réalité réalisé réaliser réalisez réalités réalisa	*	prefix/2/Re.a/réa	prefix/2/Re.a/réa		113.4	5	1.1
suffix	2	[C]a.m@	·[a|ce|cha|da|de|ga|ge|gea|illa|la|le|lla|lle|ne|nna|que|ra|re|rre|sa|scie|ssa|ta|tie|va]mment	0	70	69	170.0	apparemment évidemment récemment suffisamment précédemment différemment	[C]a	suffix/1/m@/mment	suffix/1/m@/mment	suffix/2/*.m@/·[a|ce|cha|da|de|ga|ge|gea|illa|la|le|lla|lle|ne|nna|que|ra|re|rre|sa|scie|ssa|ta|tie|va]mment	170.0	0	0.0
prefix	2	ve.i	véi·	0	66	14	169.7	vérifier véritable vérifié vérifie véhicule vérifiez					169.7	0	0.0
suffix	1	be	ber	0	204	41	339.0	tomber tombé tombée tombés gerber tombez					339.0	0	0.0
prefix	3	Re.a.[C]i	réa[gi|li|ni]·	0	51	5	112.8	réalité réalisé réaliser réalisez réalités réalisa	[C]i	prefix/2/Re.a/réa	prefix/2/Re.a/réa	prefix/3/Re.a.[C]i/réa[gi|li|ni]·	112.8	4	1.1
suffix	1	vwaR	voir	1	20	16	337.0	pouvoir recevoir pouvoirs prévoir pleuvoir décevoir					337.0	0	0.0
suffix	3	[C-{tj}]E.R°.m@	·[ai|cai|ciè|clai|cè|dai|diai|fè|gai|gè|lai|liè|miè|mmai|mè|nai|niai|niè|nnai|plai|rai|ssai|sse|ssiè|tai|te|trai|tè|vè]-{tj}rrement	0	69	66	112.3	enterrement particulièrement sincèrement dernièrement contrairement légèrement	R°,[C-{tj}]E	suffix/2/R°.m@/·rement	suffix/1/m@/ment		112.3	4	0.0
prefix	2	dis.[C]a	dis[gra|joi|pa|qua]·	0	66	9	168.2	disparu disparaître disparaît disparais disparaissent disparue	[C]a	prefix/1/dis/dis	prefix/1/dis/dis		168.2	9	0.3
prefix	2	Re.a	réa	0	117	15	168.1	réalité réalisé réaliser réalise réagir réagi					168.1	0	0.0
suffix	3	*.i.k5	·[ma|mi|mé|pu|sa|ta|to|tra]ricain	0	58	10	121.6	américain américains américaine républicains américaines républicain	*	suffix/2/i.k5/·icain	suffix/2/i.k5/·icain		121.6	6	0.1
suffix	2	ta.sj§	·tation	0	154	90	167.5	invitation représentation manifestation tentation alimentation salutations	ta	suffix/1/sj§/tion	suffix/1/sj§/tion		167.5	0	0.0
suffix	3	[C]y.[C]a.sj§	·[bu|ccu|cu|du|gu|ju|lu|mu|nhu|nu|ppu|pu|tu|xsu]cation	0	86	51	111.0	éducation population accusation circulation accusations salutations	[C]a,[C]y	suffix/2/[C]a.sj§/·[a|ba|bra|ca|cia|cra|da|dia|fla|ga|gna|gra|la|lia|lla|ma|mma|na|pa|pla|qua|ra|ria|rra|sa|sla|ssa|ta|tia|tra|tta|va|via|xa|xpia]tion	suffix/1/sj§/tion		111.0	18	4.1
suffix	3	bi.li.te	bilité	1	224	110	111.0	responsabilité possibilité culpabilité responsabilités possibilités sensibilité					111.0	0	0.0
suffix	2	[C]Ek.t9R	·[flec|jec|lec|llec|pec|rec|tec|vec]teur	0	31	12	165.4	inspecteur directeur détecteur inspecteurs électeurs détecteurs	[C]Ek	suffix/1/t9R/teur	suffix/1/t9R/teur		165.4	9	5.5
suffix	2	*.sibl	·[ce|mi|po|pre]ssible	0	19	8	165.3	impossible inaccessible impossibles accessible irrépressible accessibles	*	suffix/1/sibl/ssible	suffix/1/sibl/ssible		165.3	2	1.5
prefix	2	5.ER	inER·	1	336	85	165.3	interdit intervenir international interdis internet internationale					165.3	0	0.0
suffix	4	*-{s@,v@}.*.l°.m@	·[bi|den|ffi|fi|gi|le|llec|mi|nen|nou|po|quen|ri|rré|sio|so|ssio|stan|ten|ter|ti|tio|tri|tu|té|ver|vi]-{s@,v@}rellement	0	55	54	82.5	naturellement personnellement officiellement éternellement habituellement accidentellement	*,*-{s@,v@}	suffix/3/*.l°.m@/·[ba|cie|co|due|e|me|ne|nne|nnue|nue|qui|re|rie|se|sue|te|tie|tue|ve|xtue|xue]llement	suffix/2/l°.m@/llement		82.5	5	0.4
suffix	3	*.R°.m@	·[ai|ba|cai|chi|ciè|cè|dai|diai|fè|ga|gai|gu|gè|lai|liè|miè|mmai|mè|nai|niai|niè|nnai|plai|rai|rieu|soi|ssai|ssiè|ssoi|ssu|tai|ti|tiè|toi|trai|tè|vi|vè]rement	0	96	90	109.9	entièrement particulièrement sincèrement dernièrement contrairement légèrement	*	suffix/2/R°.m@/rement	suffix/2/R°.m@/rement		109.9	16	0.7
suffix	1	je	ller	0	439	64	329.3	réveiller réveillé surveiller habiller conseiller réveillée					329.3	0	0.0
suffix	4	*-{Na,ka}.i.za.sj§	·[a|an|ba|bi|bo|bé|char|chro|cia|co|cra|cré|cu|da|dar|dgé|dia|for|ga|gli|go|gé|la|lan|li|lli|lo|ma|mi|mmu|mo|mé|na|ni|nna|no|né|po|pro|ra|rar|ri|ria|rio|sec|sep|ssi|ssu|sua|ta|ter|teu|ti|tia|to|tra|tu|tua|té|va|vi|vé|xi]-{Na,ka}risation	0	172	152	82.1	autorisation organisation civilisation utilisation réalisation organisations	*-{Na,ka}	suffix/3/i.za.sj§/·isation	suffix/3/i.za.sj§/·isation		82.1	31	1.3
suffix	4	*-{Na,ka}.*.za.sj§	·[a|an|ba|bi|bo|bé|char|chro|cia|co|cra|cré|cu|da|dar|dgé|dia|for|ga|gli|go|gé|la|lli|lo|ma|mi|mmu|mo|mé|na|ni|nna|no|né|po|pro|ra|rar|ri|ria|rio|sec|sep|ssi|ssu|sua|ta|ter|teu|ti|tia|to|tra|tu|tua|té|va|vi|vé|xi|xtra]-{Na,ka}risation	0	168	148	82.1	autorisation organisation civilisation utilisation réalisation organisations	*,*-{Na,ka}	suffix/3/*.za.sj§/·[ccu|chi|ci|cu|di|gi|i|li|lli|mi|ni|ri|thi|ti|tri|va|vi]sation	suffix/2/za.sj§/sation		82.1	28	1.3
suffix	4	*-{Na,ka}.[C]i.za.sj§	·[a|an|ba|bi|bo|bé|char|chro|cia|co|cra|cré|cu|da|dar|dgé|dia|for|ga|gli|go|gé|la|lli|lo|ma|mi|mmu|mo|mé|na|ni|nna|no|né|po|pro|ra|rar|ri|ria|rio|sec|sep|ssi|ssu|sua|ta|ter|teu|ti|tia|to|tra|tu|tua|té|va|vi|vé|xi]-{Na,ka}risation	0	167	147	82.1	autorisation organisation civilisation utilisation réalisation organisations	[C]i,*-{Na,ka}	suffix/3/[C]i.za.sj§/·[chi|ci|di|gi|i|li|lli|mi|ni|ri|thi|ti|tri|vi]sation	suffix/2/za.sj§/sation		82.1	28	1.3
prefix	2	o.o	auo·	0	273	104	164.0	autorité autorités autoroute autorisé honorable autographe					164.0	0	0.0
suffix	4	*.[C]i.[C]i.te	·[a|ca|cia|cu|ga|gi|jec|la|lec|llec|mmo|na|pa|sa|si|ta|tho]bilité	0	48	22	82.0	responsabilité électricité culpabilité responsabilités sensibilité comptabilité	[C]i,[C]i,*	suffix/3/[C]i.[C]i.te/·[bi|bli|ci|gi|li|ni|qui|ri|ti|tri|vi|ï]lité	suffix/1/te/té		82.0	6	0.9
suffix	2	i.m@	·iment	0	49	30	162.8	sentiments sentiment gentiment infiniment compliments compliment					162.8	0	0.0
suffix	2	[C]y.sj§	·[bu|cu|llu|lu|nu|ru|tu]tion	0	50	31	162.8	solution révolution exécution évolution constitution prostitution	[C]y	suffix/1/sj§/tion	suffix/1/sj§/tion		162.8	0	0.0
suffix	1	RiR	rir	0	31	23	324.6	mourir courir guérir conquérir parcourir secourir					324.6	0	0.0
suffix	3	*.za.sj§	·[ccu|chi|ci|cu|di|gi|i|li|lli|mi|ni|ri|thi|ti|tri|va|vi]sation	0	223	192	107.7	autorisation organisation accusation civilisation accusations utilisation	*	suffix/2/za.sj§/sation	suffix/2/za.sj§/sation		107.7	2	0.1
suffix	3	[C-{b}]i.ta.sj§	·[ci|di|gi|li|mi|pi|si|vi|xci]-{b}tations	0	51	31	107.5	félicitations invitation agitation excitation imitation invitations	[C-{b}]i	suffix/2/ta.sj§/tation	suffix/2/ta.sj§/tation		107.5	4	3.4
suffix	3	[C]a.li.ze	·[a|ba|ca|cia|cra|da|ga|gna|ma|na|nna|ra|ria|ta|tia|tra|va|via]lisé	0	273	65	106.9	réalisé réaliser localiser analyser réalisez paralysé	li,[C]a	suffix/2/li.ze/·liser	suffix/1/ze/ser		106.9	10	0.1
prefix	2	5.tER	inter	1	324	81	160.1	interdit intervenir international interdis internet internationale					160.1	0	0.0
suffix	2	do.ne	·donnez	0	68	11	160.0	pardonnez abandonner abandonné pardonner ordonné pardonné	do	suffix/1/ne/nner	suffix/1/ne/nner		160.0	0	0.0
suffix	3	[C]i.a.t9R	·[bri|ci|di|fi|gi|i|li|lli|mi|ni|pi|pli|qui|ri|sci|ssi|ti|vi]nateur	0	261	94	108.3	ordinateur réalisateur ordinateurs aspirateur pacificateurs admirateur	[C]i	suffix/2/a.t9R/·ateur	suffix/2/a.t9R/·ateur		108.3	27	2.6
suffix	1	j9R	lleur	0	33	16	317.6	meilleur meilleure meilleurs meilleures veilleur artilleur					317.6	0	0.0
prefix	1	se	sé	0	198	43	317.0	sérieux série sérieuse séparer séjour sépare					317.0	0	0.0
prefix	1	py	pu	0	24	14	317.0	putain putains punie pucelle putois pumas					317.0	0	0.0
prefix	1	S°	che	0	58	17	316.9	chemin cheval chevaux chemise chemins cheville					316.9	0	0.0
prefix	1	mi	mi	0	155	49	316.7	milieu mignon miracle minuit mignonne miracles					316.7	0	0.0
prefix	2	fa.i	fai·	0	85	18	158.2	fatigué fatiguée fascinant familier fabriqué fatigués					158.2	0	0.0
suffix	3	2.z°.m@	·2sement	0	109	109	105.3	heureusement malheureusement merveilleusement soigneusement dangereusement généreusement					105.3	0	0.0
suffix	2	[C]y.Re	·[bu|cu|du|gu|ju|lu|mu|pu|ssu|su|tu]rer	0	281	57	157.7	assurer assuré torturer procurer mesurer capturé	[C]y	suffix/1/Re/rer	suffix/1/Re/rer		157.7	30	1.2
suffix	1	zj§	sion	1	91	53	314.3	occasion décision télévision explosion décisions division					314.3	0	0.0
prefix	2	R°.[C]uR	re[cour|four|lour|tour]·	0	50	6	157.1	retourner retournez retourné retournons retournée retournerai	[C]uR	prefix/1/R°/re	prefix/1/R°/re		157.1	7	0.9
suffix	3	[C]aR.*-{s°,ti}.m@	·[ar|bar|car|char|gnar|illar|nar|par|ppar|rar|tar]tement	0	26	18	104.7	appartement département appartements embarquement bombardement bombardements	*-{s°,ti},[C]aR	suffix/2/*-{s°,ti}.m@/·[be|ble|bre|ca|che|chi|cie|claffe|cle|cre|cré|cu|cé|de|di|die|dre|du|dé|dû|ffle|ffre|fie|fle|ge|gi|gle|gne|gre|gré|gu|gue|ille|le|li|lle|lu|lé|lû|ma|me|mmé|mé|ne|ni|nie|nne|nné|noie|nu|nue|né|nû|pe|pie|ple|pli|ppe|pre|que|ra|re|rre|rré|ré|se|ssuie|ssé|sé|ta|te|tie|tre|trie|tru|tte|té|ve|voue|vre|vé|xcré|xe|xtre|é]-{s°,ti}ment	suffix/1/m@/ment		104.7	9	5.0
suffix	3	[C]aR.°.m@	·[ar|bar|car|char|illar|nar|par|ppar|tar]tement	0	23	15	104.7	appartement département appartements embarquement bombardement bombardements	[C]aR	suffix/2/°.m@/·°ment	suffix/2/°.m@/·°ment	suffix/3/[C]aR.[C]°.m@/·[ar|bar|car|char|illar|nar|par|ppar|tar]tement	104.7	10	5.0
suffix	2	[C]y.m@	·[cu|du|dû|grû|gu|lu|lû|mue|nu|nue|nû|tru|tu]ment	0	26	20	156.9	absolument documents instrument document instruments argument	[C]y	suffix/1/m@/ment	suffix/1/m@/ment		156.9	1	0.0
suffix	3	ti.°.m@	·thiquement	0	180	162	104.5	pratiquement effectivement définitivement avertissement attentivement investissement	ti	suffix/2/°.m@/·°ment	suffix/2/°.m@/·°ment		104.5	4	0.1
suffix	2	[C]e.m@	·[clé|cré|cé|dé|glé|gré|le|lé|mmé|mé|nné|né|plé|pplé|rré|ré|ssé|sé|té|vé|xcré|é]ment	0	66	59	155.9	forcément profondément éléments précisément énormément élément	[C]e	suffix/1/m@/ment	suffix/1/m@/ment		155.9	2	2.5
suffix	3	*.si.te	·[bli|ce|li|lo|ni|pa|ten|ti|tri|ver|ï]sité	0	34	17	103.9	université électricité publicité capacité capacités nécessité	si,*	suffix/2/si.te/·cité	suffix/1/te/té		103.9	0	0.0
prefix	2	su.[C-{t}]°	sou[de|le|pe|ve]-{t}·	0	43	5	155.8	souvenez souvenirs souvenir soulever souvenu soulevé	[C-{t}]°	prefix/1/su/sou	prefix/1/su/sou		155.8	6	0.1
suffix	4	[C-{l}]e.[C]a.*-{s°,ti}.m@	·[ce|dé|fé|gré|mmé|mé|né|ré|scé|sé|tté|té]-{l}diatement	0	24	21	77.4	immédiatement généralement littéralement déménagement irrémédiablement considérablement	*-{s°,ti},[C]a,[C-{l}]e	suffix/3/[C]a.*-{s°,ti}.m@/·[a|ba|bla|bra|bâ|ca|cca|cha|cia|da|dia|droi|ga|geoi|gna|gra|la|loi|lâ|ma|mma|na|nia|niâ|nna|noi|noî|pa|pha|qua|quoi|ra|ria|roi|rra|sa|soi|ssa|ssoi|ta|tia|toi|tra|tta|va|via|voua|xa|za|ça]blement	suffix/1/m@/ment		77.4	7	1.4
suffix	4	[C-{l}]e.[C]a.°.m@	·[ce|dé|gré|mmé|mé|né|ré|scé|sé|tté|té]-{l}diatement	0	23	20	77.4	immédiatement généralement littéralement déménagement irrémédiablement considérablement	[C]a,[C-{l}]e	suffix/3/[C]a.°.m@/·[a|ba|bla|bra|bâ|ca|cca|cha|cia|da|dia|droi|ga|geoi|gna|gra|la|loi|lâ|ma|mma|na|nia|niâ|nna|noi|noî|pa|pha|pla|qua|quoi|ra|ria|roi|rra|sa|soi|ssa|ssoi|ta|tia|toi|tra|tta|va|via|xa|za|ça]blement	suffix/2/°.m@/·°ment	suffix/4/[C-{l}]e.[C]a.[C]°.m@/·[ce|dé|gré|mmé|mé|né|ré|scé|sé|tté|té]-{l}diatement	77.4	7	1.4
suffix	3	*.Ri.k5	·[mé|ta|to]ricain	0	28	5	112.1	américain américains américaine américaines portoricains portoricain	*	suffix/2/Ri.k5/ricain	suffix/2/Ri.k5/ricain		112.1	0	0.0
prefix	2	i.o	io·	0	166	68	154.0	ignorais innocent innocents ignorez innocente hypothèse					154.0	0	0.0
suffix	2	ka.sj§	cation	1	179	118	153.3	explication éducation communication explications identification signification					153.3	0	0.0
suffix	3	[C]E.R°.m@	·[ai|cai|ciè|clai|cè|dai|diai|fè|gai|gè|lai|liè|miè|mmai|mè|nai|niai|niè|nnai|plai|rai|ssai|ssiè|tai|tiè|trai|tè|vè]rement	0	68	66	102.1	entièrement particulièrement sincèrement dernièrement contrairement légèrement	[C]E	suffix/2/R°.m@/rement	suffix/2/R°.m@/rement		102.1	3	0.0
prefix	2	Re.[C]a	ré[a|ca|cla|ga|pa]·	0	410	51	153.1	réparer réalisé réalise réagir réparé réagi	[C]a	prefix/1/Re/ré	prefix/1/Re/ré		153.1	4	1.1
prefix	2	i.a	ia·	0	100	20	152.8	imagine imaginé italien italiens italienne inaperçu					152.8	0	0.0
suffix	2	*.nal	·[bu|ccha|ci|di|dé|fer|gi|gio|go|gu|mi|mmu|mo|mé|o|ri|ro|ré|sa|se|tha|ti|tio|to|tom|tri|tro|tur|ver]nal	0	149	52	152.1	tribunal nationale national original international internationale	*	suffix/1/nal/nal	suffix/1/nal/nal		152.1	11	0.3
suffix	2	s°.m@	cement	0	76	49	152.1	doucement lancement commencement emplacement déplacement avancement					152.1	0	0.0
prefix	2	Re.[C]§	ré[com|con|pon]·	0	100	9	152.1	répondu répondez récompense répondeur réconfort répondrai	[C]§	prefix/1/Re/ré	prefix/1/Re/ré		152.1	3	1.6
prefix	2	Ra.§	ra§·	0	60	6	152.0	raconter raconté racontez raccompagne raconterai racontait					152.0	0	0.0
suffix	4	*.si.a.sj§	·[con|li|lli|llu|man|mi|ti|tio]citations	0	18	10	75.7	félicitations hallucinations hallucination participation réconciliation émancipation	si,*	suffix/3/si.a.sj§/·citations	suffix/2/a.sj§/·ation		75.7	3	0.1
suffix	3	[C]E.l°.m@	·[cie|e|me|ne|nne|re|rie|se|te|tie|ve]llement	0	63	62	100.2	naturellement personnellement réellement officiellement éternellement accidentellement	[C]E	suffix/2/l°.m@/llement	suffix/2/l°.m@/llement		100.2	0	0.0
suffix	3	[C]i.[C]a.t9R	·[bri|ci|di|fi|gi|i|li|lli|mi|ni|pi|pli|qui|ri|sci|ssi|ti|vi]nateur	0	185	91	100.0	ordinateur réalisateur ordinateurs aspirateur pacificateurs admirateur	[C]a,[C]i	suffix/2/[C]a.t9R/·[a|ba|bra|ca|cia|da|dia|ga|gna|gra|la|lia|lla|ma|mma|na|nna|pa|pha|pla|qua|ra|ria|rra|sa|sla|ta|tia|tra|va|voi|xa|xploi]teur	suffix/1/t9R/teur		100.0	17	2.5
suffix	1	tER	taire	1	232	100	299.9	militaire propriétaire secrétaire volontaire solitaire célibataire					299.9	0	0.0
suffix	2	pe.Re	·pérer	0	66	10	149.4	récupérer espérer opérer récupéré repéré repérer	pe	suffix/1/Re/rer	suffix/1/Re/rer		149.4	0	0.0
suffix	1	s§	çon	0	33	17	297.9	garçon garçons rançon soupçons glaçons soupçon					297.9	0	0.0
prefix	2	pRe.i	préi·	0	45	12	149.0	président présidente présidents précipice présider présidait					149.0	0	0.0
suffix	4	*-{s@}.E.l°.m@	·[cor|den|ffi|fi|gi|le|man|mi|nen|nou|po|quen|ra|rré|sio|so|ssio|stan|ten|ter|tio|tri|tu|té|ver]-{s@}rellement	0	54	51	74.2	naturellement personnellement officiellement éternellement accidentellement solennellement	*-{s@}	suffix/3/E.l°.m@/·Ellement	suffix/3/E.l°.m@/·Ellement		74.2	7	0.0
suffix	2	l°.m@	llement	0	93	89	148.2	naturellement personnellement réellement tranquillement actuellement officiellement					148.2	0	0.0
suffix	3	[C]a.bl°.m@	·[a|ba|bla|ca|cca|cha|da|dia|ffa|ga|la|ma|na|nia|nna|pa|qua|ra|ria|sa|ssa|ta|tia|tta|va|ça]blement	0	81	80	98.8	probablement incroyablement véritablement convenablement confortablement vraisemblablement	bl°,[C]a	suffix/2/bl°.m@/·blement	suffix/1/m@/ment		98.8	1	0.0
prefix	1	i	i	0	111	31	296.0	irai image images iras irais idéal					296.0	0	0.0
prefix	1	5s	ins	1	72	10	295.9	instant installer installe installé inspire instants					295.9	0	0.0
suffix	2	[C]e.sj§	·[ce|fe|gre|ppre|pre|se|sse]ssion	0	27	16	147.8	impression possession confession dépression obsession procession	[C]e	suffix/1/sj§/ssion	suffix/1/sj§/ssion		147.8	5	6.8
suffix	4	*-{s@}.[C]E.l°.m@	·[den|ffi|fi|gi|le|mi|nen|nou|po|quen|rré|sio|so|ssio|stan|ten|ter|tio|tri|tu|té|ver]-{s@}rellement	0	50	49	73.9	naturellement personnellement officiellement éternellement accidentellement solennellement	[C]E,*-{s@}	suffix/3/[C]E.l°.m@/·[cie|e|me|ne|nne|re|rie|se|te|tie|ve]llement	suffix/2/l°.m@/llement		73.9	3	0.0
suffix	2	ka.sj§	·cation	0	98	59	147.6	explication éducation communication vocation explications identification	ka	suffix/1/sj§/tion	suffix/1/sj§/tion		147.6	0	0.0
prefix	2	R°.[C]ER	re[cher|fer|mer|per|ver]·	0	136	7	147.2	remercie remercier remerciez rechercher recherché remercions	[C]ER	prefix/1/R°/re	prefix/1/R°/re		147.2	4	0.0
suffix	3	*.k°.m@	·[bar|bli|bri|chi|cho|cli|di|fi|gi|li|mi|ni|nia|nni|phi|pi|pro|ra|res|ri|si|ssi|sè|tes|thi|ti|tri|ï]quement	0	188	184	98.0	uniquement pratiquement physiquement techniquement embarquement débarquement	k°,*	suffix/2/k°.m@/·quement	suffix/1/m@/ment		98.0	4	0.0
suffix	1	mje	mier	0	35	15	293.8	premier premiers fermier fermiers infirmier palmiers					293.8	0	0.0
suffix	2	[C]y.le	·[bu|cu|du|gu|llu|lu|mu|nnu|pu|su|tu|vu]lez	0	260	51	146.6	reculez annuler annulé reculer enculer calculé	[C]y	suffix/1/le/ler	suffix/1/le/ler		146.6	18	1.3
suffix	3	[C]i.ka.sj§	·[bli|bri|di|fi|ni|pli|ppli|ti|xi|xpli]cation	0	66	41	97.5	explication communication explications identification signification communications	ka,[C]i	suffix/2/ka.sj§/·cation	suffix/1/sj§/tion		97.5	0	0.0
suffix	2	[C]i.tal	·[bi|ci|gi|ni|pi|ri]tal	0	25	9	146.1	hôpital capital capitale digitales récital digitale	[C]i	suffix/1/tal/tal	suffix/1/tal/tal		146.1	0	0.0
suffix	3	a.bl°.m@	·ablement	0	72	72	97.4	probablement incroyablement véritablement convenablement confortablement vraisemblablement					97.4	0	0.0
suffix	1	tu	tout	0	8	5	291.3	surtout partout faitout antitout mangetout surtouts					291.3	0	0.0
suffix	2	*.s9R	·[au|ca|cai|ce|cha|chi|ci|di|dre|dri|fe|gi|gre|i|li|mi|ni|nnai|pai|pli|ppre|pre|ri|rri|sse|ta|ti|tri|trou|vi]sseur	0	110	60	145.4	professeur professeurs agresseur ravisseurs fournisseur successeur	*	suffix/1/s9R/sseur	suffix/1/s9R/sseur		145.4	22	2.9
suffix	2	bl°.m@	·blement	0	124	120	144.5	probablement terriblement visiblement tremblement incroyablement rassemblement	bl°	suffix/1/m@/ment	suffix/1/m@/ment		144.5	0	0.0
suffix	3	*.E.s@	·[bo|co|ffer|mi|pa|ppa|ri|té|va]ressant	0	39	10	104.8	intéressant intéressante reconnaissant reconnaissante intéressantes intéressants	*	suffix/2/E.s@/·Essant	suffix/2/E.s@/·Essant		104.8	0	0.0
prefix	2	ve.Ri	véri	0	35	5	144.4	vérifier véritable vérifié vérifie vérifiez vérités					144.4	0	0.0
suffix	2	*.Zi	·[ba|go|ller|llur|lo|ner|pha|plé|rra|rur|tal|thar|tur|té|vral|xal]gie	0	138	117	144.3	énergie technologie chirurgie stratégie hémorragie psychologie	*	suffix/1/Zi/gie	suffix/1/Zi/gie		144.3	7	1.9
suffix	4	*-{t@,zi}.ti.°.m@	·[ac|an|aus|ba|brep|bé|ca|cas|cep|cra|cu|des|do|fan|fec|ffec|ga|gi|gné|guis|je|jec|la|lec|len|li|lis|llec|ly|ma|man|mes|mi|mé|na|ni|no|nu|né|o|pa|pec|pes|phé|pla|ra|san|sis|ta|tas|thé|tinc|tis|tra|ven|ver|ves|xta]-{t@,zi}tivement	0	109	103	72.1	effectivement définitivement avertissement investissement relativement divertissement	ti,*-{t@,zi}	suffix/3/ti.°.m@/·thiquement	suffix/2/°.m@/·°ment		72.1	21	1.6
suffix	2	*.ka	·[ar|di|fi|li|ni|vo]cat	0	23	11	144.2	avocat avocats certificat syndicat délicat syndicats	*	suffix/1/ka/cat	suffix/1/ka/cat		144.2	0	0.0
suffix	2	bl°.m@	blement	0	126	121	144.1	probablement terriblement visiblement tremblement incroyablement rassemblement					144.1	0	0.0
prefix	1	a	ha	0	134	27	287.6	habite hasard habits habiller habille habiter					287.6	0	0.0
suffix	1	d§	don	0	47	26	285.7	pardon abandon cordon guidon dindon bourdon					285.7	0	0.0
suffix	2	[C]uR.ne	·[four|jour|tour]ner	0	38	6	142.7	retourner retournez retourné retournée détourner contourner	[C]uR	suffix/1/ne/ner	suffix/1/ne/ner		142.7	0	0.0
prefix	2	a.y	ay·	0	242	45	142.3	amusant assurance allumer allumé assurez assumer					142.3	0	0.0
prefix	2	de.[C-{p}]a	dé[ba|bap|bla|boi|boî|bra|bâ|ca|cla|coi|doua|dra|fa|fla|ga|gra|la|ma|mâ|na|pha|pla|plâ|qua|ra|sa|ta|tra|va|voi|voie]-{p}·	0	552	82	142.0	dégagez déplacer démarrer dégager déplacé détacher	[C-{p}]a	prefix/1/de/dé	prefix/1/de/dé		142.0	270	24.3
suffix	2	do.ne	donner	0	93	8	145.1	pardonnez abandonner abandonné pardonner pardonné abandonnée					145.1	0	0.0
suffix	2	i.d@	·ident	0	20	7	145.9	président présidente présidents confident intimidant confidents					145.9	0	0.0
suffix	3	*-{pOR,v@}.*.nEl	·[ca|cca|ci|dac|ddi|di|dic|fe|fonc|la|men|mo|per|ra|rra|rrec|sa|se|si|ta|tri|tu|tua|vi|xcep]-{pOR,v@}ssionnel	0	153	35	93.7	professionnel exceptionnel professionnelle conditionnelle professionnels exceptionnelle	*,*-{pOR,v@}	suffix/2/*.nEl/·[le|sio|so|ssio|tio]nnel	suffix/1/nEl/nnel		93.7	32	1.8
prefix	2	ka.a	caa·	0	139	46	140.2	camarade camarades caravane capacité capacités cavalier					140.2	0	0.0
suffix	2	ti.m@	·timents	0	16	9	140.2	sentiments sentiment bâtiment gentiment pressentiment châtiment	ti	suffix/1/m@/ment	suffix/1/m@/ment		140.2	0	0.0
suffix	3	*.na.sj§	·[ber|bor|car|chi|ci|dam|di|fa|gi|gri|gé|lié|ma|mi|pa|sci|sti|ter|ti|to|vi]nation	0	86	52	93.4	imagination destination condamnation hallucinations hallucination nomination	*	suffix/2/na.sj§/nation	suffix/2/na.sj§/nation		93.4	5	1.1
suffix	3	*-{pOR,v@}.o.nEl	·[ac|cca|ci|ddi|di|fe|fonc|la|men|mo|per|ra|rra|rrec|sa|se|ta|tri|tu|vi|xcep]-{pOR,v@}ssionnel	0	121	27	93.3	professionnel exceptionnel professionnelle conditionnelle professionnels exceptionnelle	*-{pOR,v@}	suffix/2/o.nEl/·onnel	suffix/2/o.nEl/·onnel	suffix/3/*-{pOR,v@}.[C]o.nEl/·[ac|cca|ci|ddi|di|fe|fonc|la|men|mo|per|ra|rra|rrec|sa|se|ta|tri|tu|vi|xcep]-{pOR,v@}ssionnel	93.3	20	1.3
suffix	3	tE.°.m@	·tainement	0	27	23	93.1	certainement enterrement volontairement accidentellement enterrements mortellement	tE	suffix/2/°.m@/·°ment	suffix/2/°.m@/·°ment		93.1	2	1.3
suffix	3	[C]o.*-{s°,ti}.m@	·[bau|dio|do|gau|llo|mmo|pau|po|ppo|ro|so|ssau|ssio|trô|vau]lument	0	20	17	92.7	absolument passionnément embaumement résolument isolément chevauchement	*-{s°,ti},[C]o	suffix/2/*-{s°,ti}.m@/·[be|ble|bre|ca|che|chi|cie|claffe|cle|cre|cré|cu|cé|de|di|die|dre|du|dé|dû|ffle|ffre|fie|fle|ge|gi|gle|gne|gre|gré|gu|gue|ille|le|li|lle|lu|lé|lû|ma|me|mmé|mé|ne|ni|nie|nne|nné|noie|nu|nue|né|nû|pe|pie|ple|pli|ppe|pre|que|ra|re|rre|rré|ré|se|ssuie|ssé|sé|ta|te|tie|tre|trie|tru|tte|té|ve|voue|vre|vé|xcré|xe|xtre|é]-{s°,ti}ment	suffix/1/m@/ment		92.7	3	0.2
prefix	1	s°	ce	0	8	5	277.6	celui cependant cerise cerises celas celés					277.6	0	0.0
suffix	3	[C]i.a.m@	·[bli|ci|di|ffi|gli|gui|li|lli|pi|ti|vi]caments	0	15	14	92.1	médicaments évidemment suffisamment médicament intelligemment précipitamment	[C]i	suffix/2/a.m@/·amment	suffix/2/a.m@/·amment		92.1	2	0.1
suffix	3	*-{v@}.sjo.nEl	·[ac|ddi|di|fe|fonc|la|men|mo|ra|rra|rrec|sa|se|ta|ten|tri|tu|xcep]-{v@}ssionnel	0	109	24	92.1	professionnel exceptionnel professionnelle conditionnelle professionnels exceptionnelle	sjo,*-{v@}	suffix/2/sjo.nEl/·sionnel	suffix/1/nEl/nnel		92.1	17	1.3
suffix	3	*-{zo}.[C]y.sj§	·[mi|po|so|sti|sé|ti|tri|tro|ttri|vo|é]-{zo}lution	0	34	20	92.1	révolution exécution évolution constitution prostitution institution	[C]y,*-{zo}	suffix/2/[C]y.sj§/·[bu|cu|llu|lu|nu|ru|tu]tion	suffix/1/sj§/tion		92.1	5	1.4
suffix	2	a.Re	·arer	0	113	10	146.1	préparer préparez préparé comparer comparé préparait					146.1	0	0.0
suffix	3	*.y.m@	·[gé|per|so|ssi|ten|ti|xté]lument	0	8	8	91.7	absolument éperdument résolument prétendument assidûment continûment	*	suffix/2/y.m@/·yment	suffix/2/y.m@/·yment	suffix/3/*.[C]y.m@/·[gé|per|so|ssi|ten|ti|xté]lument	91.7	2	1.0
prefix	2	di.e	die·	0	33	7	136.8	différent différente différentes différents disséqué disséminer					136.8	0	0.0
suffix	1	Ri	ri	0	67	22	273.3	chérie chéri favori chéris chéries canari					273.3	0	0.0
suffix	3	*.[C]i.k5	·[ma|mi|mé|pu]ricain	0	18	5	90.7	américain américains républicains républicain dominicains dominicain	[C]i,*	suffix/2/[C]i.k5/·[bli|fri|ni|ri|xi|ï]cain	suffix/1/k5/cain	suffix/3/*.*.k5/·[ma|mi|mé|pu]ricain	90.7	0	0.0
suffix	4	[C]a.i.li.te	·[a|ba|ca|cca|cia|ga|la|ma|mma|nia|pa|ra|ria|sa|ta|tra|tta|va|via|vra|ça]bilité	0	132	60	67.9	responsabilité culpabilité responsabilités comptabilité amabilité probabilités	[C]a	suffix/3/i.li.te/·ilité	suffix/3/i.li.te/·ilité		67.9	8	0.3
suffix	2	Z°.m@	·gement	0	76	52	135.1	changement jugement changements engagement arrangement logement	Z°	suffix/1/m@/ment	suffix/1/m@/ment		135.1	0	0.0
suffix	2	*-{ti}.tyd	·[bi|bé|ci|gi|gni|gri|li|ni|pi|pli|plé|quié|sué|vi]-{ti}tude	0	29	21	134.9	habitude solitude habitudes inquiétude inquiétudes sollicitude	*-{ti}	suffix/1/tyd/tude	suffix/1/tyd/tude		134.9	1	0.0
suffix	1	nje	nier	0	124	50	269.5	dernier derniers grenier jardinier cuisinier carabiniers					269.5	0	0.0
prefix	1	dOR	dor	0	39	5	268.6	dormir dormi dormais dormez dormait dormira					268.6	0	0.0
suffix	3	[C]i.k°.m@	·[bli|bri|chi|cli|di|fi|gi|li|mi|ni|nni|phi|pi|ri|si|ssi|thi|ti|tri|ï]quement	0	173	173	89.2	uniquement pratiquement physiquement techniquement politiquement automatiquement	k°,[C]i	suffix/2/k°.m@/·quement	suffix/1/m@/ment		89.2	2	0.0
suffix	4	[C]a.bi.li.te	·[a|ba|ca|cca|cia|ga|la|ma|mma|nia|pa|ra|ria|sa|ta|tra|tta|va|via|vra|ça]bilité	0	120	58	66.9	responsabilité culpabilité responsabilités comptabilité amabilité probabilités	[C]a	suffix/3/bi.li.te/bilité	suffix/3/bi.li.te/bilité		66.9	2	0.1
suffix	2	[C]o.Re	·[bo|co|do|fo|gno|go|jo|lio|lo|mo|no|plo|po|rio|ro|tau|to|vo|xplo]rer	0	168	30	133.7	ignorer adoré adorer améliorer ignorez honorer	[C]o	suffix/1/Re/rer	suffix/1/Re/rer		133.7	24	7.9
suffix	2	*.di	·[car|cen|fi|gé|la|lo|mo|mé|no|pé|ro|so]die	0	28	14	133.7	maladie comédie incendie tragédie maladies mélodie	*	suffix/1/di/die	suffix/1/di/die		133.7	0	0.0
suffix	2	[C]i.zj§	·[ci|lli|vi|xci]sion	0	29	16	133.6	décision télévision décisions division provisions précision	[C]i	suffix/1/zj§/sion	suffix/1/zj§/sion		133.6	4	4.5
suffix	2	ni.te	·nité	0	62	30	133.0	unité humanité éternité unités opportunité vanité	ni	suffix/1/te/té	suffix/1/te/té		133.0	0	0.0
suffix	2	y.te	·yter	0	213	22	145.2	discuter discuté disputer exécuter exécuté disputés					145.2	0	0.0
prefix	2	pRo.e	proe·	0	93	13	132.8	protéger procédure protégé procéder protégez protégera					132.8	0	0.0
suffix	2	[C]i.Ze	·[bli|di|ffli|fi|fli|gli|i|mi|ri|rri|si|ti]gé	0	99	15	132.7	obligé diriger obligée obligés obliger corriger	[C]i	suffix/1/Ze/ger	suffix/1/Ze/ger		132.7	0	0.0
suffix	2	[C]e.te	·[cré|ffré|flé|gé|plé|pré|pé|quié|quê|xcré]tez	0	73	14	132.6	inquiétez inquiéter répéter répétez enquêter répété	[C]e	suffix/1/te/ter	suffix/1/te/ter		132.6	13	8.8
prefix	2	de.ku	décou·	0	100	15	132.6	découvert découvrir découverte découper découvertes découpé	ku	prefix/1/de/dé	prefix/1/de/dé		132.6	24	7.0
suffix	3	*.zi.sj§	·[cqui|po|ppo|qui|xpo]sition	0	38	21	87.9	proposition disposition exposition déposition opposition composition	*	suffix/2/zi.sj§/sition	suffix/2/zi.sj§/sition		87.9	3	0.7
suffix	3	[C]i.za.sj§	·[chi|ci|di|gi|i|li|lli|mi|ni|ri|thi|ti|tri|vi]sation	0	218	189	87.9	autorisation organisation civilisation utilisation réalisation organisations	[C]i	suffix/2/za.sj§/sation	suffix/2/za.sj§/sation		87.9	2	0.1
suffix	2	*.kyl	·[ber|di|i|lli|lé|mal|ni|non|nus|pus|sci|ta|ti|tri|vi]cule	0	56	26	131.7	ridicule véhicule crépuscule pellicule minuscule véhicules	*	suffix/1/kyl/cule	suffix/1/kyl/cule		131.7	12	1.1
suffix	3	tE.[C]°.m@	·tainement	0	25	21	87.7	certainement enterrement volontairement enterrements involontairement martèlement	[C]°,tE	suffix/2/[C]°.m@/·[be|ble|bre|ce|che|cle|cre|de|dre|ffle|ffre|fle|ge|gle|gne|gre|gue|ille|le|lle|me|ne|nne|pe|ple|ppe|pre|que|re|rre|sce|se|sse|te|tre|tte|ve|vre|xe|xtre]ment	suffix/1/m@/ment	suffix/3/tE.*-{s°,ti}.m@/·tainement	87.7	0	0.0
suffix	2	si.d@	·cident	0	12	5	131.5	accident incident accidents incidents dissidents occident	si	suffix/1/d@/dent	suffix/1/d@/dent		131.5	0	0.0
suffix	1	sje	cier	0	174	54	263.0	remercier officier policier officiers policiers négocier					263.0	0	0.0
suffix	1	ti	tie	0	24	14	262.7	partie sortie parties garantie sorties modestie					262.7	0	0.0
suffix	2	*-{le}.fik	·[ci|gni|li|né|ri|rri|ti]-{le}fique	0	28	12	131.3	magnifique scientifique magnifiques scientifiques spécifique pacifique	*-{le}	suffix/1/fik/fique	suffix/1/fik/fique		131.3	0	0.0
suffix	2	R°.m@	rement	0	117	105	131.2	clairement entièrement particulièrement sincèrement dernièrement contrairement					131.2	0	0.0
prefix	2	de.[C]@	dé[am|ban|bran|cam|can|cen|chan|clen|cram|fen|jan|mem|men|pen|plan|ran|san|sen|ten|trem]·	0	167	33	131.1	déranger dépensé détendez défendu dépenser dérangé	[C]@	prefix/1/de/dé	prefix/1/de/dé		131.1	156	27.1
suffix	4	*-{me}.i.ta.sj§	·[a|bi|ca|ccré|ci|di|gra|gur|li|lli|re]-{me}citations	0	21	13	65.5	félicitations précipitation réhabilitation félicitation précipitations décapitation	*-{me}	suffix/3/i.ta.sj§/·itation	suffix/3/i.ta.sj§/·itation		65.5	6	0.2
suffix	3	*-{py}.ni.te	·[ba|ca|da|dem|der|dium|ffi|gi|gui|li|ma|mi|mmu|ré|scé|ter|ti|tu|tur|vi]-{py}nité	0	64	32	87.2	humanité éternité opportunité sérénité virginité fraternité	*-{py}	suffix/2/ni.te/nité	suffix/2/ni.te/nité		87.2	10	1.2
suffix	4	*-{me}.[C-{b}]i.ta.sj§	·[bi|ca|ccré|ci|di|gra|gur|li|lli|re]-{me}citations	0	19	12	65.3	félicitations précipitation réhabilitation félicitation précipitations décapitation	[C-{b}]i,*-{me}	suffix/3/[C-{b}]i.ta.sj§/·[ci|di|gi|li|mi|pi|si|vi|xci]-{b}tations	suffix/2/ta.sj§/tation		65.3	5	0.2
suffix	3	i.za.sj§	·isation	0	221	194	86.9	autorisation organisation civilisation utilisation réalisation organisations					86.9	0	0.0
prefix	2	pRe.[C]a	pré[a|da|fa|la|ma|na|pa|sa|va]·	0	73	15	129.9	préparer préparez préparé préparait préparée préparons	[C]a	prefix/1/pRe/pré	prefix/1/pRe/pré		129.9	3	0.0
suffix	3	E.l°.m@	·Ellement	0	74	68	86.5	naturellement personnellement officiellement éternellement harcèlement accidentellement					86.5	0	0.0
suffix	3	*.na.sj§	·[car|chi|ci|dam|di|fa|gi|lié|mi|sci|ter|ti|to|vi]nation	0	57	32	86.5	imagination destination condamnation hallucinations hallucination nomination	na,*	suffix/2/na.sj§/·nation	suffix/1/sj§/tion		86.5	2	0.5
suffix	2	[C]i.fik	·[ci|gni|li|ri|rri|ti]fique	0	26	11	129.7	magnifique scientifique magnifiques scientifiques spécifique pacifique	[C]i	suffix/1/fik/fique	suffix/1/fik/fique		129.7	0	0.0
suffix	2	la.sj§	·lation	0	108	65	129.3	relation population circulation révélation consolation installation	la	suffix/1/sj§/tion	suffix/1/sj§/tion		129.3	0	0.0
suffix	4	[C]i.i.ta.sj§	·[bi|ci|di|li|lli]citations	0	14	8	64.6	félicitations précipitation réhabilitation félicitation précipitations sollicitation	[C]i	suffix/3/i.ta.sj§/·itation	suffix/3/i.ta.sj§/·itation	suffix/4/[C]i.[C-{b}]i.ta.sj§/·[bi|ci|di|li|lli]citations	64.6	1	0.0
prefix	2	de.a	déa·	0	470	85	128.5	dégagez déclaration déshabille dégager déshabiller détacher					128.5	0	0.0
prefix	1	ba	ba	0	333	72	256.4	bataille bagages bagnole baron balancé balancer					256.4	0	0.0
suffix	4	[C]i.si.a.sj§	·[li|lli|mi|ti]citations	0	11	6	64.1	félicitations participation félicitation anticipation sollicitation participations	si,[C]i	suffix/3/si.a.sj§/·citations	suffix/2/a.sj§/·ation		64.1	1	0.0
suffix	3	*-{fla,ni}.ma.sj§	·[bli|cla|ffa|ffir|for|gra|lli|nhu|qua|so|ti|to|xcla|xi]-{fla,ni}mations	0	31	18	85.0	informations information consommation transformation estimation diffamation	ma,*-{fla,ni}	suffix/2/ma.sj§/·mations	suffix/1/sj§/tion		85.0	7	1.1
suffix	3	[C]i.li.te	·[bi|bri|ci|gi|ni|ri|ti|vi]lité	0	86	39	84.8	responsabilité culpabilité responsabilités sensibilité comptabilité utilité	[C]i	suffix/2/li.te/lité	suffix/2/li.te/lité		84.8	4	5.2
suffix	1	ziR	sir	0	15	9	253.1	plaisir choisir saisir plaisirs loisirs moisir					253.1	0	0.0
suffix	3	[C]i.li.te	·[bi|ci|gi|qui|ri|ti|vi]lité	0	60	26	84.3	responsabilité culpabilité responsabilités sensibilité tranquillité comptabilité	li,[C]i	suffix/2/li.te/·lité	suffix/1/te/té		84.3	2	4.2
prefix	1	maR	mar	0	140	36	252.8	marcher marché marchera marqué marchait marchand					252.8	0	0.0
suffix	2	*-{lyk,tEs}.tabl	·[bi|boî|cep|con|cu|domp|dou|fi|for|fu|la|lec|men|mi|mo|nné|pec|po|por|ppor|pré|quen|qui|ri|rien|rri|sen|trac|van|vi|xploi]-{lyk,tEs}table	0	76	39	125.6	véritable confortable insupportable épouvantable inévitable redoutable	*-{lyk,tEs}	suffix/1/tabl/table	suffix/1/tabl/table		125.6	37	2.2
suffix	2	y.sj§	·ytion	0	55	35	125.3	révolution discussion exécution évolution constitution prostitution					125.3	0	0.0
suffix	3	si.a.sj§	·citations	0	39	24	83.5	félicitations hallucinations hallucination participation fascination réconciliation	si	suffix/2/a.sj§/·ation	suffix/2/a.sj§/·ation		83.5	3	0.4
prefix	2	@.i	eni·	0	464	185	125.0	environ environs antidote antibiotiques handicapés envisage					125.0	0	0.0
suffix	4	*.*-{pli}.ka.sj§	·[bri|ci|cor|di|gni|li|mes|mi|mmu|ni|nni|phis|pli|pu|ri|si|ssi|ti|to|tri|ven|vi|zi|é]nication	0	98	69	62.4	communication identification signification communications vérification rééducation	*-{pli},*	suffix/3/*-{pli}.ka.sj§/·[bar|bli|bri|di|du|ffo|ffus|fi|fur|llo|lo|mar|ni|slo|ter|ti|vo|xi|xpli]-{pli}cation	suffix/2/ka.sj§/cation		62.4	7	0.9
prefix	2	5.te	inté	0	15	5	124.6	intérieur intérêts intérieure intégré intérim intérieures					124.6	0	0.0
suffix	2	[C-{t}]i.tyd	·[bi|ci|gi|gni|gri|li|ni|pi|pli|vi]-{t}tude	0	23	16	124.5	habitude solitude habitudes sollicitude plénitude similitudes	[C-{t}]i	suffix/1/tyd/tude	suffix/1/tyd/tude		124.5	0	0.0
suffix	3	[C]o.i.sj§	·[bo|mo|po|ppo|xpo]sition	0	35	20	82.9	proposition disposition exposition déposition opposition composition	[C]o	suffix/2/i.sj§/·ission	suffix/2/i.sj§/·ission		82.9	8	2.1
prefix	2	kO+kOR+kOl+kOm+ko+k§.[C]i	co[bi|ci|di|fi|fie|gi|li|mi|ni|pi|pie|pli|pri|si|ti|tri]·	0	149	30	124.3	comité compliqué considère considéré considérer considération	[C]i	prefix/1/kO+kOR+kOl+kOm+ko+k§/co+col+com+con+cor	prefix/1/kO+kOR+kOl+kOm+ko+k§/co+col+com+con+cor		124.3	45	15.2
suffix	3	ti.[C]°.m@	·thiquement	0	139	124	82.8	pratiquement effectivement avertissement investissement relativement divertissement	[C]°,ti	suffix/2/[C]°.m@/·[be|ble|bre|ce|che|cle|cre|de|dre|ffle|ffre|fle|ge|gle|gne|gre|gue|ille|le|lle|me|ne|nne|pe|ple|ppe|pre|que|re|rre|sce|se|sse|te|tre|tte|ve|vre|xe|xtre]ment	suffix/1/m@/ment		82.8	0	0.0
suffix	3	*-{fiR,ni}.ma.sj§	·[bli|ccla|cla|ffa|for|lli|nhu|qua|ti|to|u|xcla|xi]-{fiR,ni}mations	0	38	24	82.8	informations information transformation acclamations estimation diffamation	*-{fiR,ni}	suffix/2/ma.sj§/mation	suffix/2/ma.sj§/mation		82.8	6	0.5
suffix	1	fje	fier	0	384	79	247.9	vérifier vérifié identifier vérifiez confier identifié					247.9	0	0.0
suffix	3	R2.z°.m@	reusement	0	16	16	82.6	heureusement malheureusement dangereusement généreusement chaleureusement douloureusement					82.6	0	0.0
suffix	3	R2.z°.m@	·reusement	0	16	16	82.6	heureusement malheureusement dangereusement généreusement chaleureusement douloureusement	R2	suffix/2/z°.m@/sement	suffix/2/z°.m@/sement	suffix/3/R2.°.m@/·reusement	82.6	0	0.0
suffix	4	*.bi.i.te	·[a|cia|lu|mmo|pa|sa|si|ta]bilité	0	31	11	61.7	responsabilité culpabilité responsabilités sensibilité comptabilité immobilité	bi,*	suffix/3/bi.i.te/·bilité	suffix/2/i.te/·ité		61.7	0	0.0
suffix	4	me.[C]a.°.m@	·mmédiatement	0	10	7	61.6	immédiatement déménagement irrémédiablement aménagement déménagements aménagements	[C]a,me	suffix/3/[C]a.°.m@/·[a|ba|bla|bra|bâ|ca|cca|cha|cia|da|dia|droi|ga|geoi|gna|gra|la|loi|lâ|ma|mma|na|nia|niâ|nna|noi|noî|pa|pha|pla|qua|quoi|ra|ria|roi|rra|sa|soi|ssa|ssoi|ta|tia|toi|tra|tta|va|via|xa|za|ça]blement	suffix/2/°.m@/·°ment	suffix/4/me.[C]a.[C]°.m@/·mmédiatement;suffix/4/me.[C]a.*-{s°,ti}.m@/·mmédiatement	61.6	0	0.0
prefix	2	@.[C]°	en[che|ge|gre|le|re|se]·	0	31	6	123.0	enlever enlevé enlevez enlevée enregistré enregistre	[C]°	prefix/1/@/en	prefix/1/@/en		123.0	8	1.6
suffix	4	[C]a.[C-{m,s}]i.i.te	·[a|ca|cia|da|ga|gna|la|lla|na|pa|sa|ta|va]bilité	0	45	18	61.5	responsabilité culpabilité responsabilités comptabilité unanimité créativité	[C-{m,s}]i,[C]a	suffix/3/[C-{m,s}]i.i.te/·[bi|bli|bri|di|ffi|fi|gi|gui|li|lli|ni|pi|pli|qui|ri|si|ti|tri|vi|xi|xpli|ï]-{m,s}lité	suffix/2/i.te/·ité		61.5	2	0.3
suffix	2	*.mi	·[dor|ga|la|nne|ri|ta|té]mi	0	24	8	122.7	ennemi ennemis endormie endormi ennemie ennemies	*	suffix/1/mi/mi	suffix/1/mi/mi		122.7	2	0.0
prefix	2	e.@	é@·	0	136	32	122.4	étranger étrangers échanger étrangère échangé étrangères					122.4	0	0.0
suffix	3	*-{py}.ni.te	·[ba|ca|da|dem|der|dium|gi|le|li|ma|mi|mmu|re|ré|ter|ti|tu|vi]-{py}nité	0	46	23	81.5	humanité éternité opportunité sérénité virginité fraternité	ni,*-{py}	suffix/2/ni.te/·nité	suffix/1/te/té		81.5	4	0.8
suffix	4	*.i.ka.sj§	·[bi|bri|ci|cor|di|dju|du|gni|li|mes|mi|mmu|mé|na|ni|nni|phis|pli|pu|ri|si|ssi|ti|to|tri|ven|vi|zi]nication	0	107	76	61.0	communication identification signification communications vérification qualifications	*	suffix/3/i.ka.sj§/·ication	suffix/3/i.ka.sj§/·ication		61.0	7	0.9
suffix	4	*.[C]i.li.te	·[a|cia|fer|la|mmo|pa|sa|si|ta|vé]bilité	0	32	14	60.9	responsabilité culpabilité responsabilités sensibilité comptabilité immobilité	[C]i,*	suffix/3/[C]i.li.te/·[bi|bri|ci|gi|ni|ri|ti|vi]lité	suffix/2/li.te/lité		60.9	6	0.6
suffix	4	*.[C]i.li.te	·[a|cia|la|mmo|pa|sa|si|ta]bilité	0	26	11	60.9	responsabilité culpabilité responsabilités sensibilité comptabilité immobilité	li,[C]i,*	suffix/3/[C]i.li.te/·[bi|ci|gi|qui|ri|ti|vi]lité	suffix/1/te/té		60.9	4	0.6
prefix	2	@.[C]a	en[a|ca|cloî|dia|fa|fla|foi|ga|gra|joi|la|ra|sa|ta|toi|tra|va]·	0	197	34	121.7	enfoiré engagé engager enfoirés engagée engageons	[C]a	prefix/1/@/en	prefix/1/@/en		121.7	135	17.7
suffix	4	*.bi.li.te	·[a|cia|lu|mmo|pa|sa|si|ta]bilité	0	26	11	60.8	responsabilité culpabilité responsabilités sensibilité comptabilité immobilité	bi,*	suffix/3/bi.li.te/·bilité	suffix/2/li.te/lité	suffix/4/*.bi.li.te/·[a|cia|lu|mmo|pa|sa|si|ta]bilité	60.8	0	0.0
suffix	1	te	tter	0	162	36	243.2	quitter quitté quittez regretter quittée gratter					243.2	0	0.0
prefix	2	o.to	auto	0	194	75	121.1	autorité autorités autoroute autorisé autographe autorise					121.1	0	0.0
suffix	4	*.[C]i.ka.sj§	·[bri|ci|cor|di|gni|li|mes|mi|mmu|na|ni|nni|phis|pli|pu|ri|si|ssi|ti|to|tri|ven|vi|zi]nication	0	101	71	60.5	communication identification signification communications vérification qualifications	[C]i,*	suffix/3/[C]i.ka.sj§/·[bli|bri|di|fi|ni|pli|ppli|ti|xi|xpli]cation	suffix/2/ka.sj§/cation		60.5	6	0.9
prefix	2	se.y	séy·	0	26	9	120.6	sécurité sécurisé sécurisée sécuriser sécurisez cellulite					120.6	0	0.0
suffix	2	v°.m@	vement	1	99	91	120.6	mouvement effectivement mouvements définitivement attentivement enlèvement					120.6	0	0.0
suffix	1	ne	née	0	38	17	240.7	journée tournée matinée cheminée journées destinée					240.7	0	0.0
suffix	3	*.mi.ne	·[a|che|cri|do|li|llu|lu|ssé|ta|ter|xter]miner	0	71	15	80.2	examiner éliminer déterminer examiné éliminé exterminer	mi,*	suffix/2/mi.ne/·miné	suffix/1/ne/ner		80.2	7	0.5
prefix	2	de.u	déu·	0	264	44	120.1	découvert dégoûtant découverte découper découvertes découpé					120.1	0	0.0
suffix	4	*.*-{fR2}.z°.m@	·[bo|bour|bra|bu|con|cor|cu|da|dan|di|du|ffec|ffi|ge|gi|gou|gra|gue|gé|len|leu|lheu|li|lli|lo|lou|lup|lé|mi|mo|mul|nheu|ni|nu|né|pec|pi|pri|pu|ra|re|ren|ri|scien|sti|sé|ta|te|ten|ti|tio|to|tra|tri|tru|tu|té|vei|vou]reusement	0	74	74	60.0	malheureusement merveilleusement dangereusement généreusement mystérieusement chaleureusement	*-{fR2},*	suffix/3/*-{fR2}.z°.m@/·[boi|bra|bu|cheu|cieu|deu|dieu|dio|eu|geoi|geu|gieu|gneu|gueu|gui|illeu|leu|lleu|loi|lou|meu|mu|neu|nieu|nneu|noi|nueu|nui|peu|pieu|pui|queu|quieu|quoi|reu|rieu|ro|roi|sseu|teu|tieu|toi|treu|tueu|vai|veu|voi|vreu|xueu|y]-{fR2}sement	suffix/2/z°.m@/sement		60.0	25	0.5
suffix	2	*-{ve}.R@s	·[ffé|fé|gé|pa|ppa|é]-{ve}rence	0	24	13	120.0	différence conférence apparence référence apparences préférence	*-{ve}	suffix/1/R@s/rence	suffix/1/R@s/rence		120.0	3	0.1
suffix	4	*-{bu,zi}.ti.[C]°.m@	·[an|aus|ba|brep|bé|cas|cep|cra|des|do|fan|fec|ffec|ga|gi|gné|guis|je|jec|la|lec|len|li|lis|llec|ly|ma|man|mes|mi|mé|na|no|nu|né|o|pa|pec|phé|ra|sis|tas|then|thé|tinc|tis|ver|ves|xta]-{bu,zi}tivement	0	82	77	59.9	effectivement avertissement investissement relativement divertissement politiquement	[C]°,ti,*-{bu,zi}	suffix/3/ti.[C]°.m@/·thiquement	suffix/1/m@/ment		59.9	16	1.1
suffix	3	*.pe.Re	·[as|cu|o|ses|tu]pérer	0	31	5	79.2	récupérer récupéré coopérer désespéré désespérée récupérez	pe,*	suffix/2/pe.Re/·pérer	suffix/1/Re/rer		79.2	0	0.0
prefix	2	R°.[C]y	re[bu|chu|cu|flu|flue|fu|ju|mu|mue|pu]·	0	120	11	118.8	refusé reculez refuser refusez reculer refusait	[C]y	prefix/1/R°/re	prefix/1/R°/re		118.8	38	2.2
suffix	1	to	to	0	70	42	237.4	photo photos resto hosto magnéto porto					237.4	0	0.0
suffix	3	[C]o.zi.sj§	·[po|ppo|xpo]sition	0	33	19	79.0	proposition disposition exposition déposition opposition composition	[C]o	suffix/2/zi.sj§/sition	suffix/2/zi.sj§/sition		79.0	0	0.0
suffix	3	*-{v9,za}.e.m@	·[bé|ci|do|dé|fon|for|gé|lai|mi|mmen|mmu|nor|pa|pi|ppo|pu|pé|ssio|ssu|sti|su|ta|tu|xpre|é]-{v9,za}dément	0	35	35	79.0	profondément précisément énormément désespérément séparément décidément	*-{v9,za}	suffix/2/e.m@/·ement	suffix/2/e.m@/·ement	suffix/3/*-{v9,za}.[C]e.m@/·[bé|ci|do|dé|fon|for|gé|lai|mi|mmen|mmu|nor|pa|pi|ppo|pu|pé|ssio|ssu|sti|su|ta|tu|xpre|é]-{v9,za}dément	79.0	7	1.4
suffix	3	*.[C]E.s@	·[co|pa|ppa|té]ressant	0	10	5	78.8	intéressant reconnaissant intéressants reconnaissants inintéressants inintéressant	[C]E,*	suffix/2/[C]E.s@/·[bai|cai|grai|nai|nnai|rai|re]ssant	suffix/1/s@/ssant		78.8	0	0.0
prefix	2	Re.[C]E	ré[e|fle|vei]·	0	45	5	118.1	réveiller réveillé réveillée réveillez réflexion réveillera	[C]E	prefix/1/Re/ré	prefix/1/Re/ré		118.1	0	0.0
suffix	2	*.s@	·[a|bi|bli|bou|ca|chi|ci|di|dri|gi|goi|gri|gui|i|joui|la|li|lli|mi|ni|nnai|nni|noui|pi|pli|pou|ppre|pui|rai|re|ri|roi|rra|rri|si|ssi|ti|tri|tti|va|vi|vri]ssant	0	159	89	118.0	intéressant reconnaissant embarrassant ravissant impuissant intéressants	*	suffix/1/s@/ssant	suffix/1/s@/ssant		118.0	16	1.3
suffix	2	n°.Ri	·neries	0	70	45	117.5	conneries connerie sonnerie cochonneries mutinerie âneries	n°	suffix/1/Ri/rie	suffix/1/Ri/rie		117.5	0	0.0
prefix	2	kO+kOR+kOl+kOm+ko+k§.[C]o	con[co|do|lo|o|plo|po|pro|so|to|trô|vo]·	0	189	30	117.4	contrôler condoléances compromis coopérer coopération contrôlé	[C]o	prefix/1/kO+kOR+kOl+kOm+ko+k§/co+col+com+con+cor	prefix/1/kO+kOR+kOl+kOm+ko+k§/co+col+com+con+cor		117.4	41	6.9
suffix	2	[C]8a.sj§	·[lua|nua|tua]tion	0	15	9	116.9	situation situations évaluation insinuations continuation fluctuations	[C]8a	suffix/1/sj§/tion	suffix/1/sj§/tion		116.9	0	0.0
suffix	1	Ne	gner	0	214	43	233.3	accompagner soigner éloigner témoigner baigner enseigner					233.3	0	0.0
suffix	3	[C]i.na.sj§	·[chi|ci|cli|di|gi|gri|mi|pi|sci|sti|ti|vi]nation	0	67	39	77.7	imagination destination hallucinations hallucination nomination détermination	[C]i	suffix/2/na.sj§/nation	suffix/2/na.sj§/nation		77.7	0	0.0
suffix	4	*.2.z°.m@	·[bo|bra|bu|con|cor|cu|da|dan|di|du|ffi|ge|gi|gou|gra|gue|gé|len|leu|lheu|li|lli|lo|lou|lé|mi|mo|mou|nheu|ni|nu|né|pi|pri|pu|ra|re|ren|ri|scien|sti|sé|ta|te|ten|ti|tio|to|tra|tri|tru|tu|té|vei|vou]reusement	0	68	68	58.3	malheureusement merveilleusement dangereusement généreusement mystérieusement chaleureusement	*	suffix/3/2.z°.m@/·2sement	suffix/3/2.z°.m@/·2sement	suffix/4/*.[C]2.z°.m@/·[bo|bra|bu|con|cor|cu|da|dan|di|du|ffi|ge|gi|gou|gra|gue|gé|len|leu|lheu|li|lli|lo|lou|lé|mi|mo|mou|nheu|ni|nu|né|pi|pri|pu|ra|re|ren|ri|scien|sti|sé|ta|te|ten|ti|tio|to|tra|tri|tru|tu|té|vei|vou]reusement	58.3	16	0.2
prefix	2	di.*	di[gi|gé|la|rec|ri|va|ver|vi]·	0	141	20	116.5	directeur division directrice diversion divisionnaire directeurs	*	prefix/1/di/di	prefix/1/di/di		116.5	7	2.1
suffix	4	*.a.t°.m@	·[dé|la|li|mmé]diatement	0	5	5	58.1	immédiatement délicatement maladroitement adéquatement inadéquatement	*	suffix/3/a.t°.m@/·atement	suffix/3/a.t°.m@/·atement	suffix/4/*.[C]a.t°.m@/·[dé|la|li|mmé]diatement	58.1	1	0.0
suffix	2	y.m@	·yment	0	19	14	115.5	absolument instrument instruments éperdument éternuement résolument					115.5	0	0.0
prefix	2	@.[C]a	em[ba|boî|bra|ma|pa|pla|plâ|poi|pâ]·	0	198	25	115.1	embrasser embrassé embrassez embrassée emplacement emparer	[C]a	prefix/1/@/em	prefix/1/@/em		115.1	60	4.1
suffix	3	*-{Ro}.si.te	·[bli|bri|ca|co|di|fi|ga|li|na|ni|pa|pli|pro|qua|ra|ri|ria|ti|tri|tro|va|ï]-{Ro}cité	0	104	52	76.7	électricité publicité capacité capacités complicité efficacité	*-{Ro}	suffix/2/si.te/cité	suffix/2/si.te/cité		76.7	16	0.6
suffix	1	l9R	leur	1	96	50	229.3	douleur couleur chaleur couleurs douleurs contrôleur					229.3	0	0.0
suffix	4	[C]a.[C]i.[C]i.te	·[a|ca|cia|ga|la|na|pa|sa|ta]bilité	0	28	12	57.3	responsabilité culpabilité responsabilités comptabilité unanimité relativité	[C]i,[C]i,[C]a	suffix/3/[C]i.[C]i.te/·[bi|bli|ci|gi|li|ni|qui|ri|ti|tri|vi|ï]lité	suffix/1/te/té		57.3	0	0.0
suffix	3	*-{Ze,na}.la.sj§	·[a|bi|bri|bu|co|cu|du|ge|gu|i|mi|mu|nnu|nu|pe|pi|pu|so|su|ta|ti|tu|vu|vé]-{Ze,na}lation	0	84	50	76.3	population circulation révélation consolation installation simulation	la,*-{Ze,na}	suffix/2/la.sj§/·lation	suffix/1/sj§/tion		76.3	11	1.1
suffix	3	*-{Ze,na}.la.sj§	·[a|bi|bu|co|cu|du|gu|i|mi|mu|nnu|nu|pi|po|pu|so|ti|tu|vu|vé]-{Ze,na}lation	0	96	60	76.1	population circulation révélation consolation immatriculation simulation	*-{Ze,na}	suffix/2/la.sj§/lation	suffix/2/la.sj§/lation		76.1	13	1.2
prefix	3	te.e.*	télé[a|ca|char|ci|co|con|di|fa|gra|gui|gé|mar|me|mé|ob|pho|promp|re|ri|ro|sur|tra|ven|vi]·	0	82	40	76.0	télévision téléphoné téléphonique télécommande téléphoniques télévisé	*	prefix/2/te.e/tée·	prefix/2/te.e/tée·		76.0	13	0.8
prefix	2	k§.°	com°·	0	200	57	113.9	comprenez convenable contrebande contremaître concevoir contredire					113.9	0	0.0
suffix	1	sil	cile	0	15	7	227.8	difficile imbécile difficiles domicile imbéciles indocile					227.8	0	0.0
suffix	2	*.Rabl	·[bou|bé|chi|cou|cu|do|du|dé|fé|lio|lé|mi|mo|no|né|o|pa|pi|plo|po|pé|su|sé|ti|té|vo]rable	0	92	45	113.7	adorable misérable honorable admirable vulnérable favorable	*	suffix/1/Rabl/rable	suffix/1/Rabl/rable		113.7	11	2.1
prefix	2	5.[C]e	im[pe|pié|pre|pré|pé]·	0	35	19	113.7	impression impressionné impeccable imprévisible impressions impénétrables	[C]e	prefix/1/5/im	prefix/1/5/im		113.7	1	0.0
suffix	2	[C]a.se	·[ca|fa|ffa|ga|la|ma|na|pa|pla|tra]cer	0	95	15	113.5	remplacer menacé déplacer effacer remplacé déplacé	[C]a	suffix/1/se/cer	suffix/1/se/cer		113.5	11	1.2
prefix	2	de.[C-{z}]o	dé[blo|bo|chau|co|cro|do|fau|flo|gau|go|gro|jau|lo|mo|no|o|po|pro|ro|so|to|trô]-{z}·	0	416	70	113.3	déposer déposition déposé décoller décollage décrocher	[C-{z}]o	prefix/1/de/dé	prefix/1/de/dé		113.3	120	7.7
suffix	2	mi.sj§	·mission	0	22	12	113.3	permission émission commission transmission démission émissions	mi	suffix/1/sj§/ssion	suffix/1/sj§/ssion		113.3	0	0.0
suffix	2	[C]i.sj§	·[mi|mmi|sci]ssion	0	23	13	113.3	permission émission commission transmission démission émissions	[C]i	suffix/1/sj§/ssion	suffix/1/sj§/ssion		113.3	0	0.0
suffix	1	tal	tal	0	166	56	226.6	hôpital mentale cristal mental capital brutal					226.6	0	0.0
suffix	2	[C]E.s9R	·[cai|ce|dre|fe|gre|nnai|pai|ppre]sseur	0	24	9	113.3	professeur professeurs agresseur épaisseur agresseurs confesseur	[C]E	suffix/1/s9R/sseur	suffix/1/s9R/sseur		113.3	4	1.1
suffix	2	*.nER	·[bra|ce|cu|di|gi|gui|gé|llé|mi|mo|pa|pli|ri|ro|te|ter|tri|té]naire	0	72	28	113.2	extraordinaire partenaire ordinaire partenaires ordinaires imaginaire	*	suffix/1/nER/naire	suffix/1/nER/naire		113.2	11	1.3
suffix	2	*-{S°,pRu}.ve	·[cur|le|ne|ner|pra|rri|ser|ti]-{S°,pRu}vé	0	73	17	113.0	arrivé élevé élevée arrivée élevés relevés	*-{S°,pRu}	suffix/1/ve/vé	suffix/1/ve/vé		113.0	36	2.1
suffix	1	nal	nal	1	170	63	226.0	journal tribunal nationale national original international					226.0	0	0.0
suffix	2	[C]i.kyl	·[di|i|lli|ni|ri|sci|ti|tri|vi]cule	0	38	18	113.0	ridicule véhicule pellicule véhicules ridicules matricule	[C]i	suffix/1/kyl/cule	suffix/1/kyl/cule		113.0	4	1.0
suffix	1	lo	lot	0	42	20	225.8	boulot matelot boulots matelots merlot bibelots					225.8	0	0.0
suffix	3	E.R°.m@	·Erement	0	62	60	75.2	particulièrement sincèrement dernièrement contrairement régulièrement premièrement					75.2	0	0.0
suffix	2	ti.m@	timent	0	18	10	112.8	sentiments sentiment gentiment pressentiment châtiment compartiment					112.8	0	0.0
prefix	3	te.le.*	télé[a|ca|char|ci|co|con|di|fa|gra|gui|gé|mar|me|mé|ob|pho|promp|re|ro|sur|tra|ven|vi]·	0	80	39	75.2	télévision téléphoné téléphonique télécommande téléphoniques télévisé	*	prefix/2/te.le/télé	prefix/2/te.le/télé		75.2	13	0.8
suffix	2	*.k5	·[bli|cis|fri|ni|ri|ro|xi|ï]cain	0	36	10	112.7	américain américains mexicain républicains mexicains africain	*	suffix/1/k5/cain	suffix/1/k5/cain		112.7	0	0.0
suffix	2	zi.sj§	·sition	0	20	10	112.4	position disposition déposition positions opposition composition	zi	suffix/1/sj§/tion	suffix/1/sj§/tion		112.4	0	0.0
prefix	2	a.§	a§·	0	152	16	112.3	accompagne affronter allonger accompli allongé accompagné					112.3	0	0.0
suffix	2	a.se	·asser	0	500	49	119.4	débarrasser remplacer remplacé débarrassé débarrassez remplacera					119.4	0	0.0
prefix	2	dis.y	disy·	0	67	7	112.1	discuter discuté disputer disputés discutons disputé					112.1	0	0.0
suffix	3	*-{bE,pRE}.s°.m@	·[a|au|bi|bli|bou|bri|ca|cai|chi|ci|di|dre|dri|gi|gri|gui|i|illi|la|li|lli|mi|mou|na|ni|nni|noui|pa|pi|pli|re|ri|roi|rra|rri|si|ssi|ti|tri|tti|vi|vri]-{bE,pRE}ssement	0	191	131	74.7	avertissement applaudissements établissement investissement gémissements divertissement	*-{bE,pRE}	suffix/2/s°.m@/ssement	suffix/2/s°.m@/ssement		74.7	39	1.4
suffix	3	[C]i.na.sj§	·[chi|ci|cli|di|gi|mi|sci|ti|vi]nation	0	49	27	74.6	imagination destination hallucinations hallucination nomination détermination	na,[C]i	suffix/2/na.sj§/·nation	suffix/1/sj§/tion		74.6	0	0.0
suffix	3	[C]ER.*-{s°,ti}.m@	·[fer|ler|mer|per|scer|ser|ter|ver|xper]nement	0	18	13	74.6	gouvernement remerciements gouvernements remerciement ouvertement éperdument	*-{s°,ti},[C]ER	suffix/2/*-{s°,ti}.m@/·[be|ble|bre|ca|che|chi|cie|claffe|cle|cre|cré|cu|cé|de|di|die|dre|du|dé|dû|ffle|ffre|fie|fle|ge|gi|gle|gne|gre|gré|gu|gue|ille|le|li|lle|lu|lé|lû|ma|me|mmé|mé|ne|ni|nie|nne|nné|noie|nu|nue|né|nû|pe|pie|ple|pli|ppe|pre|que|ra|re|rre|rré|ré|se|ssuie|ssé|sé|ta|te|tie|tre|trie|tru|tte|té|ve|voue|vre|vé|xcré|xe|xtre|é]-{s°,ti}ment	suffix/1/m@/ment		74.6	7	2.3
suffix	2	[C]aj.abl	·[loy|roy|toy|ttoy]able	0	14	6	111.8	incroyable pitoyable incroyables impitoyable effroyable impitoyables	[C]aj	suffix/1/abl/able	suffix/1/abl/able		111.8	0	0.0
suffix	2	[C]y.te	·[bu|chu|cru|cu|ffû|lu|mmu|mu|nu|ppu|pu|u|zu]ter	0	120	23	111.6	discuter discuté exécuter exécuté débuté discutez	[C]y	suffix/1/te/ter	suffix/1/te/ter		111.6	31	26.5
prefix	2	Re.[C]y	ré[cu|du|pu|u]·	0	80	12	111.3	réunion réunis réunir réunions réuni républicains	[C]y	prefix/1/Re/ré	prefix/1/Re/ré		111.3	2	1.3
prefix	2	E.i	ei·	1	103	20	111.2	explication exprimer expliqué excitant explications excité					111.2	0	0.0
suffix	1	R@	rant	0	140	69	222.0	courant restaurant mourant restaurants carburant courants					222.0	0	0.0
suffix	3	*-{pa,to}.[C]a.m@	·[bli|bon|cha|con|cé|ffi|ffé|gli|gui|lli|lé|nno|pen|pi|pri|sé|ti|vei|vi|vé|xce]-{pa,to}demment	0	27	27	73.8	évidemment suffisamment précédemment différemment inconsciemment intelligemment	[C]a,*-{pa,to}	suffix/2/[C]a.m@/·[a|ce|cha|da|de|ga|ge|gea|illa|la|le|lla|lle|ne|nna|que|ra|re|rre|sa|scie|ssa|ta|tie|va]mment	suffix/1/m@/mment		73.8	15	1.8
suffix	2	[C]i.sje	·[ffi|fi|li|pi|ppli|rri|ti]cier	0	30	9	110.6	officier policier officiers policiers épicier justicier	[C]i	suffix/1/sje/cier	suffix/1/sje/cier		110.6	0	0.0
suffix	2	t°.niR	tenir	0	65	5	183.8	maintenant maintenir soutenir appartenait entretenir soutenu					183.8	0	0.0
suffix	2	di.sj§	·ddition	0	17	10	109.8	condition conditions tradition audition expédition addition	di	suffix/1/sj§/tion	suffix/1/sj§/tion		109.8	0	0.0
suffix	3	*.v°.m@	·[chè|di|grè|lè|ner|sci|si|ssi|ti|vi|è|ï]vement	0	92	85	73.1	effectivement définitivement attentivement enlèvement relativement prélèvement	*	suffix/2/v°.m@/vement	suffix/2/v°.m@/vement		73.1	2	0.1
suffix	2	ma.sj§	mation	0	58	38	109.6	informations information formation confirmation transformation acclamations					109.6	0	0.0
suffix	4	[C]a.bi.i.te	·[a|cia|pa|sa|ta]bilité	0	23	7	54.8	responsabilité culpabilité responsabilités comptabilité réhabilité réhabiliter	bi,[C]a	suffix/3/bi.i.te/·bilité	suffix/2/i.te/·ité		54.8	0	0.0
suffix	2	k°.m@	quement	0	204	197	109.4	uniquement pratiquement physiquement techniquement brusquement embarquement					109.4	0	0.0
suffix	2	[C]e.te	·[bé|cié|pié|pé|rié|tié|xié|é]té	0	29	11	109.4	société propriété sociétés propriétés anxiété variété	[C]e	suffix/1/te/té	suffix/1/te/té		109.4	7	1.1
suffix	2	te.Rj9R	·térieur	0	24	5	109.4	intérieur intérieure antérieure antérieur intérieures intérieurs	te	suffix/1/Rj9R/rieur	suffix/1/Rj9R/rieur		109.4	0	0.0
suffix	3	[C]a.a.sj§	·[a|ccla|cla|dam|dra|fa|ffa|fla|gra|la|ma|nha|pa|qua|ra|ta|va|xploi]ration	0	41	27	72.9	déclaration séparation condamnation préparation réparation installation	[C]a	suffix/2/a.sj§/·ation	suffix/2/a.sj§/·ation		72.9	27	10.0
suffix	2	e.m@	·ement	0	55	50	109.5	forcément profondément précisément énormément désespérément séparément					109.5	0	0.0
prefix	2	a.bi	habi	0	84	10	108.9	habitants habiter habituer habitait habitez habitué					108.9	0	0.0
suffix	2	[C]i.k5	·[bli|fri|ni|ri|xi|ï]cain	0	28	8	108.7	américain américains mexicain républicains mexicains africain	[C]i	suffix/1/k5/cain	suffix/1/k5/cain		108.7	0	0.0
suffix	1	Ral	ral	1	133	45	217.0	général générale caporal fédéral amiral fédérale					217.0	0	0.0
suffix	3	*.za.sj§	·[ccu|cu|i|li|ni|ri|ti|tri|vi]sation	0	70	52	72.1	organisation accusation civilisation accusations utilisation réalisation	za,*	suffix/2/za.sj§/·sation	suffix/1/sj§/tion		72.1	0	0.0
suffix	3	[C]OR.a.sj§	·[bor|for|or|por|xpor]mations	0	20	14	72.1	informations information transformation déportation transformations téléportation	[C]OR	suffix/2/a.sj§/·ation	suffix/2/a.sj§/·ation		72.1	5	2.2
suffix	1	pe	pper	0	72	16	216.0	frappé échapper frapper échappé frappée développer					216.0	0	0.0
suffix	4	[C]a.*-{mi}.li.te	·[a|cia|la|pa|sa|ta|â]bilité	0	22	9	54.0	responsabilité culpabilité responsabilités comptabilité rentabilité réhabilités	li,*-{mi},[C]a	suffix/3/*-{mi}.li.te/·[a|ba|bi|ca|cia|da|dua|dé|ga|gi|gra|ma|na|nna|qui|ra|ri|ria|sa|sua|ta|ti|tia|tra|tua|va|vi|via|xua]-{mi}lité	suffix/1/te/té		54.0	0	0.0
suffix	4	[C]a.[C]i.li.te	·[a|cia|la|pa|sa|ta]bilité	0	20	8	54.0	responsabilité culpabilité responsabilités comptabilité rentabilité réhabilités	li,[C]i,[C]a	suffix/3/[C]i.li.te/·[bi|ci|gi|qui|ri|ti|vi]lité	suffix/1/te/té		54.0	0	0.0
suffix	4	[C]a.bi.li.te	·[a|cia|pa|sa|ta]bilité	0	18	7	53.9	responsabilité culpabilité responsabilités comptabilité rentabilité réhabilités	bi,[C]a	suffix/3/bi.li.te/·bilité	suffix/2/li.te/lité	suffix/4/[C]a.bi.li.te/·[a|cia|pa|sa|ta]bilité	53.9	0	0.0
suffix	2	za.sj§	sation	0	225	194	107.8	autorisation organisation accusation civilisation accusations utilisation					107.8	0	0.0
prefix	3	5.[C]OR.*	infor[ma|me|mu|po|tu]·	0	26	7	71.8	informations information informateur informerai informateurs infortuné	[C]OR,*	prefix/2/5.[C]OR/in[cor|for|sor]·	prefix/1/5/in		71.8	0	0.0
prefix	2	ma.a	maa·	0	86	30	107.7	maladie maladies manager maladroit massacré maladroite					107.7	0	0.0
suffix	3	[C]ER.i.te	·[cer|der|ter|ver]sité	0	22	11	71.7	université éternité fraternité maternité universités paternité	[C]ER	suffix/2/i.te/·ité	suffix/2/i.te/·ité		71.7	0	0.0
suffix	1	je	yer	0	78	24	214.9	essayer essayez effrayer balayer balayé frayer					214.9	0	0.0
prefix	2	@.e	eme·	0	143	24	107.4	empêcher empêché embêter enquêter emménager emménagé					107.4	0	0.0
prefix	1	ply	plu	0	30	12	214.7	plutôt plumer pluriel pluvieux plumage plumé					214.7	0	0.0
suffix	2	i.k5	·icain	0	64	11	121.7	américain américains américaine républicains américaines républicain					121.7	0	0.0
suffix	3	a.l°.m@	·alement	0	88	84	71.5	normalement spécialement généralement littéralement mentalement principalement					71.5	0	0.0
suffix	2	k°.m@	·quement	0	203	196	106.9	uniquement pratiquement physiquement techniquement brusquement embarquement	k°	suffix/1/m@/ment	suffix/1/m@/ment		106.9	0	0.0
suffix	2	ma.sj§	·mations	0	48	29	106.8	informations information formation consommation transformation estimation	ma	suffix/1/sj§/tion	suffix/1/sj§/tion		106.8	0	0.0
prefix	2	pER.*-{tyR,vER}	per[chlo|co|du|fo|for|fu|me|mi|mu|si|sé]-{tyR,vER}·	0	66	20	106.7	permettez permission permettra permettrai permettrait permettant	*-{tyR,vER}	prefix/1/pER/per	prefix/1/pER/per		106.7	26	2.1
suffix	4	*.*-{pli}.ka.sj§	·[ci|cor|di|gni|li|mmu|ni|pli|pu|ra|ri|si|ssi|ti|to|ven|é]nication	0	42	27	53.3	communication identification signification communications vérification rééducation	ka,*-{pli},*	suffix/3/*-{pli}.ka.sj§/·[bar|bli|bri|di|du|ffo|fi|fé|llo|lo|ni|ti|vo|xi|xpli]-{pli}cation	suffix/1/sj§/tion		53.3	1	0.0
prefix	1	pOR	por	0	84	15	213.3	portable portait portrait porté portez portée					213.3	0	0.0
suffix	3	[C]i.s°.m@	·[bi|bli|bri|chi|ci|di|dri|foui|gi|gri|gui|i|illi|li|lli|mi|ni|nni|noui|pi|pli|ri|rri|si|ssi|ti|tri|tti|vi|vri]ssement	0	169	116	71.1	avertissement applaudissements établissement investissement gémissements divertissement	[C]i	suffix/2/s°.m@/ssement	suffix/2/s°.m@/ssement		71.1	13	0.2
suffix	2	si.te	·cité	0	44	21	106.6	université électricité publicité capacité capacités nécessité	si	suffix/1/te/té	suffix/1/te/té		106.6	0	0.0
prefix	3	5.fOR.*	infor[ma|me|mu|tu]·	0	20	5	71.0	informations information informateur informerai informateurs infortuné	fOR,*	prefix/2/5.fOR/infor·	prefix/1/5/in		71.0	0	0.0
suffix	3	[C]o.i.te	·[bbo|co|dio|gio|go|jo|lo|mmo|no|o|pro|rio|ro|to|tro|vio|vo]rité	0	54	27	71.0	autorité autorités majorité priorité priorités minorité	[C]o	suffix/2/i.te/·ité	suffix/2/i.te/·ité		71.0	2	0.1
prefix	2	de.[C]i	dé[bi|bri|brie|chi|ci|cli|cri|crie|fi|fie|fri|gi|gri|gui|li|lie|mi|my|ni|pi|pri|qui|ri|si|tri|vi]·	0	457	71	106.3	défilé démission déguisé démissionne démissionné démissionner	[C]i	prefix/1/de/dé	prefix/1/de/dé		106.3	167	23.3
suffix	2	*-{p@,s@}.d@	·[ba|bon|ci|con|cor|cui|dju|gar|gra|li|mer|mi|mman|mmo|nau|pi|pon|ra|rau|ssé|sé|ten|xcé|xy]-{p@,s@}dant	0	60	30	106.3	commandant adjudant intendant prétendant correspondant prétendants	*-{p@,s@}	suffix/1/d@/dant	suffix/1/d@/dant		106.3	15	1.5
suffix	3	ba.°.m@	·bablement	0	12	9	70.8	probablement globalement verbalement abattement entrebâillement emballement	ba	suffix/2/°.m@/·°ment	suffix/2/°.m@/·°ment	suffix/3/ba.[C]°.m@/·bablement;suffix/3/ba.*-{s°,ti}.m@/·bablement	70.8	0	0.0
prefix	2	e.vi	évi	0	46	7	106.2	éviter évident évité évitez évidente évitera					106.2	0	0.0
suffix	2	pRe.sj§	·ppression	0	10	5	106.1	impression dépression répression oppression impressions suppression	pRe	suffix/1/sj§/ssion	suffix/1/sj§/ssion		106.1	0	0.0
prefix	2	pRO.*	pro[fe|gé|me|pre|ve]·	0	19	5	106.1	professeur professeurs propreté promenais promenait promené	*	prefix/1/pRO/pro	prefix/1/pRO/pro		106.1	0	0.0
suffix	3	pe.a.sj§	·peration	0	12	7	70.5	opération opérations coopération récupération exaspération appellation	pe	suffix/2/a.sj§/·ation	suffix/2/a.sj§/·ation		70.5	0	0.0
suffix	2	*.t@s	·[bec|cons|cque|dis|fec|ffe|mi|pen|por|pé|sis|ssis|trai]tance	0	24	17	105.7	importance circonstances résistance assistance circonstance consistance	*	suffix/1/t@s/tance	suffix/1/t@s/tance		105.7	6	2.0
suffix	2	i.fje	·ifier	0	575	59	115.9	identifier identifié justifier planifié justifie sanctifié					115.9	0	0.0
prefix	3	R°.[C]o.*-{nE}	reco[bi|de|duc|dui|dè|gra|mman|mmen|nnec|se|si]-{nE}·	0	126	13	70.2	recommencer recommencez reproduira reproduction recommandé recommencé	[C]o,*-{nE}	prefix/2/R°.[C]o/re[bro|chau|co|do|fau|lo|mo|no|po|pro|vau|vo]·	prefix/1/R°/re		70.2	24	2.2
prefix	1	m§	mon	0	63	12	210.5	monter monseigneur monté montez montage montée					210.5	0	0.0
suffix	3	pe.[C]a.sj§	·peration	0	9	5	70.0	opération opérations coopération récupération exaspération interpellations	[C]a,pe	suffix/2/[C]a.sj§/·[a|ba|bra|ca|cia|cra|da|dia|fla|ga|gna|gra|la|lia|lla|ma|mma|na|pa|pla|qua|ra|ria|rra|sa|sla|ssa|ta|tia|tra|tta|va|via|xa|xpia]tion	suffix/1/sj§/tion		70.0	0	0.0
suffix	2	[C]§.se	·[fon|mon|nnon|non]cer	0	55	9	104.9	annoncer renoncer dénoncer annoncé prononcer enfoncer	[C]§	suffix/1/se/cer	suffix/1/se/cer		104.9	7	11.7
suffix	2	*.n8e	·[mi|si|ter|ti|tté|xté]nuer	0	33	7	104.9	continuer continué diminuer diminué insinuer atténuer	*	suffix/1/n8e/nuer	suffix/1/n8e/nuer		104.9	0	0.0
prefix	2	Ra.[C]°	ra[cle|ge|me|pe|te|ve]·	0	39	6	104.8	ramener ramené ramenez ramenée ramenait ramenons	[C]°	prefix/1/Ra/ra	prefix/1/Ra/ra		104.8	13	0.0
suffix	3	a.li.te	·alité	0	162	81	69.8	personnalité spécialité hospitalité formalité immortalité formalités					69.8	0	0.0
suffix	2	ER.se	·ERser	0	182	15	111.5	traverser traversé renversé renverser bouleversé bouleversée					111.5	0	0.0
suffix	1	nEl	nel	0	54	11	209.0	colonel criminel éternel criminels éternelle criminelle					209.0	0	0.0
suffix	2	[C]a.pe	·[ca|ra|ssa|ta|ttra]per	0	38	7	104.5	attraper attrapé rattraper attrapez rattrapez attrapée	[C]a	suffix/1/pe/per	suffix/1/pe/per		104.5	8	0.6
prefix	2	@.tR°	entre	0	330	51	104.4	entreprise entretien entretenir entrepôt entreprises entrepreneur					104.4	0	0.0
suffix	1	tEn	taine	0	20	13	208.7	capitaine centaines quarantaine fontaine centaine vingtaine					208.7	0	0.0
suffix	3	[C]ER.°.m@	·[ber|fer|ler|mer|per|scer|ser|ter|ver|xper]nement	0	21	15	69.5	gouvernement gouvernements ouvertement discernement emmerdements hébergement	[C]ER	suffix/2/°.m@/·°ment	suffix/2/°.m@/·°ment	suffix/3/[C]ER.[C]°.m@/·[ber|fer|ler|mer|per|scer|ser|ter|ver|xper]nement	69.5	9	1.2
suffix	3	[C]OR.[C]a.sj§	·[for|xpor]mations	0	10	6	69.4	informations information transformation transformations exportation déformation	[C]a,[C]OR	suffix/2/[C]a.sj§/·[a|ba|bra|ca|cia|cra|da|dia|fla|ga|gna|gra|la|lia|lla|ma|mma|na|pa|pla|qua|ra|ria|rra|sa|sla|ssa|ta|tia|tra|tta|va|via|xa|xpia]tion	suffix/1/sj§/tion		69.4	3	1.3
prefix	2	Re.e	rée·	0	134	19	104.1	réfléchi répéter réfléchis répétez répété répétait					104.1	0	0.0
prefix	2	pRe.@	pré@·	0	44	9	104.0	présenter présenté présentez présentés présentée présenterai					104.0	0	0.0
suffix	2	aj.e	·ajer	0	335	31	106.7	renvoyer employés renvoyé employé renvoyez renvoyée					106.7	0	0.0
suffix	2	sjo.nEl	·sionnel	0	158	35	103.9	professionnel exceptionnel professionnelle conditionnelle professionnels exceptionnelle	sjo	suffix/1/nEl/nnel	suffix/1/nEl/nnel		103.9	0	0.0
suffix	2	ly.sj§	·llution	0	17	12	103.9	solution révolution évolution solutions résolution pollution	ly	suffix/1/sj§/tion	suffix/1/sj§/tion		103.9	0	0.0
suffix	3	fOR.ma.sj§	·formations	0	14	10	69.3	informations information transformation transformations déformation malformation	fOR	suffix/2/ma.sj§/mation	suffix/2/ma.sj§/mation	suffix/3/fOR.a.sj§/·formations	69.3	0	0.0
suffix	1	vEl	velle	0	10	5	207.6	nouvelle nouvelles cervelle manivelle cervelles caravelle					207.6	0	0.0
prefix	3	o.e.*	opé[i|o|ra|si]·	0	11	5	69.1	opération opérations opérationnel opérationnels opérationnelle obéira	*	prefix/2/o.e/oe·	prefix/2/o.e/oe·		69.1	4	0.2
suffix	3	i.ta.sj§	·itation	0	33	21	68.9	félicitations précipitation réhabilitation préméditation gravitation félicitation					68.9	0	0.0
suffix	4	*.[C]i.ka.sj§	·[ci|cor|di|gni|li|mmu|na|ni|pli|pu|ra|ri|si|ssi|ti|to|ven]nication	0	45	29	51.4	communication identification signification communications vérification qualifications	ka,[C]i,*	suffix/3/[C]i.ka.sj§/·[bli|bri|di|fi|ni|pli|ppli|ti|xi|xpli]cation	suffix/1/sj§/tion		51.4	0	0.0
prefix	2	5.pRe	impre·	0	22	13	102.7	impression impressionné imprévisible impressions imprévisibles imprécis	pRe	prefix/1/5/im	prefix/1/5/im		102.7	1	0.0
suffix	3	[C]ER.[C]i.te	·[der|ter|ver]sité	0	14	7	68.4	université éternité fraternité maternité universités diversité	[C]i,[C]ER	suffix/2/[C]i.te/·[bi|bri|ci|di|gi|gni|gri|i|li|lli|mi|mmi|ni|nni|pi|qui|ri|ry|si|ssi|ti|vi|xci|xi|ï]té	suffix/1/te/té		68.4	0	0.0
suffix	2	[C]i.tER	·[bi|ci|cy|di|gni|i|li|lli|ni|ri|si|ti]taire	0	77	34	102.5	militaire solitaire militaires universitaire prioritaire sanitaire	[C]i	suffix/1/tER/taire	suffix/1/tER/taire		102.5	0	0.0
suffix	3	[C]e.*.s@	·[bé|flé|fraî|je|ppé|té]ressant	0	17	8	68.3	intéressant intéressants obéissant appétissant réfléchissant rafraîchissant	*,[C]e	suffix/2/*.s@/·[a|bi|bli|bou|ca|chi|ci|di|dri|gi|goi|gri|gui|i|joui|la|li|lli|mi|ni|nnai|nni|noui|pi|pli|pou|ppre|pui|rai|re|ri|roi|rra|rri|si|ssi|ti|tri|tti|va|vi|vri]ssant	suffix/1/s@/ssant		68.3	3	0.1
suffix	5	*-{pEk}.[C]a.bi.li.te	·[ce|dap|fi|mo|mé|ni|no|noeu|né|o|pa|pon|rri|si|ti|vi|vio|vo]-{pEk}sabilité	0	52	26	40.9	responsabilité responsabilités irresponsabilité vulnérabilité invulnérabilité irritabilité	[C]a,*-{pEk}	suffix/4/[C]a.bi.li.te/·[a|ba|ca|cca|cia|ga|la|ma|mma|nia|pa|ra|ria|sa|ta|tra|tta|va|via|vra|ça]bilité	suffix/3/bi.li.te/bilité	suffix/5/*-{pEk}.[C]a.i.li.te/·[ce|dap|fi|mo|mé|ni|no|noeu|né|o|pa|pon|rri|si|ti|vi|vio|vo]-{pEk}sabilité	40.9	22	0.2
prefix	2	5.[C]OR	in[cor|for|sor]·	0	52	11	102.2	informations information informer informé informateur informés	[C]OR	prefix/1/5/in	prefix/1/5/in		102.2	7	3.8
prefix	1	s@	sen	0	33	5	204.3	sentir senti sentez sentais sentait sentie					204.3	0	0.0
suffix	3	i.ka.sj§	·ication	0	124	89	68.1	communication identification signification communications complications vérification					68.1	0	0.0
suffix	3	[C]a.[C]a.sj§	·[a|cla|dam|fa|ffa|fla|ggra|la|nha|pa|qua|ta|xploi]ration	0	26	16	68.0	déclaration séparation condamnation préparation réparation installation	[C]a,[C]a	suffix/2/[C]a.sj§/·[a|ba|bra|ca|cia|cra|da|dia|fla|ga|gna|gra|la|lia|lla|ma|mma|na|pa|pla|qua|ra|ria|rra|sa|sla|ssa|ta|tia|tra|tta|va|via|xa|xpia]tion	suffix/1/sj§/tion		68.0	22	8.9
prefix	2	5.fOR	infor·	0	44	8	101.5	informations information informer informé informateur informés	fOR	prefix/1/5/in	prefix/1/5/in		101.5	7	3.8
prefix	2	po.i	poi·	0	96	40	101.0	politique politiques positif positive positifs positives					101.0	0	0.0
suffix	2	v°.m@	·vement	0	56	47	101.0	mouvement effectivement mouvements enlèvement gravement vivement	v°	suffix/1/m@/ment	suffix/1/m@/ment		101.0	0	0.0
suffix	1	mi	mi	0	38	15	201.6	parmi ennemi ennemis endormie fourmis endormi					201.6	0	0.0
prefix	2	Re.y	réu·	0	55	7	100.8	réunion réunis réunir réunions réuni réunit	y	prefix/1/Re/ré	prefix/1/Re/ré		100.8	0	0.0
suffix	2	[C-{v}]e.R@s	·[dhé|ffé|fé|gé|é]-{v}rence	0	22	12	100.8	différence conférence référence préférence différences références	[C-{v}]e	suffix/1/R@s/rence	suffix/1/R@s/rence		100.8	1	0.0
suffix	2	ky.te	cuter	0	114	8	108.8	discuter discuté exécuter exécuté discutons discutera					108.8	0	0.0
suffix	2	Z°.m@	gement	0	71	49	100.2	changement changements engagement arrangement chargement largement					100.2	0	0.0
prefix	1	m@	men	0	40	6	200.2	menti mentir mensonge mensonges mentez mentale					200.2	0	0.0
suffix	3	vER.°.m@	·vernement	0	12	8	66.6	gouvernement gouvernements ouvertement inversement bouleversements renversement	vER	suffix/2/°.m@/·°ment	suffix/2/°.m@/·°ment	suffix/3/vER.[C]°.m@/·vernement	66.6	0	0.0
prefix	2	R°.[C]E	re[bai|cè|de|dre|je|la|lai|lè|me|nai|nei|pa|pai|paie|pei|pê|ve|vê]·	0	180	24	99.3	reverra remettez reverrai remettra reverrons reverras	[C]E	prefix/1/R°/re	prefix/1/R°/re		99.3	71	5.7
suffix	3	i.na.sj§	·ination	0	52	31	66.2	imagination destination hallucinations hallucination détermination contamination					66.2	0	0.0
prefix	2	kO+kOR+kOl+kOm+ko+k§.[C-{t}]°	com[che|de|ge|pre|que|re|ve]-{t}·	0	46	9	99.2	comprenez convenu comprenais comprenait comprenons compreniez	[C-{t}]°	prefix/1/kO+kOR+kOl+kOm+ko+k§/co+col+com+con+cor	prefix/1/kO+kOR+kOl+kOm+ko+k§/co+col+com+con+cor		99.2	19	7.6
suffix	2	*-{f@,p@}.dy	·[fon|me|que|si|ten|tten|ven|vi]-{f@,p@}du	0	64	19	99.1	entendu malentendu individu individus inattendu attendu	*-{f@,p@}	suffix/1/dy/du	suffix/1/dy/du		99.1	8	1.1
prefix	1	l°	le	0	29	7	197.9	lequel lever leçon levez levé leçons					197.9	0	0.0
prefix	1	si	si	0	90	22	197.9	sinon sirène sitôt sirènes situé situe					197.9	0	0.0
suffix	2	fe.R@s	·fférence	0	14	8	98.9	différence conférence référence préférence différences références	fe	suffix/1/R@s/rence	suffix/1/R@s/rence		98.9	0	0.0
suffix	2	*.R@	·[ffé|fé|nhé|pa|ppa|é]rent	0	22	10	98.9	différent différents transparent indifférent cohérent apparent	*	suffix/1/R@/rent	suffix/1/R@/rent		98.9	6	0.8
prefix	1	vwaj	voy	0	20	7	197.6	voyage voyais voyant voyages voyagé voyagent					197.6	0	0.0
prefix	1	ve	vé	0	25	13	197.6	vérité vérités vélos vérole vétille vérolée					197.6	0	0.0
prefix	2	@.a	ena·	0	330	58	98.6	engagé engager empoisonné engagée empoisonner empoisonnée					98.6	0	0.0
suffix	1	fwa	fois	0	6	5	197.0	parfois autrefois quelquefois toutefois souventefois					197.0	0	0.0
suffix	2	Ri.k5	ricain	0	28	5	112.1	américain américains américaine américaines portoricains portoricain					112.1	0	0.0
prefix	2	R°.[C]5	re[grim|join|pin|quin|vien]·	0	55	5	98.5	reviendra reviendrai reviendras reviendrais reviendront reviendrait	[C]5	prefix/1/R°/re	prefix/1/R°/re		98.5	40	12.1
suffix	2	[C]yk.sj§	·[dduc|duc|struc|truc]tion	0	33	20	98.4	production instructions destruction construction instruction traduction	[C]yk	suffix/1/sj§/tion	suffix/1/sj§/tion		98.4	0	0.0
suffix	2	*.pe	·[cha|fra|gri|lo|na|ra]pper	0	45	10	98.3	échapper échappé développer kidnappé développé kidnappée	*	suffix/1/pe/pper	suffix/1/pe/pper		98.3	1	0.0
suffix	3	bi.i.te	·bilité	0	53	18	65.4	responsabilité culpabilité responsabilités sensibilité comptabilité stabilité	bi	suffix/2/i.te/·ité	suffix/2/i.te/·ité		65.4	6	0.2
suffix	2	Ri.fje	·rifier	0	41	8	97.9	vérifier vérifié vérifiez clarifier terrifié purifier	Ri	suffix/1/fje/fier	suffix/1/fje/fier		97.9	0	0.0
suffix	1	nEl	nnel	0	236	54	195.3	personnel personnelle professionnel exceptionnel personnels personnelles					195.3	0	0.0
prefix	1	tu	tou	0	45	10	194.6	touché toucher touchez touchée touchant toubib					194.6	0	0.0
suffix	5	*.*-{ny}.[C-{m,s}]i.i.te	·[dio|mé|pe|po|pon|pé|ré|sen|si]sabilité	0	18	9	38.9	responsabilité responsabilités radioactivité insensibilité hyperactivité séropositivité	[C-{m,s}]i,*-{ny},*	suffix/4/*-{ny}.[C-{m,s}]i.i.te/·[a|ac|aus|ca|ci|cia|cu|da|des|duc|ffec|ga|ges|gi|gna|jec|la|lec|lla|llec|mes|mmo|mo|na|né|pa|rac|rio|sa|si|ta|then|tho|ti|to|va|xclu]-{ny}bilité	suffix/2/i.te/·ité		38.9	4	0.1
suffix	3	E.n°.m@	·Enement	0	16	16	64.8	certainement soudainement quotidiennement prochainement moyennement souverainement					64.8	0	0.0
prefix	2	kO.°	co°·	0	51	16	97.0	conneries connerie collerai coquetiers coteries collerais					97.0	0	0.0
suffix	2	[C]a.tyR	·[a|ba|bla|ca|da|dra|ga|gia|gna|la|ma|mma|nia|ra|sla|ta|tra]ture	0	38	23	97.0	créature signature créatures température littérature dictature	[C]a	suffix/1/tyR/ture	suffix/1/tyR/ture		97.0	0	0.0
suffix	1	Rj9R	rieur	0	46	8	193.9	intérieur extérieur supérieure supérieur intérieure supérieurs					193.9	0	0.0
suffix	3	ti.i.te	·tivité	0	118	59	64.6	activité intimité activités utilité antiquités hostilité	ti	suffix/2/i.te/·ité	suffix/2/i.te/·ité		64.6	0	0.0
suffix	2	na.sj§	nation	0	96	59	96.8	imagination destination condamnation hallucinations hallucination nomination					96.8	0	0.0
prefix	2	a.ni	ani	0	32	9	96.7	animaux animal animés animale animateur animé					96.7	0	0.0
suffix	3	bi.li.te	·bilité	0	38	15	64.4	responsabilité culpabilité responsabilités sensibilité comptabilité stabilité	li,bi	suffix/2/li.te/·lité	suffix/1/te/té	suffix/3/bi.[C]i.te/·bilité	64.4	0	0.0
prefix	1	la	la	0	122	37	192.3	laquelle laver lapin lapins lavé latin					192.3	0	0.0
suffix	2	E.je	·Eller	0	150	15	102.2	surveiller conseiller surveillez conseillé conseillers surveillé					102.2	0	0.0
prefix	1	tRa	tra	0	101	27	191.8	travers traverser traversé traverse trafic trajet					191.8	0	0.0
suffix	4	*-{ka}.[C]i.za.sj§	·[a|bi|bo|cia|cu|ga|gé|lli|lo|ma|mo|na|no|né|po|pro|ra|ri|ta|ti|tra|té|vi|vé]-{ka}nisation	0	53	40	47.9	organisation civilisation utilisation réalisation organisations civilisations	za,[C]i,*-{ka}	suffix/3/[C]i.za.sj§/·[i|li|ni|ri|ti|tri|vi]sation	suffix/1/sj§/tion	suffix/4/*-{ka}.*.za.sj§/·[a|bi|bo|cia|cu|ga|gé|lli|lo|ma|mo|na|no|né|po|pro|ra|ri|ta|ti|tra|té|vi|vé]-{ka}nisation	47.9	7	0.7
suffix	1	dy	du	0	146	39	191.5	entendu perdu malentendu perdue individu boudu					191.5	0	0.0
suffix	3	*-{mER}.d°.m@	·[bar|bi|bor|ci|con|di|fi|gau|gi|illar|li|man|men|mi|mman|mmo|nar|pi|ssa|sur|tar|ten|vi]-{mER}dement	0	40	33	63.8	rapidement commandement bombardement amendement bombardements commandements	*-{mER}	suffix/2/d°.m@/dement	suffix/2/d°.m@/dement	suffix/3/*-{mER}.d°.m@/·[bar|bi|bor|ci|con|di|fi|gau|gi|illar|li|man|men|mi|mman|mmo|nar|pi|ssa|sur|tar|ten|vi]-{mER}dement	63.8	6	0.6
suffix	2	[C]@.d@	·[mman|pen|scen|ten]dant	0	33	12	95.7	commandant indépendant intendant descendants prétendant indépendants	[C]@	suffix/1/d@/dant	suffix/1/d@/dant		95.7	3	1.7
suffix	3	i.k°.m@	·iquement	0	163	163	63.6	pratiquement physiquement techniquement politiquement automatiquement théoriquement					63.6	0	0.0
suffix	1	tabl	table	0	145	75	190.7	portable véritable confortable insupportable épouvantable inévitable					190.7	0	0.0
prefix	2	kO+kOR+kOl+kOm+ko+k§.[C-{d}]a	com[a|ba|ca|fa|fra|ga|ma|pa|sa|scie]-{d}·	0	159	26	95.2	compassion comparer compagnon compagnons comparé combattu	[C-{d}]a	prefix/1/kO+kOR+kOl+kOm+ko+k§/co+col+com+con+cor	prefix/1/kO+kOR+kOl+kOm+ko+k§/co+col+com+con+cor		95.2	50	4.8
suffix	4	*-{kse}.*.v°.m@	·[ac|aus|ba|ca|ce|cu|ffec|ga|gi|gre|jec|la|lec|llec|ma|mi|na|ni|pec|pes|pla|pul|ra|si|ta|tinc|tra|tten|tui|ven|xclu]-{kse}tivement	0	48	48	47.6	effectivement définitivement attentivement relativement exclusivement approximativement	*,*-{kse}	suffix/3/*.v°.m@/·[chè|di|grè|lè|ner|sci|si|ssi|ti|vi|è|ï]vement	suffix/2/v°.m@/vement		47.6	11	0.9
suffix	4	*-{kse}.i.v°.m@	·[ac|aus|ba|ca|ce|cu|ffec|ga|gi|gre|jec|la|lec|llec|ma|mi|na|ni|pec|pes|pla|pul|ra|si|ta|tinc|tra|tten|tui|ven|xclu]-{kse}tivement	0	46	46	47.6	effectivement définitivement attentivement relativement exclusivement approximativement	*-{kse}	suffix/3/i.v°.m@/·ivement	suffix/3/i.v°.m@/·ivement	suffix/4/*-{kse}.[C]i.v°.m@/·[ac|aus|ba|ca|ce|cu|ffec|ga|gi|gre|jec|la|lec|llec|ma|mi|na|ni|pec|pes|pla|pul|ra|si|ta|tinc|tra|tten|tui|ven|xclu]-{kse}tivement	47.6	11	0.9
prefix	3	R°.[C]o.[C]E	reco[dè|nnai|nnaî]·	0	33	5	63.4	reconnaissance reconnaissez reconnaissant reconnaissante reconnaissants reconnaîtra	[C]o,[C]E	prefix/2/R°.[C]o/re[bro|chau|co|do|fau|lo|mo|no|po|pro|vau|vo]·	prefix/1/R°/re		63.4	0	0.0
suffix	2	[C]u.R2	·[gou|lou|mou|vou]reux	0	7	6	94.9	amoureux douloureux vigoureux rigoureux savoureux langoureux	[C]u	suffix/1/R2/reux	suffix/1/R2/reux		94.9	0	0.0
prefix	2	de.@	dé@·	0	323	49	94.9	déranger dérangé dérangez déclenché déclencher dérangerait					94.9	0	0.0
suffix	2	[C]aR.ke	·[bar|mar]qué	0	28	5	94.8	remarqué remarquer embarquer débarqué débarquer embarqué	[C]aR	suffix/1/ke/quer	suffix/1/ke/quer		94.8	6	0.7
prefix	2	@.OR	emOR·	0	163	13	94.8	emporter endormir endormi emporté endormie emportez					94.8	0	0.0
suffix	2	[C]e.R@	·[dhé|ffé|fé|nhé|é]rent	0	20	9	94.8	différent différents indifférent cohérent indifférents adhérents	[C]e	suffix/1/R@/rent	suffix/1/R@/rent		94.8	2	0.0
prefix	2	a.aR	aaR·	0	102	15	94.6	appartient appartenait appartiens appartiennent anarchie appartenir					94.6	0	0.0
suffix	1	Ro	ro	0	48	29	189.0	numéro numéros hétéro amaro hétéros torero					189.0	0	0.0
suffix	2	t°.niR	·tenir	0	8	8	94.5	obtenir retenir maintenir soutenir entretenir contenir	t°	suffix/1/niR/nir	suffix/1/niR/nir		94.5	0	0.0
suffix	1	lje	lier	0	176	63	188.3	escalier atelier particulier escaliers chevalier familier					188.3	0	0.0
suffix	3	[C]@.a.sj§	·[can|cen|man|men|mman|pen|plan|quen|ren|rien|sen|tan|ten|ven]tration	0	59	40	62.7	concentration représentation augmentation alimentation présentation orientation	[C]@	suffix/2/a.sj§/·ation	suffix/2/a.sj§/·ation		62.7	10	4.7
suffix	1	tyd	tude	1	54	35	187.9	habitude attitude solitude certitude habitudes inquiétude					187.9	0	0.0
suffix	3	ta.*-{s°,ti}.m@	·talement	0	45	41	62.4	totalement mentalement brutalement attachement ravitaillement détachement	*-{s°,ti},ta	suffix/2/*-{s°,ti}.m@/·[be|ble|bre|ca|che|chi|cie|claffe|cle|cre|cré|cu|cé|de|di|die|dre|du|dé|dû|ffle|ffre|fie|fle|ge|gi|gle|gne|gre|gré|gu|gue|ille|le|li|lle|lu|lé|lû|ma|me|mmé|mé|ne|ni|nie|nne|nné|noie|nu|nue|né|nû|pe|pie|ple|pli|ppe|pre|que|ra|re|rre|rré|ré|se|ssuie|ssé|sé|ta|te|tie|tre|trie|tru|tte|té|ve|voue|vre|vé|xcré|xe|xtre|é]-{s°,ti}ment	suffix/1/m@/ment		62.4	0	0.0
suffix	4	[C-{N,n}]i.[C-{n,s}]i.[C]a.sj§	·[bi|ci|cri|di|fi|gi|li|pli|ri|rri|si|ssi|ti|vi]-{N,n}lisation	0	63	39	46.8	civilisation identification utilisation vérification civilisations précipitation	[C]a,[C-{n,s}]i,[C-{N,n}]i	suffix/3/[C-{n,s}]i.[C]a.sj§/·[bi|bli|bri|chi|di|fi|gi|i|li|mi|mmi|pi|pli|ppli|qui|ri|si|ti|tri|vi|xi|xpli]-{n,s}nation	suffix/1/sj§/tion		46.8	4	0.9
prefix	2	a.[C]y	a[mu|pu]·	0	35	5	93.6	amuser amusez amusé amusait amusés amusée	[C]y	prefix/1/a/a	prefix/1/a/a		93.6	5	4.8
suffix	2	i.ke	·iqué	0	289	39	97.4	compliqué communiquer compliquée critiquer communiqué pratiquer					97.4	0	0.0
suffix	1	s9R	sseur	0	165	90	187.0	professeur chasseur chasseurs professeurs agresseur ravisseurs					187.0	0	0.0
suffix	3	[C]o.[C]i.te	·[jo|lo|no|o|rio|to]rité	0	20	10	62.3	autorité autorités majorité priorité priorités minorité	[C]i,[C]o	suffix/2/[C]i.te/·[bi|bri|ci|di|gi|gni|gri|i|li|lli|mi|mmi|ni|nni|pi|qui|ri|ry|si|ssi|ti|vi|xci|xi|ï]té	suffix/1/te/té		62.3	0	0.0
suffix	3	[C]o.Ri.te	·[jo|no|o|rio|to]rité	0	18	9	62.0	autorité autorités majorité priorité priorités minorité	[C]o	suffix/2/Ri.te/rité	suffix/2/Ri.te/rité	suffix/3/[C]o.Ri.te/·[jo|no|o|rio|to]rité	62.0	2	0.1
suffix	2	*.list	·[a|ba|bi|bri|ca|cia|cu|dia|dua|ga|gi|gé|i|lia|llé|ma|na|nia|nna|o|pha|pu|ra|ria|sa|ssa|sua|ta|tia|tra|tua|té|va]liste	0	192	77	93.0	journaliste spécialiste journalistes réaliste socialiste spécialistes	*	suffix/1/list/liste	suffix/1/list/liste		93.0	4	0.1
suffix	3	*.@.se	·[ba|co|com|cu|do|flu|ni|se|te]mmencer	0	206	11	66.6	recommencer recommencez recommencé influencer recommencera recommençons	*	suffix/2/@.se/·@cer	suffix/2/@.se/·@cer		66.6	56	0.4
suffix	2	n§.se	·nnoncer	0	35	5	92.4	annoncer renoncer dénoncer annoncé prononcer renoncé	n§	suffix/1/se/cer	suffix/1/se/cer		92.4	0	0.0
suffix	2	zi.sj§	sition	0	43	24	92.3	proposition disposition exposition déposition opposition composition					92.3	0	0.0
suffix	2	E.s@	·Essant	0	42	12	104.8	intéressant intéressante reconnaissant reconnaissante intéressantes intéressants					104.8	0	0.0
suffix	1	tif	tif	0	446	187	184.2	objectif positif négatif affirmatif dispositif sportif					184.2	0	0.0
suffix	4	*.ni.a.sj§	·[a|ba|bo|ca|chro|co|dem|der|ga|gé|lli|lo|ma|mi|mmu|mo|no|ta|ter|ti]nisation	0	38	31	46.0	organisation communication communications réanimation organisations synchronisation	ni,*	suffix/3/ni.a.sj§/·nisation	suffix/2/a.sj§/·ation		46.0	4	0.7
suffix	3	[C]o.a.sj§	·[bo|bro|co|ffo|fo|go|jo|lio|lo|mmo|mo|nno|no|po|ppro|rio|ro|rro|so|sso|tau|to|vo|xplo]ciation	0	65	38	61.3	association collaboration décoration consolation négociations décorations	[C]o	suffix/2/a.sj§/·ation	suffix/2/a.sj§/·ation		61.3	43	18.4
suffix	1	mal	mal	0	47	14	183.9	normal animal normale anormal normales maximale					183.9	0	0.0
prefix	2	e.ER	éER·	0	193	18	91.9	énergie énerver énervé éclaircir énervée énervez					91.9	0	0.0
suffix	2	ky.te	·cuter	0	43	7	91.8	discuter discuté exécuter exécuté discutez percuté	ky	suffix/1/te/ter	suffix/1/te/ter		91.8	0	0.0
suffix	2	fe.R@	·fférent	0	12	6	91.8	différent différents indifférent indifférents afférent référent	fe	suffix/1/R@/rent	suffix/1/R@/rent		91.8	0	0.0
prefix	2	tR@s.*-{mE,pi}	trans[bah|bor|ca|cas|con|cu|der|fi|for|fu|fé|mi|mu|na|pa|per|plan|po|pon|por|sah|se|si|va]-{mE,pi}·	0	211	37	91.5	transformer transformé transmission transporter transféré transporté	*-{mE,pi}	prefix/1/tR@s/trans	prefix/1/tR@s/trans		91.5	51	1.9
suffix	2	*.R§	·[be|ca|ce|che|de|fa|fé|ga|ge|gne|le|lle|me|mo|pe|ppe|que|se|te|ti|tu|vi]ron	0	67	34	91.2	environ environs biberon chaperon forgeron bûcheron	*	suffix/1/R§/ron	suffix/1/R§/ron		91.2	4	0.0
suffix	2	na.sj§	·nation	0	66	38	91.1	imagination destination condamnation hallucinations hallucination nomination	na	suffix/1/sj§/tion	suffix/1/sj§/tion		91.1	0	0.0
suffix	2	[C]ER.se	·[per|ver]ser	0	55	9	91.0	traverser traversé renversé renverser bouleversé bouleversée	[C]ER	suffix/1/se/ser	suffix/1/se/ser		91.0	0	0.0
suffix	4	*-{le,mo}.[C]a.[C]i.te	·[bé|ca|ci|cu|den|ffi|gi|gu|li|men|mi|mmor|ni|né|o|pi|po|pu|ri|ré|so|ti|tio|té|ver|vi|â]-{le,mo}nnalité	0	70	35	45.5	personnalité hospitalité immortalité personnalités solidarité nationalité	[C]i,[C]a,*-{le,mo}	suffix/3/[C]a.[C]i.te/·[a|ba|ca|cia|da|ga|gra|la|le|lia|ma|na|nha|nna|pa|ra|ria|sa|sha|ta|tia|tra|va|via]lité	suffix/1/te/té		45.5	6	0.9
suffix	3	[C]ER.a.sj§	·[ber|cer|ser|sser|ter|ver]sation	0	18	11	60.6	conversation conversations observation réservation dissertation réservations	[C]ER	suffix/2/a.sj§/·ation	suffix/2/a.sj§/·ation		60.6	4	1.0
suffix	3	[C]a.t°.m@	·[a|boî|ca|da|dia|droi|gra|ma|noî|pâ|qua|roi|troi]tement	0	17	15	60.6	immédiatement étroitement délicatement adroitement maladroitement miroitement	[C]a	suffix/2/t°.m@/tement	suffix/2/t°.m@/tement	suffix/3/[C]a.t°.m@/·[a|boî|ca|da|dia|droi|gra|ma|noî|pâ|qua|roi|troi]tement	60.6	4	0.4
suffix	1	ve	vé	0	160	37	181.1	arrivé privée élevé privé élevée trouvé					181.1	0	0.0
suffix	3	[C]o.i.ze	·[bo|chro|co|coo|do|go|lo|mo|no|po|pro|rio|ro|rro|sau|so|to|vo]risé	0	333	38	63.0	autorisé économiser autoriser improviser autorisée autorisés	[C]o	suffix/2/i.ze/·iser	suffix/2/i.ze/·iser		63.0	77	8.5
suffix	2	[C]ER.ve	·[ner|nner|ser]vé	0	39	6	90.3	réservé observer énerver préserver énervé observé	[C]ER	suffix/1/ve/ver	suffix/1/ve/ver		90.3	0	0.0
suffix	3	[C]o.[C]a.sj§	·[bo|co|ffo|fo|go|jo|lio|lo|mmo|mo|nno|no|po|ppro|ro|rro|so|sso|tau|to|vo|xplo]ciation	0	55	32	60.2	association collaboration décoration consolation négociations décorations	[C]a,[C]o	suffix/2/[C]a.sj§/·[a|ba|bra|ca|cia|cra|da|dia|fla|ga|gna|gra|la|lia|lla|ma|mma|na|pa|pla|qua|ra|ria|rra|sa|sla|ssa|ta|tia|tra|tta|va|via|xa|xpia]tion	suffix/1/sj§/tion		60.2	24	12.7
prefix	2	e.a	éa·	0	228	59	90.2	éclater éclaté égalité évader épatant évadé					90.2	0	0.0
suffix	2	[C]i.je	·[bi|ci|di|dri|mi|pi|ppi|qui|sci|si|ssi|ti|tri]ller	0	322	45	90.2	habiller habillé déshabiller habillée bousiller bousillé	[C]i	suffix/1/je/ller	suffix/1/je/ller		90.2	8	0.7
suffix	1	abl	able	0	49	23	180.2	incroyable agréable désagréable croyable pitoyable incroyables					180.2	0	0.0
suffix	2	ni.te	nité	0	82	40	90.0	humanité éternité opportunité sérénité virginité fraternité					90.0	0	0.0
prefix	1	pRi	pri	0	52	10	179.6	prison privé privée prisons priver primaire					179.6	0	0.0
suffix	2	ga.Ze	·gagez	0	35	5	89.7	dégagez engagé engager dégager engagée dégagé	ga	suffix/1/Ze/ger	suffix/1/Ze/ger		89.7	0	0.0
suffix	3	[C]O.°.m@	·[blo|bo|cho|co|dio|do|fflo|fo|fro|gno|illo|llo|lo|mmo|mo|no|o|po|ppro|pro|ro|sio|so|sso|tio|to|vo|vro|zo]nnement	0	125	83	59.8	environnement développement isolement raisonnement abonnement fonctionnement	[C]O	suffix/2/°.m@/·°ment	suffix/2/°.m@/·°ment		59.8	26	4.6
prefix	3	5.tER.*-{sek}	inter[ca|ce|chan|co|con|cos|cul|cé|di|dic|dé|fé|ga|gla|gou|je|li|lo|mez|mi|na|pla|po|pro|pré|pé|ra|re|sai|si|ste|sub|tri|ve|ven|ver|vien]-{sek}·	0	214	55	59.6	intervenir international internationale interpréter interdiction interprété	*-{sek}	prefix/2/5.tER/inter	prefix/2/5.tER/inter	prefix/3/5.ER.*-{sek}/inter[ca|ce|chan|co|con|cos|cul|cé|di|dic|dé|fé|ga|gla|gou|je|li|lo|mez|mi|na|pla|po|pro|pré|pé|ra|re|sai|si|ste|sub|tri|ve|ven|ver|vien]-{sek}·	59.6	39	1.1
suffix	1	di	di	0	98	31	178.8	samedi lundi vendredi jeudi mardi pardi					178.8	0	0.0
suffix	2	[C]a.list	·[a|ba|ca|cia|dia|ga|lia|ma|na|nia|nna|pha|ra|ria|sa|ssa|ta|tia|tra|va]liste	0	154	61	89.2	journaliste spécialiste journalistes réaliste socialiste spécialistes	[C]a	suffix/1/list/liste	suffix/1/list/liste		89.2	0	0.0
suffix	3	[C]o.*.Zi	·[bio|cho|cio|co|cro|dio|do|mio|mo|no|o|pho|po|pro|rio|ro|sio|tho|to|tro|tyo|xo]logie	0	87	77	59.4	technologie hémorragie psychologie technologies idéologie mythologie	*,[C]o	suffix/2/*.Zi/·[ba|go|ller|llur|lo|ner|pha|plé|rra|rur|tal|thar|tur|té|vral|xal]gie	suffix/1/Zi/gie		59.4	7	0.8
suffix	2	*-{fa,la}.R@	·[bu|bé|co|coeu|du|dé|fo|fé|gno|go|gu|gé|li|lo|lé|mu|no|né|pa|pi|plo|ppu|pé|qué|ssu|tau|to|tti|tu|vi|vé|xpi]-{fa,la}rant	0	109	52	89.1	restaurant restaurants carburant rassurant attirant figurants	*-{fa,la}	suffix/1/R@/rant	suffix/1/R@/rant		89.1	17	1.4
prefix	2	R°.ER	reER·	0	93	8	89.1	remercie rechercher recherché recherchons remercié refermer					89.1	0	0.0
suffix	3	ti.*-{s°,ti}.m@	·thiquement	0	124	114	59.3	pratiquement effectivement relativement politiquement automatiquement génétiquement	*-{s°,ti},ti	suffix/2/*-{s°,ti}.m@/·[be|ble|bre|ca|che|chi|cie|claffe|cle|cre|cré|cu|cé|de|di|die|dre|du|dé|dû|ffle|ffre|fie|fle|ge|gi|gle|gne|gre|gré|gu|gue|ille|le|li|lle|lu|lé|lû|ma|me|mmé|mé|ne|ni|nie|nne|nné|noie|nu|nue|né|nû|pe|pie|ple|pli|ppe|pre|que|ra|re|rre|rré|ré|se|ssuie|ssé|sé|ta|te|tie|tre|trie|tru|tte|té|ve|voue|vre|vé|xcré|xe|xtre|é]-{s°,ti}ment	suffix/1/m@/ment		59.3	0	0.0
prefix	2	Es.a	esa·	0	52	24	89.0	escalier espagnol escaliers espagnole espagnols escadron					89.0	0	0.0
suffix	2	[C]a.Ne	·[ga|loi|moi|pa|poi|ta]gner	0	39	6	89.0	accompagner éloigner témoigner accompagné accompagnez éloigné	[C]a	suffix/1/Ne/gner	suffix/1/Ne/gner		89.0	0	0.0
suffix	1	miR	mir	0	15	9	177.9	dormir endormir frémir blêmir dormirent affermir					177.9	0	0.0
suffix	2	[C-{kR}]o.Se	·[bau|bo|co|lo|ppro|pro|vau|vo]-{kR}chez	0	66	14	88.6	approchez approcher reprocher rapprocher approché embauché	[C-{kR}]o	suffix/1/Se/cher	suffix/1/Se/cher		88.6	26	6.3
suffix	3	[C]O.[C]°.m@	·[blo|bo|cho|co|dio|do|fflo|fo|fro|gno|illo|llo|lo|mmo|mo|no|o|po|ppro|pro|ro|sio|so|sso|tio|to|vo|vro|zo]nnement	0	123	82	59.0	environnement développement isolement raisonnement abonnement fonctionnement	[C]°,[C]O	suffix/2/[C]°.m@/·[be|ble|bre|ce|che|cle|cre|de|dre|ffle|ffre|fle|ge|gle|gne|gre|gue|ille|le|lle|me|ne|nne|pe|ple|ppe|pre|que|re|rre|sce|se|sse|te|tre|tte|ve|vre|xe|xtre]ment	suffix/1/m@/ment		59.0	24	4.6
suffix	1	to	teau	0	32	20	176.9	couteau château manteau plateau marteau couteaux					176.9	0	0.0
prefix	2	@.[C]e	en[ché|cé|fié|grai|nei|qué|quê|ra|raie|ré|te|traî|té|tê]·	0	79	14	88.4	enterré enterrer entraîner entraîné enquêter enterrée	[C]e	prefix/1/@/en	prefix/1/@/en		88.4	51	17.5
suffix	3	dja.°.m@	·diatement	0	5	5	58.7	immédiatement irrémédiablement cordialement mondialement primordialement	dja	suffix/2/°.m@/·°ment	suffix/2/°.m@/·°ment	suffix/3/dja.[C]°.m@/·diatement;suffix/3/dja.*-{s°,ti}.m@/·diatement	58.7	0	0.0
prefix	2	si.i	sii·	0	60	16	88.0	signifie signifiait civilisé signifient silicone siciliens					88.0	0	0.0
suffix	2	*-{fEk}.twaR	·[a|ba|bi|bra|ca|cri|cu|dic|ga|gra|is|jec|la|lla|llu|ma|mi|mma|na|ni|pa|per|ra|remp|ri|rri|sa|si|sis|ta|u|va|xa|xpia]-{fEk}toire	0	153	78	88.0	territoire laboratoire interrogatoire trajectoire obligatoire conservatoire	*-{fEk}	suffix/1/twaR/toire	suffix/1/twaR/toire		88.0	10	0.9
suffix	3	i.s°.m@	·issement	0	152	109	58.5	avertissement applaudissements établissement investissement divertissement investissements					58.5	0	0.0
suffix	3	[C]O.*-{s°,ti}.m@	·[blo|bo|cho|co|dio|do|fflo|fo|fro|gno|illo|llo|lo|mmo|mo|no|o|po|ppro|pro|ro|sio|so|sso|tio|to|vo|vro|zo]nnement	0	119	78	58.4	environnement développement isolement raisonnement abonnement fonctionnement	*-{s°,ti},[C]O	suffix/2/*-{s°,ti}.m@/·[be|ble|bre|ca|che|chi|cie|claffe|cle|cre|cré|cu|cé|de|di|die|dre|du|dé|dû|ffle|ffre|fie|fle|ge|gi|gle|gne|gre|gré|gu|gue|ille|le|li|lle|lu|lé|lû|ma|me|mmé|mé|ne|ni|nie|nne|nné|noie|nu|nue|né|nû|pe|pie|ple|pli|ppe|pre|que|ra|re|rre|rré|ré|se|ssuie|ssé|sé|ta|te|tie|tre|trie|tru|tte|té|ve|voue|vre|vé|xcré|xe|xtre|é]-{s°,ti}ment	suffix/1/m@/ment		58.4	22	2.3
prefix	1	Se	ché	0	47	7	175.1	chérie chéri chéris chérir chérit chétif					175.1	0	0.0
suffix	2	*-{va}.ge	·[di|four|ju|la|lin|lo|lé|pa|ran|rin|rri|ti|tin|tri|vi|vul|za]-{va}gué	0	123	24	87.4	fatigué fatiguée distinguer fatigués naviguer fatiguer	*-{va}	suffix/1/ge/guer	suffix/1/ge/guer		87.4	20	1.2
prefix	1	tR@s	trans	1	344	54	174.9	transport transformer transfert transforme transformé transmettre					174.9	0	0.0
suffix	3	a.t°.m@	·atement	0	7	7	58.1	immédiatement délicatement maladroitement adéquatement inadéquatement acclimatement					58.1	0	0.0
suffix	2	pl°.m@	·plement	0	11	8	87.0	simplement amplement accouplement accouplements peuplement surpeuplement	pl°	suffix/1/m@/ment	suffix/1/m@/ment		87.0	0	0.0
prefix	3	R°.ko.*-{nE}	reco[mman|mmen|nnec|pie]-{nE}·	0	61	5	57.9	recommencer recommencez recommandé recommencé recommander recommencera	ko,*-{nE}	prefix/2/R°.ko/reco·	prefix/1/R°/re		57.9	0	0.0
suffix	2	*.di	·[bon|dre|fon|gan|gou|gour|me|mi|roi|rron|sour|ti|tour|xti]di	0	57	16	86.8	samedi vendredi samedis vendredis approfondie étourdi	*	suffix/1/di/di	suffix/1/di/di		86.8	14	0.0
suffix	4	*.ti.v°.m@	·[ac|aus|ba|ca|cu|ffec|ga|gi|jec|la|lec|llec|ma|mi|na|ni|pec|pes|pla|ra|si|ta|tinc|tra|tten|tui|ven]tivement	0	41	41	43.3	effectivement définitivement attentivement relativement approximativement positivement	*	suffix/3/ti.v°.m@/tivement	suffix/3/ti.v°.m@/tivement	suffix/4/*.ti.v°.m@/·[ac|aus|ba|ca|cu|ffec|ga|gi|jec|la|lec|llec|ma|mi|na|ni|pec|pes|pla|ra|si|ta|tinc|tra|tten|tui|ven]tivement	43.3	2	0.3
suffix	2	yk.sj§	·yktion	0	28	19	86.4	production instructions destruction construction instruction traduction					86.4	0	0.0
prefix	1	ta	ta	0	300	70	172.4	talent tapis taper tabac talents tapé					172.4	0	0.0
suffix	4	*-{bo,ly}.i.na.sj§	·[bor|cri|des|gglu|li|ma|or|ré|ssé|sé|ta|ter|ti|tio|xter]-{bo,ly}gination	0	32	19	42.9	imagination détermination contamination extermination discrimination élimination	*-{bo,ly}	suffix/3/i.na.sj§/·ination	suffix/3/i.na.sj§/·ination		42.9	4	0.1
suffix	1	z5	sin	0	18	7	171.7	magasin cousin voisins voisin cousins magasins					171.7	0	0.0
suffix	4	*-{bo,ly}.*.na.sj§	·[cri|des|gglu|in|li|ma|or|ré|ssé|sé|ta|ter|ti|tio|xter]-{bo,ly}gination	0	29	17	42.9	imagination détermination contamination extermination réincarnation discrimination	*,*-{bo,ly}	suffix/3/*.na.sj§/·[ber|bor|car|chi|ci|dam|di|fa|gi|gri|gé|lié|ma|mi|pa|sci|sti|ter|ti|to|vi]nation	suffix/2/na.sj§/nation		42.9	8	0.9
suffix	2	pl°.m@	plement	0	10	7	85.6	simplement accouplement accouplements peuplement surpeuplement repeuplement					85.6	0	0.0
suffix	4	*.R2.z°.m@	·[ge|gou|leu|lheu|lou|lé|mou|nheu|né|vou]reusement	0	13	13	42.8	malheureusement dangereusement généreusement chaleureusement douloureusement vigoureusement	*	suffix/3/R2.z°.m@/reusement	suffix/3/R2.z°.m@/reusement		42.8	1	0.0
prefix	2	de.ku	décou	0	96	15	85.4	découvert découverte découper découvertes découpé décourager					85.4	0	0.0
suffix	2	*.til	·[bra|can|fan|jec|la|nu|rec|sa|trac|via]tile	0	25	12	85.4	inutile inutiles infantile projectile infantiles projectiles	*	suffix/1/til/tile	suffix/1/til/tile		85.4	2	0.1
suffix	3	[C]@.*-{s°,ti}.m@	·[cen|chan|gen|glan|man|men|mman|mmen|pen|ran|ren|rran|sen|ssem|ten|tran|van]dement	0	35	23	56.9	commandement arrangement rassemblement étrangement dérangement consentement	*-{s°,ti},[C]@	suffix/2/*-{s°,ti}.m@/·[be|ble|bre|ca|che|chi|cie|claffe|cle|cre|cré|cu|cé|de|di|die|dre|du|dé|dû|ffle|ffre|fie|fle|ge|gi|gle|gne|gre|gré|gu|gue|ille|le|li|lle|lu|lé|lû|ma|me|mmé|mé|ne|ni|nie|nne|nné|noie|nu|nue|né|nû|pe|pie|ple|pli|ppe|pre|que|ra|re|rre|rré|ré|se|ssuie|ssé|sé|ta|te|tie|tre|trie|tru|tte|té|ve|voue|vre|vé|xcré|xe|xtre|é]-{s°,ti}ment	suffix/1/m@/ment		56.9	28	7.3
suffix	1	m@	mment	0	71	70	170.4	apparemment évidemment récemment suffisamment précédemment différemment					170.4	0	0.0
suffix	1	fOn	phone	0	53	27	170.1	téléphone téléphones magnétophone interphone saxophone mégaphone					170.1	0	0.0
suffix	4	[C]y.[C-{tR,tj}]E.°.m@	·[cu|gu|lu|nhu|pu|tu]rellement	0	19	19	42.5	naturellement particulièrement régulièrement culturellement populairement singulièrement	[C-{tR,tj}]E,[C]y	suffix/3/[C-{tR,tj}]E.°.m@/·[ai|bai|chai|chaî|chè|cie|ciè|crè|cè|dai|diai|die|dre|dè|e|fai|fè|gai|gè|ille|lai|lei|liè|llè|lè|mai|me|miè|mmai|mè|mê|nai|ne|niai|niè|nnai|nne|nnê|plai|plè|prê|què|rai|re|rei|rie|rrai|rè|sai|scè|se|sei|siè|ssai|ssiè|strai|sè|tai|te|tie|tè|vai|ve|vei|vè|vé|vê|xiè|xtrê|è]-{tR,tj}tement	suffix/2/°.m@/·°ment		42.5	1	0.0
suffix	3	[C]@.°.m@	·[cen|chan|gen|glan|lan|man|men|mman|mmen|nan|nnan|pen|ran|ren|rran|sen|ssem|ten|tran|van]dement	0	43	28	56.5	commandement arrangement rassemblement étrangement dérangement consentement	[C]@	suffix/2/°.m@/·°ment	suffix/2/°.m@/·°ment	suffix/3/[C]@.[C]°.m@/·[cen|chan|gen|glan|lan|man|men|mman|mmen|nan|nnan|pen|ran|ren|rran|sen|ssem|ten|tran|van]dement	56.5	39	17.8
suffix	2	[C]@.dy	·[pan|pen|ten|tten|ven]du	0	57	14	84.7	entendu malentendu inattendu attendu inattendue détendu	[C]@	suffix/1/dy/du	suffix/1/dy/du		84.7	4	1.3
suffix	3	ta.°.m@	·talement	0	41	36	56.4	totalement mentalement brutalement attachement ravitaillement détachement	ta	suffix/2/°.m@/·°ment	suffix/2/°.m@/·°ment	suffix/3/ta.[C]°.m@/·talement	56.4	1	0.0
suffix	2	s°.m@	ssement	0	256	174	84.3	avertissement applaudissements établissement investissement gémissements divertissement					84.3	0	0.0
suffix	2	[C]is.te	·[is|kys|sis|ssis]ter	0	54	10	84.0	résister assister exister insisté existé assisté	[C]is	suffix/1/te/ter	suffix/1/te/ter		84.0	12	1.3
prefix	3	i.ma.i	imai·	0	29	8	56.0	imagination imaginez immatriculée imaginant imaginables imaginations					56.0	0	0.0
suffix	4	*.ni.[C]a.sj§	·[a|dem|ga|lli|ma|mmu|mo|ti]nisation	0	12	9	42.0	organisation communication communications réanimation organisations indemnisation	[C]a,ni,*	suffix/3/ni.[C]a.sj§/·nisation	suffix/1/sj§/tion		42.0	2	0.7
prefix	2	kO+kOR+kOl+kOm+ko+k§.[C]@	con[cen|en|pen|pren|san|sen|tem|ten]·	0	112	11	83.9	concentrer comprendra comprendras contenter comprendrais comprendrez	[C]@	prefix/1/kO+kOR+kOl+kOm+ko+k§/co+col+com+con+cor	prefix/1/kO+kOR+kOl+kOm+ko+k§/co+col+com+con+cor		83.9	22	4.4
prefix	1	sER	cer	0	18	9	167.7	certain cerveau certaine cerveaux certaines certains					167.7	0	0.0
suffix	2	pe.Re	pérer	0	221	8	87.0	récupérer récupéré coopérer désespéré désespérée récupérez					87.0	0	0.0
prefix	2	y.ni	uni	0	49	18	83.7	univers uniforme unités uniformes unifier unifié					83.7	0	0.0
prefix	2	Egz.a	exa	0	77	5	83.6	examens examiner exagères exagère examiné examine					83.6	0	0.0
suffix	2	[C]u.ze	·[lou|pou|quou|tou]ser	0	15	5	83.5	épouser épousé épousée épousez épousées épousés	[C]u	suffix/1/ze/ser	suffix/1/ze/ser		83.5	1	0.0
suffix	1	5	en	0	68	27	167.0	moyen moyens citoyens citoyen doyen lycéens					167.0	0	0.0
suffix	4	*-{bo,ly}.[C]i.na.sj§	·[cri|des|gglu|li|ma|or|ré|ssé|sé|ta|ter|ti|tio|xter]-{bo,ly}gination	0	29	17	41.7	imagination détermination contamination extermination discrimination élimination	[C]i,*-{bo,ly}	suffix/3/[C]i.na.sj§/·[chi|ci|cli|di|gi|gri|mi|pi|sci|sti|ti|vi]nation	suffix/2/na.sj§/nation		41.7	3	0.1
suffix	1	sibl	ssible	0	21	9	166.8	impossible inaccessible impossibles accessible impassible irrépressible					166.8	0	0.0
suffix	2	la.sj§	lation	1	115	72	83.4	population circulation révélation consolation immatriculation violation					83.4	0	0.0
suffix	2	vER.se	·verser	0	49	8	83.0	traverser traversé renversé renverser bouleversé bouleversée	vER	suffix/1/se/ser	suffix/1/se/ser		83.0	0	0.0
prefix	2	pRo.[C]o	pro[co|mo|no|po|ro|so|to|vo]·	0	47	11	83.0	proposition proposé promotion proposer provocation proposez	[C]o	prefix/1/pRo/pro	prefix/1/pRo/pro		83.0	4	0.5
suffix	2	Ek.t9R	·Ekteur	0	23	8	84.0	inspecteur inspecteurs projecteur protecteur projecteurs protectrice					84.0	0	0.0
prefix	2	@.bRa	embra·	0	50	5	82.9	embrasser embrassé embrassez embrassée embrassés embrassait	bRa	prefix/1/@/em	prefix/1/@/em		82.9	8	0.9
prefix	2	5.@	in@·	0	99	21	82.9	inventé incendie inventer inventaire intensité impensable					82.9	0	0.0
suffix	3	[C]i.s°.m@	·[bi|bli|chi|ci|di|dri|gi|gri|gui|i|illi|li|lli|mi|ni|nni|noui|pi|ri|rri|si|ssi|ti|tri|tti|vi|vri]ssement	0	104	67	55.2	avertissement applaudissements investissement gémissements divertissement investissements	s°,[C]i	suffix/2/s°.m@/·cement	suffix/1/m@/ment		55.2	8	0.2
suffix	3	*-{ko}.*.Zi	·[a|bio|chi|cio|cro|da|dio|do|dé|go|ma|mio|mo|na|no|o|pho|po|pro|rio|ro|sio|ta|tho|to|tro|tyo|xo]-{ko}logie	0	94	83	55.1	technologie hémorragie technologies idéologie mythologie théologie	*,*-{ko}	suffix/2/*.Zi/·[ba|go|ller|llur|lo|ner|pha|plé|rra|rur|tal|thar|tur|té|vral|xal]gie	suffix/1/Zi/gie		55.1	11	0.9
suffix	2	vER.se	verser	0	110	6	88.9	traverser traversé renversé renverser bouleversé bouleversée					88.9	0	0.0
prefix	1	Sa	cha	0	144	41	165.3	chapeau chaleur charité chapitre chapelle chapeaux					165.3	0	0.0
suffix	3	na.*-{s°,ti}.m@	·nalement	0	40	34	55.1	finalement déménagement convenablement raisonnablement management ménagement	*-{s°,ti},na	suffix/2/*-{s°,ti}.m@/·[be|ble|bre|ca|che|chi|cie|claffe|cle|cre|cré|cu|cé|de|di|die|dre|du|dé|dû|ffle|ffre|fie|fle|ge|gi|gle|gne|gre|gré|gu|gue|ille|le|li|lle|lu|lé|lû|ma|me|mmé|mé|ne|ni|nie|nne|nné|noie|nu|nue|né|nû|pe|pie|ple|pli|ppe|pre|que|ra|re|rre|rré|ré|se|ssuie|ssé|sé|ta|te|tie|tre|trie|tru|tte|té|ve|voue|vre|vé|xcré|xe|xtre|é]-{s°,ti}ment	suffix/1/m@/ment		55.1	0	0.0
suffix	3	na.°.m@	·nalement	0	40	34	55.1	finalement déménagement convenablement raisonnablement management ménagement	na	suffix/2/°.m@/·°ment	suffix/2/°.m@/·°ment	suffix/3/na.[C]°.m@/·nalement	55.1	0	0.0
prefix	1	vo	vo	0	108	21	164.8	voleur voleurs vomir vocation voter voté					164.8	0	0.0
suffix	1	Zi	gie	0	148	124	164.5	énergie technologie chirurgie bougies stratégie hémorragie					164.5	0	0.0
prefix	1	va	va	0	168	40	164.5	valise valeur valises valait valeurs valet					164.5	0	0.0
suffix	4	[C]i.bi.li.te	·[ci|di|gi|illi|ni|si|ssi|ti|xi]bilité	0	88	44	41.0	possibilité possibilités sensibilité crédibilité visibilité disponibilité	[C]i	suffix/3/bi.li.te/bilité	suffix/3/bi.li.te/bilité	suffix/4/[C]i.i.li.te/·[ci|di|gi|illi|ni|si|ssi|ti|xi]bilité	41.0	0	0.0
prefix	2	@.[C]e	em[bra|braie|mé|mê|pié|pre|pê]·	0	75	8	82.0	empêcher empêché emménager emménagé emménage empêchée	[C]e	prefix/1/@/em	prefix/1/@/em		82.0	19	0.7
suffix	3	[C]@.[C]a.sj§	·[can|cen|men|mman|pen|plan|quen|ren|rien|sen|ten]tration	0	39	22	54.7	concentration représentation alimentation présentation orientation recommandation	[C]a,[C]@	suffix/2/[C]a.sj§/·[a|ba|bra|ca|cia|cra|da|dia|fla|ga|gna|gra|la|lia|lla|ma|mma|na|pa|pla|qua|ra|ria|rra|sa|sla|ssa|ta|tia|tra|tta|va|via|xa|xpia]tion	suffix/1/sj§/tion		54.7	7	4.7
prefix	1	ga	ga	0	103	33	164.0	gamin garage gamins gamine gazon galop					164.0	0	0.0
prefix	2	ma.la	mala	0	23	8	81.9	maladie maladies maladroit maladroite malaria malabar					81.9	0	0.0
suffix	3	*-{v@}.sjo.nEl	·[ac|ddi|di|fonc|la|mo|por|ra|rra|rrec|sa|ta|ten|tri|tu|xcep]-{v@}tionnel	0	98	22	54.5	exceptionnel conditionnelle exceptionnelle émotionnel traditionnelle sensationnel	*-{v@}	suffix/2/sjo.nEl/tionnel	suffix/2/sjo.nEl/tionnel		54.5	4	0.2
suffix	2	[C]ER.te	·[ber|cer|ler|ser]té	0	20	6	81.4	liberté libertés puberté déconcerté déserté désertée	[C]ER	suffix/1/te/té	suffix/1/te/té		81.4	0	0.0
prefix	1	pi	pi	0	226	56	162.2	pilote piper pigé piqué pilotes pignon					162.2	0	0.0
suffix	1	s@	ssant	0	202	113	162.2	intéressant puissant reconnaissant puissants embarrassant ravissant					162.2	0	0.0
suffix	2	*.Ra	·[a|ba|be|ca|cca|de|dou|go|lé|mo|mé|no|pe|pu|pé|re|sé|vie]ra	0	37	20	81.0	caméra opéra caméras choléra mascara opéras	*	suffix/1/Ra/ra	suffix/1/Ra/ra		81.0	3	0.1
suffix	1	swaR	soir	0	10	5	161.9	bonsoir déversoir ostensoir ostensoirs encensoirs suspensoir					161.9	0	0.0
suffix	2	ij.e	·ijer	0	175	35	84.0	meurtrier bouclier calendrier sanglier boucliers cendrier					84.0	0	0.0
prefix	2	de.[C]E	dé[be|bra|braie|chaî|crê|dai|fe|fle|fra|fraî|gai|grai|gè|la|lai|me|mè|mê|nei|niai|pei|plai|pre|pê|ra|rai|rè|te|tei|ve|vei|vê]·	0	242	43	80.8	dépêchez dépêchons dépêcher déterrer déterré déplaisant	[C]E	prefix/1/de/dé	prefix/1/de/dé		80.8	114	7.4
prefix	2	me.i	méi·	0	84	21	80.7	médical mérité médicale mériter méritait méritez					80.7	0	0.0
suffix	2	di.sj§	dition	0	15	10	80.7	condition conditions tradition expédition traditions expéditions					80.7	0	0.0
suffix	1	t§	ton	0	143	79	161.3	fiston bouton tonton boutons carton moutons					161.3	0	0.0
suffix	2	[C]i.tik	·[chi|dy|li|ly|mi|ni|phi|ri|thri|vi]tique	0	49	21	80.5	politique politiques paralytique syphilitique apolitique analytique	[C]i	suffix/1/tik/tique	suffix/1/tik/tique		80.5	0	0.0
suffix	3	ky.a.sj§	·ccusation	0	32	21	53.6	accusation circulation accusations occupation immatriculation occupations	ky	suffix/2/a.sj§/·ation	suffix/2/a.sj§/·ation		53.6	0	0.0
prefix	2	de.[C]9	dé[feu|fleu|gueu|jeu|meu|peu]·	0	48	6	80.3	déjeuner déjeuné déjeuners déjeunons déjeunait déjeunez	[C]9	prefix/1/de/dé	prefix/1/de/dé		80.3	4	0.0
suffix	4	*.*.R°.m@	·[a|bi|ce|ci|con|cu|dgé|di|dic|em|ga|gi|gu|li|llu|lon|lu|ma|men|mi|mé|nan|né|phé|po|pu|pé|ri|si|son|ssa|ta|tio|tu|té|va|vi|xté]lièrement	0	60	60	40.1	particulièrement régulièrement volontairement nécessairement temporairement financièrement	*,*	suffix/3/*.R°.m@/·[ai|ba|cai|chi|ciè|cè|dai|diai|fè|ga|gai|gu|gè|lai|liè|miè|mmai|mè|nai|niai|niè|nnai|plai|rai|rieu|soi|ssai|ssiè|ssoi|ssu|tai|ti|tiè|toi|trai|tè|vi|vè]rement	suffix/2/R°.m@/rement	suffix/4/*.*-{tjE}.R°.m@/·[a|bi|ce|ci|con|cu|dgé|di|dic|em|ga|gi|gu|li|llu|lon|lu|ma|men|mi|mé|nan|né|phé|po|pu|pé|ri|si|son|ssa|ta|tio|tu|té|va|vi|xté]lièrement	40.1	4	0.0
suffix	2	vi.te	·vités	0	26	10	80.1	invités activité invité activités gravité invitée	vi	suffix/1/te/té	suffix/1/te/té		80.1	0	0.0
suffix	3	[C]i.v°.m@	·[di|sci|si|ssi|ti|vi|ï]vement	0	75	75	53.4	effectivement définitivement attentivement relativement exclusivement approximativement	[C]i	suffix/2/v°.m@/vement	suffix/2/v°.m@/vement		53.4	0	0.0
prefix	2	dis.ky	discu	0	41	5	80.0	discuter discuté discutons discutera discutez discutait					80.0	0	0.0
suffix	2	t@.dy	·tendu	0	43	11	79.9	entendu malentendu inattendu attendu inattendue détendu	t@	suffix/1/dy/du	suffix/1/dy/du		79.9	0	0.0
suffix	4	*-{bo,ly}.[C]i.na.sj§	·[cri|gglu|li|ma|or|sé|ta|ter|xter]-{bo,ly}gination	0	17	10	40.0	imagination détermination contamination extermination discrimination élimination	na,[C]i,*-{bo,ly}	suffix/3/[C]i.na.sj§/·[chi|ci|cli|di|gi|mi|sci|ti|vi]nation	suffix/1/sj§/tion	suffix/4/*-{bo,ly}.*.na.sj§/·[cri|gglu|li|ma|or|sé|ta|ter|xter]-{bo,ly}gination	40.0	2	0.1
suffix	2	li.tik	·litique	0	29	12	79.8	politique politiques paralytique syphilitique apolitique analytique	li	suffix/1/tik/tique	suffix/1/tik/tique		79.8	0	0.0
suffix	3	[C]o.[C]i.ze	·[bo|chro|co|do|go|lo|mo|no|o|po|pro|rio|ro|rro|so|to|vo]risé	0	170	36	53.2	autorisé économiser autoriser improviser autorisée autorisés	[C]i,[C]o	suffix/2/[C]i.ze/·[chi|ci|di|gui|li|lli|ly|mi|ni|nni|phi|ri|thi|ti|tri|vi|xci|y|ï]ser	suffix/1/ze/ser		53.2	27	1.4
suffix	3	*.o.Zi	·[a|bio|cho|cio|co|cro|da|dio|do|dro|llo|ma|mio|mo|na|no|o|pho|po|pro|rio|ro|sio|ta|tho|to|tro|tyo|xo]logie	0	100	88	53.1	technologie psychologie technologies idéologie mythologie théologie	*	suffix/2/o.Zi/·ogie	suffix/2/o.Zi/·ogie		53.1	10	0.7
suffix	2	[C]E.s@	·[bai|cai|grai|nai|nnai|rai|re]ssant	0	18	11	79.2	intéressant reconnaissant intéressants reconnaissants connaissant inintéressants	[C]E	suffix/1/s@/ssant	suffix/1/s@/ssant		79.2	0	0.0
prefix	2	ko.@	co@·	0	57	11	79.1	commandement commandé commander commentaire commentaires commandez					79.1	0	0.0
prefix	1	fER	fer	0	42	9	157.7	fermer fermé fermez fermée fermés fermées					157.7	0	0.0
suffix	2	[C]e.Ra	·[lé|mé|pe|pé|re|sé]ra	0	10	6	78.6	caméra opéra caméras choléra opéras torera	[C]e	suffix/1/Ra/ra	suffix/1/Ra/ra		78.6	0	0.0
suffix	2	d°.m@	·dement	0	69	56	78.6	rapidement commandement bombardement amendement bombardements rudement	d°	suffix/1/m@/ment	suffix/1/m@/ment		78.6	0	0.0
suffix	2	*.sabl	·[bour|pen|pon|ver]sable	0	12	6	78.6	responsable responsables irresponsable impensable irresponsables remboursable	*	suffix/1/sabl/sable	suffix/1/sabl/sable		78.6	0	0.0
suffix	2	si.te	cité	1	130	64	78.5	électricité publicité capacité capacités complicité efficacité					78.5	0	0.0
suffix	3	[C]i.za.sj§	·[i|li|ni|ri|ti|tri|vi]sation	0	66	50	52.3	organisation civilisation utilisation réalisation organisations localisation	za,[C]i	suffix/2/za.sj§/·sation	suffix/1/sj§/tion		52.3	0	0.0
suffix	3	*.[C]o.Zi	·[a|bio|cho|cio|co|cro|da|dio|do|ma|mio|mo|na|no|o|pho|po|pro|rio|ro|sio|ta|tho|to|tro|tyo|xo]logie	0	92	81	52.3	technologie psychologie technologies idéologie mythologie théologie	[C]o,*	suffix/2/[C]o.Zi/·[go|lo]gie	suffix/1/Zi/gie		52.3	7	0.6
suffix	2	ky.le	·cculez	0	105	18	78.4	reculez reculer enculer calculé enculé circulez	ky	suffix/1/le/ler	suffix/1/le/ler		78.4	0	0.0
suffix	2	*.kal	·[a|ar|di|dia|fi|gi|li|ma|mi|na|ni|pi|ra|ri|si|ti|tri|vi|xi]cal	0	77	25	78.3	musical médical médicale musicale amical amicale	*	suffix/1/kal/cal	suffix/1/kal/cal		78.3	0	0.0
suffix	2	[C]Ek.te	·[bec|fec|ffec|jec|mec|nnec|pec|tec]ter	0	96	19	78.3	respecter respecté affecté inspecter infecté respectez	[C]Ek	suffix/1/te/ter	suffix/1/te/ter		78.3	25	6.8
suffix	3	*.lo.Zi	·[a|bio|cho|cio|co|cro|dio|do|dro|llo|mio|mo|na|no|o|pho|po|pro|rio|ro|sio|tho|to|tro|tyo|xo]logie	0	97	85	52.1	technologie psychologie technologies idéologie mythologie théologie	*	suffix/2/lo.Zi/logie	suffix/2/lo.Zi/logie		52.1	10	0.7
prefix	2	Re.a	réa·	0	319	46	78.2	réalisé réalise réagir réagi réagit réagis	a	prefix/1/Re/ré	prefix/1/Re/ré		78.2	4	1.1
suffix	3	ga.°.m@	·galement	0	17	14	52.1	également engagement légalement engagements illégalement dégagement	ga	suffix/2/°.m@/·°ment	suffix/2/°.m@/·°ment	suffix/3/ga.[C]°.m@/·galement	52.1	2	1.1
prefix	2	fe.i	féi·	0	39	7	77.9	félicitations féliciter félicite félicité félicitation félicitez					77.9	0	0.0
suffix	2	si.zj§	·cision	0	13	7	77.9	décision décisions précision incision précisions circoncision	si	suffix/1/zj§/sion	suffix/1/zj§/sion		77.9	0	0.0
suffix	1	v@	vent	0	10	6	155.8	souvent couvent paravent fervent couvents fervents					155.8	0	0.0
suffix	3	ga.*-{s°,ti}.m@	·galement	0	14	12	51.9	également engagement légalement engagements illégalement dégagement	*-{s°,ti},ga	suffix/2/*-{s°,ti}.m@/·[be|ble|bre|ca|che|chi|cie|claffe|cle|cre|cré|cu|cé|de|di|die|dre|du|dé|dû|ffle|ffre|fie|fle|ge|gi|gle|gne|gre|gré|gu|gue|ille|le|li|lle|lu|lé|lû|ma|me|mmé|mé|ne|ni|nie|nne|nné|noie|nu|nue|né|nû|pe|pie|ple|pli|ppe|pre|que|ra|re|rre|rré|ré|se|ssuie|ssé|sé|ta|te|tie|tre|trie|tru|tte|té|ve|voue|vre|vé|xcré|xe|xtre|é]-{s°,ti}ment	suffix/1/m@/ment		51.9	0	0.0
suffix	2	[C]i.kal	·[di|fi|gi|li|mi|ni|pi|ri|si|ti|tri|vi|xi]cal	0	58	18	77.8	musical médical médicale musicale amical amicale	[C]i	suffix/1/kal/cal	suffix/1/kal/cal		77.8	0	0.0
suffix	4	[C]a.[C-{n,s}]i.[C]a.sj§	·[a|ca|cia|ga|gra|la|ma|na|ra|ta|tra|va]gination	0	28	20	38.7	imagination réalisation contamination localisation canalisations canalisation	[C]a,[C-{n,s}]i,[C]a	suffix/3/[C-{n,s}]i.[C]a.sj§/·[bi|bli|bri|chi|di|fi|gi|i|li|mi|mmi|pi|pli|ppli|qui|ri|si|ti|tri|vi|xi|xpli]-{n,s}nation	suffix/1/sj§/tion		38.7	2	0.0
suffix	3	*.Ra.m@	·[cu|ffé|ppa|vé]remment	0	5	5	51.6	apparemment différemment indifféremment concurremment persévéramment	Ra,*	suffix/2/Ra.m@/·ramment	suffix/1/m@/mment		51.6	0	0.0
prefix	2	R°.[C]a	re[ba|bap|bra|bâ|ca|cla|coi|cra|fa|ga|ja|joi|la|lâ|ma|na|pa|pla|plâ|ta|tra|va|voi]·	0	427	48	77.3	revoilà repasser repasserai relâchez relâcher relâché	[C]a	prefix/1/R°/re	prefix/1/R°/re		77.3	149	12.2
suffix	1	N9R	gneur	0	9	6	154.4	seigneur seigneurs baigneur soigneur soigneurs surligneur					154.4	0	0.0
suffix	3	*.lo.Zi	·[a|bio|cho|cio|co|cro|dio|do|mio|mo|na|no|o|pho|po|pro|rio|ro|sio|tho|to|tro|tyo|xo]logie	0	89	78	51.4	technologie psychologie technologies idéologie mythologie théologie	lo,*	suffix/2/lo.Zi/·logie	suffix/1/Zi/gie		51.4	7	0.6
suffix	3	a.i.ze	·alisé	0	56	6	54.0	réalisé réaliser réalisez réalisa réalisera réalisés	a	suffix/2/i.ze/·iser	suffix/2/i.ze/·iser		54.0	14	1.1
suffix	3	i.v°.m@	·ivement	0	67	67	51.2	effectivement définitivement attentivement relativement exclusivement approximativement					51.2	0	0.0
suffix	2	*.tiv	·[a|ga|jonc|la|ma|mo|na|pec|ra|rec|si|spec|ta|tec|tia|vec]tive	0	46	23	76.8	détective tentative initiative perspective alternative détectives	*	suffix/1/tiv/tive	suffix/1/tiv/tive		76.8	2	0.0
prefix	2	po.li	poli	0	19	5	76.8	politique politiques politisée politiser politisé politisés					76.8	0	0.0
suffix	3	ni.a.sj§	·nisation	0	50	39	51.2	organisation communication communications réanimation organisations synchronisation	ni	suffix/2/a.sj§/·ation	suffix/2/a.sj§/·ation		51.2	0	0.0
suffix	3	[C]o.lo.Zi	·[bio|cho|cio|co|cro|dio|do|dro|llo|mio|mo|no|o|pho|po|pro|rio|ro|sio|tho|to|tro|tyo|xo]logie	0	94	84	51.0	technologie psychologie technologies idéologie mythologie théologie	[C]o	suffix/2/lo.Zi/logie	suffix/2/lo.Zi/logie	suffix/3/[C]o.o.Zi/·[bio|cho|cio|co|cro|dio|do|dro|llo|mio|mo|no|o|pho|po|pro|rio|ro|sio|tho|to|tro|tyo|xo]logie	51.0	8	0.5
suffix	3	[C]e.i.te	·[bé|ccré|ce|ché|cré|cé|dé|gé|llé|lé|me|mmé|mé|né|pé|re|ré|scé|shé|té|vé|xtré|xté|é]lité	0	112	38	51.1	fidélité nécessité célébrité intégrité sincérité prospérité	[C]e	suffix/2/i.te/·ité	suffix/2/i.te/·ité		51.1	47	8.7
prefix	1	fy	fu	0	127	31	152.9	fusil fumer furieux fusils furieuse fumé					152.9	0	0.0
prefix	2	de.[C]e	dé[cré|cé|fra|fraî|fé|gré|gé|lé|mé|né|pa|plai|pre|pré|pé|ra|raie|ré|sé|vê]·	0	229	38	76.2	déménager dépression déménagé déménage décédé délégation	[C]e	prefix/1/de/dé	prefix/1/de/dé		76.2	27	4.0
suffix	2	d°.m@	dement	0	67	54	76.2	rapidement commandement bombardement amendement bombardements commandements					76.2	0	0.0
suffix	2	*.ny	·[te|ti|ve]nue	0	16	6	76.1	continue bienvenue avenue retenue bienvenues avenues	*	suffix/1/ny/nue	suffix/1/ny/nue		76.1	0	0.0
suffix	2	[C]e.tER	·[cié|cré|dgé|lé|né|phlé|é]taire	0	21	9	76.0	propriétaire secrétaire propriétaires planétaire secrétaires prolétaires	[C]e	suffix/1/tER/taire	suffix/1/tER/taire		76.0	0	0.0
suffix	4	*.[C-{tR,tj}]E.[C]°.m@	·[ce|che|ci|con|cu|dgé|di|em|gi|gu|lho|li|lon|lu|ma|man|men|mer|mi|mé|nan|nhu|né|po|pu|ra|ri|si|son|ti|tio|tri|trin|tu|té|ve]lièrement	0	55	52	38.0	particulièrement régulièrement volontairement nécessairement temporairement financièrement	[C]°,[C-{tR,tj}]E,*	suffix/3/[C-{tR,tj}]E.[C]°.m@/·[ai|bai|chai|chaî|chè|ciè|crè|cè|dai|diai|die|dre|dè|e|fai|fè|gai|gè|ille|lai|lei|liè|llè|lè|mai|miè|mmai|mè|mê|nai|niai|niè|nnai|nnê|plai|plè|prê|què|rai|re|rrai|rè|sai|scè|sei|siè|ssai|ssiè|strai|sè|tai|te|tè|vai|ve|vei|vè|vé|vê|xiè|xtrê|è]-{tR,tj}tement	suffix/1/m@/ment		38.0	16	0.2
suffix	4	*-{zi}.ti.*-{s°,ti}.m@	·[aus|ba|bé|cas|cep|cra|crip|dac|des|do|fan|fec|ffec|ga|gi|gné|guis|jec|la|lec|li|lis|llec|ly|ma|man|mes|mi|mé|na|no|nu|né|o|pa|pec|phé|ra|sis|tas|then|thé|tinc|tis|tui|xta]-{zi}tivement	0	74	74	38.0	effectivement relativement politiquement automatiquement génétiquement inutilement	*-{s°,ti},ti,*-{zi}	suffix/3/ti.*-{s°,ti}.m@/·thiquement	suffix/1/m@/ment		38.0	9	0.1
suffix	2	sjo.ne	·sionné	0	194	41	76.0	impressionné fonctionner mentionné impressionner démissionné démissionner	sjo	suffix/1/ne/nner	suffix/1/ne/nner		76.0	0	0.0
prefix	1	Egz	ex	1	65	16	151.7	exact examen examens exacte examiné examine					151.7	0	0.0
suffix	2	*-{bi}.ta	·[mos|ros|sul|ten|tes|tos|tten]-{bi}tats	0	14	7	75.7	résultats résultat attentat attentats thermostat aérostat	*-{bi}	suffix/1/ta/tat	suffix/1/ta/tat		75.7	8	0.5
suffix	2	y.le	·yler	0	465	51	80.3	calculé circulez manipuler circuler dissimuler calculer					80.3	0	0.0
suffix	2	[C]i.tyR	·[cri|fi|ni|rri|ti]ture	0	20	10	75.6	nourriture écriture confiture pourriture fournitures écritures	[C]i	suffix/1/tyR/ture	suffix/1/tyR/ture		75.6	0	0.0
suffix	4	[C]a.i.za.sj§	·[a|ba|ca|cia|cra|da|dia|ga|gna|la|ma|na|nna|ra|ria|ta|tia|tra|va]nisation	0	98	84	37.8	organisation réalisation organisations localisation climatisation canalisations	[C]a	suffix/3/i.za.sj§/·isation	suffix/3/i.za.sj§/·isation		37.8	7	0.5
prefix	1	Z°	je	0	28	5	151.0	jeter jeté jetez jetée jetons jetés					151.0	0	0.0
suffix	4	[C]a.*.za.sj§	·[a|ba|ca|cia|cra|da|dia|ga|gna|la|ma|na|nna|ra|ria|ta|tia|tra|va|xtra]nisation	0	98	84	37.7	organisation réalisation organisations localisation climatisation canalisations	*,[C]a	suffix/3/*.za.sj§/·[ccu|chi|ci|cu|di|gi|i|li|lli|mi|ni|ri|thi|ti|tri|va|vi]sation	suffix/2/za.sj§/sation		37.7	7	0.5
suffix	3	[C]o.lo.Zi	·[bio|cho|cio|co|cro|dio|do|mio|mo|no|o|pho|po|pro|rio|ro|sio|tho|to|tro|tyo|xo]logie	0	86	77	50.3	technologie psychologie technologies idéologie mythologie théologie	lo,[C]o	suffix/2/lo.Zi/·logie	suffix/1/Zi/gie	suffix/3/[C]o.[C]o.Zi/·[bio|cho|cio|co|cro|dio|do|mio|mo|no|o|pho|po|pro|rio|ro|sio|tho|to|tro|tyo|xo]logie	50.3	6	0.4
suffix	4	[C]a.[C]i.za.sj§	·[a|ba|ca|cia|cra|da|dia|ga|gna|la|ma|na|nna|ra|ria|ta|tia|tra|va]nisation	0	97	83	37.7	organisation réalisation organisations localisation climatisation canalisations	[C]i,[C]a	suffix/3/[C]i.za.sj§/·[chi|ci|di|gi|i|li|lli|mi|ni|ri|thi|ti|tri|vi]sation	suffix/2/za.sj§/sation		37.7	7	0.5
suffix	4	*.[C-{tR,tj}]E.*-{s°,ti}.m@	·[ce|che|ci|con|cu|dgé|di|em|gi|gu|lho|li|lon|lu|ma|man|men|mer|mi|mé|nan|nhu|né|po|pu|ra|ri|si|son|ti|tio|tri|trin|tu|ve]lièrement	0	54	51	37.7	particulièrement régulièrement volontairement nécessairement temporairement financièrement	*-{s°,ti},[C-{tR,tj}]E,*	suffix/3/[C-{tR,tj}]E.*-{s°,ti}.m@/·[ai|chai|chaî|chè|ciè|crè|cè|dai|diai|die|dè|e|fai|fè|gai|gè|ille|lai|lei|liè|llè|lè|mai|miè|mmai|mè|mê|nai|niai|niè|nnai|nnê|piè|plai|plè|prê|que|què|rai|rrai|rè|sai|scè|sei|siè|ssai|ssiè|strai|sè|tai|te|tè|vai|ve|vei|vè|vé|vê|xiè|xtrê|è]-{tR,tj}tement	suffix/1/m@/ment		37.7	15	0.2
suffix	2	y.Re	·yrer	0	459	59	78.7	torturer procurer capturé capturer torturé capturés					78.7	0	0.0
suffix	3	[C]i.[C]a.m@	·[bli|ci|ffi|gli|gui|li|lli|pi|pri|ti|vi]demment	0	13	13	50.0	évidemment suffisamment intelligemment précipitamment pertinemment incidemment	[C]a,[C]i	suffix/2/[C]a.m@/·[a|ce|cha|da|de|ga|ge|gea|illa|la|le|lla|lle|ne|nna|que|ra|re|rre|sa|scie|ssa|ta|tie|va]mment	suffix/1/m@/mment		50.0	1	0.1
suffix	2	a.tik	·athique	0	149	72	75.0	sympathique dramatique automatique démocratique informatique sympathiques					75.0	0	0.0
prefix	2	R°.[C]e	re[bai|cré|cé|de|dé|fré|gré|grée|lé|mé|né|pré|pé|qué|té|vé|vê]·	0	198	30	74.9	représente repéré représentation représenter représentent représentait	[C]e	prefix/1/R°/re	prefix/1/R°/re		74.9	48	0.5
suffix	2	[C-{gR}]E.se	·[bai|dre|fe|lai|ppre|pre|re]-{gR}sser	0	64	11	74.7	intéresser intéressé confesser adresser caresser intéressée	[C-{gR}]E	suffix/1/se/sser	suffix/1/se/sser		74.7	14	3.4
suffix	1	s@s	ssance	0	27	16	149.4	naissance connaissance puissance reconnaissance connaissances obéissance					149.4	0	0.0
suffix	2	o.ze	·oser	0	275	33	79.4	proposé proposer disposer composé proposez disposé					79.4	0	0.0
prefix	2	@.[C]E	en[chaî|fe|grai|lè|nei|quê|ra|se|sei|te|traî|tê|ve]·	0	113	18	74.6	entraînement enverrai entraîneur enverra enquêteurs enquêteur	[C]E	prefix/1/@/en	prefix/1/@/en		74.6	57	5.9
prefix	2	o.e	oe·	0	35	16	74.5	opération opérations opérationnel océans opérationnels opérationnelle					74.5	0	0.0
prefix	2	a.t@	atten	0	24	5	74.5	attendais attendue attentif attendront attentifs attentive					74.5	0	0.0
suffix	3	si.*-{s°,ti}.m@	·cilement	0	36	35	49.6	facilement précisément décidément difficilement explicitement passivement	*-{s°,ti},si	suffix/2/*-{s°,ti}.m@/·[be|ble|bre|ca|che|chi|cie|claffe|cle|cre|cré|cu|cé|de|di|die|dre|du|dé|dû|ffle|ffre|fie|fle|ge|gi|gle|gne|gre|gré|gu|gue|ille|le|li|lle|lu|lé|lû|ma|me|mmé|mé|ne|ni|nie|nne|nné|noie|nu|nue|né|nû|pe|pie|ple|pli|ppe|pre|que|ra|re|rre|rré|ré|se|ssuie|ssé|sé|ta|te|tie|tre|trie|tru|tte|té|ve|voue|vre|vé|xcré|xe|xtre|é]-{s°,ti}ment	suffix/1/m@/ment		49.6	0	0.0
suffix	1	s5	cin	0	18	8	148.6	médecin médecins vaccin vaccins clavecin larcin					148.6	0	0.0
suffix	2	li.tER	·litaire	0	16	6	74.2	militaire solitaire militaires solitaires utilitaire égalitaire	li	suffix/1/tER/taire	suffix/1/tER/taire		74.2	0	0.0
prefix	1	tER	ter	0	36	8	148.4	terminé terminée terminer termine terminus terminées					148.4	0	0.0
prefix	2	o.bli	obli	0	41	5	74.2	obligé obligée obligés obliger obligez obligeait					74.2	0	0.0
suffix	1	da	dat	0	12	6	148.3	soldats soldat mandat candidat candidats mandats					148.3	0	0.0
suffix	2	*-{Ra}.taZ	·[au|bo|cen|che|cho|chou|chu|co|cryp|cu|do|fa|gno|go|ille|le|lle|lo|ma|mec|men|mi|mo|no|nu|pac|pen|pis|po|por|pé|que|re|reau|ri|ro|si|ssar|va|van|ve|vol|yo|zu]-{Ra}tage	0	85	62	74.1	avantage héritage reportage sauvetage avantages sabotage	*-{Ra}	suffix/1/taZ/tage	suffix/1/taZ/tage		74.1	34	1.5
suffix	1	Se	ché	0	198	46	147.6	marché touché couché clichés cliché craché					147.6	0	0.0
suffix	3	*-{pe}.a.twaR	·[bi|bli|bo|bu|bé|cha|ci|cu|du|ffa|fi|fla|fé|lé|mi|mmi|pa|phé|pi|rro|ser|si|ten|tur|xplo]-{pe}ratoire	0	67	35	49.2	laboratoire interrogatoire obligatoire conservatoire respiratoire interrogatoires	*-{pe}	suffix/2/a.twaR/·atoire	suffix/2/a.twaR/·atoire		49.2	27	0.3
suffix	3	*.[C]a.se	·[ba|de|pe|te]rrasser	0	31	6	48.9	débarrasser débarrassé débarrassez débarrassée embarrasser embarrassé	[C]a,*	suffix/2/[C]a.se/·[a|ba|bra|ca|cha|gna|illa|la|ma|na|pa|ra|rra|ta|va]sser	suffix/1/se/sser		48.9	3	0.1
suffix	2	[C]e.Re	·[bé|cé|dé|ffé|fé|gé|lé|mé|nié|né|pé|rrié|ssié|thé|té]ré	0	183	39	73.4	préféré préférée désespéré désespérée préférés préférées	[C]e	suffix/1/Re/ré	suffix/1/Re/ré		73.4	10	1.2
suffix	2	*.ni	·[co|for|gi|go|gy|gé|le|lo|lom|lé|ma|mi|mo|pha|pho|phré|pé|ro|som|ta|tech|thé|to]nie	0	116	58	73.4	cérémonie harmonie ironie colonie pneumonie agonie	*	suffix/1/ni/nie	suffix/1/ni/nie		73.4	16	0.1
suffix	3	[C]@.ta.sj§	·[can|man|men|plan|quen|rien|sen|ten]tation	0	48	32	48.9	représentation augmentation alimentation présentation orientation présentations	[C]@	suffix/2/ta.sj§/tation	suffix/2/ta.sj§/tation		48.9	3	0.7
suffix	2	*.dje	·[ban|bar|ca|car|cen|ga|gé|illan|la|man|mo|mé|na|no|pu|ro|rra|tar|tu|van|var|xpé]dier	0	88	28	73.4	étudier étudié remédier brigadier bombardiers étudiez	*	suffix/1/dje/dier	suffix/1/dje/dier		73.4	0	0.0
suffix	1	t@	tent	0	21	7	146.4	content contents compétent mécontent compétents incompétent					146.4	0	0.0
suffix	2	[C]@.te	·[chan|den|emp|gen|glan|illan|jan|man|men|pen|plan|quen|ren|rien|sen|van]té	0	139	33	73.1	enchanté enchantée parenté expérimenté tourmenté ensanglanté	[C]@	suffix/1/te/té	suffix/1/te/té		73.1	8	0.6
prefix	2	R°.[C]§	re[bon|com|con|fon|gon|mon|non|plon|tom]·	0	310	31	73.0	remonter remontez renoncé remonté reconduire retomber	[C]§	prefix/1/R°/re	prefix/1/R°/re		73.0	32	3.7
suffix	3	*-{to}.Ra.t9R	·[bo|bu|bé|co|cu|do|dé|fo|gé|lio|lé|mi|mé|né|pa|pi|po|pu|pé|tu|xplo]-{to}rateur	0	84	33	48.7	générateur opérateur aspirateur réfrigérateur admirateur collaborateurs	Ra,*-{to}	suffix/2/Ra.t9R/·rateur	suffix/1/t9R/teur		48.7	7	0.3
prefix	2	mi.i	mii·	0	81	23	73.0	militaire militaires minibus millimètre militants minimiser					73.0	0	0.0
suffix	3	*.Ri.ze	·[bo|cu|cé|da|do|ga|go|la|lia|lo|mo|mé|no|po|ra|rio|rro|sau|so|ssoi|ssu|ta|teu|to|tou|tu|ty|té|vo|vé]risé	0	336	48	50.2	autorisé autoriser autorisée autorisés sécurisé sécurisée	*	suffix/2/Ri.ze/riser	suffix/2/Ri.ze/riser		50.2	10	0.3
suffix	3	*-{pe,tRa}.*-{fEk}.twaR	·[bi|bli|bo|bu|bé|ci|cla|cu|du|fa|ffa|fi|fla|lo|lé|mi|pa|phé|pi|ppo|qui|rro|ser|si|ten|tur|xplo|é]-{pe,tRa}ratoire	0	68	36	48.6	laboratoire interrogatoire obligatoire conservatoire respiratoire interrogatoires	*-{fEk},*-{pe,tRa}	suffix/2/*-{fEk}.twaR/·[a|ba|bi|bra|ca|cri|cu|dic|ga|gra|is|jec|la|lla|llu|ma|mi|mma|na|ni|pa|per|ra|remp|ri|rri|sa|si|sis|ta|u|va|xa|xpia]-{fEk}toire	suffix/1/twaR/toire		48.6	25	0.7
suffix	4	[C]i.i.ka.sj§	·[bi|bri|ci|di|gni|i|li|mi|ni|nni|pli|ri|si|ssi|ti|tri|vi|zi]fication	0	89	64	36.4	identification signification vérification qualifications modifications unification	[C]i	suffix/3/i.ka.sj§/·ication	suffix/3/i.ka.sj§/·ication		36.4	4	0.4
suffix	4	[C]i.[C]i.ka.sj§	·[bri|ci|di|gni|i|li|mi|ni|nni|pli|ri|si|ssi|ti|tri|vi|zi]fication	0	88	63	36.4	identification signification vérification qualifications modifications unification	[C]i,[C]i	suffix/3/[C]i.ka.sj§/·[bli|bri|di|fi|ni|pli|ppli|ti|xi|xpli]cation	suffix/2/ka.sj§/cation		36.4	3	0.4
suffix	3	[C]y.la.sj§	·[bu|cu|du|gu|mu|nnu|nu|pu|su|tu|vu]lation	0	54	33	48.5	population circulation simulation annulation manipulation dissimulation	la,[C]y	suffix/2/la.sj§/·lation	suffix/1/sj§/tion		48.5	4	0.2
suffix	4	*-{my}.[C]i.a.t9R	·[a|bi|ca|ci|cri|di|fi|ga|gé|lli|na|ni|nnih|né|or|pli|po|ra|ri|si|ssi|sé|ta|ti|tra|ven|vi|vé|xter]-{my}lisateur	0	132	49	37.0	réalisateur pacificateurs réalisateurs organisateur pacificateur examinateur	[C]i,*-{my}	suffix/3/[C]i.a.t9R/·[bri|ci|di|fi|gi|i|li|lli|mi|ni|pi|pli|qui|ri|sci|ssi|ti|vi]nateur	suffix/2/a.t9R/·ateur		37.0	34	0.6
suffix	3	ky.[C]a.sj§	·ccusation	0	23	14	48.5	accusation circulation accusations occupation occupations procuration	[C]a,ky	suffix/2/[C]a.sj§/·[a|ba|bra|ca|cia|cra|da|dia|fla|ga|gna|gra|la|lia|lla|ma|mma|na|pa|pla|qua|ra|ria|rra|sa|sla|ssa|ta|tia|tra|tta|va|via|xa|xpia]tion	suffix/1/sj§/tion		48.5	0	0.0
suffix	2	[C]i.nER	·[di|gi|gui|mi|pli|ri|tri]naire	0	35	14	72.6	extraordinaire ordinaire ordinaires imaginaire extraordinaires séminaire	[C]i	suffix/1/nER/naire	suffix/1/nER/naire		72.6	0	0.0
suffix	3	*.si.te	·[mmen|ten|ver]sité	0	14	7	48.4	université intensité universités immensité adversité diversité	*	suffix/2/si.te/sité	suffix/2/si.te/sité		48.4	0	0.0
suffix	2	sy.Re	·ssurer	0	32	7	72.5	assurer assuré assurez rassurer rassurez rassuré	sy	suffix/1/Re/rer	suffix/1/Re/rer		72.5	0	0.0
suffix	2	S°.m@	·chement	0	67	46	72.5	franchement vachement accouchement attachement détachement rapprochement	S°	suffix/1/m@/ment	suffix/1/m@/ment		72.5	0	0.0
suffix	1	dR	dre	0	7	7	144.7	perdre mordre tordre retordre démordre reperdre					144.7	0	0.0
prefix	2	Ra.°	ra°·	0	75	19	72.3	rappelez ramenez racheter racheté rappelait rappelés					72.3	0	0.0
suffix	1	ka	cat	0	25	12	144.6	avocat avocats certificat syndicat délicat syndicats					144.6	0	0.0
suffix	1	t5	tin	0	113	54	144.5	destin crétin crétins bulletin festin baratin					144.5	0	0.0
suffix	1	t@s	tance	0	48	33	144.4	importance distance circonstances résistance assistance distances					144.4	0	0.0
suffix	2	*-{tE}.Re	·[bou|ga|ma|pie|sse|su|te]-{tE}rré	0	64	14	72.2	enterré enterrer démarrer enterrée démarrez démarré	*-{tE}	suffix/1/Re/rrer	suffix/1/Re/rrer		72.2	39	1.0
prefix	2	de.o	déo·	0	320	56	72.2	démolir décrocher décroché décoration démoli décorations					72.2	0	0.0
suffix	2	a.list	·aliste	0	129	53	72.2	journaliste spécialiste journalistes spécialistes capitaliste nationalistes					72.2	0	0.0
suffix	2	za.sj§	·sation	0	70	52	72.1	organisation accusation civilisation accusations utilisation réalisation	za	suffix/1/sj§/tion	suffix/1/sj§/tion		72.1	0	0.0
prefix	3	E.a.*	extra[con|cor|ga|lu|or|po|sen|sys|te|tri|trie|trii|va]·	0	57	14	48.0	extraordinaire extraterrestres extraterrestre extraordinaires extraordinairement extrasensorielle	*	prefix/2/E.a/ea·	prefix/2/E.a/ea·		48.0	13	0.3
suffix	3	nE.°.m@	·naillement	0	40	39	48.0	personnellement honnêtement éternellement solennellement émotionnellement professionnellement	nE	suffix/2/°.m@/·°ment	suffix/2/°.m@/·°ment		48.0	1	0.0
suffix	4	[C]i.fi.ka.sj§	·[bi|bri|ci|di|gni|i|li|mi|ni|nni|pli|ri|si|ssi|ti|tri|vi|zi]fication	0	86	62	35.9	identification signification vérification qualifications modifications unification	[C]i	suffix/3/fi.ka.sj§/fication	suffix/3/fi.ka.sj§/fication	suffix/4/*.fi.ka.sj§/·[bi|bri|ci|di|gni|i|li|mi|ni|nni|pli|ri|si|ssi|ti|tri|vi|zi]fication	35.9	4	0.4
suffix	4	[C]i.fi.ka.sj§	·[bri|ci|di|gni|i|li|mi|ni|nni|pli|ri|si|ssi|ti|tri|vi|zi]fication	0	85	61	35.9	identification signification vérification qualifications modifications unification	fi,[C]i	suffix/3/fi.ka.sj§/·fication	suffix/2/ka.sj§/cation	suffix/4/*.fi.ka.sj§/·[bri|ci|di|gni|i|li|mi|ni|nni|pli|ri|si|ssi|ti|tri|vi|zi]fication;suffix/4/[C]i.*-{pli}.ka.sj§/·[bri|ci|di|gni|i|li|mi|ni|nni|pli|ri|si|ssi|ti|tri|vi|zi]fication;suffix/4/[C]i.fi.a.sj§/·[bri|ci|di|gni|i|li|mi|ni|nni|pli|ri|si|ssi|ti|tri|vi|zi]fication;suffix/4/*.fi.a.sj§/·[bri|ci|di|gni|i|li|mi|ni|nni|pli|ri|si|ssi|ti|tri|vi|zi]fication	35.9	3	0.4
prefix	2	Ri.i	rii·	0	10	5	71.4	ridicule ridicules rigidité riquiqui retriever rigidités					71.4	0	0.0
suffix	2	[C]i.ge	·[di|rri|ti|tri|vi]gué	0	35	7	71.4	fatigué fatiguée fatigués naviguer fatiguer fatiguez	[C]i	suffix/1/ge/guer	suffix/1/ge/guer		71.4	0	0.0
suffix	3	*-{Re}.*.lje	·[con|mi|mmo|ni|pi|pis|ti]-{Re}culier	0	34	9	47.6	particulier réconcilier immobilier particuliers réconciliés hospitalier	*,*-{Re}	suffix/2/*.lje/·[a|ba|bi|ca|ce|ci|co|cu|da|de|do|gu|ma|mi|mme|na|nne|pe|ro|rre|se|si|sse|ssi|ta|te|to|tro|va|xfo]lier	suffix/1/lje/lier		47.6	0	0.0
prefix	3	E.kstRa.*	extra[con|cor|ga|lu|or|po|sen|sys|te|va]·	0	35	12	47.5	extraordinaire extraterrestres extraterrestre extraordinaires extraordinairement extrasensorielle	*	prefix/2/E.kstRa/extra	prefix/2/E.kstRa/extra		47.5	0	0.0
suffix	4	*.nE.°.m@	·[di|gi|le|lho|mi|sio|so|ssio|ter|tio]nnellement	0	31	31	35.6	personnellement éternellement solennellement émotionnellement professionnellement intentionnellement	nE,*	suffix/3/nE.°.m@/·naillement	suffix/2/°.m@/·°ment		35.6	2	0.0
suffix	3	*.°.niR	·[con|de|ppar|ter|tre]venir	0	78	6	57.5	intervenir appartenait entretenir redevenir appartenir appartenant	*	suffix/2/°.niR/·°nir	suffix/2/°.niR/·°nir		57.5	13	0.7
suffix	2	[C]e.Se	·[bré|lé|pê|raî|ssé]cher	0	28	6	71.1	empêcher empêché empêchée assécher empêchés desséchée	[C]e	suffix/1/Se/cher	suffix/1/Se/cher		71.1	4	0.1
suffix	2	pi.Re	·pirer	0	46	7	70.9	respirer respirez inspiré empirer inspirer aspirer	pi	suffix/1/Re/rer	suffix/1/Re/rer		70.9	0	0.0
suffix	3	*-{si}.na.t9R	·[di|fa|mi|so|ter|to|vi]-{si}nateur	0	45	15	47.6	ordinateur ordinateurs détonateur détonateurs examinateur exterminateur	*-{si}	suffix/2/na.t9R/nateur	suffix/2/na.t9R/nateur		47.6	0	0.0
suffix	3	*-{pe}.[C]a.twaR	·[bi|bli|bo|bu|bé|ci|cla|cu|du|fa|ffa|fi|fla|lé|mi|pa|phé|pi|rro|ser|si|ten|tur|xplo]-{pe}ratoire	0	60	32	47.2	laboratoire interrogatoire obligatoire conservatoire respiratoire interrogatoires	[C]a,*-{pe}	suffix/2/[C]a.twaR/·[a|ba|bra|ca|ga|gra|la|lla|ma|mma|na|pa|ra|sa|ta|va|xa|xpia]toire	suffix/1/twaR/toire		47.2	21	0.2
suffix	3	ni.[C]a.sj§	·nisation	0	21	14	47.1	organisation communication communications réanimation organisations initiation	[C]a,ni	suffix/2/[C]a.sj§/·[a|ba|bra|ca|cia|cra|da|dia|fla|ga|gna|gra|la|lia|lla|ma|mma|na|pa|pla|qua|ra|ria|rra|sa|sla|ssa|ta|tia|tra|tta|va|via|xa|xpia]tion	suffix/1/sj§/tion		47.1	0	0.0
suffix	3	[C]i.l°.m@	·[bi|bri|ci|ffi|gi|ni|pi|qui|ri|ti|vi]lement	0	27	26	47.1	facilement tranquillement difficilement inutilement habilement subtilement	l°,[C]i	suffix/2/l°.m@/·lement	suffix/1/m@/ment		47.1	2	0.0
suffix	3	*.zi.sj§	·[po|ppo|qui]sition	0	16	8	47.0	disposition déposition opposition composition perquisition dispositions	zi,*	suffix/2/zi.sj§/·sition	suffix/1/sj§/tion		47.0	0	0.0
prefix	2	a.u	au·	0	327	34	70.5	ajouter accoucher ajouté approuvé ajoutez accouché					70.5	0	0.0
prefix	1	y	hu	0	41	8	140.9	humain humaine humains humaines hublot hublots					140.9	0	0.0
suffix	2	a.tyR	·ature	0	31	20	70.2	créature créatures température littérature dictature candidature					70.2	0	0.0
suffix	3	na.l°.m@	·nalement	0	16	16	46.6	finalement machinalement banalement internationalement phénoménalement pénalement	na	suffix/2/l°.m@/lement	suffix/2/l°.m@/lement	suffix/3/na.l°.m@/·nalement	46.6	0	0.0
suffix	2	*.s@s	·[i|joui|nai|nnai|pui|roi]ssance	0	19	12	69.9	connaissance reconnaissance connaissances obéissance renaissance impuissance	*	suffix/1/s@s/ssance	suffix/1/s@s/ssance		69.9	0	0.0
prefix	2	R°.[C]i	re[bi|cy|di|fi|gli|li|mi|pi|pri|ti|vi]·	0	149	25	69.8	retirer retiré retirez refilé refiler retirée	[C]i	prefix/1/R°/re	prefix/1/R°/re		69.8	63	4.2
suffix	2	*.REt	·[ffe|ga|ge|jo|lle|mou|pé|que|su|tu]rette	0	24	12	69.7	cigarette cigarettes majorette supérette majorettes opérette	*	suffix/1/REt/rette	suffix/1/REt/rette		69.7	0	0.0
suffix	3	*.v°.m@	·[chè|lè|ner|sci|si|ssi|ti|vi|è|ï]vement	0	45	39	46.4	effectivement enlèvement relativement prélèvement exclusivement brièvement	v°,*	suffix/2/v°.m@/·vement	suffix/1/m@/ment		46.4	1	0.0
suffix	2	*-{pE}.z@	·[bi|chi|dui|fai|ffi|ffu|gi|li|lli|ly|mu|ni|plai|po|ppo|pri|pui|ri|thi|ti|tri|xpo|y|ï]-{pE}sant	0	106	62	69.6	amusant suffisant séduisant déplaisant insuffisant tranquillisants	*-{pE}	suffix/1/z@/sant	suffix/1/z@/sant		69.6	11	1.4
suffix	4	*.E.R°.m@	·[bi|ce|ci|con|cu|dgé|di|em|gi|gu|li|lon|lu|ma|men|mi|mé|nan|né|phé|po|pu|ri|si|son|ssa|tio|tu|va]lièrement	0	45	45	34.7	particulièrement régulièrement volontairement nécessairement temporairement financièrement	*	suffix/3/E.R°.m@/·Erement	suffix/3/E.R°.m@/·Erement	suffix/4/*.[C]E.R°.m@/·[bi|ce|ci|con|cu|dgé|di|em|gi|gu|li|lon|lu|ma|men|mi|mé|nan|né|phé|po|pu|ri|si|son|ssa|tio|tu|va]lièrement;suffix/4/*.[C-{tj}]E.R°.m@/·[bi|ce|ci|con|cu|dgé|di|em|gi|gu|li|lon|lu|ma|men|mi|mé|nan|né|phé|po|pu|ri|si|son|ssa|tio|tu|va]lièrement	34.7	3	0.0
suffix	4	*.nE.l°.m@	·[gi|le|mi|sio|so|ssio|ter|tio]nnellement	0	27	27	34.7	personnellement éternellement solennellement émotionnellement professionnellement intentionnellement	nE,*	suffix/3/nE.l°.m@/·nellement	suffix/2/l°.m@/llement		34.7	1	0.0
suffix	2	[C]i.ve	·[ri|rri|ti]vé	0	33	7	69.3	arrivé arrivée arrivés cultivé activé activée	[C]i	suffix/1/ve/vé	suffix/1/ve/vé		69.3	4	0.0
suffix	4	*-{mo}.[C]a.li.te	·[bé|ci|ffi|gi|men|mi|mmor|ni|né|o|pi|po|ré|so|ten|tio|té|ver|vi|â]-{mo}nnalité	0	54	27	34.6	personnalité hospitalité immortalité personnalités nationalité criminalité	li,[C]a,*-{mo}	suffix/3/[C]a.li.te/·[a|ba|ca|cia|da|ga|gra|ma|na|nna|ra|ria|sa|ta|tia|tra|va|via]lité	suffix/1/te/té		34.6	4	0.7
suffix	2	o.te	·oté	0	516	77	71.7	communauté loyauté cruauté nouveauté tripoter grignoter					71.7	0	0.0
suffix	3	*.ni.ze	·[bo|ca|chro|co|dem|der|ga|go|li|lli|llé|lo|ma|mi|mmu|mo|no|po|ta|ter|ti|va]niser	0	258	31	48.3	organiser organisé organisée organisons organisés organisait	*	suffix/2/ni.ze/niser	suffix/2/ni.ze/niser		48.3	18	0.5
suffix	3	ti.v°.m@	·tivement	0	51	51	46.0	effectivement définitivement attentivement relativement approximativement positivement	ti	suffix/2/v°.m@/vement	suffix/2/v°.m@/vement		46.0	0	0.0
suffix	2	[C]e.tik	·[bé|dé|gné|gé|lé|mé|né|phré|phé|ré|scé|thé|té|vié|vé|é]tique	0	101	40	69.0	soviétique pathétique génétique magnétique esthétique poétique	[C]e	suffix/1/tik/tique	suffix/1/tik/tique		69.0	7	0.5
suffix	3	*.i.nER	·[bou|ma|or|ri|sci|té]dinaire	0	18	6	45.9	extraordinaire imaginaire vétérinaire extraordinaires originaire imaginaires	*	suffix/2/i.nER/·inaire	suffix/2/i.nER/·inaire		45.9	0	0.0
suffix	2	i.Re	·irer	0	121	8	73.6	respirer respirez inspiré inspirer respirait transpirer					73.6	0	0.0
suffix	1	s§	sson	0	47	24	137.4	poisson poissons boisson boissons frissons frisson					137.4	0	0.0
suffix	1	fik	fique	0	30	13	137.4	magnifique scientifique magnifiques scientifiques maléfique spécifique					137.4	0	0.0
suffix	3	a.li.ze	·alisé	0	27	5	45.8	réalisé réaliser réalisez réalisés réalisées réalisée	li,a	suffix/2/li.ze/·liser	suffix/1/ze/ser	suffix/3/a.[C]i.ze/·alisé	45.8	0	0.0
suffix	3	*-{SaR,bER}.Z°.m@	·[ga|la|llon|lo|lon|mma|na|ra|ran|rra|rran|ti|tran|va]-{SaR,bER}gement	0	40	26	45.8	engagement arrangement soulagement étrangement dérangement engagements	*-{SaR,bER}	suffix/2/Z°.m@/gement	suffix/2/Z°.m@/gement	suffix/3/*-{SaR,bER}.Z°.m@/·[ga|la|llon|lo|lon|mma|na|ra|ran|rra|rran|ti|tran|va]-{SaR,bER}gement	45.8	18	0.8
prefix	2	e.y	éy·	0	96	21	68.6	éducation étudié étudie écurie étudies éduqué					68.6	0	0.0
suffix	3	*.[C]@.se	·[co|cu|do|flu|fé|ni|se|te]mmencer	0	56	8	45.7	recommencer recommencez recommencé influencer influencé manigancé	[C]@,*	suffix/2/[C]@.se/·[den|en|gan|lan|man|men|mmen|nan|nnan|quen|ren|rren|tan|van]cé	suffix/1/se/cer		45.7	0	0.0
suffix	1	aZ	age	0	29	19	137.1	voyage voyages nettoyage balayage triage essayage					137.1	0	0.0
prefix	2	o.pe	opé	0	13	5	68.4	opération opérations opérationnel opérationnels opérationnelle opéras					68.4	0	0.0
suffix	2	[C]a.ke	·[bra|ma|na|tra|tta|voua]quer	0	35	7	68.4	attaquer attaqué attaquée attaqués attaquez arnaquer	[C]a	suffix/1/ke/quer	suffix/1/ke/quer		68.4	0	0.0
suffix	3	*.na.t9R	·[di|fa|mi|so|ter|to|vi]nateur	0	30	14	45.4	ordinateur ordinateurs détonateur détonateurs exterminateur coordinateur	na,*	suffix/2/na.t9R/·nateur	suffix/1/t9R/teur		45.4	3	0.2
suffix	2	po.ze	poser	0	178	14	72.8	proposé proposer disposer composé proposez disposé					72.8	0	0.0
suffix	3	o.zi.sj§	·osition	0	22	13	45.4	proposition disposition composition dispositions propositions décomposition					45.4	0	0.0
suffix	3	po.zi.sj§	position	0	21	12	45.3	proposition disposition composition dispositions propositions décomposition					45.3	0	0.0
suffix	3	[C]i.si.te	·[bli|bri|di|fi|li|ni|pli|ri|ti|tri|xi|ï]cité	0	70	35	45.3	électricité publicité complicité simplicité félicité publicités	[C]i	suffix/2/si.te/cité	suffix/2/si.te/cité		45.3	4	0.0
suffix	2	*-{buR,vER}.se	·[cen|clip|ffen|pen|per|pul|vul|xpul]-{buR,vER}sé	0	74	13	67.9	dépensé dépenser offenser offensé expulser dispersez	*-{buR,vER}	suffix/1/se/ser	suffix/1/se/ser		67.9	28	3.3
suffix	2	E.se	·Esser	0	118	10	78.3	intéresser intéressé confesser intéressait intéresserait intéressée					78.3	0	0.0
prefix	1	SaR	char	0	75	19	135.6	charmant chargé charmante charger charbon chargez					135.6	0	0.0
suffix	4	*-{Na}.li.a.sj§	·[a|ba|bi|bo|ca|ci|cia|cra|cu|dia|ga|gé|ma|na|nna|ra|ri|ria|so|ssi|sua|ta|ti|tia|tra|tua|va|vi]-{Na}lisation	0	99	86	33.9	civilisation utilisation réalisation localisation civilisations réhabilitation	li,*-{Na}	suffix/3/li.a.sj§/·lisation	suffix/2/a.sj§/·ation		33.9	5	0.3
suffix	2	[C]°.te	·[che|cre|dre|ge|ille|je|le|lle|me|ne|nne|pre|que|re|se|te|tre|ve|vre]té	0	125	49	67.7	saleté pauvreté sûreté pureté saletés lâcheté	[C]°	suffix/1/te/té	suffix/1/te/té		67.7	9	0.1
suffix	1	Re	ré	0	491	110	135.4	préféré préférée désespéré déchiré désespérée séparés					135.4	0	0.0
suffix	2	fe.Re	férer	0	207	9	83.0	préféré préférerais préférez transféré transférer préférais					83.0	0	0.0
suffix	1	ge	guer	0	230	45	135.1	fatigué fatiguée draguer distinguer fatigués largué					135.1	0	0.0
suffix	1	kyl	cule	0	72	34	134.7	ridicule véhicule crépuscule pellicule minuscule véhicules					134.7	0	0.0
prefix	1	du	dou	0	72	17	134.7	douleur douter doutais douleurs douzaine douzaines					134.7	0	0.0
prefix	1	tR@	tran	0	76	10	134.2	tranquille tranquilles trancher tranché transit tranchant					134.2	0	0.0
suffix	3	ti.v°.m@	tivement	0	49	49	44.7	effectivement définitivement attentivement relativement approximativement positivement					44.7	0	0.0
suffix	3	sE.°.m@	·cegnements	0	16	13	44.7	renseignements sincèrement renseignement harcèlement enseignement nécessairement	sE	suffix/2/°.m@/·°ment	suffix/2/°.m@/·°ment		44.7	1	0.0
suffix	4	si.bi.li.te	·cibilité	0	26	13	33.5	possibilité possibilités sensibilité impossibilité insensibilité sensibilités	si	suffix/3/bi.li.te/bilité	suffix/3/bi.li.te/bilité	suffix/4/si.i.li.te/·cibilité	33.5	0	0.0
suffix	4	*-{my}.[C]i.[C]a.t9R	·[a|bi|ca|ci|di|fi|ga|gé|lli|na|ni|nnih|né|or|pli|po|ra|ri|si|ssi|sé|ta|ti|tra|ven|vi|vé|xter]-{my}lisateur	0	92	47	33.5	réalisateur pacificateurs réalisateurs organisateur pacificateur utilisateur	[C]a,[C]i,*-{my}	suffix/3/[C]i.[C]a.t9R/·[bri|ci|di|fi|gi|i|li|lli|mi|ni|pi|pli|qui|ri|sci|ssi|ti|vi]nateur	suffix/1/t9R/teur		33.5	24	0.4
prefix	2	e.[C]o	é[chau|clo|co|lo|mo|ro|to|vo]·	0	67	13	67.0	étonnant émotion émotions étonner étonné étonnante	[C]o	prefix/1/e/é	prefix/1/e/é		67.0	24	7.7
suffix	3	*.Ri.ze	·[bo|cu|cé|da|do|ga|go|la|lia|lo|mo|mé|no|o|po|ra|rio|rro|so|ssoi|ssu|ta|teu|to|tou|tu|té|vo|vé]risé	0	184	46	44.6	autorisé autoriser autorisée autorisés sécurisé sécurisée	Ri,*	suffix/2/Ri.ze/·risé	suffix/1/ze/ser		44.6	6	0.3
suffix	2	*-{bE,ba}.le	·[co|ge|pe|re|sse|ta|ti|xce]-{bE,ba}ller	0	60	11	66.9	installer installé décoller installez installée installés	*-{bE,ba}	suffix/1/le/ller	suffix/1/le/ller		66.9	11	0.3
prefix	2	su.°	sou°·	0	67	16	66.9	souvenez soulever souverain soulevé soulevez soutenez					66.9	0	0.0
prefix	2	5.[C]o	in[co|coh|do|so|to|vio|vo]·	0	79	33	66.9	inconnu inconnue inconnus intolérable involontaire inconnues	[C]o	prefix/1/5/in	prefix/1/5/in		66.9	7	0.3
suffix	1	di	die	0	28	14	133.7	maladie comédie incendie tragédie maladies mélodie					133.7	0	0.0
prefix	2	@.ER	enER·	0	56	9	66.8	enfermé enfermer enfermée emmerder enfermez enfermés					66.8	0	0.0
suffix	2	fy.ze	·ffusé	0	32	7	66.8	refusé refuser refusez diffuser diffusé refusée	fy	suffix/1/ze/ser	suffix/1/ze/ser		66.8	0	0.0
suffix	3	*.sjo.ne	·[bi|cep|ddi|di|fec|lec|llec|lu|mi|por|pre|si|ti|ven|xcur]ssionné	0	92	21	44.5	impressionné impressionner démissionné démissionner impressionnée impressionnés	sjo,*	suffix/2/sjo.ne/·sionné	suffix/1/ne/nner		44.5	25	0.9
suffix	3	sE.[C]°.m@	·cegnements	0	15	12	44.5	renseignements sincèrement renseignement harcèlement enseignement nécessairement	[C]°,sE	suffix/2/[C]°.m@/·[be|ble|bre|ce|che|cle|cre|de|dre|ffle|ffre|fle|ge|gle|gne|gre|gue|ille|le|lle|me|ne|nne|pe|ple|ppe|pre|que|re|rre|sce|se|sse|te|tre|tte|ve|vre|xe|xtre]ment	suffix/1/m@/ment	suffix/3/sE.*-{s°,ti}.m@/·cegnements	44.5	0	0.0
suffix	2	*.vwaR	·[breu|ce|de|mou|ser|tre]voir	0	12	10	66.5	recevoir décevoir réservoir apercevoir concevoir réservoirs	*	suffix/1/vwaR/voir	suffix/1/vwaR/voir		66.5	1	0.0
prefix	2	5.[C]@	in[can|chan|fran|sen|tan|tem|ten|tran|ven]·	0	85	22	66.3	inventé inventer insensé insensible insensée inventée	[C]@	prefix/1/5/in	prefix/1/5/in		66.3	13	0.7
suffix	3	Rj2.z°.m@	·rieusement	0	10	10	44.1	sérieusement curieusement mystérieusement furieusement glorieusement laborieusement	Rj2	suffix/2/z°.m@/sement	suffix/2/z°.m@/sement	suffix/3/Rj2.°.m@/·rieusement	44.1	0	0.0
suffix	3	ti.[C]i.te	·tivité	0	32	16	44.1	activité intimité activités utilité fertilité légitimité	[C]i,ti	suffix/2/[C]i.te/·[bi|bri|ci|di|gi|gni|gri|i|li|lli|mi|mmi|ni|nni|pi|qui|ri|ry|si|ssi|ti|vi|xci|xi|ï]té	suffix/1/te/té		44.1	0	0.0
suffix	1	tim	time	0	16	8	132.2	victime victimes légitime centimes centime maritime					132.2	0	0.0
suffix	2	*.zi	·[cra|cri|di|geoi|gné|gé|lou|ly|no|né|pha|pi|pla|ré|ta|tai|thé|toi|é]sie	0	48	24	66.0	poésie jalousie fantaisie courtoisie hypocrisie anesthésie	*	suffix/1/zi/sie	suffix/1/zi/sie		66.0	6	0.1
suffix	2	@.se	·@cer	0	347	20	73.5	recommencer recommencez recommencé influencer recommencera recommençons					73.5	0	0.0
prefix	1	e	hé	0	77	22	131.9	héros hélas héroïne hésite hérité hésité					131.9	0	0.0
prefix	2	k§.a	cona·	0	112	23	65.9	compagnon compagnons condamnation comparaison consacré contrarié					65.9	0	0.0
suffix	2	[C]a.le	·[ba|ta]ller	0	40	7	65.9	installer installé installez installée emballer installés	[C]a	suffix/1/le/ller	suffix/1/le/ller		65.9	0	0.0
suffix	2	*.j2	·[bri|ci|di|mmei|ni|qui|ri|ti|vei]lleux	0	11	10	65.9	merveilleux pointilleux périlleux sourcilleux vétilleux coquilleux	*	suffix/1/j2/lleux	suffix/1/j2/lleux		65.9	1	0.0
prefix	2	@.@	en@·	0	122	20	65.9	enchantée entendue entendais enchanté enfantine entendront					65.9	0	0.0
suffix	2	*.ma	·[go|gro|na|né|ra|zé]ma	0	16	8	65.8	cinéma cinémas panorama eczéma tarama panama	*	suffix/1/ma/ma	suffix/1/ma/ma		65.8	0	0.0
suffix	2	o.le	·oler	0	243	30	70.1	contrôler consoler contrôlé contrôlez cambriolé cambrioler					70.1	0	0.0
suffix	2	na.t9R	·nateur	0	37	17	65.8	ordinateur sénateur ordinateurs sénateurs détonateur détonateurs	na	suffix/1/t9R/teur	suffix/1/t9R/teur		65.8	0	0.0
prefix	1	t°	te	0	15	6	131.3	tenez tenue tenant tenues tenante tenants					131.3	0	0.0
prefix	2	pa.a	paa·	0	162	52	65.6	passagers parasite parachute parasites passager paralysé					65.6	0	0.0
suffix	3	*.n°.m@	·[bo|cie|die|do|e|fo|gno|illo|llo|mo|o|po|ro|sio|so|sso|tie|tio|to|ço]nnement	0	81	55	43.7	environnement raisonnement abonnement fonctionnement couronnement approvisionnement	*	suffix/2/n°.m@/nnement	suffix/2/n°.m@/nnement		43.7	6	0.0
prefix	1	si	ci	0	104	34	131.0	cimetière cigare civile citron civils ciseaux					131.0	0	0.0
suffix	3	*-{t@}.i.fje	·[a|den|em|gi|go|jus|lec|li|mi|mys|pa|qua|so|u|ver|vi|vé|zé]-{t@}tifier	0	159	18	45.6	identifier identifié identifie identifiez identifiée identifiés	*-{t@}	suffix/2/i.fje/·ifier	suffix/2/i.fje/·ifier		45.6	45	1.0
suffix	2	[C]a.tik	·[a|ba|bba|cra|dia|dra|ma|na|pa|pha|pra|ra|sia|ta|tia|xta]tique	0	122	55	65.4	dramatique automatique démocratique informatique diplomatique asiatique	[C]a	suffix/1/tik/tique	suffix/1/tik/tique		65.4	8	1.8
suffix	3	[C]o.[C]i.sj§	·[bo|mo|po|ppo]sition	0	13	7	43.6	disposition déposition opposition composition dispositions supposition	[C]i,[C]o	suffix/2/[C]i.sj§/·[bi|ci|ddi|di|gni|li|mi|ni|ri|si|sti|ti|tri]tion	suffix/1/sj§/tion		43.6	2	1.6
suffix	3	[C]i.na.t9R	·[ci|di|mi|ssi|vi]nateur	0	41	13	44.1	ordinateur ordinateurs dessinateur examinateur exterminateur coordinateur	[C]i	suffix/2/na.t9R/nateur	suffix/2/na.t9R/nateur		44.1	0	0.0
suffix	3	*.*.nal	·[a|bi|bli|di|ly|na|no|ri|ta|tes|ti|to|tri|tu]ginal	0	46	14	43.5	original international internationale originale internationales originales	*,*	suffix/2/*.nal/·[bu|ccha|ci|di|dé|fer|gi|gio|go|gu|mi|mmu|mo|mé|o|ri|ro|ré|sa|se|tha|ti|tio|to|tom|tri|tro|tur|ver]nal	suffix/1/nal/nal		43.5	2	0.0
suffix	1	ti	ti	0	160	42	130.4	parti abruti ralentis abrutis partis ralenti					130.4	0	0.0
suffix	2	RE.s@	·raissant	0	10	5	64.8	intéressant intéressants inintéressants caressant inintéressant disparaissant	RE	suffix/1/s@/ssant	suffix/1/s@/ssant		64.8	0	0.0
prefix	2	kO+kOR+kOl+kOm+ko+k§.[C]e	con[ce|cé|de|dé|e|fé|gé|plé|pré|préh|pé|qué|sé|é]·	0	113	26	64.8	conséquences compétition conquérir conséquence compréhension concession	[C]e	prefix/1/kO+kOR+kOl+kOm+ko+k§/co+col+com+con+cor	prefix/1/kO+kOR+kOl+kOm+ko+k§/co+col+com+con+cor		64.8	13	0.1
suffix	3	di.*-{s°,ti}.m@	·dicaments	0	24	20	43.2	médicaments médicament indignement splendidement périodiquement sporadiquement	*-{s°,ti},di	suffix/2/*-{s°,ti}.m@/·[be|ble|bre|ca|che|chi|cie|claffe|cle|cre|cré|cu|cé|de|di|die|dre|du|dé|dû|ffle|ffre|fie|fle|ge|gi|gle|gne|gre|gré|gu|gue|ille|le|li|lle|lu|lé|lû|ma|me|mmé|mé|ne|ni|nie|nne|nné|noie|nu|nue|né|nû|pe|pie|ple|pli|ppe|pre|que|ra|re|rre|rré|ré|se|ssuie|ssé|sé|ta|te|tie|tre|trie|tru|tte|té|ve|voue|vre|vé|xcré|xe|xtre|é]-{s°,ti}ment	suffix/1/m@/ment		43.2	0	0.0
suffix	2	*.sj5	·[cru|gi|len|li|ma|man|mi|ni|ri|si|ti|tri|té|za|ï]cien	0	108	52	64.8	magicien musiciens mécanicien politiciens musicien pharmacien	*	suffix/1/sj5/cien	suffix/1/sj5/cien		64.8	0	0.0
suffix	1	tje	tier	0	147	78	129.4	quartier quartiers chantier héritier sentier portier					129.4	0	0.0
suffix	1	sj§	sion	1	86	51	129.4	tension version pension dimension compréhension diversion					129.4	0	0.0
suffix	2	sa.sj§	sation	0	14	9	64.4	conversation sensation conversations sensations compensation pulsations					64.4	0	0.0
suffix	2	t°.Ri	·terie	0	102	61	64.2	plaisanterie batterie loterie plaisanteries infanterie batteries	t°	suffix/1/Ri/rie	suffix/1/Ri/rie		64.2	0	0.0
suffix	2	*.lER	·[bu|ca|co|cu|du|fu|gu|llu|mi|mo|mu|nnu|nu|o|po|pu|si|so|su|to|tu]laire	0	124	59	64.0	populaire formulaire similaires spectaculaire populaires formulaires	*	suffix/1/lER/laire	suffix/1/lER/laire		64.0	15	1.0
prefix	2	@.[C-{t}]@	en[cen|chan|clen|gen|glan|gran|jam|san|vian]-{t}·	0	41	14	64.0	enchanté enchantée engendré enchanteur enclenché ensanglanté	[C-{t}]@	prefix/1/@/en	prefix/1/@/en		64.0	9	11.1
suffix	3	*.a.tik	·[ba|blé|cho|cro|cré|dra|for|ga|go|llo|lé|mis|mo|ni|nig|no|né|o|phrag|plo|reau|ris|ro|ré|so|ssé|tas|thé|ti|to|té]matique	0	73	35	42.6	automatique démocratique informatique diplomatique automatiques mathématiques	*	suffix/2/a.tik/·athique	suffix/2/a.tik/·athique		42.6	23	0.8
suffix	3	mi.a.sj§	·miliation	0	57	35	42.5	humiliation immigration admiration nomination détermination domination	mi	suffix/2/a.sj§/·ation	suffix/2/a.sj§/·ation		42.5	2	4.2
suffix	4	*-{Na}.li.za.sj§	·[a|ba|bi|bo|ca|cia|cra|cu|dia|ga|gé|ma|na|nna|ra|ri|ria|ssi|sua|ta|ti|tia|tra|tua|vi]-{Na}lisation	0	91	79	31.9	civilisation utilisation réalisation localisation civilisations canalisations	li,*-{Na}	suffix/3/li.za.sj§/·lisation	suffix/2/za.sj§/sation		31.9	5	0.3
suffix	2	*.o	·[a|ca|dé|lé|pri|ré|té]o	0	19	10	63.6	vidéo météo vidéos proprio stéréo rodéo	*	suffix/1/o/o	suffix/1/o/o		63.6	6	0.3
suffix	4	*-{Na}.li.za.sj§	·[a|ba|bi|bo|ca|cia|cra|cu|cuo|dia|ga|gé|ma|na|nna|ra|ri|ria|ssi|sua|ta|ti|tia|tra|tua|vi|vé]-{Na}lisation	0	92	80	31.7	civilisation utilisation réalisation localisation civilisations canalisations	*-{Na}	suffix/3/li.za.sj§/lisation	suffix/3/li.za.sj§/lisation		31.7	5	0.3
suffix	3	[C-{b,s}]i.ta.sj§	·[di|gi|li|mi|pi|si|vi|xci]-{b,s}tation	0	28	17	42.3	invitation agitation excitation imitation invitations méditation	ta,[C-{b,s}]i	suffix/2/ta.sj§/·tation	suffix/1/sj§/tion		42.3	3	2.1
prefix	2	R°.§	re§·	0	225	26	63.3	remonter remontez remonté retomber remontant remontera					63.3	0	0.0
suffix	2	[C]a.lje	·[a|ba|ca|cha|da|ma|na|ta|va]lier	0	36	14	63.3	escalier escaliers chevalier cavalier chevaliers cavaliers	[C]a	suffix/1/lje/lier	suffix/1/lje/lier		63.3	2	0.0
suffix	3	*.vi.te	·[ca|ci|cli|gra|gé|sci|si|ssi|ti]vité	0	96	48	42.1	activité activités exclusivité agressivité captivité créativité	*	suffix/2/vi.te/vité	suffix/2/vi.te/vité		42.1	0	0.0
suffix	2	ti.fje	tifier	0	218	16	69.3	identifier identifié justifier justifie sanctifié identifie					69.3	0	0.0
suffix	2	i.nEl	·inel	0	18	5	62.8	criminel criminels criminelle sentinelle criminelles sentinelles					62.8	0	0.0
suffix	3	*.ni.ze	·[bo|ca|chro|co|dem|der|ga|go|le|li|lli|llé|lo|ma|mi|mmu|mo|no|po|ra|ta|ter|ti|va]niser	0	154	33	41.9	organiser organisé organisée organisés organisez immunisé	ni,*	suffix/2/ni.ze/·niser	suffix/1/ze/ser		41.9	11	0.5
suffix	2	pi.Re	pirer	0	87	5	67.4	respirer respirez inspiré inspirer respirait transpirer					67.4	0	0.0
prefix	2	Egz.*	ex[a|al|i|oph|or]·	0	46	11	62.6	examen examens examiné examine exilés exilé	*	prefix/1/Egz/ex	prefix/1/Egz/ex		62.6	5	0.8
prefix	2	ko.m@	comman	0	34	7	62.5	commandement commandé commander commandez commandements commandant					62.5	0	0.0
suffix	2	[C]a.m@	·[boie|ca|ga|la|ma|noie|ra|ta|voie]ments	0	17	9	62.4	médicaments médicament testament tempérament firmament aboiements	[C]a	suffix/1/m@/ment	suffix/1/m@/ment		62.4	0	0.0
suffix	2	[C-{n}]i.me	·[bli|bî|li|ppri|pri|ri|ti|xpri]-{n}mer	0	83	14	62.3	exprimer abîmer abîmé imprimer estimé déprimé	[C-{n}]i	suffix/1/me/mer	suffix/1/me/mer		62.3	18	3.9
suffix	2	i.tyR	·iture	0	20	10	62.2	nourriture confiture pourriture fournitures progéniture garniture					62.2	0	0.0
suffix	3	[C]i.vi.te	·[ci|cli|sci|si|ssi|ti]vité	0	88	44	41.4	activité activités exclusivité agressivité captivité créativité	[C]i	suffix/2/vi.te/vité	suffix/2/vi.te/vité		41.4	0	0.0
suffix	3	@.ta.sj§	·@tation	0	38	25	41.4	représentation augmentation alimentation présentation présentations fréquentations					41.4	0	0.0
prefix	2	de.OR	déOR·	0	126	17	62.0	désormais débordé débordés déportés débordée déborder					62.0	0	0.0
prefix	2	5.[C-{v}]i	in[chi|ci|cli|di|fi|si|ti]-{v}·	0	122	35	61.9	infinie infini indifférence insinuez infidèle indifférent	[C-{v}]i	prefix/1/5/in	prefix/1/5/in		61.9	9	0.5
suffix	3	py.a.sj§	·pputation	0	20	10	41.2	réputation population manipulation populations manipulations amputation	py	suffix/2/a.sj§/·ation	suffix/2/a.sj§/·ation		41.2	3	0.0
suffix	2	[C]a.le	·[a|ba|ca|da|fa|ga|gna|nha|pa|ra|ssa|ta|va|voi]ler	0	107	20	61.7	avaler signaler avalé signalé dévoiler régaler	[C]a	suffix/1/le/ler	suffix/1/le/ler		61.7	48	4.8
prefix	2	de.E	déE·	0	98	23	61.7	dépêchez dépêchons dépêcher déplaisant déplaisante dégainez					61.7	0	0.0
suffix	3	di.a.t9R	·dinateur	0	21	6	41.2	ordinateur ordinateurs indicateur indicateurs prédicateur coordinateur	di	suffix/2/a.t9R/·ateur	suffix/2/a.t9R/·ateur		41.2	0	0.0
suffix	3	[C]O.n°.m@	·[bo|do|fo|gno|illo|llo|mo|o|po|ro|sio|so|sso|tio|to|ço]nnement	0	76	51	41.1	environnement raisonnement abonnement fonctionnement couronnement approvisionnement	n°,[C]O	suffix/2/n°.m@/·nement	suffix/1/m@/ment		41.1	6	0.0
prefix	2	a.[C]a	a[ba|bâ|ca|cha|droi|ma|na|pâ|ra|sa|ta|va|voi]·	0	130	28	61.5	abattu avalé amateurs amateur abattoir abattus	[C]a	prefix/1/a/a	prefix/1/a/a		61.5	27	3.7
suffix	1	R@s	rence	0	31	18	123.0	différence conférence apparence référence apparences préférence					123.0	0	0.0
prefix	4	E.kstRa.*.*	extraor[di|ju|lac|po|rri|so]·	0	17	7	30.7	extraordinaire extraordinaires extraordinairement extrasensorielle extrasensoriels extraconjugales	*,*	prefix/3/E.kstRa.*/extra[con|cor|ga|lu|or|po|sen|sys|te|va]·	prefix/2/E.kstRa/extra	prefix/4/E.a.*.*/extraor[di|ju|lac|po|rri|so]·	30.7	0	0.0
prefix	2	tRa.*-{ka}	tra[la|va|ve|ver]-{ka}·	0	33	5	61.4	traverser traversé travaillant traversant traversez traversait	*-{ka}	prefix/1/tRa/tra	prefix/1/tRa/tra		61.4	5	0.3
suffix	3	[C]@.ta.sj§	·[can|men|plan|quen|rien|sen|ten]tation	0	32	18	40.9	représentation alimentation présentation orientation présentations fréquentations	ta,[C]@	suffix/2/ta.sj§/·tation	suffix/1/sj§/tion		40.9	2	0.7
suffix	3	*.da.m@	·[bon|cé|pen|pru|vi]demment	0	6	6	40.9	évidemment précédemment indépendamment imprudemment abondamment surabondamment	da,*	suffix/2/da.m@/·damment	suffix/1/m@/mment		40.9	2	0.4
suffix	3	di.[C]a.t9R	·dinateur	0	15	6	40.9	ordinateur ordinateurs indicateur indicateurs prédicateur coordinateur	[C]a,di	suffix/2/[C]a.t9R/·[a|ba|bra|ca|cia|da|dia|ga|gna|gra|la|lia|lla|ma|mma|na|nna|pa|pha|pla|qua|ra|ria|rra|sa|sla|ta|tia|tra|va|voi|xa|xploi]teur	suffix/1/t9R/teur		40.9	0	0.0
prefix	1	u	ou	0	63	9	122.5	ouvert ouverte ouverts ouvertes ouvertement outrepasser					122.5	0	0.0
suffix	2	[C]i.sj5	·[gi|li|mi|ni|ri|si|ti|tri|ï]cien	0	92	44	61.2	magicien musiciens mécanicien politiciens musicien techniciens	[C]i	suffix/1/sj5/cien	suffix/1/sj5/cien		61.2	0	0.0
suffix	2	[C]a.tif	·[a|ba|bat|bla|ca|cia|da|ga|la|ma|na|pla|ra|rra|sa|sla|ta|tra|va|via|xa]tif	0	204	86	61.2	négatif affirmatif préparatifs préservatifs sédatif créatif	[C]a	suffix/1/tif/tif	suffix/1/tif/tif		61.2	0	0.0
suffix	2	nE.s@s	·naissance	0	8	5	61.1	connaissance reconnaissance connaissances renaissance reconnaissances méconnaissance	nE	suffix/1/s@s/ssance	suffix/1/s@s/ssance		61.1	0	0.0
suffix	2	o.nje	·onnier	0	69	19	64.1	prisonniers prisonnier prisonnière cordonnier chiffonnier poissonnier					64.1	0	0.0
suffix	3	*.*.nER	·[bou|ma|or|qua|quan|ran|ri|sci|to]dinaire	0	26	9	40.7	extraordinaire imaginaire extraordinaires originaire imaginaires disciplinaire	*,*	suffix/2/*.nER/·[bra|ce|cu|di|gi|gui|gé|llé|mi|mo|pa|pli|ri|ro|te|ter|tri|té]naire	suffix/1/nER/naire		40.7	0	0.0
suffix	3	[C]OR.*-{s°,ti}.m@	·[bor|ccor|for|gor|nor|por|vor]tement	0	16	9	40.7	comportement énormément avortement comportements avortements débordement	*-{s°,ti},[C]OR	suffix/2/*-{s°,ti}.m@/·[be|ble|bre|ca|che|chi|cie|claffe|cle|cre|cré|cu|cé|de|di|die|dre|du|dé|dû|ffle|ffre|fie|fle|ge|gi|gle|gne|gre|gré|gu|gue|ille|le|li|lle|lu|lé|lû|ma|me|mmé|mé|ne|ni|nie|nne|nné|noie|nu|nue|né|nû|pe|pie|ple|pli|ppe|pre|que|ra|re|rre|rré|ré|se|ssuie|ssé|sé|ta|te|tie|tre|trie|tru|tte|té|ve|voue|vre|vé|xcré|xe|xtre|é]-{s°,ti}ment	suffix/1/m@/ment		40.7	8	3.2
prefix	1	k§	comp	0	36	5	122.0	compter comptez compté comptais comptait comptable					122.0	0	0.0
prefix	2	@.[C]ER	en[cer|fer|ver]·	0	44	5	61.0	enfermé enfermer enfermée enfermez enfermés encerclé	[C]ER	prefix/1/@/en	prefix/1/@/en		61.0	4	3.2
suffix	3	mi.[C]a.sj§	·miliation	0	46	25	40.6	humiliation immigration admiration nomination détermination domination	[C]a,mi	suffix/2/[C]a.sj§/·[a|ba|bra|ca|cia|cra|da|dia|fla|ga|gna|gra|la|lia|lla|ma|mma|na|pa|pla|qua|ra|ria|rra|sa|sla|ssa|ta|tia|tra|tta|va|via|xa|xpia]tion	suffix/1/sj§/tion		40.6	0	0.0
suffix	2	*.R9R	·[bou|clai|co|cou|cu|lu|pa|pe|pé|ro|ssu|su|vo|xplo]reur	0	22	14	60.9	procureur empereur éclaireur éclaireurs assureur empereurs	*	suffix/1/R9R/reur	suffix/1/R9R/reur		60.9	3	0.6
prefix	3	a.e.Ro	aéro	0	44	20	40.6	aéroport aérodrome aéroports aérobic aéronavale aérodynamique					40.6	0	0.0
suffix	3	o.lo.Zi	·ologie	0	82	75	40.6	technologie psychologie technologies idéologie théologie archéologie					40.6	0	0.0
suffix	2	*.nje	·[bo|co|do|dro|ffo|fo|geo|go|lo|no|rro|so|sso|to|tro|vo|ço]nniers	0	63	29	60.8	prisonniers prisonnier cordonnier tisonnier chiffonnier poissonnier	*	suffix/1/nje/nnier	suffix/1/nje/nnier		60.8	0	0.0
suffix	3	*-{ky}.*.tyR	·[chi|di|gi|gis|gri|gé|i|llé|lo|pé|ri|sci|sin|ti|to|trou|tté|ves|é]-{ky}rature	0	33	22	40.5	température littérature architecture agriculture candidature progéniture	*,*-{ky}	suffix/2/*.tyR/·[a|ba|bla|ca|che|cri|cul|da|dra|fac|fai|fec|fi|ga|ge|gia|gna|la|ma|me|mma|ni|nia|pos|pul|punc|ra|rri|sla|ta|tec|ti|tra|van|ven|ver|vol]ture	suffix/1/tyR/ture		40.5	7	0.5
suffix	2	[C]o.nje	·[bo|co|do|dro|ffo|fo|geo|lo|no|rro|so|sso|to|tro|vo|ço]nniers	0	62	28	60.7	prisonniers prisonnier cordonnier tisonnier chiffonnier poissonnier	[C]o	suffix/1/nje/nnier	suffix/1/nje/nnier		60.7	0	0.0
suffix	2	*.lE	·[be|ce|che|cu|dau|de|ge|geo|gne|gno|gre|nne|o|pe|que|ri|ro|rre|se|sse|te|to|tou|va|ve]let	0	86	42	60.5	pistolet bracelet bracelets pistolets gobelet chapelet	*	suffix/1/lE/let	suffix/1/lE/let		60.5	4	0.0
suffix	2	a.ne	·aner	0	123	19	62.3	condamné condamner condamnés condamnée spontané spontanée					62.3	0	0.0
suffix	3	[C]i.na.t9R	·[di|mi|vi]nateur	0	22	10	40.0	ordinateur ordinateurs exterminateur coordinateur dominateur inséminateur	na,[C]i	suffix/2/na.t9R/·nateur	suffix/1/t9R/teur		40.0	0	0.0
suffix	2	sjo.nEl	tionnel	0	120	27	60.0	exceptionnel conditionnelle exceptionnelle émotionnel traditionnelle sensationnel					60.0	0	0.0
suffix	3	*.[C]i.nER	·[bou|ma|or|ri|sci]dinaire	0	14	5	39.9	extraordinaire imaginaire extraordinaires originaire imaginaires disciplinaire	[C]i,*	suffix/2/[C]i.nER/·[di|gi|gui|mi|pli|ri|tri]naire	suffix/1/nER/naire		39.9	0	0.0
prefix	2	de.Es	déEs·	0	50	8	59.8	désespoir détester détestais désespéré détestait détesté					59.8	0	0.0
prefix	1	fi	fi	0	126	31	119.5	finie fichez filet fidélité filez fichiers					119.5	0	0.0
suffix	1	syR	ssure	0	27	15	119.5	chaussures blessure blessures chaussure éclaboussures moisissure					119.5	0	0.0
prefix	2	a.is	ais·	0	56	6	59.7	assistant assister assistante assisté assistants assistera					59.7	0	0.0
suffix	3	*.[C]i.fje	·[a|den|gi|go|lec|li|mi|mys|qua|so|ten|then|u|ver|vé]tifier	0	71	15	39.7	identifier identifié identifiez identifiée identifiés disqualifié	[C]i,*	suffix/2/[C]i.fje/·[bri|ci|cri|di|gni|i|li|ni|nni|pli|ri|rri|si|thi|ti|tri|vi|zi]fier	suffix/1/fje/fier	suffix/3/*.*.fje/·[a|den|gi|go|lec|li|mi|mys|qua|so|ten|then|u|ver|vé]tifier	39.7	9	0.1
prefix	2	R°.@	re@·	0	177	27	59.5	ressenti ressentir ressentez ressemblance repentir ressentais					59.5	0	0.0
suffix	1	ze	sé	0	515	123	119.0	accusé brisé croisés exposé civilisé organisé					119.0	0	0.0
suffix	3	po.zi.sj§	·position	0	10	5	39.6	disposition déposition opposition composition dispositions supposition	zi,po	suffix/2/zi.sj§/·sition	suffix/1/sj§/tion	suffix/3/po.[C]i.sj§/·position	39.6	0	0.0
suffix	3	ta.l°.m@	·talement	0	14	13	39.5	totalement mentalement brutalement fondamentalement sentimentalement fatalement	ta	suffix/2/l°.m@/lement	suffix/2/l°.m@/lement	suffix/3/ta.l°.m@/·talement	39.5	0	0.0
prefix	2	E.a	ea·	0	153	30	59.2	extraordinaire extraterrestres extraterrestre exploiter extraordinaires exploité					59.2	0	0.0
suffix	2	*-{Rit}.mi	·[chi|ché|cé|do|dé|fa|ga|li|lié|lé|nho|no|ny|né|pé|rié|ré|so|ssé|ther|thy|to|tré]-{Rit}mie	0	98	49	59.2	académie économie épidémie économies anatomie autonomie	*-{Rit}	suffix/1/mi/mie	suffix/1/mi/mie		59.2	10	0.6
suffix	2	*.t8El	·[bi|llec|nac|pé|ri|tinc|trac|ven]tuel	0	42	9	59.2	inhabituel spirituel habituel habituelle spirituelle habituels	*	suffix/1/t8El/tuel	suffix/1/t8El/tuel		59.2	8	0.6
suffix	2	[C]o.R@	·[co|do|fo|gno|go|lo|no|plo|tau|to|vo]rant	0	28	13	59.1	restaurant restaurants ignorant ignorants déshonorant dévorant	[C]o	suffix/1/R@/rant	suffix/1/R@/rant		59.1	0	0.0
suffix	2	*.e	·[bli|clé|ffray|loy|pay|pli|ppuy|pri|stru|tri|voy]és	0	71	17	59.0	employés employé oublié envoyé employée effrayé	*	suffix/1/e/é	suffix/1/e/é		59.0	15	1.0
suffix	2	REk.sj§	·rection	0	9	5	58.9	direction corrections correction érection directions insurrection	REk	suffix/1/sj§/tion	suffix/1/sj§/tion		58.9	0	0.0
prefix	1	Ro	ro	0	119	31	117.8	romantique roman robot rocher robots rochers					117.8	0	0.0
suffix	3	ga.l°.m@	·galement	0	6	6	39.2	également légalement illégalement inégalement frugalement conjugalement	ga	suffix/2/l°.m@/lement	suffix/2/l°.m@/lement	suffix/3/ga.l°.m@/·galement	39.2	0	0.0
suffix	2	[C]e.o	·[dé|lé|ré|té]o	0	13	7	58.6	vidéo météo vidéos stéréo rodéo spéléo	[C]e	suffix/1/o/o	suffix/1/o/o		58.6	5	0.3
suffix	2	[C]o.ni	·[co|go|lo|mo|pho|ro|to]nie	0	48	24	58.6	cérémonie harmonie ironie colonie pneumonie agonie	[C]o	suffix/1/ni/nie	suffix/1/ni/nie		58.6	6	0.0
suffix	3	[C]Ek.t°.m@	·[jec|rec|rrec]tement	0	5	5	39.0	directement correctement indirectement abjectement incorrectement	[C]Ek	suffix/2/t°.m@/tement	suffix/2/t°.m@/tement	suffix/3/[C]Ek.°.m@/·[jec|rec|rrec]tement;suffix/3/[C]Ek.t°.m@/·[jec|rec|rrec]tement;suffix/3/[C]Ek.[C]°.m@/·[jec|rec|rrec]tement	39.0	0	0.0
suffix	3	[C]Ek.*-{s°,ti}.m@	·[fec|jec|rec|rrec]tement	0	6	6	39.0	directement correctement indirectement abjectement incorrectement infectement	*-{s°,ti},[C]Ek	suffix/2/*-{s°,ti}.m@/·[be|ble|bre|ca|che|chi|cie|claffe|cle|cre|cré|cu|cé|de|di|die|dre|du|dé|dû|ffle|ffre|fie|fle|ge|gi|gle|gne|gre|gré|gu|gue|ille|le|li|lle|lu|lé|lû|ma|me|mmé|mé|ne|ni|nie|nne|nné|noie|nu|nue|né|nû|pe|pie|ple|pli|ppe|pre|que|ra|re|rre|rré|ré|se|ssuie|ssé|sé|ta|te|tie|tre|trie|tru|tte|té|ve|voue|vre|vé|xcré|xe|xtre|é]-{s°,ti}ment	suffix/1/m@/ment		39.0	0	0.0
suffix	3	[C]O.°.Ri	·[cho|co|cro|do|dro|ffo|fo|go|lo|mo|po|ro|rro|so|sso|to|tro|vro|ço]perie	0	38	26	39.0	saloperie saloperies cochonneries escroquerie carrosserie cochonnerie	[C]O	suffix/2/°.Ri/·°rie	suffix/2/°.Ri/·°rie		39.0	4	0.0
suffix	3	[C]a.mi.ne	·[a|ta]miner	0	58	5	40.8	examiner examiné contaminé examinez contaminée examinons	[C]a	suffix/2/mi.ne/miner	suffix/2/mi.ne/miner		40.8	0	0.0
suffix	1	se	cé	0	178	44	116.7	fiancée fiancé glacé glacée coincé placé					116.7	0	0.0
suffix	2	*.REl	·[ca|po|so|tu]rel	0	37	10	58.3	naturel naturelle naturelles naturels temporelle culturel	*	suffix/1/REl/rel	suffix/1/REl/rel		58.3	0	0.0
suffix	2	o.Zi	·ogie	1	113	101	58.2	technologie psychologie biologie technologies idéologie mythologie					58.2	0	0.0
prefix	2	kO+kOR+kOl+kOm+ko+k§.pa	compa·	0	76	9	58.2	compassion comparer compagnon compagnons comparé compatriotes	pa	prefix/1/kO+kOR+kOl+kOm+ko+k§/co+col+com+con+cor	prefix/1/kO+kOR+kOl+kOm+ko+k§/co+col+com+con+cor		58.2	11	0.6
prefix	2	a.ta	atta	0	42	6	58.1	attaqué attacher attaché attachée attachez attachés					58.1	0	0.0
prefix	2	ma.e	mae·	0	48	18	58.0	matériel malédiction magnétique maréchal marécage matériels					58.0	0	0.0
suffix	2	tR°.m@	·trement	0	15	12	57.9	autrement enregistrement enregistrements foutrement accoutrement fichtrement	tR°	suffix/1/m@/ment	suffix/1/m@/ment		57.9	0	0.0
suffix	1	Rabl	rable	0	103	51	115.8	adorable misérable honorable admirable vulnérable favorable					115.8	0	0.0
suffix	2	ti.fje	·thifier	0	106	20	57.9	identifier identifié justifier sanctifié identifiez identifiée	ti	suffix/1/fje/fier	suffix/1/fje/fier		57.9	0	0.0
prefix	3	kO+kOR+kOl+kOm+ko+k§.[C]i.*-{gy}	consi[dé|gna|gne|ma|nan|ne|toy]-{gy}·	0	36	8	38.6	considéré considérer considération considérez concitoyens considérée	[C]i,*-{gy}	prefix/2/kO+kOR+kOl+kOm+ko+k§.[C]i/co[bi|ci|di|fi|fie|gi|li|mi|ni|pi|pie|pli|pri|si|ti|tri]·	prefix/1/kO+kOR+kOl+kOm+ko+k§/co+col+com+con+cor		38.6	5	0.1
prefix	2	Egz.a	exa·	0	11	5	57.8	examen examens examiné examine exactions exacerbés	a	prefix/1/Egz/ex	prefix/1/Egz/ex		57.8	1	0.0
suffix	1	lE	let	0	115	55	115.3	poulet pistolet bracelet poulets chalet bracelets					115.3	0	0.0
suffix	2	[C]i.t9R	·[bi|ci|di|ffi|fi|mi|ni|ri|si|ti|tri|vi|xci]teur	0	55	25	57.4	serviteur visiteurs éditeur serviteurs visiteur compositeur	[C]i	suffix/1/t9R/teur	suffix/1/t9R/teur		57.4	0	0.0
suffix	3	[C]O.[C]°.Ri	·[cho|co|cro|do|dro|ffo|fo|go|lo|mo|po|ro|rro|so|sso|to|vro|ço]perie	0	34	23	38.2	saloperie saloperies cochonneries escroquerie cochonnerie carrosserie	[C]°,[C]O	suffix/2/[C]°.Ri/·[be|ble|bre|ce|che|cre|de|dre|fe|ffe|ffle|fle|fre|ge|gle|gne|gre|gue|ille|le|lle|me|ne|nne|pe|que|re|rre|se|sse|te|tre|tte|ve|vre]ries	suffix/1/Ri/rie	suffix/3/[C]O.*.Ri/·[cho|co|cro|do|dro|ffo|fo|go|lo|mo|po|ro|rro|so|sso|to|vro|ço]perie	38.2	4	0.0
suffix	2	[C]o.Zi	·[go|lo]gie	0	101	90	57.4	technologie psychologie biologie technologies idéologie mythologie	[C]o	suffix/1/Zi/gie	suffix/1/Zi/gie		57.4	0	0.0
suffix	2	lo.Zi	logie	1	109	97	57.3	technologie psychologie biologie technologies idéologie mythologie					57.3	0	0.0
suffix	3	[C]i.y.sj§	·[mi|sti|ti|tri|ttri]tution	0	24	13	38.2	constitution prostitution institution distribution contribution institutions	[C]i	suffix/2/y.sj§/·ytion	suffix/2/y.sj§/·ytion	suffix/3/[C]i.[C]y.sj§/·[mi|sti|ti|tri|ttri]tution	38.2	0	0.0
prefix	2	de.e	dée·	0	175	24	57.3	déménager déménagé déménage décédé décédée décrété					57.3	0	0.0
suffix	1	nER	naire	0	84	33	114.5	extraordinaire partenaire ordinaire partenaires ordinaires imaginaire					114.5	0	0.0
suffix	2	[C]y.lER	·[bu|cu|du|fu|gu|llu|mu|nnu|nu|pu|su|tu]laire	0	102	47	57.1	populaire formulaire spectaculaire populaires formulaires cellulaire	[C]y	suffix/1/lER/laire	suffix/1/lER/laire		57.1	8	0.6
prefix	2	de.li	déli	0	42	7	57.0	délicieux délicat délicate délicieuse délicates délicieuses					57.0	0	0.0
prefix	2	tR@s.[C]OR	trans[bor|for|por]·	0	70	8	57.0	transformer transformé transporter transporté transformation transformée	[C]OR	prefix/1/tR@s/trans	prefix/1/tR@s/trans		57.0	9	1.0
prefix	1	o	o	0	184	48	113.6	otage orage orange otages obus opéré					113.6	0	0.0
suffix	3	*.[C]a.tik	·[cro|cré|for|go|llo|lé|mis|mo|ni|nig|no|né|plo|reau|ro|so|tas|thé|tis|to|té]matique	0	50	24	37.8	automatique démocratique informatique diplomatique automatiques mathématiques	[C]a,*	suffix/2/[C]a.tik/·[a|ba|bba|cra|dia|dra|ma|na|pa|pha|pra|ra|sia|ta|tia|xta]tique	suffix/1/tik/tique		37.8	8	0.3
prefix	2	kO+kOR+kOl+kOm+ko+k§.si	conci·	0	50	7	56.7	considère considéré considérer considération considérez concitoyens	si	prefix/1/kO+kOR+kOl+kOm+ko+k§/co+col+com+con+cor	prefix/1/kO+kOR+kOl+kOm+ko+k§/co+col+com+con+cor		56.7	12	1.1
suffix	2	[C]o.nal	·[gio|go|mo|o|ro|tio|to|tom|tro]nale	0	52	16	56.7	nationale national international internationale internationales nationales	[C]o	suffix/1/nal/nal	suffix/1/nal/nal		56.7	2	0.0
suffix	3	*.[C]i.ze	·[a|bi|bé|ca|cia|coo|da|dar|de|dua|fu|ga|gi|la|lo|lé|ma|mé|na|ner|nna|né|phi|pro|ra|rar|ri|rro|sep|sla|so|ssu|ta|teu|ti|tia|to|té|vi|vo]lisé	0	225	57	37.8	civilisé organisé autorisé télévisé organisés civilisés	[C]i,*	suffix/2/[C]i.ze/·[chi|di|gi|gui|i|li|lli|ly|mi|ni|ri|ti|tri|vi|xci]sé	suffix/1/ze/sé		37.8	27	0.3
suffix	3	si.°.m@	·cilement	0	56	51	37.7	facilement difficilement progressivement excessivement éclaircissements explicitement	si	suffix/2/°.m@/·°ment	suffix/2/°.m@/·°ment		37.7	0	0.0
prefix	3	dis.*-{pER}.*	dispo[ce|cieu|di|dri|li|por|rai|raî|se|si|te|ti]·	0	71	17	37.7	disposition dispositif disparaissez dispositions disparaîtra discréditer	*-{pER},*	prefix/2/dis.*-{pER}/dis[co|con|cor|cou|cour|cré|cur|gra|joi|join|pa|pen|po|pro|pu|qua|tan|ten|ti|tor|trac|trai|tray|tri]-{pER}·	prefix/1/dis/dis		37.7	17	0.5
suffix	2	*.dabl	·[bor|fen|gar|mi|mman|mo|non|son]dable	0	17	9	56.5	formidable formidables insondables insondable abordable recommandable	*	suffix/1/dabl/dable	suffix/1/dabl/dable		56.5	7	0.2
suffix	2	fOR.me	·former	0	46	9	56.5	informer transformer transformé informé transformée informés	fOR	suffix/1/me/mer	suffix/1/me/mer		56.5	0	0.0
suffix	2	lo.Zi	·logie	0	98	87	56.4	technologie psychologie biologie technologies idéologie mythologie	lo	suffix/1/Zi/gie	suffix/1/Zi/gie		56.4	0	0.0
prefix	2	pRo.i	proi·	0	73	15	56.4	profiter profitez profité provisoire profitons profitable					56.4	0	0.0
suffix	1	k5	cain	0	38	11	112.8	américain américains mexicain républicains mexicains africain					112.8	0	0.0
suffix	2	[C]°.vwaR	·[ce|tre]voir	0	6	6	56.3	recevoir décevoir apercevoir concevoir percevoir entrevoir	[C]°	suffix/1/vwaR/voir	suffix/1/vwaR/voir		56.3	0	0.0
suffix	2	*.pe	·[ca|car|ccu|ci|co|cou|cul|lou|na|no|o|qui|ssi|ti|ty]pé	0	90	21	56.3	canapé occupé occupée handicapés occupés anticipée	*	suffix/1/pe/pé	suffix/1/pe/pé		56.3	11	0.7
suffix	2	a.le	·aller	0	135	17	59.4	installer installé installez installée installés trimballer					59.4	0	0.0
prefix	3	kO+kOR+kOl+kOm+ko+k§.si.*	consi[dé|gna|gne|toy]·	0	32	5	37.5	considéré considérer considération considérez concitoyens considérée	si,*	prefix/2/kO+kOR+kOl+kOm+ko+k§.si/conci·	prefix/1/kO+kOR+kOl+kOm+ko+k§/co+col+com+con+cor		37.5	2	0.0
suffix	2	[C]o.sj§	·[cau|mmo|mo|vo]tion	0	11	6	56.2	promotion émotion émotions précautions précaution dévotion	[C]o	suffix/1/sj§/tion	suffix/1/sj§/tion		56.2	0	0.0
prefix	1	Zo	jo	0	16	6	112.4	jolie jolis jobard jobards joliesse joliesses					112.4	0	0.0
prefix	2	R°.e	ree·	0	210	28	56.1	représente représentant représentants ressaisis repérage représenté					56.1	0	0.0
prefix	1	R@	rem	0	215	26	112.2	remplacer rempli remplace remplie remplacé rembourse					112.2	0	0.0
suffix	2	si.ne	·ciné	0	58	11	55.9	assassiné dessiner assassiner dessiné assassinée fasciné	si	suffix/1/ne/ner	suffix/1/ne/ner		55.9	0	0.0
suffix	1	lEt	lette	0	72	36	111.7	toilettes toilette omelette squelette boulettes roulettes					111.7	0	0.0
suffix	2	*.SiR	·[ffran|flé|fraî|ri]chir	0	11	6	55.8	réfléchir rafraîchir enrichir affranchir infléchir réfléchirent	*	suffix/1/SiR/chir	suffix/1/SiR/chir		55.8	4	0.0
prefix	1	li	li	0	135	42	111.5	limites libéré limite libère limonade lirai					111.5	0	0.0
suffix	2	°.ny	·°nu	0	52	14	55.7	bienvenue bienvenu contenu bienvenus convenu prévenue					55.7	0	0.0
suffix	2	[C]e.abl	·[gré|llé|mé|vé]able	0	15	6	55.6	agréable désagréable agréables imperméable désagréables malléable	[C]e	suffix/1/abl/able	suffix/1/abl/able		55.6	0	0.0
suffix	2	s°.vwaR	·cevoir	0	5	5	55.3	recevoir décevoir apercevoir concevoir percevoir	s°	suffix/1/vwaR/voir	suffix/1/vwaR/voir		55.3	0	0.0
suffix	3	*.t°.Ri	·[au|blan|ble|bo|cu|cui|dan|fan|ffron|ffé|gen|ja|jou|la|lan|lle|lou|men|mis|ne|nis|nne|nnè|nu|pe|pia|pis|pè|que|què|ra|ris|san|sen|ssu|tis]terie	0	65	39	36.9	plaisanterie plaisanteries infanterie argenterie bijouterie minuterie	t°,*	suffix/2/t°.Ri/·terie	suffix/1/Ri/rie		36.9	5	0.4
suffix	2	S°.m@	chement	0	63	42	55.2	franchement accouchement attachement détachement rapprochement empêchement					55.2	0	0.0
suffix	2	vi.zj§	·vision	0	16	9	55.0	télévision division provisions révision prévisions divisions	vi	suffix/1/zj§/sion	suffix/1/zj§/sion		55.0	0	0.0
prefix	2	sa.i	sai·	0	71	15	55.0	sacrifice sacrifier sacrifices sacrifié sacrifie sanitaire					55.0	0	0.0
suffix	3	fi.a.sj§	·ffication	0	91	66	36.6	identification signification vérification qualifications modifications unification	fi	suffix/2/a.sj§/·ation	suffix/2/a.sj§/·ation		36.6	0	0.0
suffix	1	nik	nique	0	227	111	109.8	clinique technique téléphonique électronique ironique techniques					109.8	0	0.0
suffix	1	sER	ssaire	0	14	5	109.6	nécessaire commissaire nécessaires émissaire faussaire commissaires					109.6	0	0.0
suffix	2	Ek.sj§	·Ektion	0	34	22	54.7	protection perfection inspection résurrection projection insurrection					54.7	0	0.0
suffix	3	ga.i.ze	·ganiser	0	78	8	38.2	organiser organisé organisée organisons organisés organisait	ga	suffix/2/i.ze/·iser	suffix/2/i.ze/·iser		38.2	10	5.6
suffix	2	*.sjEl	·[den|gen|len|men|nen|ner|quen|ren|rren|ssen|stan|ten]tiel	0	87	20	54.6	essentiel potentiel confidentiel essentielle potentiels présidentiel	*	suffix/1/sjEl/tiel	suffix/1/sjEl/tiel		54.6	0	0.0
suffix	2	fe.Re	·fféré	0	74	12	54.5	préféré préférez transféré transférer transférée préférer	fe	suffix/1/Re/rer	suffix/1/Re/rer		54.5	0	0.0
suffix	3	fi.ka.sj§	fication	0	90	66	36.3	identification signification vérification qualifications modifications unification					36.3	0	0.0
suffix	3	*.t°.Ri	·[au|blan|bo|cu|cui|dan|fan|ffle|fflè|ffron|ffé|gen|ja|jou|la|lan|lle|lou|men|mis|ne|nis|nne|nnè|nu|pe|pia|pis|pè|que|què|ra|ris|rro|san|sen|ssu|tis]terie	0	69	41	36.3	plaisanterie plaisanteries infanterie argenterie bijouterie minuterie	*	suffix/2/t°.Ri/terie	suffix/2/t°.Ri/terie		36.3	3	0.2
suffix	1	ble	bler	0	102	19	108.9	semblez ressembler semblé ressemblez rassembler trembler					108.9	0	0.0
suffix	3	fi.ka.sj§	·fication	0	88	64	36.3	identification signification vérification qualifications modifications unification	fi	suffix/2/ka.sj§/cation	suffix/2/ka.sj§/cation		36.3	0	0.0
suffix	2	[C]@.sjEl	·[den|gen|len|men|nen|quen|ren|rren|ssen|stan|ten]tiel	0	83	19	54.5	essentiel potentiel confidentiel essentielle potentiels présidentiel	[C]@	suffix/1/sjEl/tiel	suffix/1/sjEl/tiel		54.5	0	0.0
prefix	1	kal	cal	0	136	21	108.8	calmez calmer calcul calculs calculé calmé					108.8	0	0.0
prefix	3	R°.[C]u.*-{s°}	retrou[bli|pe|to|ve|vri]-{s°}·	0	31	7	36.3	retrouvera retrouverai retrouveras retrouverez retrouverons retrouveront	[C]u,*-{s°}	prefix/2/R°.[C]u/re[bou|brou|cou|dou|fou|grou|joue|loo|loue|mou|nou|pou|tou|trou|vou]·	prefix/1/R°/re		36.3	27	0.6
prefix	3	o.o.*-{Ri}	homo[bio|bron|cen|che|co|con|cri|cré|cui|des|di|dé|fi|ge|ges|gra|gui|gé|li|lo|mi|mo|mu|mé|ne|pi|plas|por|pro|pu|ra|rou|ré|sa|se|su|sub|sug|sur|vi|zy|é]-{Ri}·	0	153	67	36.3	homosexualité homosexuel automobile homosexuels autodestruction autodéfense	*-{Ri}	prefix/2/o.o/auo·	prefix/2/o.o/auo·		36.3	8	0.1
prefix	1	tR§	trom	0	55	5	108.6	trompé tromper trompée trompez trompés trompait					108.6	0	0.0
suffix	2	tRyk.sj§	truction	0	10	6	54.3	instructions destruction construction instruction autodestruction reconstruction					54.3	0	0.0
suffix	2	*.mEtR	·[ci|co|di|dio|do|gro|lli|llo|lo|mo|nio|no|o|pho|po|ra|re|ri|ro|se|si|sio|ta|ti|to|tra|tro|vio|xi|zo]mètres	0	80	40	54.2	kilomètres périmètre géomètre centimètres kilomètre centimètre	*	suffix/1/mEtR/mètre	suffix/1/mEtR/mètre		54.2	16	0.1
suffix	2	tRyk.sj§	·tructions	0	9	5	54.2	instructions destruction construction instruction autodestruction reconstruction	tRyk	suffix/1/sj§/tion	suffix/1/sj§/tion		54.2	0	0.0
suffix	2	a.twaR	·atoire	0	104	56	54.2	laboratoire interrogatoire obligatoire conservatoire respiratoire interrogatoires					54.2	0	0.0
suffix	3	ti.a.sj§	·thination	0	68	49	36.1	destination motivation ventilation estimation activation investigation	ti	suffix/2/a.sj§/·ation	suffix/2/a.sj§/·ation		36.1	0	0.0
suffix	1	Re	rrer	0	134	28	108.3	enterré enterrer bourré démarrer enterrée fourrer					108.3	0	0.0
suffix	3	*-{na,pi}.*-{Rit}.mi	·[bo|ca|clo|co|coo|cro|gly|go|li|ly|no|o|po|ro|sio|ti|to|tro|té|xi]-{na,pi}démie	0	50	25	36.0	académie économie économies autonomie astronomie lobotomie	*-{Rit},*-{na,pi}	suffix/2/*-{Rit}.mi/·[chi|ché|cé|do|dé|fa|ga|li|lié|lé|nho|no|ny|né|pé|rié|ré|so|ssé|ther|thy|to|tré]-{Rit}mie	suffix/1/mi/mie		36.0	8	0.1
prefix	1	pla	pla	0	57	21	107.9	planète placard plafond planètes plaqué placards					107.9	0	0.0
prefix	3	te.le.[C]o	télé[co|pho]·	0	14	6	35.9	téléphoné téléphonique télécommande téléphoniques télécommunication télécommunications	[C]o	prefix/2/te.le/télé	prefix/2/te.le/télé	prefix/3/te.e.[C]o/télé[co|pho]·	35.9	3	0.2
prefix	1	pe	pé	0	236	53	107.6	péter pétrin pété pédés pétasse péché					107.6	0	0.0
suffix	2	[C]a.twaR	·[a|ba|bra|ca|ga|gra|la|lla|ma|mma|na|pa|ra|sa|ta|va|xa|xpia]toire	0	115	59	53.8	laboratoire interrogatoire obligatoire conservatoire respiratoire interrogatoires	[C]a	suffix/1/twaR/toire	suffix/1/twaR/toire		53.8	6	0.1
suffix	3	*.tRa.sj§	·[cen|ches|fil|llus|mons|nes|nis|né|pé|ques|ven|xfil]tration	0	23	14	35.8	administration concentration démonstration pénétration infiltration illustrations	*	suffix/2/tRa.sj§/tration	suffix/2/tRa.sj§/tration		35.8	0	0.0
suffix	3	[C-{z}]o.y.sj§	·[dro|llo|po|so|sso|tro|vo]-{z}lution	0	13	10	35.8	révolution évolution révolutions absolution dissolution électrocution	[C-{z}]o	suffix/2/y.sj§/·ytion	suffix/2/y.sj§/·ytion		35.8	1	0.8
suffix	2	o.R@	·orant	0	31	10	54.0	restaurant restaurants déodorant déshonorant revigorant malodorante					54.0	0	0.0
prefix	2	R@.*-{buR}	rem[ba|bar|bo|bou|bru|me|mè|pa|pi|pla|pli|plu|po|por]-{buR}·	0	145	18	53.5	remplacer remplacé remporter remplacera remporté remplacement	*-{buR}	prefix/1/R@/rem	prefix/1/R@/rem		53.5	20	0.9
prefix	2	syR.[C]E	sur[bai|mè|pre|vei|vê]·	0	33	5	53.5	surveiller surveillez surveillé surveillée surveillait surveillés	[C]E	prefix/1/syR/sur	prefix/1/syR/sur		53.5	4	0.0
suffix	3	[C]a.ni.ze	·[ca|ga|ma|ta|va]niser	0	93	11	37.4	organiser organisé organisée organisons organisés organisait	[C]a	suffix/2/ni.ze/niser	suffix/2/ni.ze/niser		37.4	0	0.0
suffix	2	*.Zik	·[go|la|ller|llo|llur|lo|ner|plé|rra|rur|tal|thar|tur|té|vral|xal]gique	0	164	88	53.4	allergique psychologique biologique stratégique biologiques écologique	*	suffix/1/Zik/gique	suffix/1/Zik/gique		53.4	0	0.0
prefix	1	pRO	pro	0	23	9	106.6	professeur professeurs propreté promenais promenait promené					106.6	0	0.0
prefix	2	5.ko	inco·	0	40	17	53.2	inconnu inconnue inconnus inconnues incorrect incohérence	ko	prefix/1/5/in	prefix/1/5/in		53.2	6	0.3
prefix	2	ma.*	ma[chi|cu|la|li|me|na|que|qui|ri|te|thé|ti|tra|ço]·	0	117	20	53.2	maladies matinée manager maquiller maquillé mathématiques	*	prefix/1/ma/ma	prefix/1/ma/ma		53.2	13	0.3
suffix	2	[C]e.de	·[cé|ssé|sé|xcé]der	0	68	12	53.1	procéder posséder accéder obsédé décédé possédé	[C]e	suffix/1/de/der	suffix/1/de/der		53.1	0	0.0
suffix	2	*-{Zje}.nik	·[a|bbi|bi|bo|ca|chi|chro|clo|co|do|dé|fo|ga|go|gy|gé|i|ka|li|lli|llé|ma|mi|mo|mé|no|o|pa|pho|phré|ra|rai|ro|so|ta|tech|thé|to|tro|va|vio]-{Zje}nique	0	174	88	53.1	téléphonique électronique ironique téléphoniques mécanique organique	*-{Zje}	suffix/1/nik/nique	suffix/1/nik/nique		53.1	17	0.6
suffix	3	[C-{z}]o.[C]y.sj§	·[so|sso|tro|vo]-{z}lution	0	9	7	35.4	révolution évolution révolutions absolution dissolution électrocution	[C]y,[C-{z}]o	suffix/2/[C]y.sj§/·[bu|cu|llu|lu|nu|ru|tu]tion	suffix/1/sj§/tion		35.4	0	0.0
suffix	1	Re	rée	0	16	8	106.1	soirée soirées denrée cuillerée denrées chicorée					106.1	0	0.0
suffix	2	Ra.m@	·ramment	0	6	6	53.0	apparemment différemment couramment indifféremment concurremment persévéramment	Ra	suffix/1/m@/mment	suffix/1/m@/mment		53.0	0	0.0
suffix	2	Ra.t9R	rateur	0	132	37	55.8	générateur opérateur aspirateur réfrigérateur admirateur collaborateurs					55.8	0	0.0
prefix	1	mo	mo	0	83	32	105.8	morale motif moral motel mobile motifs					105.8	0	0.0
suffix	3	[C]e.[C]i.te	·[ccré|ce|dé|llé|lé|mé|né|re|ré|shé|té|xtré]lité	0	38	14	35.3	fidélité nécessité célébrité intégrité célébrités extrémité	[C]i,[C]e	suffix/2/[C]i.te/·[bi|bri|ci|di|gi|gni|gri|i|li|lli|mi|mmi|ni|nni|pi|qui|ri|ry|si|ssi|ti|vi|xci|xi|ï]té	suffix/1/te/té		35.3	2	4.7
suffix	2	Ek.te	·Ekter	0	131	15	58.0	respecter respecté inspecter respectez respectons désinfecter					58.0	0	0.0
suffix	3	vE.°.m@	·vainements	0	17	11	35.2	évènements événement sévèrement revêtement renouvellement survêtement	vE	suffix/2/°.m@/·°ment	suffix/2/°.m@/·°ment		35.2	0	0.0
suffix	3	[C]i.e.Re	·[bli|ci|di|gi|i|li|si|ti|vi]déré	0	207	13	37.2	considéré considérer considérez considérée considérés incinérer	[C]i	suffix/2/e.Re/·erer	suffix/2/e.Re/·erer		37.2	20	1.4
suffix	3	[C]i.*.Ri	·[chi|di|ffi|fi|gi|li|mi|ni|pi|pri|qui|ri|si|ti]llerie	0	46	27	35.2	artillerie épicerie pâtisserie mutinerie imprimerie blanchisserie	*,[C]i	suffix/2/*.Ri/·[ba|be|ble|brai|bre|ce|che|cié|cre|cu|de|dre|fe|ffe|ffle|fle|fre|fré|ge|gle|gne|gneu|go|gre|gue|ille|le|lle|lo|me|moi|ne|nie|nne|nu|o|pe|pho|phé|que|re|rre|se|sse|ta|te|tre|tte|tu|té|ve|vre]ries	suffix/1/Ri/rie		35.2	4	0.3
prefix	2	pe.i	pai·	0	86	27	52.7	paysans paysage périmètre pellicule pénitentiaire paysages					52.7	0	0.0
suffix	2	se.de	·céder	0	61	11	52.7	procéder posséder accéder obsédé décédé possédé	se	suffix/1/de/der	suffix/1/de/der		52.7	0	0.0
suffix	3	*.tRa.sj§	·[cen|ches|fil|llus|mons|nis|né]tration	0	14	7	35.1	administration concentration démonstration pénétration infiltration illustrations	tRa,*	suffix/2/tRa.sj§/·tration	suffix/1/sj§/tion		35.1	0	0.0
suffix	3	[C]e.i.sj§	·[pé|xpé|é]tition	0	8	5	35.0	répétition expédition compétition répétitions expéditions compétitions	[C]e	suffix/2/i.sj§/·ission	suffix/2/i.sj§/·ission		35.0	2	0.2
suffix	2	*.lj5	·[ca|da|ga|gi|go|gé|ma|na|né|pa|si|ta|ti|tra|tu|é]lien	0	53	19	52.5	italien italiens israéliens israélien brésilien brésiliens	*	suffix/1/lj5/lien	suffix/1/lj5/lien		52.5	1	0.0
suffix	3	*-{zo}.ly.sj§	·[po|so|sso|vo]-{zo}lution	0	8	6	35.0	révolution évolution révolutions absolution dissolution évolutions	ly,*-{zo}	suffix/2/ly.sj§/·llution	suffix/1/sj§/tion		35.0	1	0.0
suffix	3	[C-{z}]o.ly.sj§	·[so|sso|vo]-{z}lution	0	8	6	35.0	révolution évolution révolutions absolution dissolution évolutions	[C-{z}]o	suffix/2/ly.sj§/lution	suffix/2/ly.sj§/lution	suffix/3/*-{zo}.ly.sj§/·[so|sso|vo]-{zo}lution;suffix/3/[C-{z}]o.ly.sj§/·[so|sso|vo]-{z}lution	35.0	0	0.0
suffix	1	n8e	nuer	0	33	7	104.9	continuer continué diminuer diminué insinuer atténuer					104.9	0	0.0
suffix	3	li.a.sj§	·lisation	0	111	97	34.9	civilisation utilisation réalisation localisation civilisations réhabilitation	li	suffix/2/a.sj§/·ation	suffix/2/a.sj§/·ation		34.9	0	0.0
suffix	2	ta.Ze	tager	0	88	5	59.0	partager partagé partageons partagez partageait partagera					59.0	0	0.0
suffix	3	me.na.Ze	·ménager	0	114	5	35.9	déménager déménagé emménager emménagé aménager déménagez	me	suffix/2/na.Ze/nager	suffix/2/na.Ze/nager	suffix/3/me.a.Ze/·ménager	35.9	0	0.0
prefix	1	fOR	for	0	187	29	104.6	fortune formule former formé forger formez					104.6	0	0.0
suffix	2	ti.tyd	·titude	0	22	12	52.3	attitude certitude gratitude altitude attitudes multitude	ti	suffix/1/tyd/tude	suffix/1/tyd/tude		52.3	0	0.0
suffix	3	*-{di}.*-{Ra,k@}.pe	·[les|man|o|sé|ti|é]-{di}ciper	0	39	8	34.9	participer participé préoccupé préoccuper anticiper participez	*-{Ra,k@},*-{di}	suffix/2/*-{Ra,k@}.pe/·[ca|ccu|ci|co|cou|cul|lo|lou|qui|ssa|ssi|sur|ta|tom|ttra|ty|xtir]-{Ra,k@}per	suffix/1/pe/per		34.9	6	0.1
suffix	3	nE.l°.m@	·nellement	0	30	30	34.8	personnellement éternellement solennellement émotionnellement professionnellement intentionnellement	nE	suffix/2/l°.m@/llement	suffix/2/l°.m@/llement		34.8	0	0.0
suffix	2	Ra.t9R	·rateur	0	97	41	52.2	générateur opérateur aspirateur réfrigérateur admirateur collaborateurs	Ra	suffix/1/t9R/teur	suffix/1/t9R/teur		52.2	0	0.0
prefix	2	@.y	amy·	0	112	28	52.2	ambulance enculés entuber endurance ambulances amputer					52.2	0	0.0
suffix	3	[C]o.Ri.ze	·[bo|do|go|lo|mo|no|po|rio|rro|sau|so|to|vo]risé	0	170	19	36.1	autorisé autoriser autorisée autorisés terrorisée terroriser	[C]o	suffix/2/Ri.ze/riser	suffix/2/Ri.ze/riser		36.1	10	0.3
suffix	3	ti.vi.te	·tivité	0	68	34	34.7	activité activités captivité créativité festivités objectivité	ti	suffix/2/vi.te/vité	suffix/2/vi.te/vité		34.7	0	0.0
prefix	2	e.[C]i	é[chi|di|li|mi|pi|ti|tri|vi]·	0	140	28	52.0	émission évité émissions épinards émigré étriper	[C]i	prefix/1/e/é	prefix/1/e/é		52.0	35	1.0
suffix	1	@	ent	0	12	5	103.7	client clients influent influents affluents confluent					103.7	0	0.0
suffix	2	pli.ke	·pliqué	0	30	5	51.9	impliqué compliqué appliquer impliquer impliquée impliqués	pli	suffix/1/ke/quer	suffix/1/ke/quer		51.9	0	0.0
suffix	3	[C]8E.l°.m@	·[due|nnue|nue|sue|tue|xtue|xue]llement	0	23	23	34.5	actuellement sexuellement habituellement mutuellement éventuellement continuellement	[C]8E	suffix/2/l°.m@/llement	suffix/2/l°.m@/llement	suffix/3/[C]8E.°.m@/·[due|nnue|nue|sue|tue|xtue|xue]llement	34.5	0	0.0
suffix	3	O.n°.m@	·Onnement	0	69	46	34.4	environnement raisonnement fonctionnement couronnement approvisionnement empoisonnement					34.4	0	0.0
suffix	1	val	val	1	25	11	103.3	cheval carnaval festival médiéval médiévale médiévales					103.3	0	0.0
prefix	3	de.[C]e.*	démé[a|da|ga|gle|gré|gu|mi|na|né|ri|ssu|y]·	0	98	19	34.4	déménager déménagé délégation déménagement dégénéré déménagez	[C]e,*	prefix/2/de.[C]e/dé[cré|cé|fra|fraî|fé|gré|gé|lé|mé|né|pa|plai|pre|pré|pé|ra|raie|ré|sé|vê]·	prefix/1/de/dé		34.4	36	0.1
suffix	3	vE.[C]°.m@	·vainements	0	14	9	34.3	évènements événement sévèrement revêtement survêtement émerveillement	[C]°,vE	suffix/2/[C]°.m@/·[be|ble|bre|ce|che|cle|cre|de|dre|ffle|ffre|fle|ge|gle|gne|gre|gue|ille|le|lle|me|ne|nne|pe|ple|ppe|pre|que|re|rre|sce|se|sse|te|tre|tte|ve|vre|xe|xtre]ment	suffix/1/m@/ment	suffix/3/vE.*-{s°,ti}.m@/·vainements	34.3	0	0.0
suffix	2	[C]a.te	·[ba|bla|boî|cla|da|dra|fa|la|ma|pa|pia|ppâ|ra|roi|sla|ta|va|voi|xploi]ter	0	132	30	51.4	éclater éclaté exploiter constater constaté exploité	[C]a	suffix/1/te/ter	suffix/1/te/ter		51.4	16	2.5
suffix	2	[C]o.te	·[au|blo|bo|cho|co|do|glo|gno|go|illo|jo|llo|lo|mo|nno|no|peau|plo|po|reau|ro|sau|ssau|sso|vio|vro|ço]ter	0	261	60	51.4	piloter tripoter peloter saboter saboté dégoté	[C]o	suffix/1/te/ter	suffix/1/te/ter		51.4	77	2.9
prefix	3	Re.[C]e.[C]i	répé[chi|cri|di|li|qui|ti]·	0	58	11	34.2	répétition réfléchissez répétitions réfléchissais réfléchissons réfléchirai	[C]e,[C]i	prefix/2/Re.[C]e/ré[cré|crée|e|flé|fé|gé|pre|pé|vei|vé|é]·	prefix/1/Re/ré		34.2	15	0.3
suffix	2	bi.je	·biller	0	45	7	51.2	habiller habillé déshabiller habillée déshabillez habillez	bi	suffix/1/je/ller	suffix/1/je/ller		51.2	0	0.0
suffix	2	*.lik	·[bo|bu|ca|co|coo|cry|drau|dé|go|gé|jo|mé|ny|o|pha|phi|si|tho|thy|to|tu|té|vé|é]lique	0	88	37	51.1	catholique diabolique mélancolique alcoolique catholiques symbolique	*	suffix/1/lik/lique	suffix/1/lik/lique		51.1	7	0.2
suffix	3	ni.°.m@	·niquement	0	40	35	34.0	uniquement techniquement ironiquement cliniquement péniblement bannissement	ni	suffix/2/°.m@/·°ment	suffix/2/°.m@/·°ment		34.0	0	0.0
prefix	1	@	an	0	39	18	102.0	anglais anglaise andouille antique antiques antan					102.0	0	0.0
suffix	3	*.ma.tik	·[blé|dio|dra|for|go|lé|mis|nig|né|phrag|plo|ris|ro|so|ssé|thé|to|té]matique	0	48	21	34.0	automatique informatique diplomatique automatiques mathématiques diplomatiques	*	suffix/2/ma.tik/matique	suffix/2/ma.tik/matique		34.0	3	0.1
suffix	1	til	tile	0	40	20	101.9	inutile inutiles hostile fertile infantile hostiles					101.9	0	0.0
suffix	3	si.[C]°.m@	·cilement	0	38	35	34.0	facilement difficilement éclaircissements explicitement passivement possiblement	[C]°,si	suffix/2/[C]°.m@/·[be|ble|bre|ce|che|cle|cre|de|dre|ffle|ffre|fle|ge|gle|gne|gre|gue|ille|le|lle|me|ne|nne|pe|ple|ppe|pre|que|re|rre|sce|se|sse|te|tre|tte|ve|vre|xe|xtre]ment	suffix/1/m@/ment		34.0	0	0.0
suffix	3	Zi.a.sj§	·gination	0	14	9	33.9	imagination agitation législation imaginations agitations cogitations	Zi	suffix/2/a.sj§/·ation	suffix/2/a.sj§/·ation		33.9	0	0.0
prefix	2	a.[C]o	a[bo|cho|co|do|mo|po|so|to]·	0	98	14	50.9	adoré adorer adorait adorais adorée amoché	[C]o	prefix/1/a/a	prefix/1/a/a		50.9	8	0.9
prefix	3	te.e.[C]i	télé[ci|di|gui|ri|vi]·	0	29	11	33.9	télévision télévisé téléviseur télévisions témérité téléviseurs	[C]i	prefix/2/te.e/tée·	prefix/2/te.e/tée·		33.9	4	0.4
suffix	2	[C]§.te	·[domp|ffron|fron|lon|mon]té	0	26	6	50.9	volonté volontés effrontée effronté démontée effrontées	[C]§	suffix/1/te/té	suffix/1/te/té		50.9	0	0.0
suffix	3	[C]i.l°.m@	·[bi|bri|ci|ffi|gi|ni|pi|ri|ti|vi]lement	0	26	25	33.9	facilement difficilement inutilement habilement subtilement fébrilement	[C]i	suffix/2/l°.m@/lement	suffix/2/l°.m@/lement		33.9	2	0.0
suffix	3	[C]i.°.Ri	·[chi|di|ffi|fi|gi|li|mi|ni|pi|pri|qui|si|ti]llerie	0	44	26	33.9	artillerie épicerie pâtisserie mutinerie imprimerie blanchisserie	[C]i	suffix/2/°.Ri/·°rie	suffix/2/°.Ri/·°rie	suffix/3/[C]i.[C]°.Ri/·[chi|di|ffi|fi|gi|li|mi|ni|pi|pri|qui|si|ti]llerie	33.9	3	0.3
suffix	2	Ra.se	·rasser	0	31	6	50.8	débarrasser débarrassé débarrassez débarrassée embarrasser embarrassé	Ra	suffix/1/se/sser	suffix/1/se/sser		50.8	0	0.0
suffix	2	*-{py}.d@s	·[ca|ci|fi|pru|si|ssi|vi]-{py}dence	0	17	10	50.7	coïncidence évidence résidence présidence confidence coïncidences	*-{py}	suffix/1/d@s/dence	suffix/1/d@s/dence		50.7	2	0.8
suffix	2	*-{ti}.R@s	·[bé|du|dé|gno|gu|gé|lé|pé|ssu|vé]-{ti}rance	0	22	15	50.7	assurance ignorance assurances espérance tolérance espérances	*-{ti}	suffix/1/R@s/rance	suffix/1/R@s/rance		50.7	0	0.0
suffix	1	Ze	gé	0	253	58	101.4	congé chargé obligé préjugés obligée protégé					101.4	0	0.0
suffix	2	ik.sj§	·iktion	0	19	11	50.5	malédiction bénédiction conviction convictions interdiction juridiction					50.5	0	0.0
suffix	2	[C]@.se	·[cen|ffen|pen]sé	0	50	9	50.2	dépensé dépenser offenser offensé récompensé récompenser	[C]@	suffix/1/se/ser	suffix/1/se/ser		50.2	10	1.4
suffix	1	se	ssé	0	218	47	100.4	blessé blessés pressée pressé intéressé pressés					100.4	0	0.0
prefix	3	Re.[C]a.[C]i	réa[ffi|gi|li|ni|pi|ssi]·	0	63	14	33.4	réalisé réanimation récapitulons réagissez réagirais réanimer	[C]a,[C]i	prefix/2/Re.[C]a/ré[a|ca|cla|ga|pa]·	prefix/1/Re/ré		33.4	2	0.1
suffix	2	si.te	sité	1	16	8	49.9	université intensité universités immensité densité adversité					49.9	0	0.0
suffix	2	[C]i.tabl	·[bi|fi|mi|qui|ri|rri|vi|xci]table	0	23	12	49.9	véritable inévitable équitable charitable véritables irritable	[C]i	suffix/1/tabl/table	suffix/1/tabl/table		49.9	4	0.2
suffix	1	R@	rent	0	28	12	99.6	différent différents transparent indifférent cohérent apparent					99.6	0	0.0
suffix	3	[C]i.*.tER	·[bli|di|fi|gi|li|si|ti]bataire	0	27	11	33.2	célibataire alimentaire célibataires publicitaire alimentaires publicitaires	*,[C]i	suffix/2/*.tER/·[ba|ber|bi|bu|ca|ci|cré|cy|da|den|dgé|di|fai|frac|ga|gna|gni|i|li|lli|lon|lé|man|men|mmen|na|nau|ni|né|pen|phlé|que|qui|ri|si|ta|ti|tu|tui|va|ven|é]taire	suffix/1/tER/taire		33.2	4	0.1
prefix	2	tR@s.OR	transOR·	0	69	9	49.8	transformer transformé transporter transporté transformée transformés					49.8	0	0.0
suffix	3	*.ik.sj§	·[cons|lé|né|ri|ré|ter|tra]diction	0	12	7	33.2	malédiction bénédiction interdiction juridiction contradiction malédictions	*	suffix/2/ik.sj§/·iktion	suffix/2/ik.sj§/·iktion		33.2	0	0.0
suffix	2	vi.te	vité	1	100	50	49.8	activité activités gravité exclusivité agressivité captivité					49.8	0	0.0
suffix	3	*.dik.sj§	·[lé|né|ri|ter|tra]diction	0	10	5	33.1	malédiction bénédiction interdiction juridiction contradiction malédictions	*	suffix/2/dik.sj§/diction	suffix/2/dik.sj§/diction		33.1	0	0.0
suffix	3	ni.[C]°.m@	·niquement	0	36	32	33.1	uniquement techniquement ironiquement cliniquement péniblement anonymement	[C]°,ni	suffix/2/[C]°.m@/·[be|ble|bre|ce|che|cle|cre|de|dre|ffle|ffre|fle|ge|gle|gne|gre|gue|ille|le|lle|me|ne|nne|pe|ple|ppe|pre|que|re|rre|sce|se|sse|te|tre|tte|ve|vre|xe|xtre]ment	suffix/1/m@/ment		33.1	0	0.0
prefix	3	te.le.[C]i	télé[ci|di|gui|vi]·	0	27	10	33.1	télévision télévisé téléviseur télévisions téléviseurs télévisés	[C]i	prefix/2/te.le/télé	prefix/2/te.le/télé		33.1	4	0.4
suffix	1	taZ	tage	0	154	117	99.1	avantage héritage reportage chantage sauvetage avantages					99.1	0	0.0
suffix	1	sjal	cial	1	29	8	99.1	spécial spéciale commercial spéciales glacial commerciale					99.1	0	0.0
prefix	1	ad	ad	0	91	11	99.0	admettre admire admets admis admirer admettons					99.0	0	0.0
prefix	3	E.i.*-{Ra}	expli[ca|ci|lo|me|te]-{Ra}·	0	13	5	33.0	explication explications exciterait exprimera effiloché expliciter	*-{Ra}	prefix/2/E.i/ei·	prefix/2/E.i/ei·		33.0	6	0.3
prefix	2	5.[C]§	in[com|con|domp|fon]·	0	119	45	49.4	inconscient incompréhensible inconsciente incontrôlable inconsciemment inconfortable	[C]§	prefix/1/5/in	prefix/1/5/in		49.4	0	0.0
suffix	3	ga.[C]i.ze	·ganiser	0	36	7	32.9	organiser organisé organisée organisés organisez égaliser	[C]i,ga	suffix/2/[C]i.ze/·[chi|ci|di|gui|li|lli|ly|mi|ni|nni|phi|ri|thi|ti|tri|vi|xci|y|ï]ser	suffix/1/ze/ser		32.9	0	0.0
suffix	1	lwaR	loir	0	26	14	98.7	vouloir couloir couloirs parloir isoloir prévaloir					98.7	0	0.0
suffix	1	se	sé	0	93	21	98.5	censé censée censés insensé sensé sensée					98.5	0	0.0
prefix	2	e.ki	équi	0	44	11	49.2	équipage équilibre équitable équipier équipé équipée					49.2	0	0.0
prefix	3	Re.a.*-{Zys,pa}	réa[bo|ccou|che|dap|ffec|ffi|gen|gi|li|mor|mé|ni|per|ppe|ppre|ppren|ppro|rran|ssem|ssi|ssor|ssu|tta]-{Zys,pa}·	0	192	35	32.8	réalisé réanimation réagissez réagirais réanimer réagira	a,*-{Zys,pa}	prefix/2/Re.a/réa·	prefix/1/Re/ré		32.8	31	0.6
suffix	3	[C]i.Ra.sj§	·[mi|pi|spi|xpi]ration	0	14	8	32.8	respiration inspiration conspiration admiration aspiration aspirations	[C]i	suffix/2/Ra.sj§/ration	suffix/2/Ra.sj§/ration		32.8	0	0.0
suffix	3	[C]i.Ra.sj§	·[mi|pi|xpi]ration	0	13	7	32.8	respiration inspiration conspiration admiration aspiration aspirations	Ra,[C]i	suffix/2/Ra.sj§/·ration	suffix/1/sj§/tion		32.8	0	0.0
suffix	3	*.*.fi	·[bio|cho|co|dio|gio|lli|lo|ly|lé|mo|no|o|per|po|pro|rio|ro|ré|tho|to|tro]sophie	0	86	43	32.7	philosophie photographie géographie pornographie échographie autobiographie	*,*	suffix/2/*.fi/·[gra|mor|so|tro]phie	suffix/1/fi/phie		32.7	10	0.4
suffix	3	[C]i.*.lje	·[mi|ni|pi|ti]culier	0	20	6	32.7	particulier particuliers hospitalier animalier hospitaliers domicilié	*,[C]i	suffix/2/*.lje/·[a|ba|bi|ca|ce|ci|co|cu|da|de|do|gu|ma|mi|mme|na|nne|pe|ro|rre|se|si|sse|ssi|ta|te|to|tro|va|xfo]lier	suffix/1/lje/lier		32.7	0	0.0
suffix	2	i.nER	·inaire	0	25	9	49.0	extraordinaire imaginaire vétérinaire extraordinaires sanguinaire originaire					49.0	0	0.0
suffix	2	*-{f@,t@}.d9R	·[bar|bor|ca|ccor|far|fon|la|man|mar|mer|mman|na|nau|pan|par|pon|pu|rau|ssa|ven]-{f@,t@}deur	0	44	24	49.0	ambassadeur profondeur répondeur profondeurs emmerdeur commandeur	*-{f@,t@}	suffix/1/d9R/deur	suffix/1/d9R/deur		49.0	16	0.9
suffix	3	li.za.sj§	·lisation	0	99	86	32.7	civilisation utilisation réalisation localisation civilisations canalisations	li	suffix/2/za.sj§/sation	suffix/2/za.sj§/sation		32.7	0	0.0
prefix	1	ak	ac	0	53	11	97.9	accès actrice accent accélère accéder active					97.9	0	0.0
prefix	2	ko.y	coy·	0	72	9	48.9	communauté communiquer communiqué communique communautés communiquent					48.9	0	0.0
suffix	2	*-{nOR}.mal	·[ci|cry|ni|si|ti|tis|xi]-{nOR}mal	0	31	10	48.9	animal maximale animale animales minimale maximal	*-{nOR}	suffix/1/mal/mal	suffix/1/mal/mal		48.9	0	0.0
suffix	2	[C]i.mal	·[ci|cry|ni|si|ti|xi]mal	0	25	8	48.9	animal maximale animale animales minimale maximal	[C]i	suffix/1/mal/mal	suffix/1/mal/mal		48.9	0	0.0
suffix	3	li.za.sj§	lisation	0	100	87	32.5	civilisation utilisation réalisation localisation civilisations canalisations					32.5	0	0.0
prefix	3	te.le.vi	télévi·	0	12	5	32.5	télévision télévisé téléviseur télévisions téléviseurs télévisés	vi	prefix/2/te.le/télé	prefix/2/te.le/télé	prefix/3/te.e.vi/télévi·	32.5	4	0.4
suffix	2	na.t9R	nateur	0	49	17	49.5	ordinateur ordinateurs détonateur détonateurs dessinateur examinateur					49.5	0	0.0
prefix	2	E.kspli	expli	0	15	5	48.7	explication expliqué explications explicite expliquant explicites					48.7	0	0.0
suffix	3	*.e.te	·[bri|com|pri|ter|to|tra]été	0	37	8	32.7	propriété propriétés interpréter interprété sobriété notoriété	*	suffix/2/e.te/·eté	suffix/2/e.te/·eté		32.7	0	0.0
prefix	2	po.*	po[li|mé|po|ta|te|é]·	0	50	10	48.7	policier policiers poétique policière popotin policières	*	prefix/1/po/po	prefix/1/po/po		48.7	8	0.1
prefix	2	ko.my	commu	0	54	6	48.6	communauté communiquer communiqué communique communautés communiquent					48.6	0	0.0
suffix	3	ni.*-{s°,ti}.m@	·niquement	0	32	29	32.4	uniquement techniquement ironiquement cliniquement péniblement anonymement	*-{s°,ti},ni	suffix/2/*-{s°,ti}.m@/·[be|ble|bre|ca|che|chi|cie|claffe|cle|cre|cré|cu|cé|de|di|die|dre|du|dé|dû|ffle|ffre|fie|fle|ge|gi|gle|gne|gre|gré|gu|gue|ille|le|li|lle|lu|lé|lû|ma|me|mmé|mé|ne|ni|nie|nne|nné|noie|nu|nue|né|nû|pe|pie|ple|pli|ppe|pre|que|ra|re|rre|rré|ré|se|ssuie|ssé|sé|ta|te|tie|tre|trie|tru|tte|té|ve|voue|vre|vé|xcré|xe|xtre|é]-{s°,ti}ment	suffix/1/m@/ment		32.4	0	0.0
prefix	2	kO+kOR+kOl+kOm+ko+k§.[C]5	con[vain|vien|ïn]·	0	35	5	48.5	convaincu coïncidence convaincue coïncidences convaincus conviendrait	[C]5	prefix/1/kO+kOR+kOl+kOm+ko+k§/co+col+com+con+cor	prefix/1/kO+kOR+kOl+kOm+ko+k§/co+col+com+con+cor		48.5	25	6.4
suffix	1	me	mé	0	241	55	96.9	fermé fermés fermée résumé allumée animé					96.9	0	0.0
suffix	1	pE	pect	0	10	5	96.9	respect suspect suspects respects prospect circonspects					96.9	0	0.0
prefix	1	OR	or	0	53	14	96.9	ordure ordonne ordures ordonné organes orbite					96.9	0	0.0
prefix	2	5.k§	incom·	0	111	43	48.4	inconscient incompréhensible inconsciente incontrôlable inconsciemment inconfortable	k§	prefix/1/5/in	prefix/1/5/in		48.4	0	0.0
prefix	2	E.kstRa	extra	0	54	16	48.3	extraordinaire extraterrestres extraterrestre extraordinaires extraordinairement extrader					48.3	0	0.0
suffix	3	[C]a.ni.ze	·[ca|ga|le|ma|ra|ta|va]niser	0	56	13	32.2	organiser organisé organisée organisés organisez réorganiser	ni,[C]a	suffix/2/ni.ze/·niser	suffix/1/ze/ser		32.2	0	0.0
suffix	3	ma.i.te	·manité	0	20	10	32.2	humanité formalité formalités normalité inhumanité anormalité	ma	suffix/2/i.te/·ité	suffix/2/i.te/·ité		32.2	0	0.0
suffix	2	[C]i.d@s	·[ci|fi|si|ssi|vi]dence	0	16	9	48.2	coïncidence évidence résidence présidence confidence coïncidences	[C]i	suffix/1/d@s/dence	suffix/1/d@s/dence		48.2	0	0.0
prefix	2	k§.o	cono·	0	102	22	48.2	contrôleur compromis compromettre contrôlez convoqué convocation					48.2	0	0.0
suffix	2	ti.te	·tité	0	14	7	48.2	identité quantité entité identités quantités entités	ti	suffix/1/te/té	suffix/1/te/té		48.2	0	0.0
suffix	2	Ri.ze	riser	0	346	50	50.5	autorisé autoriser autorisée autorisés sécurisé sécurisée					50.5	0	0.0
prefix	2	Re.y	réy·	0	73	17	48.1	récupéré récupère réfugiés régulier résumer réunie					48.1	0	0.0
prefix	2	5.[C]e	in[ce|clé|cré|dé|flé|fré|fé|gué|gé|quié|sai|sé|vé]·	0	158	44	48.0	inquiétude indépendance indépendant indépendante inséparables inquiété	[C]e	prefix/1/5/in	prefix/1/5/in		48.0	7	1.7
prefix	2	pRo.fi	profi	0	37	6	47.9	profiter profitez profité profitons profitable profiterai					47.9	0	0.0
suffix	2	ma.tik	matique	0	90	39	47.9	dramatique automatique informatique diplomatique automatiques mathématiques					47.9	0	0.0
suffix	3	[C]i.si.te	·[bli|li|ni|ti|tri|ï]cité	0	16	8	31.9	électricité publicité félicité publicités élasticité laïcité	si,[C]i	suffix/2/si.te/·cité	suffix/1/te/té		31.9	0	0.0
suffix	3	pi.a.sj§	·piration	0	27	16	31.9	respiration inspiration conspiration aspiration précipitation aspirations	pi	suffix/2/a.sj§/·ation	suffix/2/a.sj§/·ation		31.9	0	0.0
suffix	2	*.tER	·[by|drop|dul|gis|lé|mip|nas|nis|rac|re|rop|sen|thop|tis]tère	0	30	14	47.9	caractère ministère monastère adultère caractères presbytère	*	suffix/1/tER/tère	suffix/1/tER/tère		47.9	2	0.0
suffix	3	y.la.sj§	·ylation	0	55	37	31.9	circulation immatriculation manipulation dissimulation strangulation stimulation					31.9	0	0.0
suffix	2	o.Re	·orer	0	242	32	49.5	améliorer déshonoré amélioré collaborer restaurer collaboré					49.5	0	0.0
suffix	3	[C]o.Ri.ze	·[bo|do|go|lo|mo|no|o|po|rio|rro|so|to|vo]risé	0	91	19	31.9	autorisé autoriser autorisée autorisés terrorisée terroriser	Ri,[C]o	suffix/2/Ri.ze/·risé	suffix/1/ze/ser		31.9	6	0.3
suffix	3	tE.R°.m@	·tairrement	0	15	14	31.9	enterrement volontairement enterrements involontairement réglementairement majoritairement	R°,tE	suffix/2/R°.m@/·rement	suffix/1/m@/ment		31.9	0	0.0
prefix	3	R°.[C]e.*	repré[co|cou|fi|ga|go|gue|lé|ma|pi|po|sen]·	0	107	16	31.8	représentation représenter représentait représentant représentez représenté	[C]e,*	prefix/2/R°.[C]e/re[bai|cré|cé|de|dé|fré|gré|grée|lé|mé|né|pré|pé|qué|té|vé|vê]·	prefix/1/R°/re		31.8	16	0.0
suffix	1	list	liste	0	205	84	95.1	journaliste spécialiste journalistes réaliste socialiste spécialistes					95.1	0	0.0
suffix	2	[C]i.nal	·[ci|di|gi|mi|ri|ti|tri]nal	0	67	21	47.6	original cardinal originale terminale matinal matinale	[C]i	suffix/1/nal/nal	suffix/1/nal/nal		47.6	3	0.2
prefix	2	de.po	dépo·	0	53	10	47.5	déposer déposition déposé déposez déposée dépositions	po	prefix/1/de/dé	prefix/1/de/dé		47.5	5	0.0
suffix	3	na.i.te	·nalité	0	50	20	31.7	personnalité personnalités nationalité criminalité originalité tonalité	na	suffix/2/i.te/·ité	suffix/2/i.te/·ité		31.7	2	0.1
suffix	3	ma.[C]i.te	·manité	0	14	7	31.7	humanité formalité formalités normalité humanités germanité	[C]i,ma	suffix/2/[C]i.te/·[bi|bri|ci|di|gi|gni|gri|i|li|lli|mi|mmi|ni|nni|pi|qui|ri|ry|si|ssi|ti|vi|xci|xi|ï]té	suffix/1/te/té		31.7	0	0.0
suffix	2	[C]o.Rabl	·[do|lio|mo|no|o|plo|po|vo]rable	0	18	10	47.5	adorable honorable favorable adorables honorables mémorable	[C]o	suffix/1/Rabl/rable	suffix/1/Rabl/rable		47.5	0	0.0
suffix	1	R§	ron	0	84	42	94.8	environ environs biberon chaperon forgeron bûcheron					94.8	0	0.0
suffix	2	°.te	·°té	0	320	54	48.1	pauvreté méchanceté chasteté projeté propreté fermeté					48.1	0	0.0
suffix	2	ta.Ze	·tager	0	26	5	47.3	partager partagé partagez potager partagée partagés	ta	suffix/1/Ze/ger	suffix/1/Ze/ger		47.3	0	0.0
prefix	2	Es.ka	esca	0	20	11	47.3	escalier escaliers escadron escalade escadrille escadrons					47.3	0	0.0
suffix	2	[C-{t}]a.Se	·[bâ|lâ|na|rra|sa|va]-{t}cher	0	39	7	47.3	arracher arraché relâchez relâcher relâché arrachez	[C-{t}]a	suffix/1/Se/cher	suffix/1/Se/cher		47.3	7	0.0
suffix	2	i.je	·iller	0	1091	53	49.2	déshabiller bousiller bousillé déshabillez gaspiller rhabiller					49.2	0	0.0
prefix	2	a.ER	aER·	0	138	15	47.2	avertir averti avertis aperçoit allergie avertie					47.2	0	0.0
suffix	3	ti.[C]a.sj§	·tination	0	29	16	31.4	destination motivation ventilation estimation activation investigation	[C]a,ti	suffix/2/[C]a.sj§/·[a|ba|bra|ca|cia|cra|da|dia|fla|ga|gna|gra|la|lia|lla|ma|mma|na|pa|pla|qua|ra|ria|rra|sa|sla|ssa|ta|tia|tra|tta|va|via|xa|xpia]tion	suffix/1/sj§/tion		31.4	0	0.0
suffix	2	[C]i.ze	·[chi|di|gi|gui|i|li|lli|ly|mi|ni|ri|ti|tri|vi|xci]sé	0	289	73	47.1	civilisé organisé autorisé télévisé déguisé organisés	[C]i	suffix/1/ze/sé	suffix/1/ze/sé		47.1	2	0.0
prefix	2	5.v@	inven	0	37	5	47.0	inventé inventer inventaire inventée inventez inventés					47.0	0	0.0
prefix	3	Ra.i.*	rapi[bo|boi|de|di|fie|me|ta]·	0	30	8	31.3	rapidement rapidité ravitailler ravitailleur rabiboché ravitailleurs	*	prefix/2/Ra.i/rai·	prefix/2/Ra.i/rai·		31.3	0	0.0
suffix	3	pi.[C]a.sj§	·piration	0	23	13	31.3	respiration inspiration conspiration aspiration précipitation aspirations	[C]a,pi	suffix/2/[C]a.sj§/·[a|ba|bra|ca|cia|cra|da|dia|fla|ga|gna|gra|la|lia|lla|ma|mma|na|pa|pla|qua|ra|ria|rra|sa|sla|ssa|ta|tia|tra|tta|va|via|xa|xpia]tion	suffix/1/sj§/tion		31.3	0	0.0
suffix	1	so	sseau	0	11	6	93.9	vaisseau vaisseaux ruisseau trousseau ruisseaux vermisseau					93.9	0	0.0
suffix	2	i.zj§	·ision	0	22	13	46.8	télévision provisions précision prévisions précisions prévision					46.8	0	0.0
prefix	2	REs.pEk	respec	0	34	5	46.7	respecter respectable respecté respectez respectons respectait					46.7	0	0.0
suffix	2	tER.nEl	·ternel	0	32	6	46.7	éternel éternelle maternelle maternel éternels éternelles	tER	suffix/1/nEl/nel	suffix/1/nEl/nel		46.7	0	0.0
suffix	2	[C]ak.sj§	·[ac|ffrac|nac|rac|sac|trac|ttrac]tion	0	16	10	46.7	réaction réactions attraction transaction distraction attractions	[C]ak	suffix/1/sj§/tion	suffix/1/sj§/tion		46.7	4	3.3
prefix	2	de.[C]§	dé[bon|bron|com|con|fon|gon|mon|nom|on|plom|trom|tron]·	0	321	52	46.7	défoncer défoncé démonter démontrer dégonflé décomposition	[C]§	prefix/1/de/dé	prefix/1/de/dé		46.7	42	14.4
suffix	3	*.*.ni	·[ci|co|cri|dio|dri|dro|gno|lhar|lo|ly|lé|mo|no|o|pho|pi|ras|ro|ré|so|ta|tec|tho|to|zo]monie	0	74	37	31.1	cérémonie cérémonies schizophrénie monotonie ignominie photogénie	*,*	suffix/2/*.ni/·[co|for|gi|go|gy|gé|le|lo|lom|lé|ma|mi|mo|pha|pho|phré|pé|ro|som|ta|tech|thé|to]nie	suffix/1/ni/nie		31.1	8	0.2
suffix	2	[C]@.tER	·[den|man|men|mmen|pen|ven]taire	0	52	24	46.6	commentaire commentaires supplémentaires alimentaire supplémentaire documentaire	[C]@	suffix/1/tER/taire	suffix/1/tER/taire		46.6	0	0.0
prefix	2	E.e	ee·	0	76	13	46.4	extérieur extérieure extrémité expédié expédie extérieurs					46.4	0	0.0
suffix	2	[C]o.lik	·[bo|co|coo|drau|go|jo|tho|to]lique	0	39	15	46.4	catholique diabolique mélancolique alcoolique catholiques symbolique	[C]o	suffix/1/lik/lique	suffix/1/lik/lique		46.4	0	0.0
suffix	3	ni.k°.m@	·niquement	0	21	21	30.9	uniquement techniquement ironiquement cliniquement électroniquement tyranniquement	ni	suffix/2/k°.m@/quement	suffix/2/k°.m@/quement	suffix/3/ni.k°.m@/·niquement	30.9	0	0.0
suffix	3	[C]@.°.Ri	·[an|blan|dan|fan|gen|lan|men|mman|pen|ran|san|sen|ïen]terie	0	28	17	30.9	plaisanterie plaisanteries infanterie boulangerie argenterie galanterie	[C]@	suffix/2/°.Ri/·°rie	suffix/2/°.Ri/·°rie	suffix/3/[C]@.[C]°.Ri/·[an|blan|dan|fan|gen|lan|men|mman|pen|ran|san|sen|ïen]terie;suffix/3/[C]@.*.Ri/·[an|blan|dan|fan|gen|lan|men|mman|pen|ran|san|sen|ïen]terie	30.9	0	0.0
suffix	2	[C]u.je	·[bou|brou|dou|drou|fou|gou|mou|nou|pou|rrou|sou|tou|trou|zou]iller	0	142	28	46.3	débrouiller débrouillez débrouillé embrouiller verrouillé embrouillé	[C]u	suffix/1/je/iller	suffix/1/je/iller		46.3	30	5.3
suffix	1	ne	né	0	445	102	92.5	condamnés condamné satané assassiné tourné satanée					92.5	0	0.0
suffix	3	*.ma.tik	·[for|go|lé|mis|nig|né|plo|ro|so|thé|to|té]matique	0	33	14	30.7	automatique informatique diplomatique automatiques mathématiques diplomatiques	ma,*	suffix/2/ma.tik/·matique	suffix/1/tik/tique		30.7	2	0.0
suffix	2	[C-{f}]y.zj§	·[cclu|clu|llu|tru|xclu]-{f}sion	0	17	9	46.0	illusion conclusion illusions conclusions intrusion allusion	[C-{f}]y	suffix/1/zj§/sion	suffix/1/zj§/sion		46.0	3	3.3
suffix	3	[C]e.a.t9R	·[bé|cré|dé|gé|lé|mé|né|pe|phé|ppré|pré|pé|té|vé]rateur	0	82	23	31.4	générateur opérateur réfrigérateur générateurs accélérateur congélateur	[C]e	suffix/2/a.t9R/·ateur	suffix/2/a.t9R/·ateur		31.4	3	0.2
prefix	3	Re.a.[C]i	réa[ffi|gi|li|ni|ssi]·	0	45	12	30.5	réalisé réanimation réagissez réagirais réanimer réagira	a,[C]i	prefix/2/Re.a/réa·	prefix/1/Re/ré		30.5	2	0.1
suffix	3	*.a.tyR	·[cu|di|e|gi|gis|llé|lo|men|ppo|pri|pé|ri|tté]rature	0	22	14	30.5	température littérature candidature caricature températures magistrature	*	suffix/2/a.tyR/·ature	suffix/2/a.tyR/·ature		30.5	1	0.0
suffix	2	*.ge	·[ju|lo|lé|ti|tin]gué	0	30	6	45.8	fatigué fatiguée distingué fatigués délégué délégués	*	suffix/1/ge/gué	suffix/1/ge/gué		45.8	4	0.4
suffix	3	*.[C]a.tyR	·[cu|di|gi|gis|llé|lo|pé|ri|tté]rature	0	16	10	30.5	température littérature candidature caricature températures magistrature	[C]a,*	suffix/2/[C]a.tyR/·[a|ba|bla|ca|da|dra|ga|gia|gna|la|ma|mma|nia|ra|sla|ta|tra]ture	suffix/1/tyR/ture		30.5	1	0.0
suffix	1	di	dit	0	29	12	91.3	crédit maudit bandits bandit maudits interdit					91.3	0	0.0
suffix	2	ni.ze	niser	0	276	33	48.9	organiser organisé organisée organisons organisés organisait					48.9	0	0.0
prefix	2	li.e	lie·	0	51	15	45.6	littérature libération libérez littéralement librairie littéraire					45.6	0	0.0
prefix	3	a.o.*-{Ra}	abo[a|ba|ca|che|ci|cé|di|ge|gra|li|ma|mi|né|pho|ple|pri|prii|qui|vi]-{Ra}·	0	82	22	30.4	abominable atrocités applaudissez anomalie approprié allocations	*-{Ra}	prefix/2/a.o/ao·	prefix/2/a.o/ao·		30.4	66	0.3
suffix	3	si.e.Re	·cidéré	0	94	5	32.3	considéré considérer considérez considérée considérés incinérer	si	suffix/2/e.Re/·erer	suffix/2/e.Re/·erer		32.3	0	0.0
suffix	2	da.m@	·damment	0	10	10	45.5	évidemment précédemment prudemment ardemment indépendamment imprudemment	da	suffix/1/m@/mment	suffix/1/m@/mment		45.5	0	0.0
suffix	2	*-{S°}.l§	·[ath|fa|ga|me|que|qui|ta]-{S°}lon	0	13	8	45.4	pantalon pantalons étalon étalons mamelons mamelon	*-{S°}	suffix/1/l§/lon	suffix/1/l§/lon		45.4	0	0.0
suffix	1	s§	son	0	18	12	90.7	chanson chansons pinson ourson ultrasons ultrason					90.7	0	0.0
suffix	2	[C]E.sj§	·[ce|fe|gre|pre|xpre]ssion	0	17	11	45.2	expression agression profession agressions expressions compression	[C]E	suffix/1/sj§/ssion	suffix/1/sj§/ssion		45.2	2	1.7
suffix	3	*.i.nal	·[bi|bli|di|do|no|ri|tes|tu]ginal	0	40	9	31.2	original originale originaux abdominale originales abdominales	*	suffix/2/i.nal/·inal	suffix/2/i.nal/·inal		31.2	0	0.0
prefix	2	R°.m§	remon	0	38	5	45.2	remonter remontez remonté remontant remontera remontée					45.2	0	0.0
suffix	2	[C]e.Rabl	·[bé|dé|fé|gé|lé|né|pé|sé|té]rable	0	41	19	45.1	misérable vulnérable préférable intolérable misérables considérable	[C]e	suffix/1/Rabl/rable	suffix/1/Rabl/rable		45.1	0	0.0
suffix	3	pi.*-{s°,ti}.m@	·pidement	0	15	12	30.0	rapidement typiquement stupidement inopinément crépitement crépitements	*-{s°,ti},pi	suffix/2/*-{s°,ti}.m@/·[be|ble|bre|ca|che|chi|cie|claffe|cle|cre|cré|cu|cé|de|di|die|dre|du|dé|dû|ffle|ffre|fie|fle|ge|gi|gle|gne|gre|gré|gu|gue|ille|le|li|lle|lu|lé|lû|ma|me|mmé|mé|ne|ni|nie|nne|nné|noie|nu|nue|né|nû|pe|pie|ple|pli|ppe|pre|que|ra|re|rre|rré|ré|se|ssuie|ssé|sé|ta|te|tie|tre|trie|tru|tte|té|ve|voue|vre|vé|xcré|xe|xtre|é]-{s°,ti}ment	suffix/1/m@/ment		30.0	0	0.0
suffix	2	*.t8e	·[bi|cen|fa|ffec|pé|sti|ti]tuer	0	66	13	45.0	habituer habitué habituée effectué effectuer habitués	*	suffix/1/t8e/tuer	suffix/1/t8e/tuer		45.0	0	0.0
suffix	2	@.sj§	·@tion	0	33	20	45.1	intervention compréhension convention suspension contravention conventions					45.1	0	0.0
suffix	2	*.fis	·[cri|di|lé|né|ri|ti]fice	0	12	6	45.0	sacrifice sacrifices artifice bénéfices bénéfice édifice	*	suffix/1/fis/fice	suffix/1/fis/fice		45.0	0	0.0
prefix	2	a.sy	assu	0	33	5	44.9	assurance assurez assumer assurances assurais assumé					44.9	0	0.0
suffix	2	Ri.ze	·risé	0	196	49	44.9	autorisé autoriser autorisée autorisés sécurisé sécurisée	Ri	suffix/1/ze/ser	suffix/1/ze/ser		44.9	0	0.0
suffix	2	[C]o.ke	·[blo|cho|cro|ffo|llo|lo|slo|vo]quer	0	70	13	44.8	provoquer provoqué convoqué invoquer évoquer évoqué	[C]o	suffix/1/ke/quer	suffix/1/ke/quer		44.8	10	0.0
suffix	2	i.nal	·inal	0	77	16	47.1	original cardinal originale terminale terminal originaux					47.1	0	0.0
suffix	1	ma	ma	0	39	21	89.3	cinéma karma trauma schéma plasma cinémas					89.3	0	0.0
suffix	1	d8iR	duire	0	8	8	89.3	conduire produire traduire reproduire introduire reconduire					89.3	0	0.0
suffix	1	le	ller	0	115	21	89.3	installer installé décoller installez installée emballer					89.3	0	0.0
prefix	2	e.o	héo·	0	193	57	44.6	héroïne évolué érotique égoïsme érotiques évoqué					44.6	0	0.0
prefix	2	i.*-{zo}	i[ce|dé|ma|mi|ri|sa]-{zo}·	0	49	7	44.6	idéal imiter idéale idéaux isabelle imitez	*-{zo}	prefix/1/i/i	prefix/1/i/i		44.6	10	0.5
suffix	2	*.Z@	·[dul|gli|lli|mer|ter|tin|tre|ver]gent	0	22	9	44.4	intelligent intelligents indulgent détergent négligent contingent	*	suffix/1/Z@/gent	suffix/1/Z@/gent		44.4	8	0.7
suffix	1	d9R	deur	1	129	72	88.8	ambassadeur vendeur profondeur répondeur grandeur splendeur					88.8	0	0.0
prefix	1	mER	mer	0	37	14	88.8	merveilleuse mercredi merveille merdé merveilles merdeux					88.8	0	0.0
suffix	2	mi.te	·mité	0	34	14	44.3	comité intimité unanimité extrémité calamité limité	mi	suffix/1/te/té	suffix/1/te/té		44.3	0	0.0
suffix	2	sjo.ne	tionner	0	268	30	46.7	fonctionner mentionné fonctionné mentionner auditionner fonctionnait					46.7	0	0.0
suffix	2	[C]o.ne	·[co|mo|pho|trô]né	0	27	5	44.3	téléphoné téléphoner téléphonez détrôné détrôner ramoner	[C]o	suffix/1/ne/ner	suffix/1/ne/ner		44.3	5	0.3
suffix	2	*-{fi}.sj2	·[cen|da|dan|di|gra|len|li|lla|pi|pri|ren|ri|scien|sou|ten|tu]-{fi}cieux	0	21	18	44.2	délicieux silencieux astucieux audacieux capricieux judicieux	*-{fi}	suffix/1/sj2/cieux	suffix/1/sj2/cieux		44.2	0	0.0
suffix	2	[C]as.tik	·[cas|gas|las|nas|ras|tas]tique	0	19	8	44.1	fantastique gymnastique fantastiques sarcastique élastique élastiques	[C]as	suffix/1/tik/tique	suffix/1/tik/tique		44.1	0	0.0
suffix	1	zin	sine	0	9	8	88.1	cuisine cuisines adénosine cytosine draisine myosine					88.1	0	0.0
suffix	3	a.li.ze	·aliser	0	473	61	32.0	neutraliser hospitalisé spécialisé hospitaliser hospitalisée neutralisé					32.0	0	0.0
suffix	2	[C-{s}]y.me	·[cu|fu|llu|nhu|plu|rhu|su|tu|u]-{s}mer	0	74	13	43.8	allumer allumé allumez résumer allumée rallumer	[C-{s}]y	suffix/1/me/mer	suffix/1/me/mer		43.8	11	0.8
prefix	2	Ra.i	rai·	0	121	27	43.8	rapidement radical rapidité radicale ranimer radicaux					43.8	0	0.0
prefix	2	mER.*	mer[ce|cre|cu|de|dou|vei]·	0	12	6	43.8	merveilleuse mercredi mercredis mercerisé merderai merdouillé	*	prefix/1/mER/mer	prefix/1/mER/mer		43.8	0	0.0
suffix	2	n°.m@	nnement	0	87	59	43.7	environnement raisonnement abonnement fonctionnement couronnement approvisionnement					43.7	0	0.0
prefix	2	po.li	poli·	0	34	5	43.6	policier policiers policière policières polissage polissant	li	prefix/1/po/po	prefix/1/po/po		43.6	3	0.0
suffix	2	a.tif	·atif	0	315	78	49.6	affirmatif préparatifs préservatifs créatif préservatif coopératif					49.6	0	0.0
suffix	1	kal	cal	0	95	32	87.0	musical médical médicale musicale amical amicale					87.0	0	0.0
prefix	2	R@.[C]a	rem[ba|boî|pa|pla]·	0	65	7	43.4	remplacer remplacé remplacera remplacement remplacez remplacée	[C]a	prefix/1/R@/rem	prefix/1/R@/rem		43.4	0	0.0
suffix	2	ty.Re	·turer	0	129	26	43.4	torturer capturé capturer torturé capturés torturés	ty	suffix/1/Re/rer	suffix/1/Re/rer		43.4	0	0.0
suffix	2	mi.sj§	mission	0	14	9	43.3	permission transmission transmissions soumission permissions retransmission					43.3	0	0.0
prefix	2	lE.°	lai°·	0	17	5	43.2	laisserai laisserais laisseras laisserez lèverai lèveras					43.2	0	0.0
suffix	2	da.m@	demment	0	6	6	43.2	évidemment précédemment prudemment imprudemment incidemment impudemment					43.2	0	0.0
prefix	2	@.[C]y	en[cu|du|fu|glu|glue|ju|rhu|tu]·	0	56	10	43.2	enculé enculés endurer enduré entuber enrhumé	[C]y	prefix/1/@/en	prefix/1/@/en		43.2	31	13.8
prefix	2	@.E	emE·	0	137	18	43.2	empêchera empêchez empêchait entraider embêtant embêté					43.2	0	0.0
suffix	1	pa	pa	0	14	7	86.2	sympa sympas vespa prépa pampa pampas					86.2	0	0.0
prefix	1	t@	ten	1	47	9	86.1	tenté tenter tendresse tentez tendue tentant					86.1	0	0.0
suffix	2	o.ni	·onie	0	47	24	43.0	cérémonie harmonie pneumonie cérémonies macaronis macaroni					43.0	0	0.0
suffix	2	ma.tik	·matique	0	68	29	43.0	dramatique automatique informatique diplomatique automatiques mathématiques	ma	suffix/1/tik/tique	suffix/1/tik/tique		43.0	0	0.0
prefix	1	S@	cham	0	44	11	85.8	champagne champion champignons champions champignon championne					85.8	0	0.0
prefix	2	o.°	au°·	0	23	7	42.8	autrefois omelette oserais oserai oseras hôtelière					42.8	0	0.0
suffix	2	e.tER	·etaire	0	12	5	42.8	propriétaire propriétaires planétaire prolétaires prolétaire planétaires					42.8	0	0.0
suffix	2	zi.te	·siter	0	27	5	42.8	visiter hésitez hésiter visité hésité visitez	zi	suffix/1/te/ter	suffix/1/te/ter		42.8	0	0.0
prefix	1	d@	dan	0	25	5	85.5	danger dangers dansant dansantes dansante dansants					85.5	0	0.0
suffix	2	[C]Ep.sj§	·[cep|xcep]tion	0	13	7	42.7	réception exception conception perception exceptions interception	[C]Ep	suffix/1/sj§/tion	suffix/1/sj§/tion		42.7	0	0.0
suffix	2	ty.Re	turer	0	183	20	44.2	torturer capturé capturer torturé capturés torturés					44.2	0	0.0
suffix	2	pEk.te	pecter	0	75	5	47.8	respecter respecté inspecter respectez respectons respectait					47.8	0	0.0
suffix	2	*-{fis}.ke	·[bi|bus|di|ffus|lo|ni|nia|pli|ppli|ra|slo|ti|tra|tri|vo|xi|xpli|ï]-{fis}qué	0	97	22	42.7	compliqué compliquée communiqué sophistiqué indiqué détraqué	*-{fis}	suffix/1/ke/qué	suffix/1/ke/qué		42.7	17	0.4
prefix	2	po.e	poe·	0	46	7	42.6	poésie posséder possédait possédé poétique possédez					42.6	0	0.0
prefix	1	te	té	0	35	15	85.0	témoin témoins tétons télés téton témérité					85.0	0	0.0
suffix	2	vwaj.e	voyer	0	72	5	43.2	renvoyer renvoyé renvoyez renvoyée renvoyés renvoyait					43.2	0	0.0
suffix	1	tER	tère	0	48	23	84.9	mystère caractère ministère mystères monastère adultère					84.9	0	0.0
suffix	2	*.n9R	·[bi|bor|ca|ci|gor|mi|mo|pi|poui|pre|qui|ri|te|ti|traî|ver|vi]neur	0	49	27	42.4	gouverneur entraîneur entrepreneur conteneur entrepreneurs gouverneurs	*	suffix/1/n9R/neur	suffix/1/n9R/neur		42.4	5	0.1
suffix	2	ni.ze	·niser	0	171	36	42.4	organiser organisé organisée organisés organisez immunisé	ni	suffix/1/ze/ser	suffix/1/ze/ser		42.4	0	0.0
prefix	2	Re.Ol	reOl·	0	52	7	42.3	revolver récolter révolvers récolté révolter révoltés					42.3	0	0.0
suffix	1	RaZ	rage	0	29	22	84.0	courage éclairage entourage repérage commérages pâturages					84.0	0	0.0
suffix	2	*.NOl	·[pa|qui|ssi|vi]gnol	0	18	5	42.0	espagnol espagnole espagnols rossignol espagnoles rossignols	*	suffix/1/NOl/gnol	suffix/1/NOl/gnol		42.0	0	0.0
prefix	2	fo.o	phoo·	0	57	25	42.0	photographe photographie photographes photocopies photocopieuse photogénique					42.0	0	0.0
suffix	2	m@.tER	·mantaire	0	41	19	42.0	commentaire commentaires supplémentaires alimentaire supplémentaire documentaire	m@	suffix/1/tER/taire	suffix/1/tER/taire		42.0	0	0.0
suffix	2	*-{vi}.j§	·[bi|ci|di|dri|gri|gui|mi|ni|pi|ppi|ri|si|tei|ti|tti|vei]-{vi}llon	0	72	39	42.0	échantillon papillon échantillons réveillon papillons tourbillon	*-{vi}	suffix/1/j§/llon	suffix/1/j§/llon		42.0	2	0.0
suffix	2	[C]y.le	·[cu|du|mu|nnu|nu|pu|tu]lé	0	80	19	42.0	enculé enculés immatriculée annulé immaculé immaculée	[C]y	suffix/1/le/lé	suffix/1/le/lé		42.0	10	0.2
suffix	2	[C]i.lje	·[bi|ci|ffi|mi|si|ssi]lier	0	51	12	42.0	familier humilier humilié réconcilier immobilier humiliée	[C]i	suffix/1/lje/lier	suffix/1/lje/lier		42.0	0	0.0
prefix	2	pRo.[C]§	pro[con|fon|lon|non]·	0	33	5	41.9	profondément profondeur prononcé profondeurs prolonger prolongée	[C]§	prefix/1/pRo/pro	prefix/1/pRo/pro		41.9	8	1.7
suffix	2	[C]yk.t9R	·[dduc|duc|truc]teur	0	50	19	41.9	producteur conducteur producteurs traducteur séducteur conducteurs	[C]yk	suffix/1/t9R/teur	suffix/1/t9R/teur		41.9	0	0.0
suffix	1	pid	pide	0	12	5	83.7	stupide stupides limpide intrépide insipide limpides					83.7	0	0.0
suffix	2	as.tik	·astique	0	19	8	41.8	fantastique gymnastique fantastiques sarcastique ecclésiastique sarcastiques					41.8	0	0.0
prefix	2	kO+kOR+kOl+kOm+ko+k§.[C]OR	com[cor|for|or|por|tor]·	0	80	13	41.7	comportement comporter comporté comportez coordination comportait	[C]OR	prefix/1/kO+kOR+kOl+kOm+ko+k§/co+col+com+con+cor	prefix/1/kO+kOR+kOl+kOm+ko+k§/co+col+com+con+cor		41.7	20	0.8
suffix	2	[C]o.Ri	·[go|lo|o|pho]rie	0	12	7	41.7	théorie catégorie théories calories catégories euphorie	[C]o	suffix/1/Ri/rie	suffix/1/Ri/rie		41.7	0	0.0
suffix	2	OR.te	·ORter	0	143	12	46.0	transporter comporter transporté réconforter remporter remporté					46.0	0	0.0
prefix	2	Ra.a	raa·	0	172	22	41.7	rattraper rattrapez rattrapé rattrapera rattraperai rapatrier					41.7	0	0.0
suffix	3	i.si.te	·icité	0	61	27	27.7	électricité complicité simplicité authenticité mendicité complicités					27.7	0	0.0
suffix	3	ti.k°.m@	tiquement	0	57	57	27.7	pratiquement politiquement automatiquement génétiquement systématiquement statistiquement					27.7	0	0.0
prefix	2	ko.°	cau°·	0	15	7	41.2	cauchemar cauchemars côtelettes côtelette causerai causerie					41.2	0	0.0
suffix	2	yk.t9R	·ykteur	0	59	13	43.4	producteur conducteur producteurs traducteur conducteurs instructeur					43.4	0	0.0
suffix	1	t5	tain	0	35	11	82.4	certain lointain incertain sacristain incertains lointains					82.4	0	0.0
prefix	2	5.[C]a	in[ca|fa|gra|joi|qua|ra|sa|tra|va]·	0	49	21	41.2	incapable incapables incapacité infaillible invalide invalides	[C]a	prefix/1/5/in	prefix/1/5/in		41.2	5	0.7
prefix	1	kRe	cré	0	96	25	82.3	crédit crétin crétins crédits créant crémaillère					82.3	0	0.0
prefix	2	5.[C]y	in[cu|du|dû|flu|flue|fu|su|tu]·	0	77	21	41.1	influence insupportable incurable influencé insuffisant intuber	[C]y	prefix/1/5/in	prefix/1/5/in		41.1	13	1.0
prefix	2	fo.to	photo	0	54	23	41.1	photographe photographie photographes photocopies photocopieuse photogénique					41.1	0	0.0
suffix	2	*.nist	·[a|ba|bo|ca|chi|ci|der|do|ga|gié|go|lié|llé|lo|lé|ma|mi|mmu|na|ni|o|pho|pi|qui|ro|sé|ta|ter|ti|to|tu|vi]niste	0	102	44	41.1	communiste communistes violoniste machiniste alpinistes alpiniste	*	suffix/1/nist/niste	suffix/1/nist/niste		41.1	9	0.3
suffix	2	*.sjEl	·[ffi|fi|gi|ren|tan|tri]ciel	0	42	9	41.0	officiel officielle artificielle artificiel logiciel superficiel	*	suffix/1/sjEl/ciel	suffix/1/sjEl/ciel		41.0	0	0.0
prefix	2	sy.e	sue·	0	36	8	41.0	supérieure supérieur supérieurs supérieures suprématie suppléant					41.0	0	0.0
suffix	1	fe	ffer	0	129	25	81.9	bouffer chauffer réchauffer étouffer bouffé coiffer					81.9	0	0.0
suffix	2	[C]i.sjEl	·[ffi|fi|gi|tri]ciel	0	34	7	40.9	officiel officielle artificielle artificiel logiciel superficiel	[C]i	suffix/1/sjEl/ciel	suffix/1/sjEl/ciel		40.9	0	0.0
suffix	2	[C]°.ny	·[te|ve]nue	0	12	5	40.9	bienvenue avenue retenue bienvenues avenues retenues	[C]°	suffix/1/ny/nue	suffix/1/ny/nue		40.9	0	0.0
suffix	1	Rad	rade	0	14	7	81.7	camarade camarades mascarade charades daurade pétarade					81.7	0	0.0
prefix	2	sa.is	sais·	0	46	5	40.7	satisfaire satisfait satisfaction satisfaits satisfaite sacristain					40.7	0	0.0
prefix	2	Es.pa	espa	0	17	6	40.7	espagnol espagnole espagnols espagnoles espadon espadrilles					40.7	0	0.0
suffix	1	Ra	ra	0	48	26	81.2	caméra opéra caméras choléra mascara opéras					81.2	0	0.0
suffix	2	dyk.sj§	·dduction	0	22	14	40.6	production traduction reproduction réduction séduction introduction	dyk	suffix/1/sj§/tion	suffix/1/sj§/tion		40.6	0	0.0
suffix	1	dje	dier	0	102	33	80.9	étudier étudié merdier remédier brigadier bombardiers					80.9	0	0.0
prefix	2	@.[C]E	em[bra|bê|mè|mê|pe|pei|pie|pre|pê]·	0	76	13	40.5	empêchera emmènerai empêchez emmènera empêchait embêté	[C]E	prefix/1/@/em	prefix/1/@/em		40.5	9	1.4
prefix	2	pRe.e	prée·	0	66	10	40.5	préférez préférable préférais précédent précédente précédents					40.5	0	0.0
prefix	1	na	na	0	115	30	80.7	nager navire nanas navires natale naïve					80.7	0	0.0
suffix	2	na.list	·naliste	0	35	15	40.2	journaliste journalistes nationalistes nationaliste finalistes finaliste	na	suffix/1/list/liste	suffix/1/list/liste		40.2	0	0.0
suffix	2	i.de	·ider	0	156	20	42.0	suicider suicidé suicidée intimider élucider suicidés					42.0	0	0.0
prefix	2	pa.Ra	para	0	112	32	40.2	parasite parachute parasites paralysé paragraphe parabole					40.2	0	0.0
suffix	2	v@.te	·vanté	0	26	5	40.1	inventé inventer inventée inventez inventés inventées	v@	suffix/1/te/ter	suffix/1/te/ter		40.1	0	0.0
suffix	2	m@.te	·manter	0	131	27	40.0	augmenter augmenté alimenter tourmenter tourmenté commenter	m@	suffix/1/te/ter	suffix/1/te/ter		40.0	0	0.0
suffix	2	[C]OR.de	·[bor|ccor|cor]der	0	43	9	40.0	accorder accordé accordez débordé débordés accordée	[C]OR	suffix/1/de/der	suffix/1/de/der		40.0	8	8.4
suffix	2	o.Ri	·orie	0	17	8	39.9	théorie catégorie théories catégories allégorie endolori					39.9	0	0.0
suffix	2	*.vRiR	·[cou|ppau|trou]vrir	0	9	5	39.9	découvrir recouvrir découvrirent redécouvrir entrouvrir appauvrir	*	suffix/1/vRiR/vrir	suffix/1/vRiR/vrir		39.9	0	0.0
suffix	2	[C]i.Z@	·[di|gli|li|lli]gent	0	14	5	39.9	intelligent intelligents négligent indigents négligents inintelligents	[C]i	suffix/1/Z@/gent	suffix/1/Z@/gent		39.9	0	0.0
suffix	1	tRER	traire	0	10	5	79.6	contraire distraire soustraire arbitraire arbitraires contraires					79.6	0	0.0
suffix	2	tRa.sj§	tration	0	31	19	39.7	administration concentration démonstration frustration pénétration infiltration					39.7	0	0.0
suffix	1	so	ceau	0	25	12	79.4	morceau morceaux berceau pinceau pinceaux monceau					79.4	0	0.0
suffix	2	[C]a.ze	·[boi|bra|ca|cra|geoi|noi|phra|ra|roi|voi]ser	0	63	13	39.7	écraser écrasé écrasés écrasée écrasez apprivoisé	[C]a	suffix/1/ze/ser	suffix/1/ze/ser		39.7	10	0.0
suffix	3	nE.l°.m@	nnellement	0	20	20	26.4	personnellement solennellement émotionnellement professionnellement intentionnellement exceptionnellement					26.4	0	0.0
suffix	2	[C]a.lj5	·[ca|da|ga|ma|na|pa|ta|tra]lien	0	29	10	39.6	italien italiens australien somaliens australiens végétalien	[C]a	suffix/1/lj5/lien	suffix/1/lj5/lien		39.6	0	0.0
suffix	1	pOR	port	0	9	6	79.2	aéroport passeport transport transports passeports aéroports					79.2	0	0.0
suffix	2	[C]y.lje	·[cu|gu]lier	0	18	5	39.6	particulier régulier particuliers réguliers irrégulier singulier	[C]y	suffix/1/lje/lier	suffix/1/lje/lier		39.6	0	0.0
prefix	2	Ra.o	rao·	0	137	46	39.5	raccroché rapprocher raccrocher raccrochez rapprochez raviolis					39.5	0	0.0
suffix	1	ta	tat	0	28	12	79.0	résultats résultat attentat attentats constat habitat					79.0	0	0.0
suffix	2	ly.sj§	lution	0	11	8	39.5	révolution évolution résolution révolutions résolutions absolution					39.5	0	0.0
prefix	1	ky	cu	0	62	23	78.8	curieux culotte culot curieuse culottes cubain					78.8	0	0.0
suffix	1	sabl	sable	0	14	7	78.8	responsable responsables irresponsable impensable irresponsables remboursable					78.8	0	0.0
suffix	3	i.ty.sj§	·itution	0	12	7	26.2	constitution prostitution institution institutions reconstitution substitution					26.2	0	0.0
suffix	2	*.tRik	·[cen|chia|dia|gas|lec|mé|ria|sté|xcen]trique	0	58	30	39.3	électrique psychiatrique électriques excentrique psychiatriques égocentrique	*	suffix/1/tRik/trique	suffix/1/tRik/trique		39.3	0	0.0
suffix	2	o.nER	·onnaire	0	79	32	39.3	fonctionnaire révolutionnaire fonctionnaires dictionnaire révolutionnaires divisionnaire					39.3	0	0.0
suffix	2	na.list	naliste	0	28	12	39.1	journaliste journalistes nationalistes nationaliste paternaliste rationaliste					39.1	0	0.0
prefix	2	5.fOR	infor	0	45	8	39.0	informer informé informateur informés informez informée					39.0	0	0.0
prefix	2	pRe.a	préa·	0	53	11	39.0	préparez préparation préavis préparais préparations prévaloir					39.0	0	0.0
suffix	2	[C]°.ve	·[che|le|ne]vé	0	28	7	39.0	élevé élevée élevés relevés relevé inachevée	[C]°	suffix/1/ve/vé	suffix/1/ve/vé		39.0	0	0.0
suffix	2	[C]aj.e	·[loy|voy]és	0	31	6	39.0	employés employé envoyé employée envoyés employées	[C]aj	suffix/1/e/é	suffix/1/e/é		39.0	0	0.0
prefix	2	5.is	inis·	0	61	9	39.0	indispensable insisté insister insistez indiscret indiscrète					39.0	0	0.0
suffix	2	*.naZ	·[cho|co|die|do|dro|ffo|geo|gno|llo|lo|mio|o|pa|pe|pho|pio|po|sio|so|sso|to|vo|ço]nnage	0	52	36	38.9	personnage personnages espionnage dépannage étalonnage échantillonnage	*	suffix/1/naZ/nnage	suffix/1/naZ/nnage		38.9	4	0.0
suffix	2	[C]i.ka	·[di|fi|li|ni]cat	0	17	8	38.9	certificat syndicat délicat syndicats délicats certificats	[C]i	suffix/1/ka/cat	suffix/1/ka/cat		38.9	0	0.0
suffix	2	[C]i.tif	·[ci|ddi|di|gi|mi|ni|si|ti|tri]tif	0	60	24	38.9	positif dispositif définitif primitif fugitif fugitifs	[C]i	suffix/1/tif/tif	suffix/1/tif/tif		38.9	0	0.0
suffix	2	tRa.sj§	·tration	0	20	11	38.8	administration concentration démonstration frustration pénétration infiltration	tRa	suffix/1/sj§/tion	suffix/1/sj§/tion		38.8	0	0.0
prefix	2	S@.*-{t°}	chan[ce|cè|de|ge|so|to]-{t°}·	0	52	7	38.7	changera changerait changerai changeras changerais changeront	*-{t°}	prefix/1/S@/chan	prefix/1/S@/chan		38.7	14	0.0
suffix	2	*.n@	·[do|e|geo|illo|llo|o|ro|so|ssio|sso|to]nnant	0	47	27	38.7	étonnant impressionnant passionnant étonnants rayonnant moyennant	*	suffix/1/n@/nnant	suffix/1/n@/nnant		38.7	4	0.0
prefix	2	pa.*-{ni,po}	pa[la|li|lu|pa|po|ra|ren|ta|ti|trou]-{ni,po}·	0	60	18	38.7	paradis parenté patrouiller parader patata patiné	*-{ni,po}	prefix/1/pa/pa	prefix/1/pa/pa		38.7	22	0.6
suffix	1	viR	vir	0	13	9	77.3	servir gravir assouvir resservir asservir chevir					77.3	0	0.0
prefix	2	paR.°	par°·	0	34	12	38.6	parlerai parlerais parleras parchemin parlerez parvenue					38.6	0	0.0
prefix	1	Ze	gé	0	68	16	77.0	génie géant géants gémit génies géante					77.0	0	0.0
prefix	2	pa.°	pa°·	0	54	21	38.5	passerai passerez passeras paperasse passerais patelin					38.5	0	0.0
suffix	2	[C]i.t@	·[bi|ci|fi|li|mi|pi|ri|rri|si|xci]tants	0	37	19	38.4	habitants excitant militants palpitant habitant militant	[C]i	suffix/1/t@/tant	suffix/1/t@/tant		38.4	6	0.0
prefix	2	k§.ER	conER·	0	109	10	38.4	concernant conserver convertir converti conservé convertis					38.4	0	0.0
suffix	2	vo.ke	·voquer	0	33	5	38.4	provoquer provoqué convoqué invoquer évoquer évoqué	vo	suffix/1/ke/quer	suffix/1/ke/quer		38.4	0	0.0
suffix	1	tiv	tive	0	48	24	76.8	détective tentative initiative perspective alternative détectives					76.8	0	0.0
suffix	3	ni.za.sj§	nisation	0	38	32	25.6	organisation organisations synchronisation colonisation modernisation réorganisation					25.6	0	0.0
suffix	2	i.fik	·ifique	0	24	12	38.4	scientifique scientifiques spécifique spécifiques honorifique soporifique					38.4	0	0.0
suffix	1	ni	nie	0	136	68	76.7	cérémonie harmonie ironie colonie pneumonie agonie					76.7	0	0.0
suffix	2	*.la	·[cha|co|cre|cu|gi|su|ta|to|tu|vo]lat	0	23	11	38.4	chocolat consulat chocolats bénévolat cancrelat postulat	*	suffix/1/la/lat	suffix/1/la/lat		38.4	0	0.0
suffix	3	ti.ty.sj§	titution	0	10	6	25.6	constitution prostitution institution institutions reconstitution restitution					25.6	0	0.0
suffix	1	z@	sant	0	139	75	76.5	amusant suffisant séduisant plaisant déplaisant insuffisant					76.5	0	0.0
prefix	2	dis.[C]o	dis[co|po|pro]·	0	41	7	38.1	disposition disposer dispositif dispositions disposé disposez	[C]o	prefix/1/dis/dis	prefix/1/dis/dis		38.1	8	0.8
suffix	2	[C]o.n@	·[do|geo|illo|llo|o|ro|so|ssio|sso|to]nnant	0	45	25	38.1	étonnant impressionnant passionnant étonnants rayonnant impressionnants	[C]o	suffix/1/n@/nnant	suffix/1/n@/nnant		38.1	4	0.0
suffix	1	ny	nue	0	18	7	76.1	continue bienvenue avenue retenue bienvenues avenues					76.1	0	0.0
suffix	2	vi.zj§	vision	0	12	7	38.0	télévision provisions prévisions prévision provision télévisions					38.0	0	0.0
prefix	2	Re.[C]ak	ré[ac|trac]·	0	54	11	37.9	réaction réactions réacteur réacteurs réactionnaires réactionnaire	[C]ak	prefix/1/Re/ré	prefix/1/Re/ré		37.9	7	0.5
suffix	2	m°.m@	·mement	0	29	26	37.9	extrêmement calmement deuxièmement armement fermement troisièmement	m°	suffix/1/m@/ment	suffix/1/m@/ment		37.9	0	0.0
suffix	2	t°.Ri	terie	0	88	54	37.8	plaisanterie plaisanteries infanterie argenterie bijouterie minuterie					37.8	0	0.0
suffix	2	[C]a.ne	·[ca|dam|doua|fa|ga|ma|na|pa|ta|va|voi]né	0	62	16	37.8	condamné condamner condamnés condamnée condamnez profané	[C]a	suffix/1/ne/ner	suffix/1/ne/ner		37.8	5	0.0
prefix	2	p@.*	pan[cel|dé|ger|ta|te|thé]·	0	11	7	37.8	pantalon pantalons pandémie panthéiste pangermanisme pantalonnade	*	prefix/1/p@/pan	prefix/1/p@/pan		37.8	0	0.0
suffix	2	m@.te	menter	0	205	23	40.3	augmenter augmenté alimenter tourmenter tourmenté augmentez					40.3	0	0.0
prefix	2	k§.ak	conak·	0	52	6	37.7	contacter contacté contactez contacterai contactés contactée					37.7	0	0.0
suffix	2	[C]i.ke	·[bi|di|ni|pli|ppli|ti|tri|xi|xpli|ï]qué	0	59	14	37.7	compliqué compliquée communiqué sophistiqué indiqué compliquées	[C]i	suffix/1/ke/qué	suffix/1/ke/qué		37.7	4	0.1
suffix	2	pEk.te	·pecter	0	26	5	37.6	respecter respecté inspecter respectez suspecté inspecté	pEk	suffix/1/te/ter	suffix/1/te/ter		37.6	0	0.0
suffix	2	ni.sj§	·nitions	0	15	10	37.6	munitions punition définition prémonition punitions prémonitions	ni	suffix/1/sj§/tion	suffix/1/sj§/tion		37.6	0	0.0
suffix	2	na.Ze	·nager	0	45	6	37.6	déménager déménagé emménager emménagé ménager ménagers	na	suffix/1/Ze/ger	suffix/1/Ze/ger		37.6	0	0.0
prefix	2	pRe.[C]o	pré[cau|chau|co|do|mo|no|o|po|ro|so|vau|vô]·	0	86	21	37.6	préoccupe précautions précaution préoccupé préoccuper prémonition	[C]o	prefix/1/pRe/pré	prefix/1/pRe/pré		37.6	17	2.1
suffix	2	ky.le	·cculé	0	40	9	37.6	enculé enculés immatriculée immaculé immaculée miraculé	ky	suffix/1/le/lé	suffix/1/le/lé		37.6	0	0.0
suffix	2	*.nE	·[a|ba|da|go|la|li|lo|po|ra|ta|to|va]nais	0	23	14	37.5	japonais polonais pakistanais libanais albanais cantonais	*	suffix/1/nE/nais	suffix/1/nE/nais		37.5	2	0.1
suffix	2	e.R@s	·erence	0	26	17	37.5	conférence préférence indifférence conférences interférences interférence					37.5	0	0.0
suffix	2	[C]o.naZ	·[cho|co|do|dro|ffo|geo|gno|llo|lo|mio|o|pio|po|sio|so|sso|to|vo|ço]nnage	0	49	33	37.5	personnage personnages espionnage étalonnage échantillonnage braconnage	[C]o	suffix/1/naZ/nnage	suffix/1/naZ/nnage		37.5	1	0.0
suffix	2	o.lE	·olet	0	29	12	37.3	pistolet pistolets cabriolet congolais flageolet ultraviolets					37.3	0	0.0
prefix	2	e.[C]a	é[ba|ca|cha|cra|ga|ma|pa|ra|ta|va]·	0	126	20	37.3	écrasé étalon égaré étaler égarer épater	[C]a	prefix/1/e/é	prefix/1/e/é		37.3	88	9.3
suffix	2	[C-{v}]i.j§	·[bi|ci|di|dri|gri|mi|ni|pi|ppi|ri|si|ti|tti]-{v}llon	0	66	36	37.0	échantillon papillon échantillons papillons tourbillon carillon	[C-{v}]i	suffix/1/j§/llon	suffix/1/j§/llon		37.0	2	0.0
suffix	2	[C]a.tER	·[ba|ca|da|ga|gna|na|ta|va]taire	0	37	15	36.9	célibataire locataires colocataire locataire célibataires colocataires	[C]a	suffix/1/tER/taire	suffix/1/tER/taire		36.9	0	0.0
suffix	1	s5	ssin	0	19	8	73.7	assassin assassins poussin coussin coussins poussins					73.7	0	0.0
suffix	1	no	no	0	52	28	73.7	piano casino porno parano chrono pornos					73.7	0	0.0
suffix	2	[C]e.zi	·[gné|gé|né|ré|tai|thé|tré|é]sie	0	24	12	36.8	poésie fantaisie anesthésie amnésie poésies hérésie	[C]e	suffix/1/zi/sie	suffix/1/zi/sie		36.8	0	0.0
suffix	2	[C]o.Zik	·[go|llo|lo]gique	0	114	62	36.7	psychologique biologique biologiques écologique idéologique psychologiques	[C]o	suffix/1/Zik/gique	suffix/1/Zik/gique		36.7	0	0.0
suffix	2	sjo.nER	·sionnaire	0	56	23	36.7	fonctionnaire révolutionnaire fonctionnaires dictionnaire révolutionnaires actionnaires	sjo	suffix/1/nER/nnaire	suffix/1/nER/nnaire		36.7	0	0.0
suffix	3	i.za.t9R	·isateur	0	68	28	24.9	réalisateur réalisateurs organisateur utilisateur organisateurs réalisatrice					24.9	0	0.0
suffix	2	o.Zik	·ogique	1	118	65	36.7	psychologique biologique biologiques écologique idéologique psychologiques					36.7	0	0.0
suffix	2	p@.se	·pensé	0	39	7	36.6	dépensé dépenser récompensé récompenser repensé compenser	p@	suffix/1/se/ser	suffix/1/se/ser		36.6	0	0.0
suffix	2	*.5	·[bé|ché|cé|du|dé|lé|mé|né|pé|ré|sé|toy|tri|tzsché|té]ens	0	58	24	36.6	citoyens citoyen lycéens coréen coréens lycéen	*	suffix/1/5/en	suffix/1/5/en		36.6	4	0.0
prefix	2	i.e	ie·	0	61	24	36.6	illégal idéale illégale idéaux illégales illégaux					36.6	0	0.0
suffix	2	v°.ny	·venu	0	36	8	36.6	bienvenu revenus bienvenus revenu convenu prévenue	v°	suffix/1/ny/nu	suffix/1/ny/nu		36.6	0	0.0
suffix	2	*.tjER	·[ba|be|bo|fe|lle|ma|me|mi|nê|rou|rre|sso|sui]tière	0	21	14	36.5	cimetière cimetières cafetière jarretière pissotière jarretières	*	suffix/1/tjER/tière	suffix/1/tjER/tière		36.5	0	0.0
prefix	2	Re.ak	réac·	0	38	9	36.5	réaction réactions réacteur réacteurs réactionnaires réactionnaire	ak	prefix/1/Re/ré	prefix/1/Re/ré		36.5	3	0.1
suffix	2	o.la	·olat	0	17	8	36.4	chocolat chocolats tombola bénévolat ayatollah pianola					36.4	0	0.0
suffix	2	[C]o.lE	·[dau|geo|gno|o|to]let	0	14	7	36.3	pistolet pistolets cabriolet flageolet flageolets triolet	[C]o	suffix/1/lE/let	suffix/1/lE/let		36.3	0	0.0
suffix	2	*.fi	·[gra|mor|so|tro]phie	0	100	50	36.3	philosophie photographie biographie géographie pornographie échographie	*	suffix/1/fi/phie	suffix/1/fi/phie		36.3	0	0.0
suffix	1	Z@	gent	0	34	14	72.6	intelligent sergent intelligents indulgent détergent négligent					72.6	0	0.0
prefix	2	me.di	médi	0	36	8	36.2	médical médicale médicaux médicales méditer médité					36.2	0	0.0
suffix	2	*.t@s	·[is|ni|po|ppé|pé]tence	0	16	11	36.2	existence compétences pénitence compétence incompétence coexistence	*	suffix/1/t@s/tence	suffix/1/t@s/tence		36.2	0	0.0
suffix	2	a.tiv	·ative	0	22	11	36.2	tentative initiative alternative tentatives initiatives coopérative					36.2	0	0.0
suffix	1	ke	qué	0	189	45	72.3	compliqué risqué compliquée communiqué masqué sophistiqué					72.3	0	0.0
suffix	2	pa.REtR	·paraître	0	6	6	36.2	disparaître apparaître comparaître réapparaître transparaître reparaître	pa	suffix/1/REtR/raître	suffix/1/REtR/raître		36.2	0	0.0
prefix	2	my.i	mui·	0	29	11	36.2	musical municipal musicale municipale musicales municipaux					36.2	0	0.0
prefix	2	e.[C]@	é[bran|chan|den|lan|tan|ten|ven]·	0	134	14	36.2	échanger échangé étendu étendue ébranler étendait	[C]@	prefix/1/e/é	prefix/1/e/é		36.2	52	6.2
prefix	2	E.ksi	exci	1	36	6	36.1	excitant excité excitée excitante exciter excités					36.1	0	0.0
suffix	1	REt	rette	0	34	17	72.1	cigarette cigarettes soeurette majorette supérette amourette					72.1	0	0.0
suffix	1	lER	laire	0	146	70	72.1	populaire formulaire scolaire similaires spectaculaire populaires					72.1	0	0.0
suffix	2	e.te	·eté	0	80	10	36.7	propriété propriétés interpréter interprété compléter sobriété					36.7	0	0.0
suffix	2	[C]Ek.tiv	·[pec|rec|spec|tec|vec]tive	0	12	6	36.0	détective perspective détectives directives perspectives directive	[C]Ek	suffix/1/tiv/tive	suffix/1/tiv/tive		36.0	0	0.0
prefix	2	ad.*	ad[me|mi|mo|ve|vien]·	0	55	6	36.0	admirer admettons admirais adviendra admission admirez	*	prefix/1/ad/ad	prefix/1/ad/ad		36.0	9	0.5
suffix	1	pe	pé	0	157	37	71.8	canapé occupé occupée handicapés coupé occupés					71.8	0	0.0
suffix	2	mo.ni	monie	0	12	6	35.9	cérémonie harmonie pneumonie cérémonies harmonies pneumonies					35.9	0	0.0
prefix	1	mal	mal	0	95	27	71.8	malgré malchance malsain maltraité maltraitée maltraiter					71.8	0	0.0
suffix	2	[C]a.tiv	·[a|ga|la|ma|na|ra|ta|tia]tive	0	26	13	35.9	tentative initiative alternative tentatives initiatives coopérative	[C]a	suffix/1/tiv/tive	suffix/1/tiv/tive		35.9	0	0.0
suffix	2	mo.ni	·monie	0	10	5	35.9	cérémonie harmonie pneumonie cérémonies harmonies pneumonies	mo	suffix/1/ni/nie	suffix/1/ni/nie		35.9	0	0.0
suffix	2	lo.Zik	·llogique	0	110	60	35.9	psychologique biologique biologiques écologique idéologique psychologiques	lo	suffix/1/Zik/gique	suffix/1/Zik/gique		35.9	0	0.0
suffix	2	lo.Zik	logique	1	114	63	35.8	psychologique biologique biologiques écologique idéologique psychologiques					35.8	0	0.0
suffix	2	[C]a.de	·[ba|ca|cca|gra|illa|la|mma|na|ra|va|xtra]der	0	79	16	35.8	balader évader évadé escalader dégrader dégradé	[C]a	suffix/1/de/der	suffix/1/de/der		35.8	1	0.0
suffix	1	d5	din	0	42	19	71.2	jardin jardins boudin gourdin gredin gradins					71.2	0	0.0
suffix	1	tjER	tière	0	29	20	71.2	cimetière frontière frontières cimetières cafetière jarretière					71.2	0	0.0
suffix	2	*-{no}.gRaf	·[bio|dro|gio|lli|llo|lo|ly|lé|mo|o|pi|po|ra|rio|ro|ré|si|tho|to|tro]-{no}graphe	0	58	32	35.6	photographe autographe orthographe photographes paragraphe télégraphe	*-{no}	suffix/1/gRaf/graphe	suffix/1/gRaf/graphe		35.6	6	0.1
suffix	2	v@.sj§	·vention	0	11	6	35.5	intervention invention convention inventions conventions subvention	v@	suffix/1/sj§/tion	suffix/1/sj§/tion		35.5	0	0.0
prefix	2	kO+kOR+kOl+kOm+ko+k§.pOR	compor·	0	31	5	35.5	comportement comporter comporté comportez comportait comportements	pOR	prefix/1/kO+kOR+kOl+kOm+ko+k§/co+col+com+con+cor	prefix/1/kO+kOR+kOl+kOm+ko+k§/co+col+com+con+cor		35.5	12	0.4
prefix	3	ko.my.ni	communi	0	12	5	23.7	communication communications communiqué communiqués communiquant communicables					23.7	0	0.0
suffix	2	pOR.te	porter	0	85	5	39.6	transporter comporter transporté remporter remporté comporté					39.6	0	0.0
prefix	1	le	lé	0	74	14	70.9	léger légère légal lécher légale légers					70.9	0	0.0
prefix	2	siR.*	cir[con|cons|cu]·	0	61	8	35.3	circonstances circulez circuler circonstance circoncision circoncis	*	prefix/1/siR/cir	prefix/1/siR/cir		35.3	2	0.7
suffix	2	[C]°.tjER	·[be|fe|lle|me|rre]tière	0	10	5	35.3	cimetière cimetières cafetière jarretière jarretières cafetières	[C]°	suffix/1/tjER/tière	suffix/1/tjER/tière		35.3	0	0.0
suffix	2	*.Rist	·[a|bo|cou|ffai|go|klo|le|lo|mo|mé|na|nié|quo|rrié|rro|ssoi|ta|ti|to|tu|é]ristes	0	79	38	35.2	terroristes terroriste scénariste guitariste scénaristes antiterroriste	*	suffix/1/Rist/riste	suffix/1/Rist/riste		35.2	2	0.2
suffix	3	ti.s°.m@	tissement	0	24	17	23.5	avertissement investissement divertissement investissements avertissements anéantissement					23.5	0	0.0
suffix	2	dik.sj§	diction	0	12	6	35.2	malédiction bénédiction interdiction juridiction contradiction prédiction					35.2	0	0.0
prefix	2	pa.[C]a	pa[la|pa|ra|ta|va]·	0	36	13	35.1	paradis parader patata paraphé paraffine paradait	[C]a	prefix/1/pa/pa	prefix/1/pa/pa		35.1	2	0.0
suffix	2	[C]o.mEtR	·[co|coo|cro|dio|do|gro|llo|lo|mo|nio|no|o|pho|po|ro|sio|to|tro|vio|zo]mètres	0	52	26	35.1	kilomètres géomètre kilomètre thermomètre chronomètre baromètre	[C]o	suffix/1/mEtR/mètre	suffix/1/mEtR/mètre		35.1	0	0.0
suffix	2	se.sj§	·cession	0	16	11	35.0	possession obsession concession procession succession concessions	se	suffix/1/sj§/ssion	suffix/1/sj§/ssion		35.0	0	0.0
prefix	2	pOR.°	por°·	0	17	9	35.0	portefeuille porterai porcelaine porcherie porteras porterez					35.0	0	0.0
suffix	2	*.RjEl	·[a|mo|so|té]riel	0	35	8	35.0	matériel artérielle matériels matérielle matérielles ministériel	*	suffix/1/RjEl/riel	suffix/1/RjEl/riel		35.0	0	0.0
suffix	3	Ri.za.sj§	risation	0	40	35	23.3	autorisation autorisations pressurisation dépressurisation miniaturisation démilitarisation					23.3	0	0.0
prefix	2	Re.[C]i	ré[ci|cri|crie|di|i|joui|mi|pli|pri|si|tri|vi]·	0	139	19	34.9	réviser réciter révision rédigé rémission résigner	[C]i	prefix/1/Re/ré	prefix/1/Re/ré		34.9	42	1.1
suffix	2	[C]i.pe	·[ci|qui|ssi|ty|xci]per	0	41	9	34.9	participer participé équipé équipée dissiper anticiper	[C]i	suffix/1/pe/per	suffix/1/pe/per		34.9	5	1.6
prefix	2	@.[C]OR	en[cor|dor|gor|tor]·	0	97	10	34.7	endormir endormi endormis endormira endormez endormait	[C]OR	prefix/1/@/en	prefix/1/@/en		34.7	20	0.1
suffix	2	*-{te}.Rik	·[a|bé|chlo|fu|go|gou|gy|klo|llu|lo|lé|mé|ni|né|o|pho|phé|pi|tho|ti|to|vé]-{te}rique	0	82	40	34.7	historique historiques numérique théorique générique atmosphérique	*-{te}	suffix/1/Rik/rique	suffix/1/Rik/rique		34.7	3	0.1
suffix	2	ky.le	culer	0	169	14	36.4	calculé circulez circuler calculer basculer bousculer					36.4	0	0.0
prefix	2	pa.Ra	para·	0	22	6	34.7	paradis parader paraphé paraffine paradait parada	Ra	prefix/1/pa/pa	prefix/1/pa/pa		34.7	1	0.0
prefix	1	E	é	0	28	8	69.3	élever élevé élevée élevés élevage élevées					69.3	0	0.0
prefix	2	a.[C]u	a[bou|dou|jou|vou|voue]·	0	84	7	34.6	ajouter ajouté ajoutez adoucir ajouterai avouerai	[C]u	prefix/1/a/a	prefix/1/a/a		34.6	13	0.2
suffix	2	fEk.sj§	·fection	0	16	9	34.5	affection infection perfection infections désinfection imperfections	fEk	suffix/1/sj§/tion	suffix/1/sj§/tion		34.5	0	0.0
prefix	2	sy.i	sui·	0	79	17	34.5	suffisant supprimer suffisante supprimé susciter suffisantes					34.5	0	0.0
suffix	2	R°.m@	rrement	0	7	5	34.5	enterrement bizarrement enterrements empierrement resserrement susurrement					34.5	0	0.0
prefix	2	s@.i	seni·	0	30	12	34.5	sentiras sentimental centimètres sentirais sentirez centimètre					34.5	0	0.0
suffix	2	[C]i.z@	·[ti|y]sans	0	16	5	34.5	paysans paysan partisans artisan artisans courtisans	[C]i	suffix/1/z@/san	suffix/1/z@/san	suffix/2/*-{m°}.z@/·[ti|y]-{m°}sans	34.5	0	0.0
suffix	1	zi	sie	0	58	29	68.9	poésie jalousie fantaisie courtoisie hypocrisie anesthésie					68.9	0	0.0
suffix	3	i.Ra.sj§	·iration	0	8	5	23.0	respiration inspiration conspiration transpiration respirations inspirations					23.0	0	0.0
suffix	2	m°.m@	mement	0	26	24	34.4	extrêmement calmement deuxièmement fermement troisièmement désarmement					34.4	0	0.0
suffix	2	na.Ze	nager	0	142	6	35.9	déménager déménagé emménager emménagé aménager déménagez					35.9	0	0.0
prefix	2	me.a	mea·	0	95	31	34.4	messager mécanique ménager médiatique ménagère ménagers					34.4	0	0.0
suffix	1	mi	mis	0	11	8	68.7	permis promis compromis hormis soumis insoumis					68.7	0	0.0
suffix	2	ti.sj§	·tition	0	14	7	34.3	répétition compétition répétitions pétition partition répartition	ti	suffix/1/sj§/tion	suffix/1/sj§/tion		34.3	0	0.0
suffix	2	*.fORm	·[ci|di|gi|i|li|lli|ni|ro|sci|si|te|ti]forme	0	30	15	34.2	uniforme uniformes chloroforme plateforme cruciforme filiforme	*	suffix/1/fORm/forme	suffix/1/fORm/forme		34.2	0	0.0
suffix	2	[C]i.t8e	·[bi|sti|ti]tuer	0	44	9	34.2	habituer habitué habituée habitués reconstituer constituer	[C]i	suffix/1/t8e/tuer	suffix/1/t8e/tuer		34.2	0	0.0
suffix	1	gRam	gramme	0	46	30	68.4	programme télégramme programmes hologramme télégrammes milligrammes					68.4	0	0.0
suffix	1	o	o	0	35	22	68.4	vidéo météo vidéos proprio stéréo trio					68.4	0	0.0
prefix	1	y	u	0	32	17	68.3	unique usage uniques usure usages unie					68.3	0	0.0
suffix	2	*.ne	·[ci|me|mi|mé|ri|ti]née	0	18	8	34.1	matinée cheminée destinée cheminées destinées dulcinée	*	suffix/1/ne/née	suffix/1/ne/née		34.1	4	0.0
prefix	2	vi.i	vii·	0	74	16	34.1	visiter visité virilité visitez vigilance visitais					34.1	0	0.0
suffix	2	[C]OR.se	·[cor|ffor|for|mor|vor]cer	0	45	7	34.1	divorcer divorcé renforcer divorcée divorcés désamorcer	[C]OR	suffix/1/se/cer	suffix/1/se/cer		34.1	0	0.0
prefix	2	Ra.OR	raOR·	0	70	7	34.0	rapporter rapporté rapportez rapportera rapporterai rapportait					34.0	0	0.0
suffix	1	m@	mant	0	46	26	68.0	charmant diamants diamant calmants charmants calmant					68.0	0	0.0
suffix	2	dyk.t9R	·dducteur	0	35	14	34.0	producteur conducteur producteurs traducteur séducteur conducteurs	dyk	suffix/1/t9R/teur	suffix/1/t9R/teur		34.0	0	0.0
suffix	2	[C]o.Ze	·[bro|lo|mo|ro|rro|tau]ger	0	53	8	33.9	interroger interrogé interrogez interrogée déloger interrogés	[C]o	suffix/1/Ze/ger	suffix/1/Ze/ger		33.9	14	0.3
suffix	2	te.RjEl	·tériel	0	23	5	33.9	matériel artérielle matériels matérielle matérielles ministériel	te	suffix/1/RjEl/riel	suffix/1/RjEl/riel		33.9	0	0.0
suffix	2	[C]i.ne	·[ci|mi|ri|ti]née	0	14	6	33.8	matinée cheminée destinée cheminées destinées dulcinée	[C]i	suffix/1/ne/née	suffix/1/ne/née		33.8	0	0.0
suffix	2	*.nabl	·[do|so|ssio|ço]nnable	0	16	9	33.8	raisonnable raisonnables impardonnable déraisonnable impressionnable impardonnables	*	suffix/1/nabl/nnable	suffix/1/nabl/nnable		33.8	0	0.0
suffix	2	o.nabl	·onnable	0	14	8	33.8	raisonnable raisonnables impardonnable déraisonnable impressionnable impardonnables					33.8	0	0.0
suffix	2	[C]o.nabl	·[do|so|ssio|ço]nnable	0	14	8	33.8	raisonnable raisonnables impardonnable déraisonnable impressionnable impardonnables	[C]o	suffix/1/nabl/nnable	suffix/1/nabl/nnable		33.8	0	0.0
prefix	2	a.so	asso	0	14	5	33.7	associé associés assommé associe associée associées					33.7	0	0.0
suffix	2	°.nER	·°naire	0	17	7	33.7	partenaire partenaires mercenaires mercenaire centenaire cinquantenaire					33.7	0	0.0
suffix	1	Zik	gique	0	171	91	67.2	tragique allergique psychologique biologique stratégique biologiques					67.2	0	0.0
suffix	2	*-{vER}.Z@s	·[dul|gli|i|li|lli|mer|sur|tin]-{vER}gence	0	17	9	33.6	intelligence exigences diligence négligence indulgence exigence	*-{vER}	suffix/1/Z@s/gence	suffix/1/Z@s/gence		33.6	1	0.4
suffix	2	o.naZ	·onnage	0	39	26	33.6	personnage personnages étalonnage échantillonnage braconnage déboutonnage					33.6	0	0.0
suffix	2	*.z§	·[i|lai|mai|nai|ni|po|poi|rai|ri|ti]son	0	20	12	33.6	trahison guérison comparaison garnison trahisons guérisons	*	suffix/1/z§/son	suffix/1/z§/son		33.6	0	0.0
suffix	2	[C]Ek.tif	·[fec|ffec|jec|lec|llec|pec|rec]tif	0	31	13	33.6	objectif objectifs collectif effectifs affectif subjectif	[C]Ek	suffix/1/tif/tif	suffix/1/tif/tif		33.6	5	0.1
suffix	2	[C]°.nER	·[ce|te]naire	0	16	6	33.6	partenaire partenaires mercenaires mercenaire centenaire cinquantenaire	[C]°	suffix/1/nER/naire	suffix/1/nER/naire		33.6	0	0.0
prefix	2	R°.y	rey·	0	99	17	33.5	reculez recruter recruté refusant rechuter recrutés					33.5	0	0.0
suffix	2	*.ne	·[ba|bo|cho|do|dro|e|ffo|fo|llo|lo|pho|ra|ro|sio|so|ssio|tio|to|vro|ço]nné	0	209	51	33.5	abandonné abandonnée étonné conditionné passionné attentionné	*	suffix/1/ne/nné	suffix/1/ne/nné		33.5	13	0.1
suffix	1	R9R	reur	0	33	19	66.9	procureur empereur coureur éclaireur éclaireurs assureur					66.9	0	0.0
suffix	2	E.z§	·Eson	0	40	24	33.4	combinaison cargaison comparaison combinaisons pendaison cargaisons					33.4	0	0.0
suffix	2	[C]yl.te	·[ccul|cul|pul|sul|ul]ter	0	37	7	33.4	consulter insulter insulté consulté insultez insultée	[C]yl	suffix/1/te/ter	suffix/1/te/ter		33.4	0	0.0
prefix	2	si.*	ci[bou|ga|ma|me|men|sa|se|te|vi]·	0	32	11	33.4	cimetière cimetières ciboulette citerai ciboulot citera	*	prefix/1/si/ci	prefix/1/si/ci		33.4	2	0.0
suffix	2	[C]o.ne	·[bo|cho|do|dro|ffo|fo|llo|lo|pho|ro|sio|so|ssio|tio|to|vro|ço]nné	0	195	47	33.3	abandonné abandonnée étonné conditionné passionné attentionné	[C]o	suffix/1/ne/nné	suffix/1/ne/nné		33.3	9	0.1
suffix	1	sj2	cieux	0	27	24	66.7	délicieux précieux silencieux astucieux audacieux gracieux					66.7	0	0.0
suffix	1	e	é	0	118	28	66.6	employés employé oublié envoyé employée effrayé					66.6	0	0.0
suffix	2	[C]ik.sj§	·[dic|tric|vic]tion	0	14	8	33.2	bénédiction conviction convictions juridiction contradiction prédiction	[C]ik	suffix/1/sj§/tion	suffix/1/sj§/tion		33.2	0	0.0
suffix	2	N°.m@	·gnements	0	28	18	33.2	renseignements renseignement enseignement saignement dignement alignement	N°	suffix/1/m@/ment	suffix/1/m@/ment		33.2	0	0.0
suffix	1	t8El	tuel	0	61	14	66.2	inhabituel spirituel habituel habituelle spirituelle habituels					66.2	0	0.0
prefix	2	te.o	théo·	0	20	5	33.1	théorie théories théologique thésauriser thésaurise théologiques					33.1	0	0.0
suffix	1	SiR	chir	0	25	14	66.2	réfléchir franchir rafraîchir enrichir blanchir fléchir					66.2	0	0.0
prefix	2	a.na	ana	0	28	14	33.1	analyse analyses analysé ananas anathème anagramme					33.1	0	0.0
suffix	2	o.mi	·omie	0	41	21	33.0	économie économies compromis anatomie autonomie astronomie					33.0	0	0.0
suffix	2	[C]i.fORm	·[ci|di|gi|i|li|lli|ni|sci|si|ti]forme	0	26	13	33.0	uniforme uniformes cruciforme filiforme spongiforme multiforme	[C]i	suffix/1/fORm/forme	suffix/1/fORm/forme		33.0	0	0.0
prefix	1	no	no	0	64	20	66.0	nommé noté noblesse notez noter notaire					66.0	0	0.0
suffix	1	v@	vant	0	55	29	65.9	suivant survivants suivants survivant émouvant décevant					65.9	0	0.0
suffix	1	mi	mie	0	116	58	65.9	académie économie épidémie économies chimie anatomie					65.9	0	0.0
suffix	1	j2	lleux	0	12	11	65.9	merveilleux pointilleux périlleux sourcilleux coquilleux fibrilleux					65.9	0	0.0
suffix	2	ga.sj§	gation	0	46	30	32.9	obligation obligations navigation délégation investigation interrogation					32.9	0	0.0
prefix	1	Si	chi	0	105	28	65.6	chinois chinoise chimie chimère chignon chinoises					65.6	0	0.0
suffix	2	*.s9R	·[cen|den|en|fen|ffen|pen|pul|scen|ver|xten]seur	0	20	12	32.8	ascenseur défenseur ascenseurs propulseurs défenseurs préhenseur	*	suffix/1/s9R/seur	suffix/1/s9R/seur		32.8	1	0.0
suffix	2	[C]@.tal	·[dan|den|men|nen|ren|rien]tal	0	58	16	32.8	sentimental orientale sentimentale occidentale expérimental fondamentale	[C]@	suffix/1/tal/tal	suffix/1/tal/tal		32.8	0	0.0
suffix	3	i.li.ze	·iliser	0	263	27	25.9	culpabiliser culpabilise stabiliser stabilisé stabilise volatilisé					25.9	0	0.0
suffix	3	e.Ra.sj§	·eration	0	43	30	21.8	coopération considération récupération accélération incarcération délibération					21.8	0	0.0
suffix	2	dyk.t9R	ducteur	0	39	8	33.9	producteur conducteur producteurs traducteur conducteurs traducteurs					33.9	0	0.0
prefix	2	de.ER	déER·	0	167	23	32.5	déterminer déterminé déserter déserté déguerpir détermine					32.5	0	0.0
prefix	2	me.*-{l@,na}	mé[ca|co|con|cré|di|fie|fii|ju|pre|pren|pri|ri|ti]-{l@,na}·	0	120	19	32.5	mérité méprenez mépriser mécano mécontentement mécontent	*-{l@,na}	prefix/1/me/mé	prefix/1/me/mé		32.5	20	1.0
suffix	2	*.nE	·[bi|cor|di|li|que|qui|ssi|tchou|ti|tou]net	0	24	14	32.5	cabinet robinet cabinets lansquenet tantinet robinets	*	suffix/1/nE/net	suffix/1/nE/net		32.5	1	0.2
suffix	2	[C]o.nE	·[go|lo|po|to]nais	0	9	5	32.4	japonais polonais cantonais bolonais aragonais	[C]o	suffix/1/nE/nais	suffix/1/nE/nais		32.4	0	0.0
suffix	1	l§	lon	0	27	16	64.8	pantalon violon pantalons étalon violons boulons					64.8	0	0.0
suffix	1	sj5	cien	1	108	52	64.8	magicien musiciens mécanicien politiciens musicien pharmacien					64.8	0	0.0
prefix	2	Ra.[C]a	ra[ba|bâ|da|ga|ma|pa|ta|va]·	0	82	16	32.3	ramasser ramassé ramassez ramassée ramassage ramassais	[C]a	prefix/1/Ra/ra	prefix/1/Ra/ra		32.3	14	0.6
prefix	1	bi	bi	0	178	67	64.7	bisou bijou bidon bisous bidons bizut					64.7	0	0.0
suffix	1	nje	nnier	0	65	30	64.7	prisonniers prisonnier pionniers cordonnier pionnier tisonnier					64.7	0	0.0
suffix	2	*-{nER,nEp}.si	·[ba|by|cra|cé|dio|don|gu|ma|nu|phé|pé|ri|vi|é]-{nER,nEp}tie	0	31	20	32.3	démocratie prophétie idioties idiotie diplomatie prophéties	*-{nER,nEp}	suffix/1/si/tie	suffix/1/si/tie		32.3	0	0.0
suffix	2	i.pe	·iper	0	85	12	34.5	participer participé anticipée anticiper participez anticipé					34.5	0	0.0
suffix	2	i.sj5	·icien	0	110	38	33.8	mécanicien politiciens techniciens électricien politicien technicien					33.8	0	0.0
prefix	2	de.ko	déco·	0	129	19	32.3	décoller décollage décollé décoré décoder décommander	ko	prefix/1/de/dé	prefix/1/de/dé		32.3	11	1.5
prefix	1	pwa	poi	0	18	7	64.4	poitrine poison poignard poignardé poignarde poisons					64.4	0	0.0
suffix	2	y.zj§	·ysion	0	19	11	32.1	conclusion confusion conclusions contusions transfusion perfusion					32.1	0	0.0
suffix	2	*.al	·[ché|dri|dé|loy|né|ré]al	0	23	8	32.1	idéal idéale déloyal déloyale idéales boréale	*	suffix/1/al/al	suffix/1/al/al		32.1	0	0.0
suffix	3	ky.la.sj§	culation	0	19	13	21.4	circulation immatriculation éjaculation spéculation spéculations articulations					21.4	0	0.0
prefix	1	kaR	car	0	107	35	64.2	carnet carton carnaval carnage cartons cartouches					64.2	0	0.0
suffix	2	°.le	·°lé	0	395	39	33.5	barbelés harceler renouveler ensorcelé congelé harcelé					33.5	0	0.0
suffix	2	yl.te	·ylter	0	47	5	32.6	consulter difficultés difficulté consulté consultez ausculter					32.6	0	0.0
prefix	2	kO+kOR+kOl+kOm+ko+k§.s@	concen·	0	60	5	31.9	concentrer concentrez concentré concentrons concentrés consenti	s@	prefix/1/kO+kOR+kOl+kOm+ko+k§/co+col+com+con+cor	prefix/1/kO+kOR+kOl+kOm+ko+k§/co+col+com+con+cor		31.9	7	2.8
suffix	2	e.sj§	·ession	0	17	11	31.9	confession discrétion concession procession succession confessions					31.9	0	0.0
prefix	2	y.mi	humi	0	33	6	31.9	humilier humilité humidité humilié humiliant humilie					31.9	0	0.0
prefix	1	k@	cam	0	40	10	63.7	campagne campus camper campagnes cambrousse campé					63.7	0	0.0
suffix	2	[C]Es.te	·[fes|les|nes|pes|tes|ttes]ter	0	54	9	31.8	détester détesté protester manifester détestez manifesté	[C]Es	suffix/1/te/ter	suffix/1/te/ter		31.8	5	0.2
prefix	1	twa	toi	0	9	5	63.5	toilettes toilette toison toiletté toisons toisés					63.5	0	0.0
prefix	1	ti	ti	0	127	25	63.4	tirez tirage tirais titane tirelire tirade					63.4	0	0.0
prefix	2	e.li	éli	0	41	6	31.6	éliminer éliminé élimine éliminés éliminant éliminée					31.6	0	0.0
suffix	2	i.tyd	·itude	0	41	25	31.6	certitude gratitude incertitude sollicitude ingratitude multitude					31.6	0	0.0
suffix	2	tRij.e	trier	0	48	6	34.4	meurtrier meurtriers meurtrière rapatrier meurtrières rapatriés					34.4	0	0.0
suffix	2	[C]o.te	·[au|co|go|illo|nau|o|peau|po|ro|veau|vô]té	0	52	15	31.5	communauté nouveauté communautés nouveautés royauté empoté	[C]o	suffix/1/te/té	suffix/1/te/té		31.5	0	0.0
suffix	1	vRiR	vrir	0	13	7	62.9	découvrir couvrir rouvrir recouvrir découvrirent redécouvrir					62.9	0	0.0
suffix	3	li.za.t9R	lisateur	0	47	18	21.3	réalisateur réalisateurs utilisateur réalisatrice moralisateur utilisateurs					21.3	0	0.0
suffix	2	i.kyl	·icule	0	16	8	31.4	véhicule véhicules particules testicules clavicule particule					31.4	0	0.0
suffix	3	ljE.R°.m@	lièrement	0	6	6	20.9	particulièrement régulièrement familièrement singulièrement cavalièrement irrégulièrement					20.9	0	0.0
suffix	2	N°.m@	gnement	0	25	16	31.3	renseignements renseignement enseignement saignement alignement éloignement					31.3	0	0.0
prefix	2	sa.*-{bo,kRis}	sa[bor|bou|cré|la|le|li|lo|pris|ta|ti|to|va]-{bo,kRis}·	0	57	18	31.3	saleté saletés satané satanée salami sapristi	*-{bo,kRis}	prefix/1/sa/sa	prefix/1/sa/sa		31.3	15	0.3
prefix	2	@.u	enu·	0	205	27	31.2	encourager encourage entourage encouragé engloutir encourageant					31.2	0	0.0
suffix	2	*.lOg	·[bo|ca|cho|cio|co|cro|dio|do|go|lo|mo|na|no|o|pho|pi|po|ro|ta|tho|to|tro|xo]logue	0	105	62	31.2	psychologue catalogue monologue gynécologue neurologue archéologue	*	suffix/1/lOg/logue	suffix/1/lOg/logue		31.2	8	0.0
prefix	1	fo	fo	0	21	8	62.4	folie forêts folies foraine forage forets					62.4	0	0.0
suffix	2	o.ke	·oquer	0	56	7	32.9	provoquer provoqué convoqué convoquer provoquée provoquait					32.9	0	0.0
prefix	2	bu.°	bou°·	0	67	22	31.1	bouleversé bouleversée boucherie boomerang bougerai bouleverser					31.1	0	0.0
suffix	2	*-{ne}.mik	·[chi|ché|clys|cé|der|dé|ga|gas|la|li|lu|lé|na|no|ny|plas|ra|rith|ré|sa|sla|so|tal|ther|thy|to|té|xys]-{ne}mique	0	115	58	31.1	économique atomique économiques dynamique islamique atomiques	*-{ne}	suffix/1/mik/mique	suffix/1/mik/mique		31.1	11	0.3
suffix	2	dyk.sj§	duction	0	15	11	31.0	production traduction reproduction introduction productions traductions					31.0	0	0.0
suffix	2	i.t8e	·ituer	0	137	10	35.5	prostituée prostituées constitue reconstituer constituer constituent					35.5	0	0.0
prefix	2	R°.a	rea·	0	245	33	31.0	relâchez relâcher relâché retaper retapé relatif					31.0	0	0.0
suffix	1	al	al	0	31	11	62.0	idéal royal royale loyal idéale loyale					62.0	0	0.0
suffix	2	[C]i.le	·[bi|ffi|fi|gi|i|mi|pi|ti]ler	0	103	22	30.9	défiler refilé enfiler refiler faufiler enfilé	[C]i	suffix/1/le/ler	suffix/1/le/ler		30.9	7	1.1
suffix	2	[C]§.Ze	·[llon|lon|pon|son]ger	0	31	6	30.9	allonger allongé allongez allongée prolonger allongés	[C]§	suffix/1/Ze/ger	suffix/1/Ze/ger		30.9	0	0.0
suffix	2	[C]@.s9R	·[cen|den|en|fen|ffen|pen|scen|xten]seur	0	15	8	30.9	ascenseur défenseur ascenseurs défenseurs préhenseur offenseur	[C]@	suffix/1/s9R/seur	suffix/1/s9R/seur		30.9	1	0.0
prefix	2	l@.°	len°·	0	14	6	30.8	lendemain lendemains lancerai lancerais lancerez lanceras					30.8	0	0.0
prefix	2	o.Ri	ori	0	9	6	30.8	origine origines orifice orifices oripeaux origan					30.8	0	0.0
suffix	2	ti.sj§	tition	0	12	6	30.8	répétition compétition répétitions partition répartition dentition					30.8	0	0.0
suffix	2	[C]e.al	·[ché|dé|né|ré]al	0	19	6	30.7	idéal idéale idéales boréale pinéale péritonéal	[C]e	suffix/1/al/al	suffix/1/al/al		30.7	0	0.0
suffix	2	[C]i.nE	·[bi|di|li|qui|ssi|ti]net	0	18	10	30.7	cabinet robinet cabinets tantinet robinets blondinet	[C]i	suffix/1/nE/net	suffix/1/nE/net		30.7	0	0.0
suffix	2	*.t5	·[ber|bleau|bo|co|des|dias|dic|fan|gan|gen|go|gus|illo|la|len|les|lle|man|men|pen|po|que|ra|re|ren|ré|san|tes|van|ver|zan]tin	0	78	35	30.6	bulletin baratin clandestin intestins intestin clandestins	*	suffix/1/t5/tin	suffix/1/t5/tin		30.6	7	0.1
suffix	2	*.Rje	·[du|ju|la|lo|ma|mu|ppa|rru|so|su|to|tra|tu]rié	0	72	21	30.6	contrarié contrarier remarier serrurier contrariée trésorier	*	suffix/1/Rje/rier	suffix/1/Rje/rier		30.6	2	0.0
suffix	3	o.lo.Zik	·ologique	0	78	44	20.4	psychologique idéologique psychologiques technologique neurologique toxicologique					20.4	0	0.0
prefix	2	de.bRu	débrou·	0	35	5	30.6	débrouiller débrouillerai débrouillez débrouillé débrouillera débrouillée	bRu	prefix/1/de/dé	prefix/1/de/dé		30.6	0	0.0
suffix	2	[C]i.Z@s	·[di|gli|i|li|lli]gence	0	10	6	30.5	intelligence exigences diligence négligence exigence indigence	[C]i	suffix/1/Z@s/gence	suffix/1/Z@s/gence		30.5	0	0.0
suffix	1	dj5	dien	0	52	19	61.0	gardien gardiens quotidien comédien comédiens canadien					61.0	0	0.0
suffix	2	py.te	·pputer	0	35	7	30.3	disputer disputés disputé disputez disputée réputé	py	suffix/1/te/ter	suffix/1/te/ter		30.3	0	0.0
prefix	2	5.yl	inyl·	0	45	7	30.3	insulter insulté inculper insultez inculpé indulgent					30.3	0	0.0
prefix	2	R°.OR	reOR·	0	97	12	30.3	reportage ressortir reporter reporters ressorti ressortie					30.3	0	0.0
suffix	1	de	dé	0	305	72	60.4	procédé obsédé décidé décédé blindé gardé					60.4	0	0.0
suffix	2	t°.nER	tenaire	0	12	5	30.2	partenaire partenaires centenaire cinquantenaire centenaires trentenaire					30.2	0	0.0
prefix	2	k§.OR	conOR·	0	64	8	30.2	confortable comporter comporté confortables comportez comportait					30.2	0	0.0
suffix	2	t°.nER	·tenaire	0	12	5	30.2	partenaire partenaires centenaire cinquantenaire centenaires trentenaire	t°	suffix/1/nER/naire	suffix/1/nER/naire		30.2	0	0.0
suffix	2	*.N§	·[fi|lli|mi|pa|pi|qui|ta]gnon	0	12	7	30.1	compagnon compagnons champignons champignon collignon maquignon	*	suffix/1/N§/gnon	suffix/1/N§/gnon		30.1	0	0.0
suffix	2	[C]@.taZ	·[cen|llan|men|pen|ren|van]tage	0	11	7	30.1	avantage avantages pourcentage pourcentages désavantage arpentage	[C]@	suffix/1/taZ/tage	suffix/1/taZ/tage		30.1	0	0.0
prefix	2	u.i	oui·	0	12	5	30.1	oublierai oublieras ouvrirai oublierais oublierez ouvriras					30.1	0	0.0
prefix	2	paR.ti	parti	0	12	5	30.0	partirai partiras partisans partirez partirais particules					30.0	0	0.0
prefix	2	Re.i	réi·	0	209	34	29.9	réciter rédigé rédiger récital rédigée résidents					29.9	0	0.0
suffix	2	OR.me	·ORmer	0	68	9	32.4	transformer transformé transformée transformés transformez transformant					32.4	0	0.0
suffix	2	a.si	·atie	0	16	12	29.8	démocratie pharmacie diplomatie aristocratie bureaucratie acrobaties					29.8	0	0.0
prefix	2	e.Ek	éEk·	0	38	9	29.5	électrique électriques effectifs éjecté éjecter électrons					29.5	0	0.0
suffix	1	sjEl	tiel	1	95	21	59.0	essentiel potentiel confidentiel essentielle potentiels présidentiel					59.0	0	0.0
prefix	2	ny.e	nue·	0	39	9	29.5	nucléaire numéros nucléaires numération numéroté numérotées					29.5	0	0.0
suffix	2	y.lER	·ylaire	0	99	51	29.5	formulaire spectaculaire vocabulaire formulaires moléculaire musculaire					29.5	0	0.0
suffix	2	a.tER	·ataire	0	36	13	29.4	célibataire colocataire célibataires colocataires destinataire retardataires					29.4	0	0.0
prefix	2	ba.a	baa·	0	78	21	29.4	balader baratin bagatelle baraqué baladais banalité					29.4	0	0.0
prefix	2	dis.a	disa·	0	27	9	29.3	disparais disparue disparus disparut disparates disgracié					29.3	0	0.0
prefix	1	to	to	0	79	19	58.6	totale tomates total tomate tonic totem					58.6	0	0.0
prefix	1	ba	bâ	0	87	12	58.6	bâton bâtard bâtir bâti bâtons bâtards					58.6	0	0.0
suffix	2	fOR.me	former	0	56	6	31.7	transformer transformé transformée transformés transformez transformant					31.7	0	0.0
prefix	2	ka.°	ca°·	0	108	47	29.2	carrefour camelote casserole cadenas casseroles casserai					29.2	0	0.0
suffix	1	ny	nu	0	94	21	58.3	bienvenu contenu revenus bienvenus revenu détenu					58.3	0	0.0
suffix	1	vo	vo	0	9	5	58.3	bravo bravos centavos provo provos centavo					58.3	0	0.0
suffix	1	REl	rel	0	37	10	58.3	naturel naturelle naturelles naturels temporelle culturel					58.3	0	0.0
prefix	2	ko.e	coe·	0	40	16	29.1	comédie commérages comédies cohérent chorégraphie cohérente					29.1	0	0.0
suffix	2	@.tER	·@taire	0	45	22	29.0	supplémentaires alimentaire supplémentaire documentaire élémentaire alimentaires					29.0	0	0.0
prefix	2	@.o	eno·	0	185	50	29.0	embauché embaucher envolés embobiner empocher embolie					29.0	0	0.0
suffix	1	d@s	dence	0	27	15	57.9	coïncidence évidence résidence prudence présidence confidence					57.9	0	0.0
suffix	1	tj5	tien	0	16	7	57.9	soutien entretien chrétiens chrétien entretiens maintien					57.9	0	0.0
suffix	2	i.ka	·icat	0	23	11	28.9	certificat syndicat syndicats harmonica certificats indélicat					28.9	0	0.0
suffix	2	m@.tER	mentaire	0	39	18	28.9	supplémentaires alimentaire supplémentaire documentaire élémentaire alimentaires					28.9	0	0.0
prefix	2	ma.°	ma°·	0	30	12	28.9	matelas mannequin matelot mannequins matelots materai					28.9	0	0.0
prefix	2	k§.pa	compa	0	45	7	28.8	compagnon compagnons comparaison compatis comparable comparez					28.8	0	0.0
suffix	2	mi.te	mité	0	38	17	28.8	intimité proximité unanimité extrémité calamité illimité					28.8	0	0.0
suffix	2	zo.ne	sonner	0	75	8	29.6	empoisonné raisonner empoisonner empoisonnée emprisonné emprisonner					29.6	0	0.0
prefix	1	Z°	ge	0	12	6	57.5	genoux genou gelés gelait genêt gelez					57.5	0	0.0
prefix	2	o.@	au@·	0	75	12	28.7	authentique hollandais orientale authentiques orienter offensés					28.7	0	0.0
suffix	2	va.sj§	vation	0	36	25	28.6	observation réservation motivation activation motivations réservations					28.6	0	0.0
prefix	2	pOR.t°	porte	0	10	5	28.6	portefeuille porterai porteras porterez portefeuilles porterais					28.6	0	0.0
suffix	2	@.tal	·@tal	0	63	15	30.0	sentimental sentimentale occidentale expérimental fondamentale occidental					30.0	0	0.0
prefix	2	tRa.i	trahi·	0	24	6	28.5	trahison trafiquants trafiquant trahisons trafiqué trahirai					28.5	0	0.0
suffix	1	dabl	dable	0	30	17	56.9	formidable formidables insondables insondable abordable recommandable					56.9	0	0.0
suffix	1	fE	fait	0	23	9	56.5	parfait satisfait parfaits bienfaits forfait stupéfait					56.5	0	0.0
prefix	2	Es.o	eso·	0	36	8	28.3	estomac escroqué estropié estomacs estropier estropiés					28.3	0	0.0
suffix	1	mEtR	mètre	0	100	50	56.2	kilomètres périmètre géomètre centimètres kilomètre centimètre					56.2	0	0.0
suffix	1	ty	tu	0	27	9	56.1	foutu vertu foutue vertus foutus foutues					56.1	0	0.0
prefix	1	ni	ni	0	53	11	56.1	niveau niveaux niqué nibards nicher nitrique					56.1	0	0.0
suffix	2	i.t9R	·iteur	0	48	17	28.2	serviteur serviteurs compositeur expéditeur inquisiteur inhibiteur					28.2	0	0.0
prefix	2	k§.5	con5·	0	32	8	28.0	convaincu convaincue convaincus convaincra contingent consensus					28.0	0	0.0
suffix	2	di.te	dité	0	85	40	28.0	humidité stupidité rapidité lucidité cupidité timidité					28.0	0	0.0
suffix	2	v@.sj§	vention	0	11	6	27.9	intervention convention contravention conventions subvention subventions					27.9	0	0.0
prefix	1	Ru	rou	0	155	30	55.6	routine roulez roulettes rougir roulette roulait					55.6	0	0.0
prefix	2	k§.tR°	contre	0	151	43	27.7	contrebande contremaître contredire contretemps contredit contrepartie					27.7	0	0.0
suffix	1	2	eux	0	9	9	55.3	joyeux ennuyeux monstrueux soyeux oublieux nauséeux					55.3	0	0.0
suffix	2	OR.tabl	·ORtable	0	10	5	27.6	confortable insupportable inconfortable confortables transportable insupportables					27.6	0	0.0
suffix	2	i.d@s	·idence	0	8	5	27.6	coïncidence présidence confidence coïncidences providence confidences					27.6	0	0.0
prefix	2	e.e	ée·	0	107	29	27.6	élégant élégante hérétique hétéros hérésie éphémère					27.6	0	0.0
prefix	2	e.aR	éaR·	0	169	10	27.6	écartez écarter écarté élargir écartés écartée					27.6	0	0.0
suffix	1	lj5	lien	0	58	21	54.8	italien italiens israéliens israélien brésilien chilien					54.8	0	0.0
suffix	1	ge	gué	0	46	9	54.7	fatigué fatiguée distingué drogué fatigués drogués					54.7	0	0.0
prefix	2	s@.ti	senti	0	16	5	27.2	sentiras sentimental sentirais sentirez sentimentale sentirai					27.2	0	0.0
suffix	2	p°.Ri	perie	0	9	5	27.2	saloperie saloperies tromperie tromperies friperie draperies					27.2	0	0.0
suffix	1	Rist	riste	0	90	43	54.4	terroristes touristes terroriste touriste fleuriste scénariste					54.4	0	0.0
prefix	1	mOR	mor	0	92	22	54.3	mortel mortelle morsure mortels morbide mordue					54.3	0	0.0
suffix	1	mEtR	mettre	0	7	7	54.1	permettre promettre transmettre soumettre compromettre retransmettre					54.1	0	0.0
prefix	1	Zy	ju	0	104	19	54.0	juger jugé jurez jugez jugée jugés					54.0	0	0.0
prefix	2	ga.°	ga°·	0	24	12	26.9	galerie gagneras gagnerai gagnerez galeries gagnerais					26.9	0	0.0
prefix	2	py.i	pui·	0	55	15	26.9	publicité purifier purifie publication publicités purifié					26.9	0	0.0
suffix	1	f9R	ffeur	0	17	10	53.7	chauffeur coiffeur chauffeurs coiffeurs bouffeur bouffeurs					53.7	0	0.0
suffix	1	§	on	1	38	21	53.5	rayon crayon rayons accordéon crayons prions					53.5	0	0.0
suffix	2	gRa.fi	graphie	0	122	61	26.7	photographie biographie géographie pornographie échographie autobiographie					26.7	0	0.0
suffix	1	R@s	rance	0	26	17	53.1	assurance ignorance assurances espérance tolérance attirance					53.1	0	0.0
prefix	2	5.Es	inEs·	0	54	5	26.4	investir investi intestins investisseurs intestin investit					26.4	0	0.0
suffix	2	i.tif	·itif	0	68	18	31.4	dispositif définitif définitive primitif apéritif primitive					31.4	0	0.0
suffix	1	s@	cent	0	12	5	52.7	innocent innocents indécent réticent pourcent réticents					52.7	0	0.0
prefix	2	k§.e	cone·	0	81	13	26.3	conquérir compétent confrérie compléter compétents compétente					26.3	0	0.0
prefix	2	sy.pER	super	1	85	26	26.3	supermarché superstar superviseur supercherie supermarchés superman					26.3	0	0.0
suffix	1	vaZ	vage	0	22	14	52.6	sauvage sauvages esclavage élevage breuvage veuvage					52.6	0	0.0
prefix	2	k§.@	con@·	0	79	13	26.3	contenter comprendront contentez consciencieux concentrés consenti					26.3	0	0.0
suffix	2	ty.sj§	tution	0	12	7	26.2	constitution prostitution institution institutions reconstitution substitution					26.2	0	0.0
suffix	2	a.Z2	·ageux	0	14	5	30.6	courageux courageuse avantageux courageuses marécageux avantageuse					30.6	0	0.0
suffix	1	nER	nnaire	0	88	36	52.2	fonctionnaire révolutionnaire fonctionnaires millionnaire dictionnaire révolutionnaires					52.2	0	0.0
prefix	2	fe.e	fée·	0	22	5	26.1	fédéral fédérale fédéraux fédération fainéants fainéant					26.1	0	0.0
prefix	2	5.o	imo·	0	81	25	26.0	introduit improviser insolite improvise invoqué imposant					26.0	0	0.0
prefix	2	5.si	inci	0	33	5	26.0	incident incidents inciter incité incitait incitez					26.0	0	0.0
suffix	2	sjo.nER	tionnaire	0	27	12	25.9	fonctionnaire révolutionnaire fonctionnaires dictionnaire révolutionnaires réactionnaires					25.9	0	0.0
prefix	2	ki.o	kio·	0	11	7	25.9	kilomètres kilomètre kilométrage kimonos kilogramme kilotonnes					25.9	0	0.0
prefix	2	sy.OR	suOR·	0	51	7	25.9	supporté supporterais supportait supportais supporterai supporters					25.9	0	0.0
suffix	2	aR.de	·aRder	0	151	22	26.8	poignardé poignarder bombarder poignardée bombardé sauvegarder					26.8	0	0.0
suffix	2	ti.tyd	titude	0	24	14	25.8	certitude gratitude incertitude ingratitude multitude exactitude					25.8	0	0.0
prefix	1	R@	ran	0	99	13	51.6	ranger rançon rangez rangé rancard rangers					51.6	0	0.0
prefix	1	siR	cir	0	68	10	51.5	circonstances circuit circulez circuler circule circuits					51.5	0	0.0
prefix	2	@.ti	anti	0	272	137	25.7	antidote antibiotiques anticorps antibiotique antichambre antilope					25.7	0	0.0
suffix	1	lik	lique	0	97	42	51.2	catholique diabolique mélancolique alcoolique catholiques symbolique					51.2	0	0.0
prefix	2	mo.i	moi·	0	116	18	25.6	modifier modifié motivé mobilier motiver mobiliser					25.6	0	0.0
prefix	1	i	hi	0	31	11	50.8	hiver hibou hideux hirondelle hivers hideuse					50.8	0	0.0
suffix	2	i.tER	·itaire	0	63	29	25.4	universitaire prioritaire héréditaire publicitaire immunitaire humanitaire					25.4	0	0.0
prefix	1	al	al	0	56	26	50.7	alcool alchimiste alcools alchimie altéré alpins					50.7	0	0.0
prefix	1	@p	emp	1	33	2	50.4	emploi emplois employé employer emploie employait					50.4	0	0.0
suffix	2	o.nik	·onique	0	76	40	25.2	téléphonique électronique téléphoniques électroniques symphonique carbonique					25.2	0	0.0
prefix	1	do	do	0	73	19	50.4	domaine dominer domine domaines doté docile					50.4	0	0.0
prefix	2	R°.uR	reuR·	0	23	5	25.1	retournez retournant refourguer refourgué refourgués refourguera					25.1	0	0.0
prefix	1	dRa	dra	0	45	8	50.1	drapeau dragon draguer drapeaux dragons dragué					50.1	0	0.0
suffix	2	za.t9R	sateur	0	75	29	25.6	réalisateur réalisateurs organisateur utilisateur organisateurs réalisatrice					25.6	0	0.0
suffix	1	j§	llon	0	89	48	49.8	échantillon papillon échantillons pavillon réveillon papillons					49.8	0	0.0
prefix	2	de.§	dé§·	0	207	37	24.8	démonter décomposition déconseille détrompez démonté dénoncés					24.8	0	0.0
suffix	1	mik	mique	0	154	77	49.5	économique chimique atomique chimiques économiques cosmique					49.5	0	0.0
suffix	1	ve	vée	0	14	7	49.4	arrivée corvée corvées arrivées couvée travée					49.4	0	0.0
suffix	1	sk°	sque	1	2	1	49.4	lorsque					49.4	0	0.0
suffix	1	lOg	logue	1	117	69	49.4	dialogue psychologue catalogue dialogues monologue gynécologue					49.4	0	0.0
suffix	1	n9R	neur	1	80	43	48.9	gouverneur entraîneur entrepreneur conteneur preneur entrepreneurs					48.9	0	0.0
prefix	1	p@	pan	0	32	17	48.9	pantalon pantalons pancarte pantin pancakes pantins					48.9	0	0.0
prefix	2	pRo.a	proa·	0	64	10	24.4	probable programmé propager proclamé profanation propagé					24.4	0	0.0
suffix	1	sid	cide	0	52	23	48.6	suicide homicide suicides homicides génocide insecticide					48.6	0	0.0
suffix	1	l@s	lence	0	30	19	48.5	violence insolence violences turbulences turbulence corpulence					48.5	0	0.0
suffix	1	nist	niste	0	117	51	48.0	communiste communistes pianiste violoniste machiniste alpinistes					48.0	0	0.0
prefix	2	pRo.o	proo·	0	51	14	24.0	provoqué protocole provocation prototype protocoles provoquant					24.0	0	0.0
suffix	2	@.dy	·@du	0	29	8	23.9	malentendu inattendu inattendue prétendu suspendu malentendus					23.9	0	0.0
suffix	1	nE	net	0	35	20	47.9	cabinet carnet robinet cabinets carnets cornet					47.9	0	0.0
prefix	2	pRo.§	pro§·	0	32	5	23.9	profondément prolonger prononcés prolongée prolongé prolongeant					23.9	0	0.0
prefix	1	pl@	plan	0	49	9	47.7	planté planter plancher planqué plantée plantés					47.7	0	0.0
prefix	2	so.i	soi·	0	46	13	23.8	solitaire solitaires sollicité sollicite solidement solliciter					23.8	0	0.0
suffix	2	o.pe	·opper	0	60	10	24.6	développer développé enveloppé développée envelopper développés					24.6	0	0.0
suffix	1	sj@s	science	0	7	5	46.9	conscience inconscience consciences omniscience neuroscience prescience					46.9	0	0.0
prefix	2	i.i	ii·	0	110	21	23.4	imiter irritable illimité irrité immigrés irritée					23.4	0	0.0
suffix	1	Rje	rrier	0	18	7	46.8	courrier guerrier guerriers charrier courriers charriez					46.8	0	0.0
prefix	1	ge	gué	0	40	6	46.7	guérir guéri guérie guérit guérira guéris					46.7	0	0.0
suffix	2	v°.ny	venu	0	24	5	23.2	bienvenu bienvenus convenu prévenue prévenu parvenu					23.2	0	0.0
prefix	1	k§s	cons	1	70	12	46.5	construit construite constater constante constaté constate					46.5	0	0.0
suffix	2	°.ve	·°ver	0	60	8	24.4	soulever soulevé soulevez prélevé prélever inachevée					24.4	0	0.0
prefix	2	5s.i	insi·	0	34	6	23.1	instituteur inspiration institutrice inspirez instigateur instituteurs					23.1	0	0.0
suffix	2	i.nje	·inier	0	26	10	27.0	cuisinière jardinier cuisinier carabiniers cuisiniers carabinier					27.0	0	0.0
suffix	1	@	ant	0	92	40	46.0	effrayant bruyant croyant voyant fainéants croyants					46.0	0	0.0
suffix	1	go	go	0	44	21	45.9	frigo tango amigo cargo amigos pongo					45.9	0	0.0
suffix	2	e.Rabl	·erable	0	22	12	22.9	vulnérable préférable intolérable considérable vulnérables invulnérable					22.9	0	0.0
suffix	2	@.de	·@der	0	190	22	24.6	recommandé recommander appréhender marchander appréhendé décommander					24.6	0	0.0
suffix	2	e.mi	·emie	0	24	12	22.9	académie épidémie leucémie épidémies alcoolémie glycémie					22.9	0	0.0
suffix	1	t8e	tuer	0	81	16	45.6	habituer habitué habituée effectué effectuer habitués					45.6	0	0.0
suffix	1	s9R	seur	0	36	22	45.5	ascenseur danseur danseurs défenseur ascenseurs propulseurs					45.5	0	0.0
prefix	1	m°	me	0	15	8	45.5	mesure mesures menez mesuré menant menue					45.5	0	0.0
suffix	2	e.de	·eder	0	115	9	25.2	procéder procédé succéder précédé procédons procédés					25.2	0	0.0
prefix	2	pa.i	pai·	0	63	25	22.7	paniqué patrimoine parierais papyrus parisiens patinage					22.7	0	0.0
suffix	1	NOl	gnol	0	20	6	45.3	espagnol espagnole espagnols guignol rossignol espagnoles					45.3	0	0.0
prefix	1	tRi	tri	0	170	46	45.1	tricher triché tribord tribus tripoter trimestre					45.1	0	0.0
prefix	2	de.aR	déaR·	0	118	24	22.5	débarqué décharger désarmé déchargé désarmer déchargez					22.5	0	0.0
suffix	1	fis	fice	0	12	6	45.0	sacrifice sacrifices artifice bénéfices bénéfice édifice					45.0	0	0.0
suffix	1	tEl	tel	0	36	11	45.0	mortel mortelle mortels immortel immortelle cartel					45.0	0	0.0
prefix	2	dis.i	disi·	0	48	5	22.5	distributeur distribuer distribué distribue distributeurs distribuez					22.5	0	0.0
prefix	1	v@	ven	1	78	10	44.9	venger vendue vengé vendais vengerai vengée					44.9	0	0.0
suffix	1	b§	bon	0	10	5	44.9	bonbons jambon charbon bonbon bourbon charbons					44.9	0	0.0
prefix	2	s5.i	syni·	0	36	9	22.4	syndicat syndicats simplicité simplifier syndical simplifie					22.4	0	0.0
suffix	1	sibl	sible	0	28	13	44.8	sensible sensibles incompréhensible compréhensible insensible irréversible					44.8	0	0.0
suffix	2	da.sj§	dation	0	36	24	22.3	fondation fondations recommandation recommandations inondation inondations					22.3	0	0.0
prefix	1	b@	ban	0	45	12	44.6	bandits bandit banlieue bander banquet banquette					44.6	0	0.0
prefix	1	tuR	tour	0	56	12	44.4	tournez tournage tournant tourbillon tournois tournages					44.4	0	0.0
prefix	1	lo	lo	0	89	16	44.4	locale local loger location locales locaux					44.4	0	0.0
suffix	2	sja.sj§	ciation	1	25	15	22.2	association négociations négociation associations appréciation dénonciation					22.2	0	0.0
suffix	1	Rik	rique	0	103	52	44.3	historique hystérique historiques numérique théorique générique					44.3	0	0.0
suffix	2	m@.tal	mental	0	45	11	23.3	sentimental sentimentale expérimental fondamentale fondamental sentimentales					23.3	0	0.0
suffix	1	t@s	tence	0	18	12	43.9	existence sentence compétences pénitence compétence incompétence					43.9	0	0.0
suffix	2	no.mi	nomie	0	20	10	21.9	économie économies autonomie astronomie gastronomie physionomie					21.9	0	0.0
suffix	2	i.j§	·illon	0	58	33	21.9	échantillon échantillons tourbillon tourbillons roupillon portillon					21.9	0	0.0
prefix	2	R°.o	reo·	0	110	19	21.8	reprocher reproduit reproché reprochez reposant recopier					21.8	0	0.0
prefix	1	s@	cen	0	16	9	43.4	centaines censés centaine censure censuré centaure					43.4	0	0.0
suffix	2	o.nal	·onal	0	65	17	22.9	international internationale internationaux internationales confessionnal méridionaux					22.9	0	0.0
suffix	1	o	au	0	14	7	43.3	tuyau tuyaux fléau noyau joyau boyaux					43.3	0	0.0
suffix	2	ky.sj§	cution	0	10	7	21.5	exécution exécutions persécution élocution persécutions électrocution					21.5	0	0.0
suffix	2	ak.sj§	·aktion	0	22	15	21.4	satisfaction transaction distraction contractions transactions distractions					21.4	0	0.0
suffix	2	o.Rik	·orique	0	30	14	21.3	historique historiques théorique catégorique folkloriques rhétorique					21.3	0	0.0
suffix	1	maZ	mage	0	17	14	42.6	fromage chômage allumage fromages arrimage plumage					42.6	0	0.0
prefix	1	pis	pis	0	45	10	42.5	pistolet pistolets piston pistoles pister pistons					42.5	0	0.0
suffix	1	El	el	1	40	10	42.4	cruel cruelle industriel cruels irréel industrielle					42.4	0	0.0
prefix	2	m@.°	man°·	0	18	8	21.1	mangerai manquerai manqueras mangerais mangeras manquerez					21.1	0	0.0
prefix	1	kRi	cri	0	42	8	42.2	critique critiques critiquer critères crinière critère					42.2	0	0.0
suffix	2	i.s@	·issant	0	200	58	26.7	resplendissante obéissante compatissant éblouissante obéissant divertissant					26.7	0	0.0
prefix	2	so.°	sau°·	0	34	9	21.0	sauvetage sauverai sauvegarder sauverais sauveras sauterai					21.0	0	0.0
prefix	2	lo.a	loa·	0	34	7	20.9	localiser locataires localisé locataire localise localisez					20.9	0	0.0
suffix	2	y.t9R	·yteur	0	34	12	22.8	instituteur distributeur institutrice distributeurs interlocuteur exécuteur					22.8	0	0.0
prefix	2	lo.ka	loca	0	31	5	20.9	localiser locataires localisé locataire localise localisez					20.9	0	0.0
prefix	2	a.mi	ami	0	25	6	20.8	amiral amical amicale amicaux amicales amidon					20.8	0	0.0
suffix	1	kE	quet	0	41	23	41.6	briquet bouquet perroquet parquet banquet perroquets					41.6	0	0.0
suffix	2	Ra.twaR	ratoire	0	18	10	20.8	laboratoire respiratoire laboratoires opératoire respiratoires préparatoire					20.8	0	0.0
prefix	1	te	thé	0	13	5	41.6	théâtre théâtres thésard thésards théine thébaïne					41.6	0	0.0
suffix	1	nwa	nois	0	19	12	41.5	chinois sournois pékinois berlinois dauphinois turinois					41.5	0	0.0
suffix	2	ta.t9R	tateur	0	70	22	22.1	spectateurs spectateur dictateur présentateur présentatrice agitateur					22.1	0	0.0
prefix	2	5.di	indi	0	37	13	20.6	indiqué indigènes indications indiquant indigestion indication					20.6	0	0.0
prefix	2	e.kaR	écar	0	68	5	20.5	écartez écarter écarté écartés écartée écarta					20.5	0	0.0
suffix	1	sjEl	ciel	1	42	9	41.0	officiel officielle artificielle artificiel logiciel superficiel					41.0	0	0.0
prefix	2	de.mo	démo	0	49	7	20.5	démolir démoli démolis démolie démolit démodé					20.5	0	0.0
suffix	2	ti.ze	tiser	0	196	28	21.4	baptisé baptiser traumatisé hypnotiser courtiser baptisée					21.4	0	0.0
suffix	2	@.sjEl	·@tiel	0	71	17	20.5	confidentiel présidentiel présidentielle confidentielle confidentiels confidentielles					20.5	0	0.0
suffix	1	ly	lu	0	79	19	40.9	absolu absolue voulu résolue poilu résolu					40.9	0	0.0
suffix	1	tRik	trique	0	62	32	40.9	électrique psychiatrique électriques excentrique psychiatriques égocentrique					40.9	0	0.0
suffix	2	i.z@	·isan	0	138	46	22.4	partisans insuffisant tranquillisants courtisans partisan tranquillisant					22.4	0	0.0
prefix	2	Re.ky	récu	0	8	5	20.2	récupéré récupère récurage récusant récusés récurais					20.2	0	0.0
suffix	1	naZ	nage	0	70	52	40.3	tournage carnage voisinage pèlerinage jardinage patinage					40.3	0	0.0
prefix	2	ma.i	mai·	0	97	37	20.1	matricule marierai maximale machination marieras mammifères					20.1	0	0.0
prefix	2	k@.i	cani·	0	25	8	20.1	candidat candidats candidate quantités candidates quantifier					20.1	0	0.0
prefix	2	Egz.i	exi·	0	57	6	20.1	exigé exiger exigeant exigeante exigeait exigeons					20.1	0	0.0
prefix	2	de.y	déy·	0	140	22	20.0	débuté députés débutant débuter débutants débutante					20.0	0	0.0
suffix	2	ti.ne	tiner	0	121	12	20.9	destiné destinée destinés piétiner piétiné destinées					20.9	0	0.0
suffix	1	kaR	card	0	31	15	39.8	placard rencard rancard placards brancard rencards					39.8	0	0.0
suffix	1	gle	gler	0	58	10	39.7	cinglé étrangler cinglée étranglé cinglés aveugler					39.7	0	0.0
suffix	2	a.lje	·alier	0	42	11	20.4	chevalier chevaliers hospitalier journalier animalier frontalière					20.4	0	0.0
suffix	1	lo	lo	0	63	28	39.4	stylo rigolo stylos philo rigolos alcoolo					39.4	0	0.0
suffix	1	maR	mar	0	10	5	39.1	cauchemar cauchemars calmar calamars calamar calmars					39.1	0	0.0
prefix	1	bRi	bri	0	76	18	39.1	brigade briquet brigades brisés bricole bricoles					39.1	0	0.0
suffix	1	naZ	nnage	0	57	40	39.0	personnage personnages espionnage dépannage étalonnage échantillonnage					39.0	0	0.0
suffix	1	nE	nais	0	27	17	38.9	japonais polonais pakistanais harnais libanais albanais					38.9	0	0.0
suffix	1	pj§	pion	0	10	5	38.9	champion champions scorpion scorpions morpions morpion					38.9	0	0.0
suffix	1	nad	nade	0	28	14	38.9	promenade grenade limonade grenades tornade promenades					38.9	0	0.0
suffix	1	RiR	rrir	0	12	6	38.9	nourrir atterrir pourrir aguerrir amerrir atterrirent					38.9	0	0.0
suffix	2	li.ze	lyser	0	54	5	20.3	analyser paralysé analysé paralysée paralyser analysons					20.3	0	0.0
suffix	1	n@	nnant	0	51	30	38.7	étonnant impressionnant passionnant étonnants rayonnant moyennant					38.7	0	0.0
prefix	1	gi	gui	0	35	8	38.5	guitare guider guidé guignol guidera guidée					38.5	0	0.0
suffix	1	la	lat	0	25	12	38.5	chocolat consulat chocolats bénévolat cancrelat postulat					38.5	0	0.0
suffix	2	i.lje	·ilier	0	58	7	21.6	réconcilier immobilier réconciliés immobilière immobiliers fourmilière					21.6	0	0.0
suffix	1	zibl	sible	0	25	11	37.8	invisible paisible imprévisible invisibles plausible prévisible					37.8	0	0.0
suffix	1	gRaf	graphe	0	79	45	37.7	photographe autographe orthographe photographes paragraphe télégraphe					37.7	0	0.0
suffix	1	zik	sique	0	38	16	37.1	physique physiques amnésique métaphysique anesthésique analgésiques					37.1	0	0.0
suffix	1	fi	phie	0	102	51	36.3	philosophie photographie biographie géographie pornographie échographie					36.3	0	0.0
suffix	1	fORm	forme	0	32	16	36.3	uniforme uniformes conforme chloroforme plateforme cruciforme					36.3	0	0.0
suffix	1	z@	san	0	20	7	36.3	paysans paysan partisans artisan artisans courtisans					36.3	0	0.0
suffix	1	REtR	raître	0	6	6	36.2	disparaître apparaître comparaître réapparaître transparaître reparaître					36.2	0	0.0
suffix	1	RjEl	riel	0	40	9	36.0	matériel artérielle matériels matérielle pluriel matérielles					36.0	0	0.0
suffix	1	Z@s	gence	0	23	14	35.5	intelligence exigences diligence négligence indulgence exigence					35.5	0	0.0
suffix	2	se.de	céder	0	105	6	20.2	procéder succéder précédé procédons procédé précédant					20.2	0	0.0
suffix	1	d@s	dance	0	28	19	35.0	tendance indépendance correspondance abondance dépendance tendances					35.0	0	0.0
suffix	1	si	tie	0	34	22	34.7	démocratie prophétie idioties idiotie diplomatie prophéties					34.7	0	0.0
suffix	1	N§	gnon	1	29	15	34.4	compagnon compagnons champignons champignon collignon chignon					34.4	0	0.0
suffix	1	l@	lant	0	111	63	34.2	roulant brûlant parlant ambulant vigilants vigilant					34.2	0	0.0
suffix	2	ER.ne	·ERner	0	63	6	21.0	concernant gouverner concerné concernés concernait concernée					21.0	0	0.0
prefix	1	gRa	gra	0	115	31	34.0	gravité gravé grabuge gracieux graver gracieuse					34.0	0	0.0
suffix	1	nabl	nnable	0	16	9	33.8	raisonnable raisonnables impardonnable déraisonnable impressionnable impardonnables					33.8	0	0.0
suffix	1	diR	dir	0	54	28	33.6	grandir agrandir refroidir applaudir bondir rebondir					33.6	0	0.0
suffix	1	ne	nné	0	222	55	33.6	abandonné abandonnée étonné conditionné passionné attentionné					33.6	0	0.0
suffix	1	Rje	rier	0	78	24	33.5	contrarié contrarier remarier serrurier contrariée trésorier					33.5	0	0.0
suffix	1	tRal	tral	0	35	12	33.0	central centrale magistral orchestrale ancestral ancestrale					33.0	0	0.0
suffix	1	fOR	fort	0	15	9	33.0	renforts renfort confort réconfort inconfort raifort					33.0	0	0.0
prefix	1	f§	fon	0	47	12	32.6	fontaine fonder fondé fondateurs fondateur fondement					32.6	0	0.0
suffix	1	m§	mon	0	17	7	32.5	poumons saumon poumon sermon sermons saumons					32.5	0	0.0
suffix	1	Z9R	geur	0	64	29	32.4	voyageurs chargeur voyageur plongeur plongeurs largeur					32.4	0	0.0
prefix	1	vER	ver	0	92	29	31.8	vermine vertige vertiges verger vertueuse verset					31.8	0	0.0
suffix	1	l@	lent	0	38	16	31.6	violent violents insolent équivalent succulent indolents					31.6	0	0.0
prefix	1	dja	dia	0	57	21	31.5	diamants diamant diabète diamètre diadème diapos					31.5	0	0.0
prefix	1	kRa	cra	0	103	23	31.4	cracher craqué craché cratère cramé cramer					31.4	0	0.0
prefix	1	se	cé	0	53	14	31.4	céder céréales cédé céleste célestes cédez					31.4	0	0.0
prefix	1	baR	bar	0	108	30	31.0	barman barbier barbelés barbares barbare barder					31.0	0	0.0
prefix	1	Ri	ri	0	181	34	30.9	river rival riposte riposter rivaliser rital					30.9	0	0.0
prefix	1	bR@	bran	0	72	11	30.9	branché brancher branleur branlette branleurs brancard					30.9	0	0.0
suffix	1	Z@s	geance	0	9	5	30.8	vengeance allégeance obligeance vengeances intransigeance allégeances					30.8	0	0.0
suffix	1	k@s	quence	0	8	5	30.8	conséquences fréquence conséquence fréquences éloquence grandiloquence					30.8	0	0.0
suffix	1	iR	ir	0	14	7	30.7	obéir trahir envahir désobéir éblouir envahirent					30.7	0	0.0
suffix	1	pe	pée	0	20	10	30.7	poupée poupées épopée coupée flopée lampée					30.7	0	0.0
suffix	1	vEl	vel	1	1	1	30.6	nouvel					30.6	0	0.0
suffix	1	tin	tine	0	52	34	30.5	routine cantine comptine platine nicotine tartine					30.5	0	0.0
suffix	1	k5	quin	0	31	14	30.4	mannequin bouquin bouquins mannequins mesquin rouquin					30.4	0	0.0
prefix	1	by	bu	0	50	16	30.4	buter buté butin butez buterai butée					30.4	0	0.0
prefix	1	kli	cli	0	48	10	30.1	clinique climat cliniques climats cliché cliquètent					30.1	0	0.0
suffix	1	bl@	blant	0	15	8	30.1	semblant ressemblant troublant tremblant accablant tremblants					30.1	0	0.0
prefix	1	fE	fê	0	24	5	30.1	fêter fêtons fêté fêtera fêtez fêtait					30.1	0	0.0
suffix	1	l5	lin	0	49	22	30.1	moulin masculin orphelin orphelins patelin moulins					30.1	0	0.0
prefix	1	fo	fau	0	63	11	29.9	fauché faucon faucher fauchée faucons faufiler					29.9	0	0.0
prefix	1	ka	qua	0	11	6	29.9	qualité qualités quatrain quadrille quadrillé quasar					29.9	0	0.0
suffix	1	kEt	quette	0	38	19	29.8	casquette étiquette banquette étiquettes croquettes disquette					29.8	0	0.0
suffix	1	me	mmer	0	63	12	29.7	assommé assommer programmé consommer surnommé enflammer					29.7	0	0.0
prefix	1	p@	pen	0	60	10	29.5	pensant penchant pendue pencher penchez penché					29.5	0	0.0
suffix	1	l@s	lance	0	7	5	29.3	ambulance ambulances vigilance nonchalance freelance pétulance					29.3	0	0.0
prefix	1	ap	ab	0	33	13	29.0	absent absente absents abcès absorbe absurdité					29.0	0	0.0
suffix	1	j@	llant	0	37	19	28.9	brillant brillants surveillant croustillant bienveillant pétillant					28.9	0	0.0
prefix	1	be	bé	0	96	35	28.9	béton bénie bétel béquilles bécasse bélier					28.9	0	0.0
suffix	1	lizm	lisme	0	79	72	28.7	socialisme journalisme capitalisme nationalisme alcoolisme cannibalisme					28.7	0	0.0
suffix	1	jiR	illir	0	14	8	28.7	accueillir cueillir bouillir recueillir défaillir assaillir					28.7	0	0.0
prefix	1	taR	tar	0	98	18	28.6	tarder tardé tardera tartine tardive tardez					28.6	0	0.0
suffix	1	tRin	trine	0	7	5	28.4	poitrine doctrine poitrines doctrines trinitrine feutrine					28.4	0	0.0
suffix	1	ni	ni	0	74	21	28.1	infinie infini martini macaronis macaroni maharani					28.1	0	0.0
suffix	1	dER	daire	0	36	15	27.9	secondaire secondaires légendaire suicidaire milliardaire lampadaire					27.9	0	0.0
suffix	1	pi	pie	0	66	33	27.8	thérapie photocopies photocopie toupie utopie roupies					27.8	0	0.0
suffix	1	sje	cié	0	58	12	27.6	associé associés associée licencié gracié licenciée					27.6	0	0.0
suffix	1	za	za	0	16	8	27.5	pizza pizzas piazza plaza yakuza yakuzas					27.5	0	0.0
suffix	1	@s	ance	1	31	19	27.4	condoléances croyances croyance échéance déchéance créances					27.4	0	0.0
prefix	1	bas	bas	0	44	8	26.9	basket baskets basculer bastille baston bascule					26.9	0	0.0
suffix	1	j§	illon	0	30	15	26.8	bataillon couillon bouillon couillons médaillon bataillons					26.8	0	0.0
prefix	1	fu	fou	0	24	12	26.6	foutue foulard fougueux foutrait foulards fougère					26.6	0	0.0
suffix	1	paR	pard	0	12	5	26.4	salopard salopards léopard gaspard léopards guépard					26.4	0	0.0
prefix	1	pje	pié	0	41	12	26.3	piégé piéger piégés piégée piétine piétiné					26.3	0	0.0
suffix	1	ZEn	gène	0	65	32	26.3	oxygène indigènes hydrogène collagène électrogène indigène					26.3	0	0.0
prefix	1	Zi	gi	0	47	20	26.2	gibier gilet gitans gitane gitan giton					26.2	0	0.0
suffix	1	tizm	tisme	0	85	73	26.0	traumatisme patriotisme spiritisme érotisme romantisme magnétisme					26.0	0	0.0
suffix	1	liz	lyse	0	18	9	25.9	analyse analyses psychanalyse dialyse hémolyse électrolyse					25.9	0	0.0
suffix	1	jaZ	llage	0	41	25	25.7	maquillage embouteillage coquillages embouteillages gaspillage grillage					25.7	0	0.0
suffix	1	Si	chi	0	40	10	25.5	réfléchis réfléchi chichis affranchis mariachi chichi					25.5	0	0.0
suffix	1	g§	gon	0	18	9	25.5	dragon fourgon dragons jargon fourgons estragon					25.5	0	0.0
suffix	1	v9R	veur	0	32	17	25.5	serveur sauveur serveurs ferveur receveur éleveur					25.5	0	0.0
suffix	1	tEs	tesse	0	21	14	25.3	tristesse politesse délicatesse justesse impolitesse politesses					25.3	0	0.0
suffix	1	k§	con	0	18	8	25.2	balcon flacon faucon flocons faucons flacons					25.2	0	0.0
suffix	1	s9R	ceur	0	40	21	25.2	douceur lanceur farceur douceurs noirceur traceur					25.2	0	0.0
suffix	1	tEk	thèque	0	18	9	25.1	bibliothèque hypothèque bibliothèques discothèque cinémathèque vidéothèque					25.1	0	0.0
suffix	1	je	illé	0	100	24	25.1	mouillée mouillé mouillés brouillés mouillées détaillé					25.1	0	0.0
suffix	1	Ro	reau	0	25	14	25.1	taureau maquereau blaireau taureaux blaireaux maquereaux					25.1	0	0.0
suffix	1	kle	cler	0	48	9	24.9	boucler bouclez bouclé encerclé encerclés bouclée					24.9	0	0.0
suffix	1	tist	tiste	0	68	30	24.7	dentiste parachutistes dentistes baptiste défaitistes concertiste					24.7	0	0.0
suffix	1	pje	pier	0	52	17	24.7	pompiers équipier pompier recopier estropié photocopier					24.7	0	0.0
prefix	1	Ry	ru	0	83	14	24.7	ruban rubrique rudement rubis rubans rugit					24.7	0	0.0
suffix	1	siR	ssir	0	11	6	24.6	réussir grossir épaissir réussirent roussir dégrossir					24.6	0	0.0
suffix	1	sin	cine	0	15	10	24.4	médecine médecines glycine officine colchicine capucines					24.4	0	0.0
prefix	1	l@	lan	0	53	13	24.4	langage lanterne languis lancés lanternes langui					24.4	0	0.0
suffix	1	je	llé	0	81	23	24.3	habillé habillée grillé éveillé habillés ensoleillé					24.3	0	0.0
prefix	1	So	cho	0	30	8	24.3	choper choqué chopé choquant chochotte chopez					24.3	0	0.0
suffix	1	sjal	tial	1	22	7	24.0	spatial martiale spatiale nuptiale initial initiale					24.0	0	0.0
suffix	1	nizm	nisme	0	61	54	23.9	organisme communisme mécanisme christianisme organismes urbanisme					23.9	0	0.0
suffix	1	si	cis	1	9	6	23.9	précis concis indécis circoncis imprécis glacis					23.9	0	0.0
suffix	1	t82	tueux	0	25	23	23.9	affectueux respectueux talentueux vertueux somptueux défectueux					23.9	0	0.0
suffix	1	tibl	tible	0	53	27	23.6	irrésistible susceptible indescriptible indestructible susceptibles compatibles					23.6	0	0.0
suffix	1	z9R	seur	0	74	47	23.6	proviseur croiseur téléviseur superviseur baiseur catalyseur					23.6	0	0.0
suffix	1	gal	gal	0	14	6	23.5	illégal illégale illégales conjugale conjugal conjugales					23.5	0	0.0
suffix	1	paZ	page	0	27	18	23.4	équipage équipages rattrapage dérapage découpage découpages					23.4	0	0.0
suffix	1	bEl	belle	0	9	5	23.4	poubelle poubelles isabelle glabelle mirabelles mirabelle					23.4	0	0.0
suffix	1	Z2	geux	0	10	10	23.3	courageux avantageux nuageux marécageux orageux ombrageux					23.3	0	0.0
prefix	1	ki	qui	0	12	6	23.1	quiconque quignons quignon quiqui quiquis quichotte					23.1	0	0.0
suffix	1	RER	raire	0	25	10	23.0	temporaire itinéraire honoraires littéraire téméraire funéraire					23.0	0	0.0
suffix	1	bRe	brer	0	85	17	22.9	célébrer sombrer célébré sombré timbré équilibrer					22.9	0	0.0
prefix	1	my	mu	0	112	32	22.8	muté mulet mutants mutant muter museau					22.8	0	0.0
suffix	1	REl	relle	0	17	10	22.7	querelle passerelle querelles sauterelles sauterelle tourelle					22.7	0	0.0
suffix	1	la	la	0	21	13	22.5	villa mandala villas bamboula favela marsala					22.5	0	0.0
suffix	1	ta	ta	0	38	22	22.5	pesetas delta basta quota vista quotas					22.5	0	0.0
suffix	1	l2	leux	0	30	28	22.4	fabuleux scandaleux miraculeux méticuleux frileux scrupuleux					22.4	0	0.0
suffix	1	laZ	lage	0	73	51	22.3	cambriolage carrelage décalage étalage cambriolages attelage					22.3	0	0.0
suffix	1	S@	chant	0	35	19	22.2	brochant touchant penchant tranchant couchant penchants					22.2	0	0.0
prefix	1	fe	fé	0	55	21	22.2	félicite féroce félicité féroces fémur féria					22.2	0	0.0
suffix	1	fle	fler	0	78	16	22.2	gonflé gonfler renifler gonflez dégonflé ronfler					22.2	0	0.0
suffix	1	k9R	queur	0	39	20	22.2	vainqueur vainqueurs braqueur marqueur braqueurs arnaqueur					22.2	0	0.0
suffix	1	j@s	llance	0	9	5	22.2	surveillance bienveillance malveillance brillance surveillances malveillances					22.2	0	0.0
suffix	1	bo	beau	0	12	6	22.1	tombeau corbeau flambeau corbeaux lambeaux tombeaux					22.1	0	0.0
suffix	1	tRi	trie	0	26	21	21.8	industrie psychiatrie industries symétrie pédiatrie géométrie					21.8	0	0.0
suffix	1	nabl	nable	0	31	18	21.6	convenable abominable interminable inimaginable interminables intenable					21.6	0	0.0
suffix	1	9R	eur	1	51	25	21.6	frayeur voyeur employeur fossoyeur broyeur employeurs					21.6	0	0.0
prefix	1	sys	sus	0	69	11	21.5	suspendu suspension suspendue suspendre suspendus suspends					21.5	0	0.0
prefix	1	gR°	gre	0	19	7	21.4	grenier grenouille grenouilles gredin grelotte gredins					21.4	0	0.0
prefix	1	vo	vau	0	16	7	21.1	vaurien vautours vauriens vaudou vautour vaudront					21.1	0	0.0
suffix	1	Rj5	rien	0	96	37	21.1	vaurien vauriens végétarien historien salvadoriens historiens					21.1	0	0.0
prefix	1	t@	tem	0	25	6	21.1	tempête tempêtes templière tempéré templier tempérée					21.1	0	0.0
suffix	1	dik	dique	0	53	26	21.0	merdique juridique merdiques nordique juridiques talmudique					21.0	0	0.0
prefix	1	sta	sta	0	25	7	20.9	statue statues statique statuer statué statiques					20.9	0	0.0
prefix	1	p§	pom	0	25	5	20.9	pompiers pompier pompiste pomper pompez pompé					20.9	0	0.0
prefix	2	myl.ti	multi	1	98	29	10.4	multiplier multiplient multinationales multiplie multiplié multipliez					10.4	0	0.0
suffix	1	te	tée	0	30	12	20.8	portée montée dictée dictées portées pelletée					20.8	0	0.0
suffix	1	zif	sif	0	36	15	20.8	explosifs explosif décisif exclusif persuasif adhésif					20.8	0	0.0
suffix	1	S§	chon	0	37	22	20.7	bouchon torchon cornichons bouchons cornichon capuchon					20.7	0	0.0
suffix	1	S9R	cheur	0	71	39	20.5	fraîcheur tricheur chercheur chercheurs blancheur déclencheur					20.5	0	0.0
suffix	1	ka	ka	0	27	15	20.4	vodka polka parka chapka judoka karatéka					20.4	0	0.0
suffix	1	t2	teux	0	43	39	20.3	honteux boiteux douteux coûteux vaniteux nécessiteux					20.3	0	0.0
suffix	1	daZ	dage	0	61	40	20.3	bandage sondage sondages bavardages bandages bavardage					20.3	0	0.0
suffix	1	k@	quant	0	37	14	20.2	trafiquants trafiquant choquant délinquants délinquant manquant					20.2	0	0.0
suffix	1	Rj2	rieux	0	9	9	20.1	mystérieux glorieux victorieux laborieux impérieux injurieux					20.1	0	0.0
suffix	1	nEt	nnette	0	24	12	20.1	camionnette marionnette marionnettes fourgonnette chansonnette camionnettes					20.1	0	0.0
prefix	1	aR	har	0	36	9	20.1	harper harceler harcèle harcelé harcelez harcelée					20.1	0	0.0
suffix	1	na	nat	0	42	20	20.1	assassinat orphelinat internat assassinats magnat artisanat					20.1	0	0.0
prefix	1	mus	mous	0	9	5	20.1	moustache moustiques moustique moustaches mousquets mousquet					20.1	0	0.0
suffix	1	j9R	illeur	0	61	32	20.0	travailleurs travailleur patrouilleur ravitailleur brouilleur ferrailleur					20.0	0	0.0
suffix	1	fj@	fiant	0	44	25	20.0	terrifiant confiant insignifiant stupéfiant stupéfiants insignifiants					20.0	0	0.0
suffix	1	tRis	trice	1	18	8	17.5	cicatrice cicatrices impératrice cantatrice calculatrice conservatrice					17.5	0	0.0
suffix	1	ER	aire	1	13	5	17.4	nucléaire nucléaires balnéaire linéaire cochléaires linéaires					17.4	0	0.0
suffix	1	@s	ence	1	5	4	14.7	influence influences affluence confluence fluence					14.7	0	0.0
suffix	1	bl°	ble	1	3	2	12.1	probable érable probables					12.1	0	0.0
suffix	1	g9R	gueur	1	16	8	11.5	longueur longueurs dragueur flingueur langueur blagueur					11.5	0	0.0
suffix	1	z§	zon	1	3	2	9.4	horizon horizons zonzon					9.4	0	0.0
suffix	1	fe	fer	1	41	9	9.3	surfer agrafer briefer briefé dégrafer surfé					9.3	0	0.0
suffix	1	bal	bal	1	12	4	9.2	global tombale globale verbal verbale tombales					9.2	0	0.0
prefix	1	dE	dé	1	17	6	9.1	détenu détenir déceler détenue déguenillé déguenillés					9.1	0	0.0
suffix	2	lo.Zist	logiste	1	31	20	4.4	biologiste entomologiste écologiste pathologiste zoologiste écologistes					4.4	0	0.0
suffix	1	p9R	peur	1	29	18	7.4	stupeur attrapeur torpeur trompeur grimpeur trompeurs					7.4	0	0.0
suffix	1	je	ier	1	5	3	7.0	cahier cahiers caféier théier caféiers					7.0	0	0.0
suffix	1	ksj§	ction	1	5	3	5.6	extinction extraction exactions extractions exaction					5.6	0	0.0
prefix	1	R2	re	1	286	100	4.8	revérifier reboule recontacter redécoré revérifié rependre					4.8	0	0.0
suffix	2	bi.te	bité	1	16	5	2.2	inhabitée inhabité exorbités probité inhabitées inhabités					2.2	0	0.0
suffix	1	Et	ette	1	14	7	3.1	brouette oubliettes balayette fixette oubliette layette					3.1	0	0.0
suffix	2	zi.te	sité	1	24	11	1.6	obésité inusité virtuosité pilosité morosité inusitée					1.6	0	0.0
suffix	2	i.te	ité	1	20	10	1.3	spontanéité étanchéité velléité velléités homogénéité judéité					1.3	0	0.0
suffix	1	vER	vaire	1	10	5	2.5	calvaire salivaires larvaire salivaire vulvaire larvaires					2.5	0	0.0
prefix	1	f5	fin	1	5	1	1.8	finlandais finlandaise finlandaises					1.8	0	0.0
suffix	1	tSe	ce	1	1	1	1.5	dolce					1.5	0	0.0
suffix	1	tjal	tial	1	4	2	1.5	bestial bestiale essential bestiales					1.5	0	0.0
suffix	1	El	elle	1	4	2	1.4	truelle voyelle voyelles truelles					1.4	0	0.0
suffix	2	lO.Zi	logie	1	15	15	0.7	rhumatologie allergologie numérologie herpétologie cryptologie phrénologie					0.7	0	0.0
prefix	1	f@	fen	1	11	4	1.2	fenton fendue fendard fendit fendais fendards					1.2	0	0.0
suffix	1	jER	ière	1	2	1	1.0	théière théières					1.0	0	0.0
suffix	2	lO.Zist	logiste	1	10	10	0.4	virologiste immunologiste dermatologiste radiologiste neurobiologiste herpétologiste					0.4	0	0.0
suffix	1	psj§	ption	1	4	2	0.6	absorption résorption absorptions résorptions					0.6	0	0.0
suffix	2	lO.Zik	logique	1	19	10	0.2	radiologique cosmologique cosmologiques antilogique hématologique muséologique					0.2	0	0.0
suffix	2	O.Zik	·Ogique	1	21	11	0.2	radiologique cosmologique cosmologiques antilogique hématologique muséologique					0.2	0	0.0
prefix	1	tR@z	trans	1	2	1	0.4	transgénique transgéniques					0.4	0	0.0
suffix	1	j5	ien	1	6	2	0.3	pompéiens plébéiens plébéien pompéien					0.3	0	0.0
suffix	1	vOl	val	1	1	1	0.1	revival					0.1	0	0.0
suffix	1	liz	lise	1	4	2	0.1	radiobalise vocalises vocalise radiobalises					0.1	0	0.0
suffix	2	lO.gik	logique	1	2	1	0.0	épidémiologique épidémiologiques					0.0	0	0.0
prefix	1	Re	re	1	5	1	0.0	revoter revotâtes revote revotes revotent					0.0	0	0.0
suffix	1	En	ène	1	2	1	0.0	troène troènes					0.0	0	0.0
suffix	1	fER	fer	1	1	1	0.0	mâchefer					0.0	0	0.0
suffix	1	sjEn	cienne	1	1	1	0.0	rosicrucienne					0.0	0	0.0
suffix	1	jEn	ienne	1	1	1	0.0	tarpéienne					0.0	0	0.0
prefix	1	@b	emb	1	4	1	0.0	embruiné embruinées embruinée embruinés					0.0	0	0.0
prefix	1	in	in	1	1	1	0.0	input					0.0	0	0.0
suffix	1	if	if	1	2	1	0.0	tarbouif tarbouifs					0.0	0	0.0
