family_id	position	members	stemCompetitionSubgroups	competing_pairs	carriers	freq	upperBoundStrokeFreq	seedOverlap	review
P001	prefix	a/a/10265 ha/a/288	a | ha	a~ha:0(ver)	1562	10552.2	10552.2		
P002	prefix	re/R°/5716 ré/Re/1408 ren/R@/464 rem/R@/112 re/R2/5 re/Re/0	re,re,re | ré,ren,rem	re~rem:5(porter,pli,placer) ; re~ren:2(vers,fermer,tabl) ; re~ré:2(partir,former,parti) ; ren~re:0(contrer,foncer,cogner) ; rem~re:0(bobiner,bourrer)	7596	7705.8	7705.8	prefix Latin (inter super multi trans re)	
S001	suffix	·[be|ble|bre|ca|che|chi|cie|claffe|cle|cre|cré|cu|cé|de|di|die|dre|du|dé|dû|ffle|ffre|fie|fle|ge|gi|gle|gne|gre|gré|gu|gue|ille|le|li|lle|lu|lé|lû|ma|me|mmé|mé|ne|ni|nie|nne|nné|noie|nu|nue|né|nû|pe|pie|ple|pli|ppe|pre|que|ra|re|rre|rré|ré|se|ssuie|ssé|sé|ta|te|tie|tre|trie|tru|tte|té|ve|voue|vre|vé|xcré|xe|xtre|é]-{s°,ti}ment/*-{s°,ti}.m@/3492 ·[bi|bli|bri|chi|ci|cri|di|fi|gi|gui|illi|li|mi|ni|nni|ny|phi|pi|qui|ri|rri|sci|si|ssi|sti|thi|ti|tri|tti|vi|xi|y|ï]caments/[C]i.*-{s°,ti}.m@/318	·[be|ble|bre|ca|che|chi|cie|claffe|cle|cre|cré|cu|cé|de|di|die|dre|du|dé|dû|ffle|ffre|fie|fle|ge|gi|gle|gne|gre|gré|gu|gue|ille|le|li|lle|lu|lé|lû|ma|me|mmé|mé|ne|ni|nie|nne|nné|noie|nu|nue|né|nû|pe|pie|ple|pli|ppe|pre|que|ra|re|rre|rré|ré|se|ssuie|ssé|sé|ta|te|tie|tre|trie|tru|tte|té|ve|voue|vre|vé|xcré|xe|xtre|é]-{s°,ti}ment | ·[bi|bli|bri|chi|ci|cri|di|fi|gi|gui|illi|li|mi|ni|nni|ny|phi|pi|qui|ri|rri|sci|si|ssi|sti|thi|ti|tri|tti|vi|xi|y|ï]caments	·[be|ble|bre|ca|che|chi|cie|claffe|cle|cre|cré|cu|cé|de|di|die|dre|du|dé|dû|ffle|ffre|fie|fle|ge|gi|gle|gne|gre|gré|gu|gue|ille|le|li|lle|lu|lé|lû|ma|me|mmé|mé|ne|ni|nie|nne|nné|noie|nu|nue|né|nû|pe|pie|ple|pli|ppe|pre|que|ra|re|rre|rré|ré|se|ssuie|ssé|sé|ta|te|tie|tre|trie|tru|tte|té|ve|voue|vre|vé|xcré|xe|xtre|é]-{s°,ti}ment~·[bi|bli|bri|chi|ci|cri|di|fi|gi|gui|illi|li|mi|ni|nni|ny|phi|pi|qui|ri|rri|sci|si|ssi|sti|thi|ti|tri|tti|vi|xi|y|ï]caments:58(ra,t,)	1759	3491.7	7301.8		
S002	suffix	ter/te/4177 té/te/1985 tant/t@/642 tter/te/243	ter | té,tter | tant	ter~té:77(invi,trai,mon) ; ter~tant:76(assis,res,mon) ; té~tant:17(mon,exci,ten) ; ter~tter:0(gou,degou,brou)	4707	7047.5	7047.5		
S003	suffix	·[be|ble|bre|ce|che|cle|cre|de|dre|ffle|ffre|fle|ge|gle|gne|gre|gue|ille|le|lle|me|ne|nne|pe|ple|ppe|pre|que|re|rre|sce|se|sse|te|tre|tte|ve|vre|xe|xtre]ment/[C]°.m@/3275	·[be|ble|bre|ce|che|cle|cre|de|dre|ffle|ffre|fle|ge|gle|gne|gre|gue|ille|le|lle|me|ne|nne|pe|ple|ppe|pre|que|re|rre|sce|se|sse|te|tre|tte|ve|vre|xe|xtre]ment		1863	3274.7	6549.3		
S004	suffix	·°ment/°.m@/3085	·°ment		2275	3085.1	6170.1		
S005	suffix	ment/m@/4955 mer/me/581	ment | mer	ment~mer:0(fer)	2861	5535.2	5535.2	suffix -ment (ment vement)	
P003	prefix	en/@/4497 em/@/840 an/@/102	en,em | an	en~an:1(gin)	2916	5439.1	5439.1		
S006	suffix	ser/ze/1535 sser/se/1348 cer/se/873 ser/se/718 ssant/s@/162 cé/se/117 ssé/se/100 sé/se/99	sser,ser | cer,ssé,sé | ssant,cé | ser	sser~ssé:40(bl,pr,inter) ; cer~cé:26(coin,pla,avan) ; sser~ssant:22(inter,gli,embarra) ; ser~sser:13(bai,embra,reca) ; ssant~ssé:9(inter,embarra,pr)	3838	4951.5	4951.5		
S007	suffix	·[pre|te|ve]nant/[C]°.n@/1040 ·[an|ban|chan|en|gen|lan|man|men|mman|pen|san|scen]dé/[C]@.de/515 ·[gre|me]ner/[C]°.ne/322 ·[che|le]ver/[C]°.ve/192 ·[mman|pen|scen|ten]dant/[C]@.d@/96 ·[pan|pen|ten|tten|ven]du/[C]@.dy/85 ·[cé|ssé|sé|xcé]der/[C]e.de/53 ·[che|le|ne]vé/[C]°.ve/39	·[che|le]ver | ·[pan|pen|ten|tten|ven]du | ·[che|le|ne]vé | ·[an|ban|chan|en|gen|lan|man|men|mman|pen|san|scen]dé | ·[mman|pen|scen|ten]dant | ·[gre|me]ner | ·[pre|te|ve]nant | ·[cé|ssé|sé|xcé]der	·[che|le]ver~·[pan|pen|ten|tten|ven]du:52(en,a,pr) ; ·[che|le]ver~·[che|le|ne]vé:19(,r,en) ; ·[an|ban|chan|en|gen|lan|man|men|mman|pen|san|scen]dé~·[mman|pen|scen|ten]dant:16(co,d,a) ; ·[gre|me]ner~·[che|le]ver:7(a,sur,) ; ·[mman|pen|scen|ten]dant~·[pan|pen|ten|tten|ven]du:5(a,d,pr)	411	2341.7	4683.4		
P004	prefix	pour/puR/2215 pou/pu/1977 tou/tu/195 tour/tuR/44	pour,tou,tour | pou	pour~pou:1(voir,lich) ; pou~tou:0(tou)	310	4430.7	4430.7		
S008	suffix	tion/sj§/2889 tion/tj§/434 ssion/sj§/388 sion/zj§/314 sion/sj§/129 llon/j§/50	tion,tion,sion,llon | ssion,sion	tion~ssion:0(sec) ; tion~sion:0(inten)	1729	4204.4	4204.4	suffix -tion (tion ssion sion ration cation lation ciation ction ntion ition ption rtion ...)	
S009	suffix	·[bu|clu|du|ffu|fu|mu|xcu]-{k}sez/[C-{k}]y.ze/420 ·[bli|blii|dri|gri|pli|plii|ppli|pri|prii|tri|trii]-{vR}é/[C-{vR}]ij.e/380 ·[bli|bri|fi|mi|ni|pi|pli|ppli|si|ti|xi|xpli]-{d}quer/[C-{d}]i.ke/242 ·[dan|gran|lan|llen|man|ran|rran|tran]-{S}ger/[C-{S}]@.Ze/212 ·[bla|ga|la|nna|ra|ssa|sse|ta|za]-{fR}yer/[C-{fR}]E.je/202 ·[a|ga|ma|ra|ta|voi]-{s}giner/[C-{s}]a.i.ne/140 ·[bau|bo|co|lo|ppro|pro|vau|vo]-{kR}chez/[C-{kR}]o.Se/89 ·[bai|dre|fe|lai|ppre|pre|re]-{gR}sser/[C-{gR}]E.se/75 ·[bli|bî|li|ppri|pri|ri|ti|xpri]-{n}mer/[C-{n}]i.me/62 ·[bâ|lâ|na|rra|sa|va]-{t}cher/[C-{t}]a.Se/47 ·[cu|fu|llu|nhu|plu|rhu|su|tu|u]-{s}mer/[C-{s}]y.me/44	·[bli|bri|fi|mi|ni|pi|pli|ppli|si|ti|xi|xpli]-{d}quer,·[a|ga|ma|ra|ta|voi]-{s}giner | ·[bla|ga|la|nna|ra|ssa|sse|ta|za]-{fR}yer | ·[bu|clu|du|ffu|fu|mu|xcu]-{k}sez | ·[dan|gran|lan|llen|man|ran|rran|tran]-{S}ger | ·[bau|bo|co|lo|ppro|pro|vau|vo]-{kR}chez | ·[bli|bî|li|ppri|pri|ri|ti|xpri]-{n}mer | ·[bâ|lâ|na|rra|sa|va]-{t}cher | ·[cu|fu|llu|nhu|plu|rhu|su|tu|u]-{s}mer | ·[bai|dre|fe|lai|ppre|pre|re]-{gR}sser | ·[bli|blii|dri|gri|pli|plii|ppli|pri|prii|tri|trii]-{vR}é	·[bli|bri|fi|mi|ni|pi|pli|ppli|si|ti|xi|xpli]-{d}quer~·[bla|ga|la|nna|ra|ssa|sse|ta|za]-{fR}yer:90(,r,pa) ; ·[bu|clu|du|ffu|fu|mu|xcu]-{k}sez~·[dan|gran|lan|llen|man|ran|rran|tran]-{S}ger:87(a,,r) ; ·[bli|bri|fi|mi|ni|pi|pli|ppli|si|ti|xi|xpli]-{d}quer~·[dan|gran|lan|llen|man|ran|rran|tran]-{S}ger:53(,a,r) ; ·[dan|gran|lan|llen|man|ran|rran|tran]-{S}ger~·[bla|ga|la|nna|ra|ssa|sse|ta|za]-{fR}yer:49(,d,m) ; ·[bu|clu|du|ffu|fu|mu|xcu]-{k}sez~·[bli|bri|fi|mi|ni|pi|pli|ppli|si|ti|xi|xpli]-{d}quer:48(,a,r)	913	1911.5	3937.1		
P005	prefix	co+col+com+con+cor/kO+kOR+kOl+kOm+ko+k§/3629 co[bi|ci|di|fi|fie|gi|li|mi|ni|pi|pie|pli|pri|si|ti|tri]·/kO+kOR+kOl+kOm+ko+k§.[C]i/124 con[co|do|lo|o|plo|po|pro|so|to|trô|vo]·/kO+kOR+kOl+kOm+ko+k§.[C]o/117 con[ce|cé|de|dé|e|fé|gé|plé|pré|préh|pé|qué|sé|é]·/kO+kOR+kOl+kOm+ko+k§.[C]e/65	co+col+com+con+cor,co[bi|ci|di|fi|fie|gi|li|mi|ni|pi|pie|pli|pri|si|ti|tri]· | con[co|do|lo|o|plo|po|pro|so|to|trô|vo]·,con[ce|cé|de|dé|e|fé|gé|plé|pré|préh|pé|qué|sé|é]·	co[bi|ci|di|fi|fie|gi|li|mi|ni|pi|pie|pli|pri|si|ti|tri]·~con[ce|cé|de|dé|e|fé|gé|plé|pré|préh|pé|qué|sé|é]·:1(deration,ner) ; co+col+com+con+cor~con[ce|cé|de|dé|e|fé|gé|plé|pré|préh|pé|qué|sé|é]·:0(der,tenu) ; co[bi|ci|di|fi|fie|gi|li|mi|ni|pi|pie|pli|pri|si|ti|tri]·~con[co|do|lo|o|plo|po|pro|so|to|trô|vo]·:0(ler,ser)	2230	3629.4	3935.9		
S010	suffix	·[bar|blar|car|char|gar|gnar|lar|llar|mar|mmar|nar|par|sar|tar|ttar|var|zar]dez/[C]aR.de/491 ·[boy|doy|droy|geoy|loy|loyi|moy|noy|rroy|toy|troy|ttoy|voy|voyi]é/[C]aj.e/279 ·[cla|ffa|ga|pa]rer/[C]a.Re/261 ·[a|bâ|ca|da|la|ma|na|nna|pa|ra|rra|sa|ssa|ta|tra|va]iller/[C]a.je/233 ·[lei|rei|sei|vei]ller/[C]E.je/193 ·[bar|mar]qué/[C]aR.ke/95 ·[ba|ta]ller/[C]a.le/66 ·[a|ba|ca|cha|da|ma|na|ta|va]lier/[C]a.lje/63 ·[a|ba|ca|da|fa|ga|gna|nha|pa|ra|ssa|ta|va|voi]ler/[C]a.le/62 ·[ca|da|ga|ma|na|pa|ta|tra]lien/[C]a.lj5/40 ·[loy|voy]és/[C]aj.e/39	·[bar|blar|car|char|gar|gnar|lar|llar|mar|mmar|nar|par|sar|tar|ttar|var|zar]dez,·[loy|voy]és | ·[cla|ffa|ga|pa]rer | ·[lei|rei|sei|vei]ller,·[ba|ta]ller | ·[bar|mar]qué,·[a|ba|ca|cha|da|ma|na|ta|va]lier | ·[a|ba|ca|da|fa|ga|gna|nha|pa|ra|ssa|ta|va|voi]ler | ·[boy|doy|droy|geoy|loy|loyi|moy|noy|rroy|toy|troy|ttoy|voy|voyi]é,·[ca|da|ga|ma|na|pa|ta|tra]lien | ·[a|bâ|ca|da|la|ma|na|nna|pa|ra|rra|sa|ssa|ta|tra|va]iller	·[bar|blar|car|char|gar|gnar|lar|llar|mar|mmar|nar|par|sar|tar|ttar|var|zar]dez~·[cla|ffa|ga|pa]rer:39(r,d) ; ·[cla|ffa|ga|pa]rer~·[lei|rei|sei|vei]ller:38(r,) ; ·[bar|blar|car|char|gar|gnar|lar|llar|mar|mmar|nar|par|sar|tar|ttar|var|zar]dez~·[lei|rei|sei|vei]ller:37(r) ; ·[cla|ffa|ga|pa]rer~·[bar|mar]qué:21(r,d,em) ; ·[bar|blar|car|char|gar|gnar|lar|llar|mar|mmar|nar|par|sar|tar|ttar|var|zar]dez~·[bar|mar]qué:11(r,d)	754	1820.8	3641.6		
S011	suffix	·[crê|nne|pê|rrê|trai]ter/[C]E.te/456 ·[an|cen|chan|den|emp|gen|glan|illan|jan|len|man|men|mmen|nen|pen|plan|quen|ren|rien|san|sen|ten|tien|tten|van|ven]ter/[C]@.te/250 ·[che|cque|ffle|ille|je|le|lle|pe|que|re|ve]ter/[C]°.te/241 ·[chou|cou|dou|frou|glou|goû|jou|lou|voû]tez/[C]u.te/231 ·[cré|ffré|flé|gé|plé|pré|pé|quié|quê|xcré]tez/[C]e.te/133 ·[bu|chu|cru|cu|ffû|lu|mmu|mu|nu|ppu|pu|u|zu]ter/[C]y.te/112 ·[bé|cié|pié|pé|rié|tié|xié|é]té/[C]e.te/109 ·[chan|den|emp|gen|glan|illan|jan|man|men|pen|plan|quen|ren|rien|sen|van]té/[C]@.te/73 ·[bré|lé|pê|raî|ssé]cher/[C]e.Se/71 ·[che|cre|dre|ge|ille|je|le|lle|me|ne|nne|pre|que|re|se|te|tre|ve|vre]té/[C]°.te/68 ·[ba|bla|boî|cla|da|dra|fa|la|ma|pa|pia|ppâ|ra|roi|sla|ta|va|voi|xploi]ter/[C]a.te/51	·[crê|nne|pê|rrê|trai]ter,·[chan|den|emp|gen|glan|illan|jan|man|men|pen|plan|quen|ren|rien|sen|van]té | ·[che|cque|ffle|ille|je|le|lle|pe|que|re|ve]ter | ·[chou|cou|dou|frou|glou|goû|jou|lou|voû]tez | ·[ba|bla|boî|cla|da|dra|fa|la|ma|pa|pia|ppâ|ra|roi|sla|ta|va|voi|xploi]ter | ·[an|cen|chan|den|emp|gen|glan|illan|jan|len|man|men|mmen|nen|pen|plan|quen|ren|rien|san|sen|ten|tien|tten|van|ven]ter | ·[cré|ffré|flé|gé|plé|pré|pé|quié|quê|xcré]tez | ·[che|cre|dre|ge|ille|je|le|lle|me|ne|nne|pre|que|re|se|te|tre|ve|vre]té | ·[bu|chu|cru|cu|ffû|lu|mmu|mu|nu|ppu|pu|u|zu]ter | ·[bé|cié|pié|pé|rié|tié|xié|é]té,·[bré|lé|pê|raî|ssé]cher	·[crê|nne|pê|rrê|trai]ter~·[che|cque|ffle|ille|je|le|lle|pe|que|re|ve]ter:115(a) ; ·[chou|cou|dou|frou|glou|goû|jou|lou|voû]tez~·[ba|bla|boî|cla|da|dra|fa|la|ma|pa|pia|ppâ|ra|roi|sla|ta|va|voi|xploi]ter:21(,a,r) ; ·[che|cque|ffle|ille|je|le|lle|pe|que|re|ve]ter~·[chou|cou|dou|frou|glou|goû|jou|lou|voû]tez:19(a,ra) ; ·[crê|nne|pê|rrê|trai]ter~·[chou|cou|dou|frou|glou|goû|jou|lou|voû]tez:15(a,) ; ·[an|cen|chan|den|emp|gen|glan|illan|jan|len|man|men|mmen|nen|pen|plan|quen|ren|rien|san|sen|ten|tien|tten|van|ven]ter~·[cré|ffré|flé|gé|plé|pré|pé|quié|quê|xcré]tez:13(in,r,en)	1213	1794.8	3589.5		
S012	suffix	·[bi|bri|ci|di|gi|gni|gri|i|li|lli|mi|mmi|ni|nni|pi|qui|ri|ry|si|ssi|ti|vi|xci|xi|ï]té/[C]i.te/1146 ·[bi|ci|cy|di|fi|gi|li|mi|pi|ri|sci|si|ssi|vi|xci]ter/[C]i.te/329 ·[cu|du|lu|mmu|pu|scu|ssu|tu]rité/[C]y.i.te/158 ·[bbo|co|dio|gio|go|jo|lo|mmo|no|o|pro|rio|ro|to|tro|vio|vo]rité/[C]o.i.te/71 ·[bé|ccré|ce|ché|cré|cé|dé|gé|llé|lé|me|mmé|mé|né|pé|re|ré|scé|shé|té|vé|xtré|xté|é]lité/[C]e.i.te/51 ·[au|blo|bo|cho|co|do|glo|gno|go|illo|jo|llo|lo|mo|nno|no|peau|plo|po|reau|ro|sau|ssau|sso|vio|vro|ço]ter/[C]o.te/51 ·[bi|ci|fi|li|mi|pi|ri|rri|si|xci]tants/[C]i.t@/38 ·[au|co|go|illo|nau|o|peau|po|ro|veau|vô]té/[C]o.te/32	·[bi|bri|ci|di|gi|gni|gri|i|li|lli|mi|mmi|ni|nni|pi|qui|ri|ry|si|ssi|ti|vi|xci|xi|ï]té | ·[bi|ci|cy|di|fi|gi|li|mi|pi|ri|sci|si|ssi|vi|xci]ter | ·[bi|ci|fi|li|mi|pi|ri|rri|si|xci]tants,·[au|co|go|illo|nau|o|peau|po|ro|veau|vô]té | ·[bé|ccré|ce|ché|cré|cé|dé|gé|llé|lé|me|mmé|mé|né|pé|re|ré|scé|shé|té|vé|xtré|xté|é]lité | ·[cu|du|lu|mmu|pu|scu|ssu|tu]rité | ·[bbo|co|dio|gio|go|jo|lo|mmo|no|o|pro|rio|ro|to|tro|vio|vo]rité | ·[au|blo|bo|cho|co|do|glo|gno|go|illo|jo|llo|lo|mo|nno|no|peau|plo|po|reau|ro|sau|ssau|sso|vio|vro|ço]ter	·[bi|bri|ci|di|gi|gni|gri|i|li|lli|mi|mmi|ni|nni|pi|qui|ri|ry|si|ssi|ti|vi|xci|xi|ï]té~·[bi|ci|cy|di|fi|gi|li|mi|pi|ri|sci|si|ssi|vi|xci]ter:27(in,,feli) ; ·[bi|ci|cy|di|fi|gi|li|mi|pi|ri|sci|si|ssi|vi|xci]ter~·[bi|ci|fi|li|mi|pi|ri|rri|si|xci]tants:17(,ha,i) ; ·[bi|bri|ci|di|gi|gni|gri|i|li|lli|mi|mmi|ni|nni|pi|qui|ri|ry|si|ssi|ti|vi|xci|xi|ï]té~·[bé|ccré|ce|ché|cré|cé|dé|gé|llé|lé|me|mmé|mé|né|pé|re|ré|scé|shé|té|vé|xtré|xté|é]lité:8(in,,c) ; ·[bi|ci|cy|di|fi|gi|li|mi|pi|ri|sci|si|ssi|vi|xci]ter~·[bé|ccré|ce|ché|cré|cé|dé|gé|llé|lé|me|mmé|mé|né|pé|re|ré|scé|shé|té|vé|xtré|xté|é]lité:7(in,,d) ; ·[bi|ci|cy|di|fi|gi|li|mi|pi|ri|sci|si|ssi|vi|xci]ter~·[cu|du|lu|mmu|pu|scu|ssu|tu]rité:6(r,i,cr)	1235	1647.9	3573.2		
P006	prefix	re[bro|chau|co|do|fau|lo|mo|no|po|pro|vau|vo]·/R°.[C]o/374 re[bou|brou|cou|dou|fou|grou|joue|loo|loue|mou|nou|pou|tou|trou|vou]·/R°.[C]u/271 ré[cré|crée|e|flé|fé|gé|pre|pé|vei|vé|é]·/Re.[C]e/229 ré[com|con|pon]·/Re.[C]§/152 re[bu|chu|cu|flu|flue|fu|ju|mu|mue|pu]·/R°.[C]y/119 ré[e|fle|vei]·/Re.[C]E/118 ré[cu|du|pu|u]·/Re.[C]y/111 re[bai|cè|de|dre|je|la|lai|lè|me|nai|nei|pa|pai|paie|pei|pê|ve|vê]·/R°.[C]E/99 re[grim|join|pin|quin|vien]·/R°.[C]5/98 re[bai|cré|cé|de|dé|fré|gré|grée|lé|mé|né|pré|pé|qué|té|vé|vê]·/R°.[C]e/75 re[bon|com|con|fon|gon|mon|non|plon|tom]·/R°.[C]§/73	re[bro|chau|co|do|fau|lo|mo|no|po|pro|vau|vo]·,ré[cré|crée|e|flé|fé|gé|pre|pé|vei|vé|é]·,ré[com|con|pon]·,re[grim|join|pin|quin|vien]· | re[bu|chu|cu|flu|flue|fu|ju|mu|mue|pu]·,ré[e|fle|vei]·,ré[cu|du|pu|u]·,re[bai|cré|cé|de|dé|fré|gré|grée|lé|mé|né|pré|pé|qué|té|vé|vê]· | re[bon|com|con|fon|gon|mon|non|plon|tom]· | re[bou|brou|cou|dou|fou|grou|joue|loo|loue|mou|nou|pou|tou|trou|vou]· | re[bai|cè|de|dre|je|la|lai|lè|me|nai|nei|pa|pai|paie|pei|pê|ve|vê]·	re[bro|chau|co|do|fau|lo|mo|no|po|pro|vau|vo]·~re[bu|chu|cu|flu|flue|fu|ju|mu|mue|pu]·:21(ser,ger) ; ré[cré|crée|e|flé|fé|gé|pre|pé|vei|vé|é]·~re[bon|com|con|fon|gon|mon|non|plon|tom]·:19(ter) ; ré[cré|crée|e|flé|fé|gé|pre|pé|vei|vé|é]·~re[bu|chu|cu|flu|flue|fu|ju|mu|mue|pu]·:7(ler,ter) ; re[bro|chau|co|do|fau|lo|mo|no|po|pro|vau|vo]·~re[bon|com|con|fon|gon|mon|non|plon|tom]·:3(duir,ger,duction) ; re[bou|brou|cou|dou|fou|grou|joue|loo|loue|mou|nou|pou|tou|trou|vou]·~re[bai|cè|de|dre|je|la|lai|lè|me|nai|nei|pa|pai|paie|pei|pê|ve|vê]·:3(sser,cher)	1931	1720.3	3440.6		
P007	prefix	aE·/a.E/516 ao·/a.o/347 a@·/a.@/343 ae·/a.e/239 auo·/o.o/164 au·/a.u/71 au@·/o.@/29	aE· | auo·,au· | ao· | a@· | ae· | au@·	aE·~au·:15(ter) ; ao·~auo·:10(rabl,nom,gen) ; ao·~au·:7(cher,chant,ter) ; a@·~ae·:3(ger,ter,guer) ; ao·~a@·:3(dir,ger,ter)	1725	1708.2	3416.5		
S013	suffix	ler/le/2613 lé/le/392 let/lE/115 ller/le/89 lant/l@/34 lent/l@/32	ler,ller | lé,lent | lant | let	ler~lé:36(encu,iso,defi) ; ler~lant:19(rou,bru,par) ; lé~lant:10(bru,par,rou) ; ler~lent:8(vio,somno) ; ler~let:5(vio,bou,sty)	2075	3275.5	3275.5		
S014	suffix	·[ce|de|ge|me|mme|pe|ppe|que|rre|se|sse|te|ve]ler/[C]°.le/597 ·[bo|co|do|ffo|fo|geo|gno|go|jo|no|o|pau|po|so|sso|to|trô|vo]lé/[C]o.le/398 ·[do|ffo|o|pau|rio|ro|rô|so|trô|vio]lé/[C]o.le/288 ·[bu|cu|du|gu|llu|lu|mu|nnu|pu|su|tu|vu]lez/[C]y.le/147 ·[cu|du|mu|nnu|nu|pu|tu]lé/[C]y.le/42 ·[cu|gu]lier/[C]y.lje/40 ·[dau|geo|gno|o|to]let/[C]o.lE/36 ·[ccul|cul|pul|sul|ul]ter/[C]yl.te/33 ·[bi|ffi|fi|gi|i|mi|pi|ti]ler/[C]i.le/31	·[ce|de|ge|me|mme|pe|ppe|que|rre|se|sse|te|ve]ler,·[dau|geo|gno|o|to]let | ·[bu|cu|du|gu|llu|lu|mu|nnu|pu|su|tu|vu]lez | ·[bo|co|do|ffo|fo|geo|gno|go|jo|no|o|pau|po|so|sso|to|trô|vo]lé,·[cu|gu]lier | ·[ccul|cul|pul|sul|ul]ter | ·[cu|du|mu|nnu|nu|pu|tu]lé | ·[bi|ffi|fi|gi|i|mi|pi|ti]ler | ·[do|ffo|o|pau|rio|ro|rô|so|trô|vio]lé	·[ce|de|ge|me|mme|pe|ppe|que|rre|se|sse|te|ve]ler~·[bu|cu|du|gu|llu|lu|mu|nnu|pu|su|tu|vu]lez:14(a,mo,r) ; ·[bo|co|do|ffo|fo|geo|gno|go|jo|no|o|pau|po|so|sso|to|trô|vo]lé~·[ccul|cul|pul|sul|ul]ter:9(con) ; ·[bu|cu|du|gu|llu|lu|mu|nnu|pu|su|tu|vu]lez~·[cu|du|mu|nnu|nu|pu|tu]lé:8(en,a,r) ; ·[bo|co|do|ffo|fo|geo|gno|go|jo|no|o|pau|po|so|sso|to|trô|vo]lé~·[cu|du|mu|nnu|nu|pu|tu]lé:7(en,a,) ; ·[bo|co|do|ffo|fo|geo|gno|go|jo|no|o|pau|po|so|sso|to|trô|vo]lé~·[bu|cu|du|gu|llu|lu|mu|nnu|pu|su|tu|vu]lez:7(en,a,)	932	1612.0	3223.9		
P008	prefix	dé/de/3209 dé/dE/9	dé,dé		6030	3217.7	3217.7	prefix dé- (dé dés déc)	
S015	suffix	ner/ne/1267 nant/n@/1075 nner/ne/355 née/ne/241 né/ne/92 net/nE/48 nais/nE/39 nnant/n@/39 nné/ne/34	ner,nais,nnant | nner,née | né,net,nné | nant	ner~née:26(tour,trai,cor) ; ner~né:24(condam,assassi,tour) ; nner~nnant:11(impressio,eto,passio) ; nner~nné:10(abando,eto,ordo) ; ner~nant:9(tour,domi,halluci)	2909	3188.3	3188.3		
S016	suffix	·[a|ba|bra|ca|cia|cra|da|dia|fla|ga|gna|gra|la|lia|lla|ma|mma|na|pa|pla|qua|ra|ria|rra|sa|sla|ssa|ta|tia|tra|tta|va|via|xa|xpia]tion/[C]a.sj§/1190 ·[bu|ccu|cu|du|fu|gu|ju|lu|mu|nhu|nu|ppu|pu|su|tru|tu|u|xsu]tation/[C]y.a.sj§/144 ·[fec|ffec|jec|lec|llec|nnec|pec|rec|rrec|tec]tion/[C]Ek.sj§/178 ·[a|ccla|cla|dam|dra|fa|ffa|fla|gra|la|ma|nha|pa|qua|ra|ta|va|xploi]ration/[C]a.a.sj§/73 ·[bu|cu|du|gu|mu|nnu|nu|pu|su|tu|vu]lation/[C]y.la.sj§/49	·[bu|ccu|cu|du|fu|gu|ju|lu|mu|nhu|nu|ppu|pu|su|tru|tu|u|xsu]tation | ·[bu|cu|du|gu|mu|nnu|nu|pu|su|tu|vu]lation | ·[a|ba|bra|ca|cia|cra|da|dia|fla|ga|gna|gra|la|lia|lla|ma|mma|na|pa|pla|qua|ra|ria|rra|sa|sla|ssa|ta|tia|tra|tta|va|via|xa|xpia]tion | ·[fec|ffec|jec|lec|llec|nnec|pec|rec|rrec|tec]tion | ·[a|ccla|cla|dam|dra|fa|ffa|fla|gra|la|ma|nha|pa|qua|ra|ta|va|xploi]ration	·[bu|ccu|cu|du|fu|gu|ju|lu|mu|nhu|nu|ppu|pu|su|tru|tu|u|xsu]tation~·[bu|cu|du|gu|mu|nnu|nu|pu|su|tu|vu]lation:43(po,cir,si) ; ·[a|ba|bra|ca|cia|cra|da|dia|fla|ga|gna|gra|la|lia|lla|ma|mma|na|pa|pla|qua|ra|ria|rra|sa|sla|ssa|ta|tia|tra|tta|va|via|xa|xpia]tion~·[bu|ccu|cu|du|fu|gu|ju|lu|mu|nhu|nu|ppu|pu|su|tru|tu|u|xsu]tation:36(r,a,) ; ·[bu|ccu|cu|du|fu|gu|ju|lu|mu|nhu|nu|ppu|pu|su|tru|tu|u|xsu]tation~·[fec|ffec|jec|lec|llec|nnec|pec|rec|rrec|tec]tion:22(a,,pro) ; ·[fec|ffec|jec|lec|llec|nnec|pec|rec|rrec|tec]tion~·[a|ccla|cla|dam|dra|fa|ffa|fla|gra|la|ma|nha|pa|qua|ra|ta|va|xploi]ration:19(s,ins,) ; ·[a|ba|bra|ca|cia|cra|da|dia|fla|ga|gna|gra|la|lia|lla|ma|mma|na|pa|pla|qua|ra|ria|rra|sa|sla|ssa|ta|tia|tra|tta|va|via|xa|xpia]tion~·[fec|ffec|jec|lec|llec|nnec|pec|rec|rrec|tec]tion:16(a,,in)	1005	1407.8	3035.9		
S017	suffix	·[chi|di|li|qui|ri|rri|ssi|ti|vi]vé/[C]i.ve/505 ·[bi|chi|ci|cli|di|ffi|fi|gi|gri|li|mi|pi|pli|poui|qui|ri|sci|si|ssi|sti|ti|tri|tti|vi]né/[C]i.ne/443 ·[chi|ci|di|gui|li|lli|ly|mi|ni|nni|phi|ri|thi|ti|tri|vi|xci|y|ï]ser/[C]i.ze/428 ·[a|bi|bé|ca|cia|coo|da|dar|de|dua|fu|ga|gi|la|lo|lé|ma|mé|na|ner|nna|né|phi|pro|ra|rar|ri|rro|sep|sla|so|ssu|ta|teu|ti|tia|to|té|vi|vo]lisé/*.[C]i.ze/38 ·[chi|di|gi|gui|i|li|lli|ly|mi|ni|ri|ti|tri|vi|xci]sé/[C]i.ze/47 ·[bi|di|ni|pli|ppli|ti|tri|xi|xpli|ï]qué/[C]i.ke/38	·[chi|ci|di|gui|li|lli|ly|mi|ni|nni|phi|ri|thi|ti|tri|vi|xci|y|ï]ser | ·[chi|di|gi|gui|i|li|lli|ly|mi|ni|ri|ti|tri|vi|xci]sé | ·[bi|chi|ci|cli|di|ffi|fi|gi|gri|li|mi|pi|pli|poui|qui|ri|sci|si|ssi|sti|ti|tri|tti|vi]né | ·[bi|di|ni|pli|ppli|ti|tri|xi|xpli|ï]qué | ·[a|bi|bé|ca|cia|coo|da|dar|de|dua|fu|ga|gi|la|lo|lé|ma|mé|na|ner|nna|né|phi|pro|ra|rar|ri|rro|sep|sla|so|ssu|ta|teu|ti|tia|to|té|vi|vo]lisé | ·[chi|di|li|qui|ri|rri|ssi|ti|vi]vé	·[chi|ci|di|gui|li|lli|ly|mi|ni|nni|phi|ri|thi|ti|tri|vi|xci|y|ï]ser~·[chi|di|gi|gui|i|li|lli|ly|mi|ni|ri|ti|tri|vi|xci]sé:15(orga,auto,d) ; ·[bi|chi|ci|cli|di|ffi|fi|gi|gri|li|mi|pi|pli|poui|qui|ri|sci|si|ssi|sti|ti|tri|tti|vi]né~·[chi|ci|di|gui|li|lli|ly|mi|ni|nni|phi|ri|thi|ti|tri|vi|xci|y|ï]ser:5(d,a,in) ; ·[bi|chi|ci|cli|di|ffi|fi|gi|gri|li|mi|pi|pli|poui|qui|ri|sci|si|ssi|sti|ti|tri|tti|vi]né~·[bi|di|ni|pli|ppli|ti|tri|xi|xpli|ï]qué:3(com,in,pa) ; ·[bi|chi|ci|cli|di|ffi|fi|gi|gri|li|mi|pi|pli|poui|qui|ri|sci|si|ssi|sti|ti|tri|tti|vi]né~·[chi|di|gi|gui|i|li|lli|ly|mi|ni|ri|ti|tri|vi|xci]sé:3(d,a,ta) ; ·[bi|chi|ci|cli|di|ffi|fi|gi|gri|li|mi|pi|pli|poui|qui|ri|sci|si|ssi|sti|ti|tri|tti|vi]né~·[a|bi|bé|ca|cia|coo|da|dar|de|dua|fu|ga|gi|la|lo|lé|ma|mé|na|ner|nna|né|phi|pro|ra|rar|ri|rro|sep|sla|so|ssu|ta|teu|ti|tia|to|té|vi|vo]lisé:2(pa,u,co)	2131	1459.9	2957.5		
S018	suffix	·[sten|ten|tten|ven]tion/[C]@.sj§/404 ·[bi|ci|ddi|di|gni|li|mi|ni|ri|si|sti|ti|tri]tion/[C]i.sj§/343 ·[bu|cu|llu|lu|nu|ru|tu]tion/[C]y.sj§/163 ·[ce|fe|gre|ppre|pre|se|sse]ssion/[C]e.sj§/148 ·[ci|lli|vi|xci]sion/[C]i.zj§/134 ·[mi|mmi|sci]ssion/[C]i.sj§/113 ·[cau|mmo|mo|vo]tion/[C]o.sj§/56 ·[pé|xpé|é]tition/[C]e.i.sj§/35 ·[ce|fe|gre|pre|xpre]ssion/[C]E.sj§/45 ·[cep|xcep]tion/[C]Ep.sj§/43	·[bu|cu|llu|lu|nu|ru|tu]tion,·[cau|mmo|mo|vo]tion | ·[ce|fe|gre|pre|xpre]ssion | ·[bi|ci|ddi|di|gni|li|mi|ni|ri|si|sti|ti|tri]tion | ·[ce|fe|gre|ppre|pre|se|sse]ssion | ·[pé|xpé|é]tition | ·[cep|xcep]tion | ·[mi|mmi|sci]ssion | ·[sten|ten|tten|ven]tion | ·[ci|lli|vi|xci]sion	·[cau|mmo|mo|vo]tion~·[ce|fe|gre|pre|xpre]ssion:23(,pro) ; ·[bi|ci|ddi|di|gni|li|mi|ni|ri|si|sti|ti|tri]tion~·[ce|fe|gre|ppre|pre|se|sse]ssion:23(po,con,s) ; ·[pé|xpé|é]tition~·[cep|xcep]tion:20(r,) ; ·[mi|mmi|sci]ssion~·[cep|xcep]tion:19(,per,r) ; ·[mi|mmi|sci]ssion~·[cau|mmo|mo|vo]tion:18(,d,co)	286	1448.8	2932.7		
S019	suffix	·ation/a.sj§/1359 tation/ta.sj§/259 ration/Ra.sj§/234 ·ration/Ra.sj§/228 ·tation/ta.sj§/167 cation/ka.sj§/153 ·cation/ka.sj§/148 ·lation/la.sj§/129 sation/za.sj§/108 lation/la.sj§/83 ·sation/za.sj§/72	·ation | ration,sation,lation | ·ration,·sation | tation,·lation | cation | ·tation | ·cation	·ation~ration:197(op,decla,gen) ; ·ation~·ration:190(op,decla,gen) ; ration~·ration:189(op,decla,gen) ; ·ation~tation:161(repu,invi,represen) ; ·ation~cation:121(expli,edu,communi)	1448	1439.8	2879.6	suffix -tion (tion ssion sion ration cation lation ciation ction ntion ition ption rtion ...)	
P009	prefix	per/pER/1189 ser/sER/432 inER·/5.ER/165 inter/5.tER/160 éER·/e.ER/92 cer/sER/168 fer/fER/158 ter/tER/148 enER·/@.ER/67 ver/vER/32	inER·,éER·,fer,ter | ser,inter,cer,enER· | per,ver	inER·~inter:59(venir,national,dit) ; fer~enER·:13(mer) ; éER·~ver:3(ger) ; inER·~cer:1(tain,nabl) ; inER·~ver:0(dir)	1038	2451.1	2775.0	prefix Latin (inter super multi trans re)	
P010	prefix	ai·/a.i/961 ai°·/E.°/346 ais·/a.is/60	ai· | ai°·,ais·	ai·~ai°·:16(ver,ron,let) ; ai·~ais·:14(ter,tant)	675	1367.5	2735.0		
S020	suffix	·[bé|cé|dé|fé|gé|lé|mmé|mé|né|pé|scé|ssié|sé|té|vé]rer/[C]e.Re/349 ·[be|ble|bre|ce|che|cre|de|dre|fe|ffe|ffle|fle|fre|ge|gle|gne|gre|gue|ille|le|lle|me|ne|nne|pe|que|re|rre|se|sse|te|tre|tte|ve|vre]ries/[C]°.Ri/343 ·[mi|pi|si|ti|tti|vi|xpi]rer/[C]i.Re/204 ·[bre|bé|ce|le|lle|lé|mé|pé|que|qué|re|ré|se|sé|té]ro/[C]e.Ro/186 ·[bu|cu|du|gu|ju|lu|mu|pu|ssu|su|tu]rer/[C]y.Re/158 ·[bé|cé|dé|ffé|fé|gé|lé|mé|nié|né|pé|rrié|ssié|thé|té]ré/[C]e.Re/73 ·[chi|di|ffi|fi|gi|li|mi|ni|pi|pri|qui|ri|si|ti]llerie/[C]i.*.Ri/35 ·[chi|di|ffi|fi|gi|li|mi|ni|pi|pri|qui|si|ti]llerie/[C]i.°.Ri/34 ·[an|blan|dan|fan|gen|lan|men|mman|pen|ran|san|sen|ïen]terie/[C]@.°.Ri/31	·[bre|bé|ce|le|lle|lé|mé|pé|que|qué|re|ré|se|sé|té]ro,·[chi|di|ffi|fi|gi|li|mi|ni|pi|pri|qui|ri|si|ti]llerie | ·[chi|di|ffi|fi|gi|li|mi|ni|pi|pri|qui|si|ti]llerie | ·[mi|pi|si|ti|tti|vi|xpi]rer,·[an|blan|dan|fan|gen|lan|men|mman|pen|ran|san|sen|ïen]terie | ·[bu|cu|du|gu|ju|lu|mu|pu|ssu|su|tu]rer | ·[bé|cé|dé|fé|gé|lé|mmé|mé|né|pé|scé|ssié|sé|té|vé]rer | ·[bé|cé|dé|ffé|fé|gé|lé|mé|nié|né|pé|rrié|ssié|thé|té]ré | ·[be|ble|bre|ce|che|cre|de|dre|fe|ffe|ffle|fle|fre|ge|gle|gne|gre|gue|ille|le|lle|me|ne|nne|pe|que|re|rre|se|sse|te|tre|tte|ve|vre]ries	·[chi|di|ffi|fi|gi|li|mi|ni|pi|pri|qui|ri|si|ti]llerie~·[chi|di|ffi|fi|gi|li|mi|ni|pi|pri|qui|si|ti]llerie:30(ar,,pa) ; ·[mi|pi|si|ti|tti|vi|xpi]rer~·[bu|cu|du|gu|ju|lu|mu|pu|ssu|su|tu]rer:17(a,r,) ; ·[bé|cé|dé|fé|gé|lé|mmé|mé|né|pé|scé|ssié|sé|té|vé]rer~·[mi|pi|si|ti|tti|vi|xpi]rer:12(r,trans,a) ; ·[bé|cé|dé|fé|gé|lé|mmé|mé|né|pé|scé|ssié|sé|té|vé]rer~·[bé|cé|dé|ffé|fé|gé|lé|mé|nié|né|pé|rrié|ssié|thé|té]ré:11(exa,pr,deses) ; ·[be|ble|bre|ce|che|cre|de|dre|fe|ffe|ffle|fle|fre|ge|gle|gne|gre|gue|ille|le|lle|me|ne|nne|pe|que|re|rre|se|sse|te|tre|tte|ve|vre]ries~·[an|blan|dan|fan|gen|lan|men|mman|pen|ran|san|sen|ïen]terie:5(bou,ga,co)	1431	1313.4	2692.9		
S021	suffix	·lement/l°.m@/751 lement/l°.m@/545 ·[a|ba|bi|bou|bra|bri|bu|ca|ci|cia|cou|cu|cè|da|dia|do|ffo|fou|ga|gi|gna|gra|llu|llè|lu|ma|mê|na|ni|nia|pa|pha|qui|què|ra|ri|ria|rou|rô|sa|so|ta|ti|tia|tra|tè|va|ve|vi|via|vo|xa]lement/*.l°.m@/251 ·[a|ba|bi|bou|bra|bri|bu|ca|ci|cia|cou|cu|cè|da|dia|do|ffo|fou|ga|gi|gna|gra|llu|llè|lu|ma|mê|na|ni|nia|pa|pha|què|ra|ri|ria|rou|rô|sa|so|ta|ti|tia|tra|tè|va|vi|via|vo|xa]lement/*.l°.m@/237 ·[ba|cie|co|due|e|me|ne|nne|nnue|nue|qui|re|rie|se|sue|te|tie|tue|ve|xtue|xue]llement/*.l°.m@/148 ·[a|ba|bla|ca|cca|cha|ci|da|dia|dou|ffa|ga|gi|gno|illi|la|lu|ma|na|nia|nna|pa|qua|ra|ria|rri|sa|si|ssa|ssem|ssi|ta|ti|tia|tta|va|xi|ça]blement/*.bl°.m@/130 llement/l°.m@/148 ·blement/bl°.m@/145 blement/bl°.m@/144	·lement,·blement | lement,llement,blement | ·[a|ba|bi|bou|bra|bri|bu|ca|ci|cia|cou|cu|cè|da|dia|do|ffo|fou|ga|gi|gna|gra|llu|llè|lu|ma|mê|na|ni|nia|pa|pha|qui|què|ra|ri|ria|rou|rô|sa|so|ta|ti|tia|tra|tè|va|ve|vi|via|vo|xa]lement | ·[a|ba|bi|bou|bra|bri|bu|ca|ci|cia|cou|cu|cè|da|dia|do|ffo|fou|ga|gi|gna|gra|llu|llè|lu|ma|mê|na|ni|nia|pa|pha|què|ra|ri|ria|rou|rô|sa|so|ta|ti|tia|tra|tè|va|vi|via|vo|xa]lement | ·[ba|cie|co|due|e|me|ne|nne|nnue|nue|qui|re|rie|se|sue|te|tie|tue|ve|xtue|xue]llement | ·[a|ba|bla|ca|cca|cha|ci|da|dia|dou|ffa|ga|gi|gno|illi|la|lu|ma|na|nia|nna|pa|qua|ra|ria|rri|sa|si|ssa|ssem|ssi|ta|ti|tia|tta|va|xi|ça]blement	·lement~lement:541(seu,fina,ega) ; ·[a|ba|bi|bou|bra|bri|bu|ca|ci|cia|cou|cu|cè|da|dia|do|ffo|fou|ga|gi|gna|gra|llu|llè|lu|ma|mê|na|ni|nia|pa|pha|qui|què|ra|ri|ria|rou|rô|sa|so|ta|ti|tia|tra|tè|va|ve|vi|via|vo|xa]lement~·[a|ba|bi|bou|bra|bri|bu|ca|ci|cia|cou|cu|cè|da|dia|do|ffo|fou|ga|gi|gna|gra|llu|llè|lu|ma|mê|na|ni|nia|pa|pha|què|ra|ri|ria|rou|rô|sa|so|ta|ti|tia|tra|tè|va|vi|via|vo|xa]lement:236(fi,,to) ; ·blement~blement:142(proba,terri,visi) ; ·[a|ba|bi|bou|bra|bri|bu|ca|ci|cia|cou|cu|cè|da|dia|do|ffo|fou|ga|gi|gna|gra|llu|llè|lu|ma|mê|na|ni|nia|pa|pha|qui|què|ra|ri|ria|rou|rô|sa|so|ta|ti|tia|tra|tè|va|ve|vi|via|vo|xa]lement~·[ba|cie|co|due|e|me|ne|nne|nnue|nue|qui|re|rie|se|sue|te|tie|tue|ve|xtue|xue]llement:14(tran,nou,d) ; ·lement~llement:14(tranqui,nouv,deco)	444	1030.5	2576.1		
S022	suffix	·tement/t°.m@/797 tement/t°.m@/721 ·gement/Z°.m@/135 vement/v°.m@/121 ·ement/e.m@/110 ·vement/v°.m@/101 gement/Z°.m@/100 ·dement/d°.m@/79 dement/d°.m@/76 ·mement/m°.m@/38 mement/m°.m@/34	·tement,·gement,·mement | tement,vement,gement | ·ement,·vement,·dement | dement,mement	·tement~tement:701(exac,compl,appar) ; ·gement~gement:82(chan,enga,arran) ; vement~·vement:79(mou,effecti,enl) ; ·dement~dement:69(rapi,comman,bombar) ; ·mement~mement:34(extr,cal,deuxi)	575	1286.6	2573.0	suffix -ment (ment vement)	
S023	suffix	son/z§/1318 çon/s§/298 don/d§/286 ton/t§/161 sson/s§/137 ron/R§/95 son/s§/91 on/§/53 bon/b§/45 mon/m§/32 gon/g§/26 con/k§/25	son,çon,ton,bon,con | don,sson,son,on,gon | ron,mon	son~sson:19(poi,fri) ; don~bon:1(bour,char) ; ton~sson:1(mou,cr) ; son~don:1(gueri) ; ton~ron:1(mou,lis)	517	2567.3	2567.3	suffix vowel/glide endings (on ène aire aux tude oine ouine ué oué quel)	
S024	suffix	ver/ve/2103 vé/ve/181 vent/v@/156 vant/v@/66 vée/ve/49	ver | vé,vent | vée | vant	ver~vé:96(arri,el,trou) ; ver~vée:42(arri,cou,aggra) ; vé~vée:42(arri,rel) ; ver~vant:3(ener,cr,eprou) ; vé~vant:2(ener,cr,moti)	618	2554.8	2554.8		
S025	suffix	der/de/1686 dant/d@/453 dent/d@/352 dé/de/60	der | dant | dé | dent	der~dant:19(comman,emmer,degra) ; der~dé:18(proc,deci,retar) ; der~dent:2(presi,resi,exc) ; dant~dé:1(comman,fon,poss) ; dant~dent:0(exc,resi)	1434	2550.9	2550.9		
S026	suffix	·[bi|ca|cer|ci|di|gi|li|mi|pre|qui|sci|si|sso|te|ter|ti|to|traî|tti|ve|ver]nant/*.n@/1068 ·[do|e|geo|illo|llo|o|ro|so|ssio|sso|to]nnant/*.n@/39 ·[a|ba|da|go|la|li|lo|po|ra|ta|to|va]nais/*.nE/38 ·[ci|me|mi|mé|ri|ti]née/*.ne/34 ·[ba|bo|cho|do|dro|e|ffo|fo|llo|lo|pho|ra|ro|sio|so|ssio|tio|to|vro|ço]nné/*.ne/33 ·[bi|cor|di|li|que|qui|ssi|tchou|ti|tou]net/*.nE/32	·[do|e|geo|illo|llo|o|ro|so|ssio|sso|to]nnant,·[a|ba|da|go|la|li|lo|po|ra|ta|to|va]nais,·[ci|me|mi|mé|ri|ti]née | ·[ba|bo|cho|do|dro|e|ffo|fo|llo|lo|pho|ra|ro|sio|so|ssio|tio|to|vro|ço]nné | ·[bi|ca|cer|ci|di|gi|li|mi|pre|qui|sci|si|sso|te|ter|ti|to|traî|tti|ve|ver]nant | ·[bi|cor|di|li|que|qui|ssi|tchou|ti|tou]net	·[do|e|geo|illo|llo|o|ro|so|ssio|sso|to]nnant~·[ba|bo|cho|do|dro|e|ffo|fo|llo|lo|pho|ra|ro|sio|so|ssio|tio|to|vro|ço]nné:5(,pa,bou) ; ·[bi|ca|cer|ci|di|gi|li|mi|pre|qui|sci|si|sso|te|ter|ti|to|traî|tti|ve|ver]nant~·[ba|bo|cho|do|dro|e|ffo|fo|llo|lo|pho|ra|ro|sio|so|ssio|tio|to|vro|ço]nné:1(a,gou,or) ; ·[ba|bo|cho|do|dro|e|ffo|fo|llo|lo|pho|ra|ro|sio|so|ssio|tio|to|vro|ço]nné~·[bi|cor|di|li|que|qui|ssi|tchou|ti|tou]net:0(ba,cou) ; ·[bi|ca|cer|ci|di|gi|li|mi|pre|qui|sci|si|sso|te|ter|ti|to|traî|tti|ve|ver]nant~·[bi|cor|di|li|que|qui|ssi|tchou|ti|tou]net:0(en,co,pi) ; ·[ci|me|mi|mé|ri|ti]née~·[ba|bo|cho|do|dro|e|ffo|fo|llo|lo|pho|ra|ro|sio|so|ssio|tio|to|vro|ço]nné:0(ch,a)	405	1244.5	2489.0		
P011	prefix	par/paR/2026 paa·/pa.a/66 para/pa.Ra/40 para·/pa.Ra/35 parti/paR.ti/30	par,paa·,parti | para | para·	paa·~para:23(sit,chut,graph) ; paa·~para·:1(der) ; para~para·:1(der)	458	2128.4	2257.7		
S027	suffix	·°nant/°.n@/1122 tenant/t°.n@/1110 ·tenant/t°.n@/1029	·°nant | tenant | ·tenant	·°nant~tenant:1109(main,lieu,con) ; ·°nant~·tenant:1029(main,con,appar) ; tenant~·tenant:1029(main,con,appar)	31	1122.5	2241.1		
P012	prefix	re[char|gar|mar|par|tar]·/R°.[C]aR/658 re[cour|four|lour|tour]·/R°.[C]uR/157 re[cher|fer|mer|per|ver]·/R°.[C]ER/147 in[cor|for|sor]·/5.[C]OR/102 en[cor|dor|gor|tor]·/@.[C]OR/35	re[cour|four|lour|tour]·,re[cher|fer|mer|per|ver]· | re[char|gar|mar|par|tar]·,in[cor|for|sor]· | en[cor|dor|gor|tor]·	re[cher|fer|mer|per|ver]·~in[cor|for|sor]·:3(mer) ; re[char|gar|mar|par|tar]·~re[cher|fer|mer|per|ver]·:1(cher) ; re[cour|four|lour|tour]·~en[cor|dor|gor|tor]·:0(ner,der) ; re[char|gar|mar|par|tar]·~en[cor|dor|gor|tor]·:0(der)	500	1099.3	2198.7		
P013	prefix	sa/sa/2177 sta/sta/21	sa,sta		241	2197.9	2197.9		
S028	suffix	·rité/Ri.te/398 ·[a|ba|bi|bo|ca|cia|co|cra|cu|da|dua|dé|ga|gi|gé|ma|mé|na|nna|phi|po|ra|ri|ria|sua|ta|ti|tia|tra|tua|va|vi|via|xua]liser/*.li.ze/274 ·[a|ba|bi|bo|ca|cia|co|cra|cu|da|dua|dé|ga|gi|gé|ma|mé|na|nna|phi|qui|ra|ri|ria|sua|ta|te|ti|tia|tra|tua|va|vi|via|xua]liser/*.li.ze/251 ·[ca|cu|cé|da|ga|jo|la|lia|lla|mé|no|o|pa|pla|pé|rio|scu|shé|ta|to|tu|té|vé|xté]rité/*.Ri.te/215 ·[cu|da|ga|jo|la|lia|no|o|pa|rio|shé|ta|to|té]rité/*.Ri.te/190 rité/Ri.te/233 ·[bo|cu|cé|da|do|ga|go|la|lia|lo|mo|mé|no|po|ra|rio|rro|sau|so|ssoi|ssu|ta|teu|to|tou|tu|ty|té|vo|vé]risé/*.Ri.ze/50 ·[bo|ca|chro|co|dem|der|ga|go|li|lli|llé|lo|ma|mi|mmu|mo|no|po|ta|ter|ti|va]niser/*.ni.ze/48 ·[bo|cu|cé|da|do|ga|go|la|lia|lo|mo|mé|no|o|po|ra|rio|rro|so|ssoi|ssu|ta|teu|to|tou|tu|té|vo|vé]risé/*.Ri.ze/45 ·[bo|ca|chro|co|dem|der|ga|go|le|li|lli|llé|lo|ma|mi|mmu|mo|no|po|ra|ta|ter|ti|va]niser/*.ni.ze/42 riser/Ri.ze/51 ·risé/Ri.ze/45	·rité,·[ca|cu|cé|da|ga|jo|la|lia|lla|mé|no|o|pa|pla|pé|rio|scu|shé|ta|to|tu|té|vé|xté]rité | ·[cu|da|ga|jo|la|lia|no|o|pa|rio|shé|ta|to|té]rité,rité | ·[a|ba|bi|bo|ca|cia|co|cra|cu|da|dua|dé|ga|gi|gé|ma|mé|na|nna|phi|po|ra|ri|ria|sua|ta|ti|tia|tra|tua|va|vi|via|xua]liser,riser | ·[a|ba|bi|bo|ca|cia|co|cra|cu|da|dua|dé|ga|gi|gé|ma|mé|na|nna|phi|qui|ra|ri|ria|sua|ta|te|ti|tia|tra|tua|va|vi|via|xua]liser,·risé | ·[bo|ca|chro|co|dem|der|ga|go|li|lli|llé|lo|ma|mi|mmu|mo|no|po|ta|ter|ti|va]niser | ·[bo|ca|chro|co|dem|der|ga|go|le|li|lli|llé|lo|ma|mi|mmu|mo|no|po|ra|ta|ter|ti|va]niser | ·[bo|cu|cé|da|do|ga|go|la|lia|lo|mo|mé|no|po|ra|rio|rro|sau|so|ssoi|ssu|ta|teu|to|tou|tu|ty|té|vo|vé]risé | ·[bo|cu|cé|da|do|ga|go|la|lia|lo|mo|mé|no|o|po|ra|rio|rro|so|ssoi|ssu|ta|teu|to|tou|tu|té|vo|vé]risé	·rité~rité:183(secu,auto,cha) ; ·[ca|cu|cé|da|ga|jo|la|lia|lla|mé|no|o|pa|pla|pé|rio|scu|shé|ta|to|tu|té|vé|xté]rité~·[cu|da|ga|jo|la|lia|no|o|pa|rio|shé|ta|to|té]rité:170(s,au,ma) ; ·[a|ba|bi|bo|ca|cia|co|cra|cu|da|dua|dé|ga|gi|gé|ma|mé|na|nna|phi|po|ra|ri|ria|sua|ta|ti|tia|tra|tua|va|vi|via|xua]liser~·[a|ba|bi|bo|ca|cia|co|cra|cu|da|dua|dé|ga|gi|gé|ma|mé|na|nna|phi|qui|ra|ri|ria|sua|ta|te|ti|tia|tra|tua|va|vi|via|xua]liser:114(u,r,lo) ; ·[bo|ca|chro|co|dem|der|ga|go|li|lli|llé|lo|ma|mi|mmu|mo|no|po|ta|ter|ti|va]niser~·[bo|ca|chro|co|dem|der|ga|go|le|li|lli|llé|lo|ma|mi|mmu|mo|no|po|ra|ta|ter|ti|va]niser:18(or,reor,) ; riser~·risé:13(auto,terro,memo)	1526	818.6	2195.4	suffix -ité (ité rité ilité bilité bité vité cité sité)	
S029	suffix	·ité/i.te/1040 lité/li.te/297 ·lité/li.te/283 ·nité/ni.te/133 nité/ni.te/90 dité/di.te/28	·ité | lité,nité | ·lité,·nité | dité	·ité~lité:257(rea,responsabi,qua) ; ·ité~·lité:245(rea,responsabi,qua) ; lité~·lité:240(rea,responsabi,qua) ; ·ité~nité:84(huma,eter,opportu) ; ·ité~·nité:79(huma,eter,opportu)	1394	1090.5	2164.0		
P014	prefix	é/e/2006 hé/e/132	é | hé	é~hé:0(ros)	1895	2137.4	2137.4		
S030	suffix	ci/si/1654 cile/sil/228 ·ciné/si.ne/56 cide/sid/49 tie/si/35 cine/sin/24 cis/si/24	ci,cile,·ciné,cide,tie | cine,cis	cile~cis:0(con) ; ·ciné~cine:0(vac)	231	2069.2	2125.1	suffix consonant clusters (tre taire ture fre vre fer vaire erve ste sque ce th ille reille gnon cis ci rbe rne)	
P015	prefix	de[ba|man|ve|vi|vien|vri]·/d°.*/943 di[gi|gé|la|rec|ri|va|ver|vi]·/di.*/116	de[ba|man|ve|vi|vien|vri]· | di[gi|gé|la|rec|ri|va|ver|vi]·	de[ba|man|ve|vi|vien|vri]·~di[gi|gé|la|rec|ri|va|ver|vi]·:0(ser)	228	1059.6	2119.1		
P016	prefix	se/s°/1245 sé/se/317 ce/s°/278 sen/s@/204 cen/s@/43 cé/se/31	se,ce,sen,cen | sé,cé	cen~cé:0(sur,ton) ; se~sé:0(rial,creter)	394	2118.3	2118.3		
P017	prefix	ma/ma/1807 mar/maR/253 ma[chi|cu|la|li|me|na|que|qui|ri|te|thé|ti|tra|ço]·/ma.*/53	ma,ma[chi|cu|la|li|me|na|que|qui|ri|te|thé|ti|tra|ço]· | mar	ma~mar:1(lin,tin)	451	2059.4	2112.6		
P018	prefix	é[bou|brou|cou|crou|mou|pou|prou|tou]·/e.[C]u/257 dé[bou|brou|clou|cloue|cou|dou|fou|gou|goû|joue|mou|noue|pou|rou|trou]·/de.[C]u/180 dé[am|ban|bran|cam|can|cen|chan|clen|cram|fen|jan|mem|men|pen|plan|ran|san|sen|ten|trem]·/de.[C]@/131 dé[bi|bri|brie|chi|ci|cli|cri|crie|fi|fie|fri|gi|gri|gui|li|lie|mi|my|ni|pi|pri|qui|ri|si|tri|vi]·/de.[C]i/106 dé[be|bra|braie|chaî|crê|dai|fe|fle|fra|fraî|gai|grai|gè|la|lai|me|mè|mê|nei|niai|pei|plai|pre|pê|ra|rai|rè|te|tei|ve|vei|vê]·/de.[C]E/81 dé[feu|fleu|gueu|jeu|meu|peu]·/de.[C]9/80 dé[cré|cé|fra|fraî|fé|gré|gé|lé|mé|né|pa|plai|pre|pré|pé|ra|raie|ré|sé|vê]·/de.[C]e/76 démé[a|da|ga|gle|gré|gu|mi|na|né|ri|ssu|y]·/de.[C]e.*/34 repré[co|cou|fi|ga|go|gue|lé|ma|pi|po|sen]·/R°.[C]e.*/32 dé[bon|bron|com|con|fon|gon|mon|nom|on|plom|trom|tron]·/de.[C]§/47	é[bou|brou|cou|crou|mou|pou|prou|tou]·,dé[am|ban|bran|cam|can|cen|chan|clen|cram|fen|jan|mem|men|pen|plan|ran|san|sen|ten|trem]·,dé[feu|fleu|gueu|jeu|meu|peu]· | démé[a|da|ga|gle|gré|gu|mi|na|né|ri|ssu|y]·,dé[bon|bron|com|con|fon|gon|mon|nom|on|plom|trom|tron]· | dé[bi|bri|brie|chi|ci|cli|cri|crie|fi|fie|fri|gi|gri|gui|li|lie|mi|my|ni|pi|pri|qui|ri|si|tri|vi]· | dé[cré|cé|fra|fraî|fé|gré|gé|lé|mé|né|pa|plai|pre|pré|pé|ra|raie|ré|sé|vê]· | repré[co|cou|fi|ga|go|gue|lé|ma|pi|po|sen]· | dé[be|bra|braie|chaî|crê|dai|fe|fle|fra|fraî|gai|grai|gè|la|lai|me|mè|mê|nei|niai|pei|plai|pre|pê|ra|rai|rè|te|tei|ve|vei|vê]· | dé[bou|brou|clou|cloue|cou|dou|fou|gou|goû|joue|mou|noue|pou|rou|trou]·	dé[am|ban|bran|cam|can|cen|chan|clen|cram|fen|jan|mem|men|pen|plan|ran|san|sen|ten|trem]·~démé[a|da|ga|gle|gré|gu|mi|na|né|ri|ssu|y]·:14(ger,gement) ; dé[bi|bri|brie|chi|ci|cli|cri|crie|fi|fie|fri|gi|gri|gui|li|lie|mi|my|ni|pi|pri|qui|ri|si|tri|vi]·~dé[cré|cé|fra|fraî|fé|gré|gé|lé|mé|né|pa|plai|pre|pré|pé|ra|raie|ré|sé|vê]·:8(ssion,ner,der) ; é[bou|brou|cou|crou|mou|pou|prou|tou]·~repré[co|cou|fi|ga|go|gue|lé|ma|pi|po|sen]·:5(ter) ; é[bou|brou|cou|crou|mou|pou|prou|tou]·~dé[bon|bron|com|con|fon|gon|mon|nom|on|plom|trom|tron]·:3(ter) ; repré[co|cou|fi|ga|go|gue|lé|ma|pi|po|sen]·~dé[bon|bron|com|con|fon|gon|mon|nom|on|plom|trom|tron]·:3(ter)	1987	990.0	2046.2		
P019	prefix	im/5/1032 in/5/991 fin/f5/2 in/in/0	im,in,fin,in		1624	2025.1	2025.1	prefix consonant+en (fin fen ten tén ven vén); prefix nasal+consonant (ent end int ind in ins ens)	
S031	suffix	·[bé|crè|fai|ille|lè|nnê|plè|que|què|strai|tê|vê]tement/[C]E.t°.m@/176 ·[bé|crè|fai|lè|nnê|plè|què|strai|tê|vê]tement/[C]E.t°.m@/176 ·[cheu|cieu|deu|dieu|eu|ffreu|geu|gieu|gneu|gueu|illeu|leu|lleu|meu|neu|nieu|nneu|peu|pieu|queu|quieu|reu|rieu|sseu|teu|tieu|treu|veu|vreu|xieu]sement/[C]2.z°.m@/151 ·[chai|chaî|dai|die|e|lai|mai|rai|rei|rrai|sai|scè|tai|traî|vè|vé]nement/[C]E.n°.m@/116 ·[chai|chaî|dai|lai|mai|rai|rei|rrai|sai|scè|tai|traî|vè|vé]nement/[C]E.n°.m@/114 ·[cie|e|me|ne|nne|re|rie|se|te|tie|ve]llement/[C]E.l°.m@/100 ·[cen|chan|gen|glan|lan|man|men|mman|mmen|nan|nnan|pen|ran|ren|rran|sen|ssem|ten|tran|van]dement/[C]@.°.m@/57 ·[bo|do|fo|gno|illo|llo|mo|o|po|ro|sio|so|sso|tio|to|ço]nnement/[C]O.n°.m@/41 ·[due|nnue|nue|sue|tue|xtue|xue]llement/[C]8E.l°.m@/34	·[bé|crè|fai|ille|lè|nnê|plè|que|què|strai|tê|vê]tement,·[bo|do|fo|gno|illo|llo|mo|o|po|ro|sio|so|sso|tio|to|ço]nnement | ·[bé|crè|fai|lè|nnê|plè|què|strai|tê|vê]tement | ·[chai|chaî|dai|die|e|lai|mai|rai|rei|rrai|sai|scè|tai|traî|vè|vé]nement,·[cie|e|me|ne|nne|re|rie|se|te|tie|ve]llement | ·[chai|chaî|dai|lai|mai|rai|rei|rrai|sai|scè|tai|traî|vè|vé]nement | ·[cen|chan|gen|glan|lan|man|men|mman|mmen|nan|nnan|pen|ran|ren|rran|sen|ssem|ten|tran|van]dement | ·[cheu|cieu|deu|dieu|eu|ffreu|geu|gieu|gneu|gueu|illeu|leu|lleu|meu|neu|nieu|nneu|peu|pieu|queu|quieu|reu|rieu|sseu|teu|tieu|treu|veu|vreu|xieu]sement | ·[due|nnue|nue|sue|tue|xtue|xue]llement	·[bé|crè|fai|ille|lè|nnê|plè|que|què|strai|tê|vê]tement~·[bé|crè|fai|lè|nnê|plè|què|strai|tê|vê]tement:175(com,par,ho) ; ·[chai|chaî|dai|die|e|lai|mai|rai|rei|rrai|sai|scè|tai|traî|vè|vé]nement~·[chai|chaî|dai|lai|mai|rai|rei|rrai|sai|scè|tai|traî|vè|vé]nement:99(cer,en,) ; ·[chai|chaî|dai|die|e|lai|mai|rai|rei|rrai|sai|scè|tai|traî|vè|vé]nement~·[cen|chan|gen|glan|lan|man|men|mman|mmen|nan|nnan|pen|ran|ren|rran|sen|ssem|ten|tran|van]dement:6(,en,a) ; ·[chai|chaî|dai|lai|mai|rai|rei|rrai|sai|scè|tai|traî|vè|vé]nement~·[cen|chan|gen|glan|lan|man|men|mman|mmen|nan|nnan|pen|ran|ren|rran|sen|ssem|ten|tran|van]dement:6(,en,a) ; ·[cen|chan|gen|glan|lan|man|men|mman|mmen|nan|nnan|pen|ran|ren|rran|sen|ssem|ten|tran|van]dement~·[bo|do|fo|gno|illo|llo|mo|o|po|ro|sio|so|sso|tio|to|ço]nnement:6(a,,ra)	381	674.9	2024.8		
S032	suffix	·[a|bra|cca|fra|ga|la|ma|mma|na|pa|ra|rra|sa|ssa|ta|tra|va]ger/[C]a.Ze/281 ·[a|ba|bra|ca|cha|gna|illa|la|ma|na|pa|ra|rra|ta|va]sser/[C]a.se/204 ·[ca|fa|ffa|ga|la|ma|na|pa|pla|tra]cer/[C]a.se/114 ·[ca|ra|ssa|ta|ttra]per/[C]a.pe/104 ·[ga|loi|moi|pa|poi|ta]gner/[C]a.Ne/89 ·[ba|de|pe|te]rrasser/*.[C]a.se/49 ·[bra|ma|na|tra|tta|voua]quer/[C]a.ke/68 ·[boi|bra|ca|cra|geoi|noi|phra|ra|roi|voi]ser/[C]a.ze/40 ·[ca|dam|doua|fa|ga|ma|na|pa|ta|va|voi]né/[C]a.ne/38 ·[ba|ca|cca|gra|illa|la|mma|na|ra|va|xtra]der/[C]a.de/36	·[ca|ra|ssa|ta|ttra]per | ·[bra|ma|na|tra|tta|voua]quer | ·[a|ba|bra|ca|cha|gna|illa|la|ma|na|pa|ra|rra|ta|va]sser | ·[a|bra|cca|fra|ga|la|ma|mma|na|pa|ra|rra|sa|ssa|ta|tra|va]ger,·[ga|loi|moi|pa|poi|ta]gner | ·[boi|bra|ca|cra|geoi|noi|phra|ra|roi|voi]ser | ·[ca|fa|ffa|ga|la|ma|na|pa|pla|tra]cer | ·[ba|de|pe|te]rrasser | ·[ba|ca|cca|gra|illa|la|mma|na|ra|va|xtra]der | ·[ca|dam|doua|fa|ga|ma|na|pa|ta|va|voi]né	·[ca|ra|ssa|ta|ttra]per~·[bra|ma|na|tra|tta|voua]quer:26(a,d) ; ·[a|ba|bra|ca|cha|gna|illa|la|ma|na|pa|ra|rra|ta|va]sser~·[ca|ra|ssa|ta|ttra]per:16(ra,r,d) ; ·[ga|loi|moi|pa|poi|ta]gner~·[boi|bra|ca|cra|geoi|noi|phra|ra|roi|voi]ser:15(,em,r) ; ·[a|bra|cca|fra|ga|la|ma|mma|na|pa|ra|rra|sa|ssa|ta|tra|va]ger~·[ca|fa|ffa|ga|la|ma|na|pa|pla|tra]cer:15(d,m,en) ; ·[ca|fa|ffa|ga|la|ma|na|pa|pla|tra]cer~·[ba|de|pe|te]rrasser:13(d)	803	973.7	1996.3		
P020	prefix	pro/pRo/1690 proi·/pRo.i/56 pro/pRO/107 profi/pRo.fi/48 proa·/pRo.a/24 proo·/pRo.o/24	proi·,pro,proa· | pro,profi,proo·	proi·~profi:24(ter,tabl,leur) ; proa·~proo·:0(ger) ; pro~proa·:0(nation) ; pro~pro:0(pret)	752	1883.4	1988.2		
P021	prefix	reco·/R°.ko/283 reu·/R°.u/257 re°·/R°.°/210 re§·/R°.§/63 re@·/R°.@/60 ree·/R°.e/56 remon/R°.m§/45 rao·/Ra.o/40 reo·/R°.o/22	reco·,re°·,re§· | remon | reu· | rao· | reo· | re@· | ree·	re§·~remon:22(ter,tant,te) ; reu·~re°·:11(ver,venir) ; rao·~reo·:8(cher,graphi,ter) ; reu·~rao·:4(cher,ter,der) ; reu·~reo·:3(cher,ter,der)	1349	988.1	1976.1		
S033	suffix	ger/Ze/1789 gé/Ze/101 gent/Z@/73	ger | gé | gent	ger~gé:37(obli,char,prot) ; ger~gent:1(negli,emer,conver) ; gé~gent:1(negli,ser,emer)	1193	1963.0	1963.0		
S034	suffix	·[a|ba|ca|cia|da|ga|gra|la|le|lia|ma|na|nha|nna|pa|ra|ria|sa|sha|ta|tia|tra|va|via]lité/[C]a.[C]i.te/201 ·[bi|bli|ci|gi|li|ni|qui|ri|ti|tri|vi|ï]lité/[C]i.[C]i.te/166 ·[a|ga|ma|ra|ssa|ta]giner/[C]a.[C]i.ne/141 ·[a|ca|cia|cu|ga|gi|jec|la|lec|llec|mmo|na|pa|sa|si|ta|tho]bilité/*.[C]i.[C]i.te/82 ·[cer|der|ter|ver]sité/[C]ER.i.te/72 ·[der|ter|ver]sité/[C]ER.[C]i.te/68 ·[ccré|ce|dé|llé|lé|mé|né|re|ré|shé|té|xtré]lité/[C]e.[C]i.te/35	·[cer|der|ter|ver]sité | ·[der|ter|ver]sité | ·[a|ca|cia|cu|ga|gi|jec|la|lec|llec|mmo|na|pa|sa|si|ta|tho]bilité | ·[a|ba|ca|cia|da|ga|gra|la|le|lia|ma|na|nha|nna|pa|ra|ria|sa|sha|ta|tia|tra|va|via]lité | ·[bi|bli|ci|gi|li|ni|qui|ri|ti|tri|vi|ï]lité | ·[ccré|ce|dé|llé|lé|mé|né|re|ré|shé|té|xtré]lité | ·[a|ga|ma|ra|ssa|ta]giner	·[cer|der|ter|ver]sité~·[der|ter|ver]sité:66(uni,,fra) ; ·[a|ca|cia|cu|ga|gi|jec|la|lec|llec|mmo|na|pa|sa|si|ta|tho]bilité~·[cer|der|ter|ver]sité:16() ; ·[a|ca|cia|cu|ga|gi|jec|la|lec|llec|mmo|na|pa|sa|si|ta|tho]bilité~·[der|ter|ver]sité:16() ; ·[a|ba|ca|cia|da|ga|gra|la|le|lia|ma|na|nha|nna|pa|ra|ria|sa|sha|ta|tia|tra|va|via]lité~·[a|ca|cia|cu|ga|gi|jec|la|lec|llec|mmo|na|pa|sa|si|ta|tho]bilité:9(,l,i) ; ·[a|ba|ca|cia|da|ga|gra|la|le|lia|ma|na|nha|nna|pa|ra|ria|sa|sha|ta|tia|tra|va|via]lité~·[cer|der|ter|ver]sité:8(,mo)	400	615.1	1927.2		
S035	suffix	·[bi|bli|bri|chi|ci|cri|di|dri|fi|gi|gri|gui|i|illi|li|lli|mi|ni|nni|noui|ny|phi|pi|pli|qui|ri|rri|sci|si|ssi|thi|ti|tri|tti|vi|vri|xi|y|ï]lement/[C]i.°.m@/346 ·[bi|bli|bri|chi|ci|cri|di|dri|fi|gi|gri|gui|i|illi|li|lli|mi|ni|nni|noui|ny|phi|pi|qui|ri|rri|sci|si|ssi|thi|ti|tri|tti|vi|vri|xi|y|ï]lement/[C]i.[C]°.m@/303 ·[a|ba|bra|ca|cia|da|dia|ffa|ga|gna|gra|ma|na|nia|pa|pha|ra|ria|sa|ta|tia|tra|va|via|voi|xa]lement/[C]a.l°.m@/191 ·[a|ba|bla|ca|cca|cha|da|dia|ffa|ga|la|ma|na|nia|nna|pa|qua|ra|ria|sa|ssa|ta|tia|tta|va|ça]blement/[C]a.bl°.m@/99 ·[bli|bri|chi|cli|di|fi|gi|li|mi|ni|nni|phi|pi|ri|si|ssi|thi|ti|tri|ï]quement/[C]i.k°.m@/89 ·[bi|bli|bri|chi|ci|di|dri|foui|gi|gri|gui|i|illi|li|lli|mi|ni|nni|noui|pi|pli|ri|rri|si|ssi|ti|tri|tti|vi|vri]ssement/[C]i.s°.m@/71 ·[bi|bli|chi|ci|di|dri|gi|gri|gui|i|illi|li|lli|mi|ni|nni|noui|pi|ri|rri|si|ssi|ti|tri|tti|vi|vri]ssement/[C]i.s°.m@/55 ·[di|sci|si|ssi|ti|vi|ï]vement/[C]i.v°.m@/53 ·[bi|bri|ci|ffi|gi|ni|pi|qui|ri|ti|vi]lement/[C]i.l°.m@/47 ·[bi|bri|ci|ffi|gi|ni|pi|ri|ti|vi]lement/[C]i.l°.m@/34	·[bi|bli|bri|chi|ci|cri|di|dri|fi|gi|gri|gui|i|illi|li|lli|mi|ni|nni|noui|ny|phi|pi|pli|qui|ri|rri|sci|si|ssi|thi|ti|tri|tti|vi|vri|xi|y|ï]lement | ·[bi|bli|bri|chi|ci|cri|di|dri|fi|gi|gri|gui|i|illi|li|lli|mi|ni|nni|noui|ny|phi|pi|qui|ri|rri|sci|si|ssi|thi|ti|tri|tti|vi|vri|xi|y|ï]lement | ·[bli|bri|chi|cli|di|fi|gi|li|mi|ni|nni|phi|pi|ri|si|ssi|thi|ti|tri|ï]quement,·[bi|bli|chi|ci|di|dri|gi|gri|gui|i|illi|li|lli|mi|ni|nni|noui|pi|ri|rri|si|ssi|ti|tri|tti|vi|vri]ssement | ·[a|ba|bra|ca|cia|da|dia|ffa|ga|gna|gra|ma|na|nia|pa|pha|ra|ria|sa|ta|tia|tra|va|via|voi|xa]lement,·[di|sci|si|ssi|ti|vi|ï]vement | ·[bi|bli|bri|chi|ci|di|dri|foui|gi|gri|gui|i|illi|li|lli|mi|ni|nni|noui|pi|pli|ri|rri|si|ssi|ti|tri|tti|vi|vri]ssement,·[bi|bri|ci|ffi|gi|ni|pi|qui|ri|ti|vi]lement | ·[a|ba|bla|ca|cca|cha|da|dia|ffa|ga|la|ma|na|nia|nna|pa|qua|ra|ria|sa|ssa|ta|tia|tta|va|ça]blement,·[bi|bri|ci|ffi|gi|ni|pi|ri|ti|vi]lement	·[bi|bli|bri|chi|ci|cri|di|dri|fi|gi|gri|gui|i|illi|li|lli|mi|ni|nni|noui|ny|phi|pi|pli|qui|ri|rri|sci|si|ssi|thi|ti|tri|tti|vi|vri|xi|y|ï]lement~·[bi|bli|bri|chi|ci|cri|di|dri|fi|gi|gri|gui|i|illi|li|lli|mi|ni|nni|noui|ny|phi|pi|qui|ri|rri|sci|si|ssi|thi|ti|tri|tti|vi|vri|xi|y|ï]lement:281(fa,ra,u) ; ·[bi|bli|bri|chi|ci|cri|di|dri|fi|gi|gri|gui|i|illi|li|lli|mi|ni|nni|noui|ny|phi|pi|pli|qui|ri|rri|sci|si|ssi|thi|ti|tri|tti|vi|vri|xi|y|ï]lement~·[bli|bri|chi|cli|di|fi|gi|li|mi|ni|nni|phi|pi|ri|si|ssi|thi|ti|tri|ï]quement:89(u,pra,phy) ; ·[bi|bli|bri|chi|ci|cri|di|dri|fi|gi|gri|gui|i|illi|li|lli|mi|ni|nni|noui|ny|phi|pi|qui|ri|rri|sci|si|ssi|thi|ti|tri|tti|vi|vri|xi|y|ï]lement~·[bli|bri|chi|cli|di|fi|gi|li|mi|ni|nni|phi|pi|ri|si|ssi|thi|ti|tri|ï]quement:89(u,pra,phy) ; ·[bi|bli|bri|chi|ci|cri|di|dri|fi|gi|gri|gui|i|illi|li|lli|mi|ni|nni|noui|ny|phi|pi|pli|qui|ri|rri|sci|si|ssi|thi|ti|tri|tti|vi|vri|xi|y|ï]lement~·[di|sci|si|ssi|ti|vi|ï]vement:53(effec,defini,atten) ; ·[bi|bli|bri|chi|ci|cri|di|dri|fi|gi|gri|gui|i|illi|li|lli|mi|ni|nni|noui|ny|phi|pi|pli|qui|ri|rri|sci|si|ssi|thi|ti|tri|tti|vi|vri|xi|y|ï]lement~·[bi|bli|bri|chi|ci|di|dri|foui|gi|gri|gui|i|illi|li|lli|mi|ni|nni|noui|pi|pli|ri|rri|si|ssi|ti|tri|tti|vi|vri]ssement:49(aver,eta,inves)	750	640.6	1921.9		
S036	suffix	tir/tiR/868 tie/ti/263 taine/tEn/209 time/tim/132 ti/ti/130 tile/til/102 tive/tiv/77 tiner/ti.ne/21 tine/tin/31 trine/tRin/28	tir,taine,tive,tiner,trine | tie,time | ti,tine | tile	tir~tie:226(par,sor,garan) ; tir~ti:64(par,ralen,garan) ; tie~ti:54(par,garan,repar) ; taine~time:3(cen) ; tie~tile:2(hos)	585	1860.9	1879.9		
S037	suffix	rer/Re/1257 rant/R@/222 ré/Re/135 rrer/Re/108 rent/R@/100 ·orer/o.Re/49	rer | ré,rrer | rant,rent,·orer	rer~ré:34(dechi,hono,assu) ; rer~rant:22(igno,rassu,atti) ; rant~ré:4(desesp,figu,colo) ; rer~·orer:1(ins,deco,comm) ; rer~rent:0(diff,adh,ref)	2119	1826.7	1872.9		
S038	suffix	·[cor|for|or|por|ppor|xpor]té/[C]OR.te/219 ·[four|jour|tour]ner/[C]uR.ne/143 ·[gou|lou|mou|vou]reux/[C]u.R2/95 ·[per|ver]ser/[C]ER.se/91 ·[ner|nner|ser]vé/[C]ER.ve/90 ·[lou|pou|quou|tou]ser/[C]u.ze/84 ·[ber|cer|ler|ser]té/[C]ER.te/81 ·[bou|brou|dou|drou|fou|gou|mou|nou|pou|rrou|sou|tou|trou|zou]iller/[C]u.je/46 ·[bor|ccor|cor]der/[C]OR.de/40 ·[cor|ffor|for|mor|vor]cer/[C]OR.se/34	·[cor|for|or|por|ppor|xpor]té | ·[gou|lou|mou|vou]reux,·[ner|nner|ser]vé | ·[lou|pou|quou|tou]ser,·[bor|ccor|cor]der | ·[four|jour|tour]ner | ·[bou|brou|dou|drou|fou|gou|mou|nou|pou|rrou|sou|tou|trou|zou]iller | ·[per|ver]ser | ·[cor|ffor|for|mor|vor]cer | ·[ber|cer|ler|ser]té	·[cor|for|or|por|ppor|xpor]té~·[gou|lou|mou|vou]reux:34(a) ; ·[cor|for|or|por|ppor|xpor]té~·[bor|ccor|cor]der:12(a,d,ra) ; ·[gou|lou|mou|vou]reux~·[bor|ccor|cor]der:11(a,sa) ; ·[ner|nner|ser]vé~·[lou|pou|quou|tou]ser:10() ; ·[four|jour|tour]ner~·[ner|nner|ser]vé:8(r,con)	489	923.5	1846.9		
S039	suffix	·[cro|lo|pho|po|ppo|rro|xplo]ser/[C]o.ze/236 ·[sio|so|ssio|tio]nnel/[C]o.nEl/190 ·[bo|co|do|fo|gno|go|jo|lio|lo|mo|no|plo|po|rio|ro|tau|to|vo|xplo]rer/[C]o.Re/134 ·[co|do|fo|gno|go|lo|no|plo|tau|to|vo]rant/[C]o.R@/59 ·[gio|go|mo|o|ro|tio|to|tom|tro]nale/[C]o.nal/57 ·[blo|cho|cro|ffo|llo|lo|slo|vo]quer/[C]o.ke/45 ·[co|mo|pho|trô]né/[C]o.ne/44 ·[do|geo|illo|llo|o|ro|so|ssio|sso|to]nnant/[C]o.n@/38 ·[bro|lo|mo|ro|rro|tau]ger/[C]o.Ze/34 ·[bo|cho|do|dro|ffo|fo|llo|lo|pho|ro|sio|so|ssio|tio|to|vro|ço]nné/[C]o.ne/33 ·[go|lo|po|to]nais/[C]o.nE/32	·[cro|lo|pho|po|ppo|rro|xplo]ser,·[sio|so|ssio|tio]nnel,·[go|lo|po|to]nais | ·[bo|co|do|fo|gno|go|jo|lio|lo|mo|no|plo|po|rio|ro|tau|to|vo|xplo]rer | ·[co|do|fo|gno|go|lo|no|plo|tau|to|vo]rant,·[do|geo|illo|llo|o|ro|so|ssio|sso|to]nnant | ·[blo|cho|cro|ffo|llo|lo|slo|vo]quer | ·[co|mo|pho|trô]né,·[bo|cho|do|dro|ffo|fo|llo|lo|pho|ro|sio|so|ssio|tio|to|vro|ço]nné | ·[bro|lo|mo|ro|rro|tau]ger | ·[gio|go|mo|o|ro|tio|to|tom|tro]nale	·[cro|lo|pho|po|ppo|rro|xplo]ser~·[bo|co|do|fo|gno|go|jo|lio|lo|mo|no|plo|po|rio|ro|tau|to|vo|xplo]rer:17(a,,d) ; ·[cro|lo|pho|po|ppo|rro|xplo]ser~·[do|geo|illo|llo|o|ro|so|ssio|sso|to]nnant:16(,r) ; ·[cro|lo|pho|po|ppo|rro|xplo]ser~·[blo|cho|cro|ffo|llo|lo|slo|vo]quer:13(pro,,su) ; ·[bo|co|do|fo|gno|go|jo|lio|lo|mo|no|plo|po|rio|ro|tau|to|vo|xplo]rer~·[co|do|fo|gno|go|lo|no|plo|tau|to|vo]rant:7(i,res,desho) ; ·[bo|co|do|fo|gno|go|jo|lio|lo|mo|no|plo|po|rio|ro|tau|to|vo|xplo]rer~·[do|geo|illo|llo|o|ro|so|ssio|sso|to]nnant:6(,r,pi)	964	901.5	1802.9		
S040	suffix	·[bé|cré|dé|fé|gré|gé|lé|mé|né|pré|pé|rré|té|vé|é]ration/[C]e.[C]a.sj§/141 ·[bu|ccu|cu|du|gu|ju|lu|mu|nhu|nu|ppu|pu|tu|xsu]cation/[C]y.[C]a.sj§/111 ·[bo|mo|po|ppo|xpo]sition/[C]o.i.sj§/83 ·[po|ppo|xpo]sition/[C]o.zi.sj§/79 ·[for|xpor]mations/[C]OR.[C]a.sj§/69 ·[a|cla|dam|fa|ffa|fla|ggra|la|nha|pa|qua|ta|xploi]ration/[C]a.[C]a.sj§/68 ·[bo|bro|co|ffo|fo|go|jo|lio|lo|mmo|mo|nno|no|po|ppro|rio|ro|rro|so|sso|tau|to|vo|xplo]ciation/[C]o.a.sj§/61 ·[bo|co|ffo|fo|go|jo|lio|lo|mmo|mo|nno|no|po|ppro|ro|rro|so|sso|tau|to|vo|xplo]ciation/[C]o.[C]a.sj§/60 ·[can|cen|men|mman|pen|plan|quen|ren|rien|sen|ten]tration/[C]@.[C]a.sj§/55 ·[bo|mo|po|ppo]sition/[C]o.[C]i.sj§/44	·[bo|mo|po|ppo|xpo]sition | ·[po|ppo|xpo]sition | ·[bo|bro|co|ffo|fo|go|jo|lio|lo|mmo|mo|nno|no|po|ppro|rio|ro|rro|so|sso|tau|to|vo|xplo]ciation | ·[bo|co|ffo|fo|go|jo|lio|lo|mmo|mo|nno|no|po|ppro|ro|rro|so|sso|tau|to|vo|xplo]ciation | ·[bo|mo|po|ppo]sition | ·[bu|ccu|cu|du|gu|ju|lu|mu|nhu|nu|ppu|pu|tu|xsu]cation | ·[a|cla|dam|fa|ffa|fla|ggra|la|nha|pa|qua|ta|xploi]ration | ·[can|cen|men|mman|pen|plan|quen|ren|rien|sen|ten]tration | ·[bé|cré|dé|fé|gré|gé|lé|mé|né|pré|pé|rré|té|vé|é]ration | ·[for|xpor]mations	·[bo|mo|po|ppo|xpo]sition~·[po|ppo|xpo]sition:68(pro,dis,) ; ·[bo|bro|co|ffo|fo|go|jo|lio|lo|mmo|mo|nno|no|po|ppro|rio|ro|rro|so|sso|tau|to|vo|xplo]ciation~·[bo|co|ffo|fo|go|jo|lio|lo|mmo|mo|nno|no|po|ppro|ro|rro|so|sso|tau|to|vo|xplo]ciation:47(a,colla,d) ; ·[bo|mo|po|ppo|xpo]sition~·[bo|mo|po|ppo]sition:36(dis,d,o) ; ·[po|ppo|xpo]sition~·[bo|mo|po|ppo]sition:33(dis,d,o) ; ·[bu|ccu|cu|du|gu|ju|lu|mu|nhu|nu|ppu|pu|tu|xsu]cation~·[bo|mo|po|ppo|xpo]sition:18(,o,pro)	337	588.9	1766.7		
S041	suffix	·ailler/a.je/298 ·[a|ba|bi|ca|ce|ci|co|cu|da|de|do|gu|ma|mi|mme|na|nne|pe|ro|rre|se|si|sse|ssi|ta|te|to|tro|va|xfo]lier/*.lje/170 ·ajer/aj.e/107 ·Eller/E.je/102 lier/lje/188 ·ijer/ij.e/84 ·aller/a.le/59 ·biller/bi.je/51 ·iller/i.je/49 ·alier/a.lje/20 ·ilier/i.lje/22	·[a|ba|bi|ca|ce|ci|co|cu|da|de|do|gu|ma|mi|mme|na|nne|pe|ro|rre|se|si|sse|ssi|ta|te|to|tro|va|xfo]lier,lier,·aller | ·ailler,·biller,·alier,·ilier | ·Eller,·iller | ·ijer | ·ajer	·[a|ba|bi|ca|ce|ci|co|cu|da|de|do|gu|ma|mi|mme|na|nne|pe|ro|rre|se|si|sse|ssi|ta|te|to|tro|va|xfo]lier~·alier:13(ch,hospi,jour) ; ·[a|ba|bi|ca|ce|ci|co|cu|da|de|do|gu|ma|mi|mme|na|nne|pe|ro|rre|se|si|sse|ssi|ta|te|to|tro|va|xfo]lier~·ilier:11(immo,recon,con) ; ·biller~·iller:8(desha,rha,dego) ; ·ijer~·iller:4(bou,ch) ; ·ajer~lier:1(sou,rou)	2316	929.9	1733.7		
P022	prefix	a°·/a.°/551 ra°·/Ra.°/72 mae·/ma.e/58 par°·/paR.°/39 pa°·/pa.°/38 ca°·/ka.°/29 ma°·/ma.°/29 ga°·/ga.°/27 man°·/m@.°/21	a°·,mae·,par°·,ma°· | ra°·,pa°· | ca°· | ga°· | man°·	a°·~ra°·:10(ter,lier,ri) ; ca°·~ma°·:4(lot) ; ra°·~ga°·:1(ri) ; a°·~ca°·:1(ter,ton,ri) ; ra°·~ca°·:0(ter,ri)	536	864.6	1729.3		
S042	suffix	·[ai|bai|chai|chaî|chè|cie|ciè|crè|cè|dai|diai|die|dre|dè|e|fai|fè|gai|gè|ille|lai|lei|liè|llè|lè|mai|me|miè|mmai|mè|mê|nai|ne|niai|niè|nnai|nne|nnê|plai|plè|prê|què|rai|re|rei|rie|rrai|rè|sai|scè|se|sei|siè|ssai|ssiè|strai|sè|tai|te|tie|tè|vai|ve|vei|vè|vé|vê|xiè|xtrê|è]-{tR,tj}tement/[C-{tR,tj}]E.°.m@/529 ·[ai|bai|chai|chaî|chè|ciè|crè|cè|dai|diai|die|dre|dè|e|fai|fè|gai|gè|ille|lai|lei|liè|llè|lè|mai|miè|mmai|mè|mê|nai|niai|niè|nnai|nnê|plai|plè|prê|què|rai|re|rrai|rè|sai|scè|sei|siè|ssai|ssiè|strai|sè|tai|te|tè|vai|ve|vei|vè|vé|vê|xiè|xtrê|è]-{tR,tj}tement/[C-{tR,tj}]E.[C]°.m@/427 ·[ai|chai|chaî|chè|ciè|crè|cè|dai|diai|die|dè|e|fai|fè|gai|gè|ille|lai|lei|liè|llè|lè|mai|miè|mmai|mè|mê|nai|niai|niè|nnai|nnê|piè|plai|plè|prê|que|què|rai|rrai|rè|sai|scè|sei|siè|ssai|ssiè|strai|sè|tai|te|tè|vai|ve|vei|vè|vé|vê|xiè|xtrê|è]-{tR,tj}tement/[C-{tR,tj}]E.*-{s°,ti}.m@/426 ·[ce|che|ci|con|cu|den|dgé|di|em|ffi|fi|gi|gu|le|li|lon|lu|ma|man|men|mi|mé|nan|nen|nhu|nou|né|po|quen|ra|ri|si|sio|so|son|ssio|stan|ten|ter|ti|tio|tri|trin|tu|té|ve|ver]-{s@}rellement/*-{s@}.[C-{tR,tj}]E.°.m@/111 ·[cu|gu|lu|nhu|pu|tu]rellement/[C]y.[C-{tR,tj}]E.°.m@/42	·[ai|bai|chai|chaî|chè|cie|ciè|crè|cè|dai|diai|die|dre|dè|e|fai|fè|gai|gè|ille|lai|lei|liè|llè|lè|mai|me|miè|mmai|mè|mê|nai|ne|niai|niè|nnai|nne|nnê|plai|plè|prê|què|rai|re|rei|rie|rrai|rè|sai|scè|se|sei|siè|ssai|ssiè|strai|sè|tai|te|tie|tè|vai|ve|vei|vè|vé|vê|xiè|xtrê|è]-{tR,tj}tement | ·[ai|bai|chai|chaî|chè|ciè|crè|cè|dai|diai|die|dre|dè|e|fai|fè|gai|gè|ille|lai|lei|liè|llè|lè|mai|miè|mmai|mè|mê|nai|niai|niè|nnai|nnê|plai|plè|prê|què|rai|re|rrai|rè|sai|scè|sei|siè|ssai|ssiè|strai|sè|tai|te|tè|vai|ve|vei|vè|vé|vê|xiè|xtrê|è]-{tR,tj}tement | ·[ai|chai|chaî|chè|ciè|crè|cè|dai|diai|die|dè|e|fai|fè|gai|gè|ille|lai|lei|liè|llè|lè|mai|miè|mmai|mè|mê|nai|niai|niè|nnai|nnê|piè|plai|plè|prê|que|què|rai|rrai|rè|sai|scè|sei|siè|ssai|ssiè|strai|sè|tai|te|tè|vai|ve|vei|vè|vé|vê|xiè|xtrê|è]-{tR,tj}tement | ·[ce|che|ci|con|cu|den|dgé|di|em|ffi|fi|gi|gu|le|li|lon|lu|ma|man|men|mi|mé|nan|nen|nhu|nou|né|po|quen|ra|ri|si|sio|so|son|ssio|stan|ten|ter|ti|tio|tri|trin|tu|té|ve|ver]-{s@}rellement | ·[cu|gu|lu|nhu|pu|tu]rellement	·[ai|bai|chai|chaî|chè|cie|ciè|crè|cè|dai|diai|die|dre|dè|e|fai|fè|gai|gè|ille|lai|lei|liè|llè|lè|mai|me|miè|mmai|mè|mê|nai|ne|niai|niè|nnai|nne|nnê|plai|plè|prê|què|rai|re|rei|rie|rrai|rè|sai|scè|se|sei|siè|ssai|ssiè|strai|sè|tai|te|tie|tè|vai|ve|vei|vè|vé|vê|xiè|xtrê|è]-{tR,tj}tement~·[ai|bai|chai|chaî|chè|ciè|crè|cè|dai|diai|die|dre|dè|e|fai|fè|gai|gè|ille|lai|lei|liè|llè|lè|mai|miè|mmai|mè|mê|nai|niai|niè|nnai|nnê|plai|plè|prê|què|rai|re|rrai|rè|sai|scè|sei|siè|ssai|ssiè|strai|sè|tai|te|tè|vai|ve|vei|vè|vé|vê|xiè|xtrê|è]-{tR,tj}tement:392(com,cer,par) ; ·[ai|bai|chai|chaî|chè|cie|ciè|crè|cè|dai|diai|die|dre|dè|e|fai|fè|gai|gè|ille|lai|lei|liè|llè|lè|mai|me|miè|mmai|mè|mê|nai|ne|niai|niè|nnai|nne|nnê|plai|plè|prê|què|rai|re|rei|rie|rrai|rè|sai|scè|se|sei|siè|ssai|ssiè|strai|sè|tai|te|tie|tè|vai|ve|vei|vè|vé|vê|xiè|xtrê|è]-{tR,tj}tement~·[ai|chai|chaî|chè|ciè|crè|cè|dai|diai|die|dè|e|fai|fè|gai|gè|ille|lai|lei|liè|llè|lè|mai|miè|mmai|mè|mê|nai|niai|niè|nnai|nnê|piè|plai|plè|prê|que|què|rai|rrai|rè|sai|scè|sei|siè|ssai|ssiè|strai|sè|tai|te|tè|vai|ve|vei|vè|vé|vê|xiè|xtrê|è]-{tR,tj}tement:391(com,cer,par) ; ·[ai|bai|chai|chaî|chè|ciè|crè|cè|dai|diai|die|dre|dè|e|fai|fè|gai|gè|ille|lai|lei|liè|llè|lè|mai|miè|mmai|mè|mê|nai|niai|niè|nnai|nnê|plai|plè|prê|què|rai|re|rrai|rè|sai|scè|sei|siè|ssai|ssiè|strai|sè|tai|te|tè|vai|ve|vei|vè|vé|vê|xiè|xtrê|è]-{tR,tj}tement~·[ai|chai|chaî|chè|ciè|crè|cè|dai|diai|die|dè|e|fai|fè|gai|gè|ille|lai|lei|liè|llè|lè|mai|miè|mmai|mè|mê|nai|niai|niè|nnai|nnê|piè|plai|plè|prê|que|què|rai|rrai|rè|sai|scè|sei|siè|ssai|ssiè|strai|sè|tai|te|tè|vai|ve|vei|vè|vé|vê|xiè|xtrê|è]-{tR,tj}tement:391(com,cer,par) ; ·[ce|che|ci|con|cu|den|dgé|di|em|ffi|fi|gi|gu|le|li|lon|lu|ma|man|men|mi|mé|nan|nen|nhu|nou|né|po|quen|ra|ri|si|sio|so|son|ssio|stan|ten|ter|ti|tio|tri|trin|tu|té|ve|ver]-{s@}rellement~·[cu|gu|lu|nhu|pu|tu]rellement:42(na,parti,r) ; ·[ai|bai|chai|chaî|chè|cie|ciè|crè|cè|dai|diai|die|dre|dè|e|fai|fè|gai|gè|ille|lai|lei|liè|llè|lè|mai|me|miè|mmai|mè|mê|nai|ne|niai|niè|nnai|nne|nnê|plai|plè|prê|què|rai|re|rei|rie|rrai|rè|sai|scè|se|sei|siè|ssai|ssiè|strai|sè|tai|te|tie|tè|vai|ve|vei|vè|vé|vê|xiè|xtrê|è]-{tR,tj}tement~·[ce|che|ci|con|cu|den|dgé|di|em|ffi|fi|gi|gu|le|li|lon|lu|ma|man|men|mi|mé|nan|nen|nhu|nou|né|po|quen|ra|ri|si|sio|so|son|ssio|stan|ten|ter|ti|tio|tri|trin|tu|té|ve|ver]-{s@}rellement:17(,r,fi)	208	530.3	1701.8		
P023	prefix	reaR·/R°.aR/629 reER·/R°.ER/89 reOl·/Re.Ol/42 raOR·/Ra.OR/34 reOR·/R°.OR/30 reuR·/R°.uR/25	reaR·,reOl·,reuR· | reER·,raOR· | reOR·	reOl·~raOR·:5(ter) ; reaR·~reOR·:5(tir,ger) ; raOR·~reOR·:3(ter,tir,tag) ; reOl·~reOR·:3(ter) ; reaR·~reER·:1(cher)	454	850.3	1700.5		
P024	prefix	re[ce|de|fai|fe|je|le|pre|ve]-{t}·/R°.[C-{t}]°/312 sou[de|le|pe|ve]-{t}·/su.[C-{t}]°/156 dé[ba|bap|bla|boi|boî|bra|bâ|ca|cla|coi|doua|dra|fa|fla|ga|gra|la|ma|mâ|na|pha|pla|plâ|qua|ra|sa|ta|tra|va|voi|voie]-{p}·/de.[C-{p}]a/142 dé[blo|bo|chau|co|cro|do|fau|flo|gau|go|gro|jau|lo|mo|no|o|po|pro|ro|so|to|trô]-{z}·/de.[C-{z}]o/113 en[cen|chan|clen|gen|glan|gran|jam|san|vian]-{t}·/@.[C-{t}]@/64 in[chi|ci|cli|di|fi|si|ti]-{v}·/5.[C-{v}]i/62	re[ce|de|fai|fe|je|le|pre|ve]-{t}·,dé[blo|bo|chau|co|cro|do|fau|flo|gau|go|gro|jau|lo|mo|no|o|po|pro|ro|so|to|trô]-{z}·,in[chi|ci|cli|di|fi|si|ti]-{v}· | sou[de|le|pe|ve]-{t}·,dé[ba|bap|bla|boi|boî|bra|bâ|ca|cla|coi|doua|dra|fa|fla|ga|gra|la|ma|mâ|na|pha|pla|plâ|qua|ra|sa|ta|tra|va|voi|voie]-{p}· | en[cen|chan|clen|gen|glan|gran|jam|san|vian]-{t}·	re[ce|de|fai|fe|je|le|pre|ve]-{t}·~sou[de|le|pe|ve]-{t}·:68(nir,ver) ; dé[ba|bap|bla|boi|boî|bra|bâ|ca|cla|coi|doua|dra|fa|fla|ga|gra|la|ma|mâ|na|pha|pla|plâ|qua|ra|sa|ta|tra|va|voi|voie]-{p}·~dé[blo|bo|chau|co|cro|do|fau|flo|gau|go|gro|jau|lo|mo|no|o|po|pro|ro|so|to|trô]-{z}·:7(cher,ger,der) ; dé[ba|bap|bla|boi|boî|bra|bâ|ca|cla|coi|doua|dra|fa|fla|ga|gra|la|ma|mâ|na|pha|pla|plâ|qua|ra|sa|ta|tra|va|voi|voie]-{p}·~in[chi|ci|cli|di|fi|si|ti]-{v}·:0(ter) ; re[ce|de|fai|fe|je|le|pre|ve]-{t}·~dé[ba|bap|bla|boi|boî|bra|bâ|ca|cla|coi|doua|dra|fa|fla|ga|gra|la|ma|mâ|na|pha|pla|plâ|qua|ra|sa|ta|tra|va|voi|voie]-{p}·:0(ler,veur) ; sou[de|le|pe|ve]-{t}·~dé[blo|bo|chau|co|cro|do|fau|flo|gau|go|gro|jau|lo|mo|no|o|po|pro|ro|so|to|trô]-{z}·:0(ser)	1300	848.6	1697.1		
P025	prefix	sou/su/879 su/sy/398 sau/so/388	sou | su,sau	sou~su:12(per,rir) ; sou~sau:0(ter)	673	1664.7	1664.7		
P026	prefix	coni·/k§.i/385 com°·/k§.°/114 cona·/k§.a/66 cono·/k§.o/48 conER·/k§.ER/38 conak·/k§.ak/38 conOR·/k§.OR/30 con5·/k§.5/28 cone·/k§.e/26 con@·/k§.@/26 cons/k§s/46	coni·,com°·,conak·,con5· | conOR· | con@· | cone·,cons | cona· | cono· | conER·	conak·~conOR·:6(ter) ; conak·~con@·:6(ter,tant) ; conOR·~con@·:6(ter) ; conOR·~cone·:2(ter,der) ; conak·~cone·:2(ter)	1030	846.0	1645.5	prefix con-/com- (con cons conn com comm coll corr)	
S043	suffix	teur/t9R/1045 ·[ba|ber|bi|bu|ca|ci|cré|cy|da|den|dgé|di|fai|frac|ga|gna|gni|i|li|lli|lon|lé|man|men|mmen|na|nau|ni|né|pen|phlé|que|qui|ri|si|ta|ti|tu|tui|va|ven|é]taire/*.tER/294 taire/tER/300	teur,·[ba|ber|bi|bu|ca|ci|cré|cy|da|den|dgé|di|fai|frac|ga|gna|gni|i|li|lli|lon|lé|man|men|mmen|na|nau|ni|né|pen|phlé|que|qui|ri|si|ta|ti|tu|tui|va|ven|é]taire | taire	·[ba|ber|bi|bu|ca|ci|cré|cy|da|den|dgé|di|fai|frac|ga|gna|gni|i|li|lli|lon|lé|man|men|mmen|na|nau|ni|né|pen|phlé|que|qui|ri|si|ta|ti|tu|tui|va|ven|é]taire~taire:30(propri,copropri) ; teur~taire:5(inven,mon,plan)	1305	1344.8	1638.6	suffix -eur (teur trice deur gueur neur eur peur leur); suffix consonant clusters (tre taire ture fre vre fer vaire erve ste sque ce th ille reille gnon cis ci rbe rne)	
S044	suffix	·[ste|ve]-{t}nir/[C-{t}]°.niR/458 ·[pé|té|xté]-{f}rieur/[C-{f}]e.Rj9R/185 ·[dhé|ffé|fé|gé|é]-{v}rence/[C-{v}]e.R@s/101 ·[cclu|clu|llu|tru|xclu]-{f}sion/[C-{f}]y.zj§/46	·[ste|ve]-{t}nir,·[pé|té|xté]-{f}rieur | ·[dhé|ffé|fé|gé|é]-{v}rence | ·[cclu|clu|llu|tru|xclu]-{f}sion	·[ste|ve]-{t}nir~·[dhé|ffé|fé|gé|é]-{v}rence:15(r,pr,con) ; ·[dhé|ffé|fé|gé|é]-{v}rence~·[cclu|clu|llu|tru|xclu]-{f}sion:10(con,r,in) ; ·[ste|ve]-{t}nir~·[cclu|clu|llu|tru|xclu]-{f}sion:7(a,con,r) ; ·[pé|té|xté]-{f}rieur~·[cclu|clu|llu|tru|xclu]-{f}sion:6(in,) ; ·[pé|té|xté]-{f}rieur~·[dhé|ffé|fé|gé|é]-{v}rence:0(in)	99	789.8	1579.6		
P027	prefix	pré/pRe/914 proe·/pRo.e/133 pré@·/pRe.@/104 poe·/po.e/43 prée·/pRe.e/40 préa·/pRe.a/39	pré,proe·,pré@· | poe·,préa· | prée·	proe·~poe·:7(der,tiqu,tiser) ; proe·~préa·:0(ger) ; proe·~prée·:0(der) ; poe·~prée·:0(der) ; pré~prée·:0(dit)	925	1219.5	1578.3		
S045	suffix	cher/Se/1409 ché/Se/148	cher | ché	cher~ché:107(mar,cou,tou)	832	1557.0	1557.0		
S046	suffix	·nement/n°.m@/244 ·cement/s°.m@/229 nement/n°.m@/198 sement/z°.m@/171 cement/s°.m@/152 ssement/s°.m@/84 ·chement/S°.m@/72 chement/S°.m@/55 nnement/n°.m@/44 ·gnements/N°.m@/33 gnement/N°.m@/31	·nement,sement,cement,·chement | nement,chement,nnement | ·cement,·gnements | ssement,gnement	·nement~nement:178(gouver,certai,entrai) ; ·cement~cement:140(dou,lan,commen) ; ·chement~chement:53(fran,accou,atta) ; ·cement~ssement:46(averti,investi,diverti) ; ·nement~nnement:40(enviro,raiso,abo)	834	774.2	1548.5		
S047	suffix	·erer/e.Re/315 ·parer/pa.Re/229 ·arer/a.Re/146 ·yrer/y.Re/79 ·ssurer/sy.Re/73 ·pirer/pi.Re/71 ·irer/i.Re/74 pirer/pi.Re/67 ·turer/ty.Re/43 turer/ty.Re/44	·parer,·irer,·turer | ·arer,·pirer,turer | ·yrer,pirer | ·erer | ·ssurer	·parer~·arer:56(pr,com,acca) ; ·pirer~·irer:34(res,ins,trans) ; ·pirer~pirer:34(res,ins,trans) ; ·irer~pirer:34(res,ins,trans) ; ·erer~·parer:19(pr)	1968	802.5	1523.0		
P028	prefix	ré[a|ca|cla|ga|pa]·/Re.[C]a/153 pré[a|da|fa|la|ma|na|pa|sa|va]·/pRe.[C]a/130 en[a|ca|cloî|dia|fa|fla|foi|ga|gra|joi|la|ra|sa|ta|toi|tra|va]·/@.[C]a/122 em[ba|boî|bra|ma|pa|pla|plâ|poi|pâ]·/@.[C]a/115 re[ba|bap|bra|bâ|ca|cla|coi|cra|fa|ga|ja|joi|la|lâ|ma|na|pa|pla|plâ|ta|tra|va|voi]·/R°.[C]a/77 rem[ba|boî|pa|pla]·/R@.[C]a/43 in[ca|fa|gra|joi|qua|ra|sa|tra|va]·/5.[C]a/41 ré[ac|trac]·/Re.[C]ak/38 é[ba|ca|cha|cra|ga|ma|pa|ra|ta|va]·/e.[C]a/37	ré[a|ca|cla|ga|pa]·,rem[ba|boî|pa|pla]·,in[ca|fa|gra|joi|qua|ra|sa|tra|va]·,ré[ac|trac]· | pré[a|da|fa|la|ma|na|pa|sa|va]·,en[a|ca|cloî|dia|fa|fla|foi|ga|gra|joi|la|ra|sa|ta|toi|tra|va]· | em[ba|boî|bra|ma|pa|pla|plâ|poi|pâ]· | re[ba|bap|bra|bâ|ca|cla|coi|cra|fa|ga|ja|joi|la|lâ|ma|na|pa|pla|plâ|ta|tra|va|voi]· | é[ba|ca|cha|cra|ga|ma|pa|ra|ta|va]·	ré[a|ca|cla|ga|pa]·~pré[a|da|fa|la|ma|na|pa|sa|va]·:39(rer) ; em[ba|boî|bra|ma|pa|pla|plâ|poi|pâ]·~re[ba|bap|bra|bâ|ca|cla|coi|cra|fa|ga|ja|joi|la|lâ|ma|na|pa|pla|plâ|ta|tra|va|voi]·:8(sser,gner,ser) ; pré[a|da|fa|la|ma|na|pa|sa|va]·~em[ba|boî|bra|ma|pa|pla|plâ|poi|pâ]·:4(rer,sser) ; ré[a|ca|cla|ga|pa]·~é[ba|ca|cha|cra|ga|ma|pa|ra|ta|va]·:4(ler,rer) ; ré[a|ca|cla|ga|pa]·~em[ba|boî|bra|ma|pa|pla|plâ|poi|pâ]·:4(rer)	1599	756.8	1513.7		
S048	suffix	·rement/R°.m@/323 ·Etement/E.t°.m@/160 rement/R°.m@/131 ·Erement/E.R°.m@/75 ·Enement/E.n°.m@/65 ·trement/tR°.m@/58 lièrement/ljE.R°.m@/21	·rement,·Erement,·Enement,·trement | ·Etement,rement,lièrement	·rement~rement:130(clai,enti,particuli) ; ·Erement~lièrement:21(particu,regu,fami) ; ·Etement~·Erement:2(con)	184	605.5	1510.8		
S049	suffix	·[ci|fi|si|ssi|vi]dent/[C]i.d@/298 ·[ci|gui|li|mi|pi|qui|si|xy]dé/[C]i.de/193 ·[bli|di|ffli|fi|fli|gli|i|mi|ri|rri|si|ti]gé/[C]i.Ze/133 ·[ci|fi|si|ssi|vi]dence/[C]i.d@s/48 ·[di|gli|li|lli]gent/[C]i.Z@/40 ·[di|gli|i|li|lli]gence/[C]i.Z@s/31	·[ci|gui|li|mi|pi|qui|si|xy]dé,·[di|gli|li|lli]gent | ·[di|gli|i|li|lli]gence | ·[ci|fi|si|ssi|vi]dent | ·[ci|fi|si|ssi|vi]dence | ·[bli|di|ffli|fi|fli|gli|i|mi|ri|rri|si|ti]gé	·[di|gli|li|lli]gent~·[di|gli|i|li|lli]gence:20(int,n,in) ; ·[ci|fi|si|ssi|vi]dent~·[ci|fi|si|ssi|vi]dence:18(,pr,con) ; ·[bli|di|ffli|fi|fli|gli|i|mi|ri|rri|si|ti]gé~·[di|gli|i|li|lli]gence:7(di,n,ex) ; ·[ci|fi|si|ssi|vi]dent~·[bli|di|ffli|fi|fli|gli|i|mi|ri|rri|si|ti]gé:4(in,r,di) ; ·[bli|di|ffli|fi|fli|gli|i|mi|ri|rri|si|ti]gé~·[ci|fi|si|ssi|vi]dence:3(r,in,di)	249	742.3	1484.5		
S050	suffix	·venir/v°.niR/456 ·°nir/°.niR/461 nir/niR/577 venir/v°.niR/277 tenir/t°.niR/184 ·tenir/t°.niR/94 ·[con|de|ppar|ter|tre]venir/*.°.niR/58	·°nir,nir | venir | ·venir | tenir | ·tenir | ·[con|de|ppar|ter|tre]venir	·°nir~venir:132(sou,pr,inter) ; ·venir~·°nir:132(sou,pr,inter) ; ·venir~venir:132(sou,pr,inter) ; ·°nir~tenir:37(main,sou,entr) ; ·°nir~·tenir:37(main,sou,entr)	259	836.0	1444.6		
P029	prefix	trou/tRu/984 tom/t§/343 trom/tR§/109	trou,tom,trom		147	1434.9	1434.9		
P030	prefix	im[po|pro]·/5.[C]o/187 im[pe|pié|pre|pré|pé]·/5.[C]e/114 a[mu|pu]·/a.[C]y/94 in[co|coh|do|so|to|vio|vo]·/5.[C]o/67 in[can|chan|fran|sen|tan|tem|ten|tran|ven]·/5.[C]@/66 in[com|con|domp|fon]·/5.[C]§/49 in[ce|clé|cré|dé|flé|fré|fé|gué|gé|quié|sai|sé|vé]·/5.[C]e/48 en[cu|du|fu|glu|glue|ju|rhu|tu]·/@.[C]y/43 in[cu|du|dû|flu|flue|fu|su|tu]·/5.[C]y/41	im[po|pro]·,in[can|chan|fran|sen|tan|tem|ten|tran|ven]·,in[com|con|domp|fon]·,en[cu|du|fu|glu|glue|ju|rhu|tu]· | a[mu|pu]·,in[co|coh|do|so|to|vio|vo]·,in[ce|clé|cré|dé|flé|fré|fé|gué|gé|quié|sai|sé|vé]· | im[pe|pié|pre|pré|pé]·,in[cu|du|dû|flu|flue|fu|su|tu]·	im[po|pro]·~a[mu|pu]·:7(ser) ; en[cu|du|fu|glu|glue|ju|rhu|tu]·~in[cu|du|dû|flu|flue|fu|su|tu]·:1(ber,er,rabl) ; in[ce|clé|cré|dé|flé|fré|fé|gué|gé|quié|sai|sé|vé]·~en[cu|du|fu|glu|glue|ju|rhu|tu]·:0(rer,rabl) ; in[com|con|domp|fon]·~in[ce|clé|cré|dé|flé|fré|fé|gué|gé|quié|sai|sé|vé]·:0(parabl) ; in[ce|clé|cré|dé|flé|fré|fé|gué|gé|quié|sai|sé|vé]·~in[cu|du|dû|flu|flue|fu|su|tu]·:0(rabl,ment)	703	708.8	1417.6		
P031	prefix	chan/S@/525 che/S°/317 ché/Se/175 cha/Sa/165 char/SaR/136 cham/S@/86	chan,che,ché,cha,cham | char	chan~char:16(ger,ter)	517	1403.5	1403.5		
P032	prefix	im[bai|bi|bri|bu|man|pa|pal|par|pay|pe|pen|per|pi|plan|pli|po|pon|por|pos|pra|pre|pri|pro|prou|pru|pré|pu|pui|pé]-{pyl}·/5.*-{pyl}/695	im[bai|bi|bri|bu|man|pa|pal|par|pay|pe|pen|per|pi|plan|pli|po|pon|por|pos|pra|pre|pri|pro|prou|pru|pré|pu|pui|pé]-{pyl}·		317	695.2	1390.4		
S051	suffix	·[den|en|gan|lan|man|men|mmen|nan|nnan|quen|ren|rren|tan|van]cé/[C]@.se/349 ·[co|pa|ppa|té]ressant/*.[C]E.s@/79 ·[cai|ce|dre|fe|gre|nnai|pai|ppre]sseur/[C]E.s9R/113 ·[bé|flé|fraî|je|ppé|té]ressant/[C]e.*.s@/68 ·[bai|cai|grai|nai|nnai|rai|re]ssant/[C]E.s@/79 ·[co|cu|do|flu|fé|ni|se|te]mmencer/*.[C]@.se/46 ·[cen|ffen|pen]sé/[C]@.se/50 ·[cen|den|en|fen|ffen|pen|scen|xten]seur/[C]@.s9R/31	·[co|pa|ppa|té]ressant | ·[bé|flé|fraî|je|ppé|té]ressant | ·[den|en|gan|lan|man|men|mmen|nan|nnan|quen|ren|rren|tan|van]cé | ·[cen|den|en|fen|ffen|pen|scen|xten]seur | ·[co|cu|do|flu|fé|ni|se|te]mmencer | ·[bai|cai|grai|nai|nnai|rai|re]ssant | ·[cai|ce|dre|fe|gre|nnai|pai|ppre]sseur | ·[cen|ffen|pen]sé	·[co|pa|ppa|té]ressant~·[bé|flé|fraî|je|ppé|té]ressant:61(in,r,inin) ; ·[den|en|gan|lan|man|men|mmen|nan|nnan|quen|ren|rren|tan|van]cé~·[cen|den|en|fen|ffen|pen|scen|xten]seur:24(a,d,) ; ·[co|pa|ppa|té]ressant~·[co|cu|do|flu|fé|ni|se|te]mmencer:14(r,in) ; ·[den|en|gan|lan|man|men|mmen|nan|nnan|quen|ren|rren|tan|van]cé~·[bai|cai|grai|nai|nnai|rai|re]ssant:11(reco,co,r) ; ·[den|en|gan|lan|man|men|mmen|nan|nnan|quen|ren|rren|tan|van]cé~·[cai|ce|dre|fe|gre|nnai|pai|ppre]sseur:8(a,co,)	243	626.1	1380.2		
S052	suffix	·[bli|blii|boy|clé|cré|doy|dri|droy|flou|flu|geoy|gri|loy|loyi|moy|noy|pli|plii|ppli|ppuy|ppuyi|pri|prii|rroy|ré|ssuy|ssuyi|stru|toy|tri|trii|troy|ttoy|ttoyi|voy|voyi]-{n8ij,vRij}é/*-{n8ij,vRij}.e/687	·[bli|blii|boy|clé|cré|doy|dri|droy|flou|flu|geoy|gri|loy|loyi|moy|noy|pli|plii|ppli|ppuy|ppuyi|pri|prii|rroy|ré|ssuy|ssuyi|stru|toy|tri|trii|troy|ttoy|ttoyi|voy|voyi]-{n8ij,vRij}é		262	686.6	1373.2		
P033	prefix	ja/Za/1364	ja		45	1363.7	1363.7		
S053	suffix	·[bi|ci|di|dri|lei|mi|mmei|pi|ppi|qui|rei|sei|si|ssi|tei|ti|vei]ller/*.je/292 ·[bri|ci|cri|cu|di|gni|i|li|mé|ni|nni|pli|pé|qué|ri|rri|si|ta|thi|ti|tri|tu|vi|zi]fier/*.fje/218 ·[ban|bar|ca|car|cen|ga|gé|illan|la|man|mo|mé|na|no|pu|ro|rra|tar|tu|van|var|xpé]dier/*.dje/73 ·[bri|ci|di|mmei|ni|qui|ri|ti|vei]lleux/*.j2/66 ·[du|ju|la|lo|ma|mu|ppa|rru|so|su|to|tra|tu]rié/*.Rje/31	·[bi|ci|di|dri|lei|mi|mmei|pi|ppi|qui|rei|sei|si|ssi|tei|ti|vei]ller | ·[ban|bar|ca|car|cen|ga|gé|illan|la|man|mo|mé|na|no|pu|ro|rra|tar|tu|van|var|xpé]dier,·[bri|ci|di|mmei|ni|qui|ri|ti|vei]lleux | ·[du|ju|la|lo|ma|mu|ppa|rru|so|su|to|tra|tu]rié | ·[bri|ci|cri|cu|di|gni|i|li|mé|ni|nni|pli|pé|qué|ri|rri|si|ta|thi|ti|tri|tu|vi|zi]fier	·[bi|ci|di|dri|lei|mi|mmei|pi|ppi|qui|rei|sei|si|ssi|tei|ti|vei]ller~·[ban|bar|ca|car|cen|ga|gé|illan|la|man|mo|mé|na|no|pu|ro|rra|tar|tu|van|var|xpé]dier:9(,r,con) ; ·[bi|ci|di|dri|lei|mi|mmei|pi|ppi|qui|rei|sei|si|ssi|tei|ti|vei]ller~·[du|ju|la|lo|ma|mu|ppa|rru|so|su|to|tra|tu]rié:5(con,r,d) ; ·[ban|bar|ca|car|cen|ga|gé|illan|la|man|mo|mé|na|no|pu|ro|rra|tar|tu|van|var|xpé]dier~·[du|ju|la|lo|ma|mu|ppa|rru|so|su|to|tra|tu]rié:4(r,con,in) ; ·[bi|ci|di|dri|lei|mi|mmei|pi|ppi|qui|rei|sei|si|ssi|tei|ti|vei]ller~·[bri|ci|cri|cu|di|gni|i|li|mé|ni|nni|pli|pé|qué|ri|rri|si|ta|thi|ti|tri|tu|vi|zi]fier:1(qua,,mor) ; ·[bri|ci|cri|cu|di|gni|i|li|mé|ni|nni|pli|pé|qué|ri|rri|si|ta|thi|ti|tri|tu|vi|zi]fier~·[ban|bar|ca|car|cen|ga|gé|illan|la|man|mo|mé|na|no|pu|ro|rra|tar|tu|van|var|xpé]dier:1(sa,,vi)	872	680.3	1360.6		
S054	suffix	iller/je/354 ller/je/329 lleur/j9R/318 yer/je/215 lleux/j2/66 llant/j@/29 illé/je/25 llé/je/24	iller,ller | llant,illé,llé | lleur,yer,lleux	ller~llé:11(habi,gri,evei) ; iller~illé:8(mou,verrou,trava) ; ller~llant:7(bri,survei,scinti) ; ller~lleur:3(vei,torpi,maqui) ; lleux~llé:0(pointi,fibri)	1198	1360.2	1360.2		
P034	prefix	imOR·/5.OR/285 dor/dOR/269 infor·/5.fOR/101 emOR·/@.OR/95 for/fOR/105 or/OR/97 infor/5.fOR/39	imOR·,or | infor | dor,infor· | emOR· | for	imOR·~infor:18(mer,mateur,tun) ; imOR·~infor·:18(mer,mateur,tun) ; infor·~infor:18(mer,mateur,tun) ; dor~emOR·:15(mir,mant) ; imOR·~for:11(mer,tun,mel)	542	912.7	1355.2		
P035	prefix	déa·/de.a/128 déu·/de.u/120 dé@·/de.@/95 déOR·/de.OR/62 déE·/de.E/62 déEs·/de.Es/60 dée·/de.e/57 déER·/de.ER/33 dé§·/de.§/25 déaR·/de.aR/23	déa· | dé@· | déE·,dée· | déu· | déEs·,déaR· | dé§· | déOR· | déER·	déa·~dé@·:14(ger,cher,per) ; dé@·~déE·:7(cher,ger,per) ; déu·~déEs·:6(per,ter,tag) ; déa·~déE·:5(cher,ger,per) ; déa·~déaR·:4(ger,mer,cher)	1998	664.1	1328.1		
S055	suffix	·[ca|ci|fi|si|ssi|vi|xcé]-{se}dent/*-{se}.d@/300 ·[ffé|fé|gé|pa|ppa|é]-{ve}rence/*-{ve}.R@s/120 ·[bou|ga|ma|pie|sse|su|te]-{tE}rré/*-{tE}.Re/72 ·[bi|chi|dui|fai|ffi|ffu|gi|li|lli|ly|mu|ni|plai|po|ppo|pri|pui|ri|thi|ti|tri|xpo|y|ï]-{pE}sant/*-{pE}.z@/70 ·[ca|ci|fi|pru|si|ssi|vi]-{py}dence/*-{py}.d@s/51 ·[bé|du|dé|gno|gu|gé|lé|pé|ssu|vé]-{ti}rance/*-{ti}.R@s/51	·[bi|chi|dui|fai|ffi|ffu|gi|li|lli|ly|mu|ni|plai|po|ppo|pri|pui|ri|thi|ti|tri|xpo|y|ï]-{pE}sant | ·[ca|ci|fi|si|ssi|vi|xcé]-{se}dent,·[bé|du|dé|gno|gu|gé|lé|pé|ssu|vé]-{ti}rance | ·[ca|ci|fi|pru|si|ssi|vi]-{py}dence | ·[ffé|fé|gé|pa|ppa|é]-{ve}rence | ·[bou|ga|ma|pie|sse|su|te]-{tE}rré	·[bi|chi|dui|fai|ffi|ffu|gi|li|lli|ly|mu|ni|plai|po|ppo|pri|pui|ri|thi|ti|tri|xpo|y|ï]-{pE}sant~·[bé|du|dé|gno|gu|gé|lé|pé|ssu|vé]-{ti}rance:24(a) ; ·[ca|ci|fi|si|ssi|vi|xcé]-{se}dent~·[ca|ci|fi|pru|si|ssi|vi]-{py}dence:18(,pr,con) ; ·[ffé|fé|gé|pa|ppa|é]-{ve}rence~·[ca|ci|fi|pru|si|ssi|vi]-{py}dence:13(r,pr,con) ; ·[ffé|fé|gé|pa|ppa|é]-{ve}rence~·[bi|chi|dui|fai|ffi|ffu|gi|li|lli|ly|mu|ni|plai|po|ppo|pri|pui|ri|thi|ti|tri|xpo|y|ï]-{pE}sant:13(a,r,d) ; ·[ffé|fé|gé|pa|ppa|é]-{ve}rence~·[bé|du|dé|gno|gu|gé|lé|pé|ssu|vé]-{ti}rance:12(a)	261	662.7	1325.5		
S056	suffix	mier/mje/294 nier/nje/270 cier/sje/263 fier/fje/248 cieux/sj2/67 nnier/nje/65 rrier/Rje/47 rier/Rje/33 cié/sje/28	mier,nier,cier,nnier,rrier | fier,cieux,rier | cié	mier~cieux:16(pr) ; cier~cié:4(asso,licen,gra) ; cier~cieux:4(sou,offi,licen) ; cier~fier:1(justi) ; cieux~cié:1(licen,gra,disgra)	963	1313.6	1313.6		
P036	prefix	aa·/a.a/281 caa·/ka.a/140 maa·/ma.a/108 raa·/Ra.a/42 mea·/me.a/34 baa·/ba.a/29	aa· | raa· | caa·,maa· | mea·,baa·	aa·~raa·:18(per,cher,si) ; maa·~mea·:9(ger,ron) ; aa·~mea·:2(tiqu,phas) ; caa·~baa·:0(nier,liser,tin) ; maa·~raa·:0(ger)	1061	634.0	1268.1		
P037	prefix	sor/sOR/614 sur/syR/596 suOR·/sy.OR/26	sor,sur | suOR·	sor~suOR·:0(tabl)	740	1235.2	1261.1		
S057	suffix	·[bri|ci|cri|di|gni|i|li|ni|nni|pli|ri|rri|si|thi|ti|tri|vi|zi]fier/[C]i.fje/217 ·[ffi|fi|li|pi|ppli|rri|ti]cier/[C]i.sje/111 ·[bi|ci|di|dri|mi|pi|ppi|qui|sci|si|ssi|ti|tri]ller/[C]i.je/90 ·[gi|li|mi|ni|ri|si|ti|tri|ï]cien/[C]i.sj5/61 ·[a|den|gi|go|lec|li|mi|mys|qua|so|ten|then|u|ver|vé]tifier/*.[C]i.fje/40 ·[mi|ni|pi|ti]culier/[C]i.*.lje/33 ·[bi|ci|ffi|mi|si|ssi]lier/[C]i.lje/42 ·[ffi|fi|gi|tri]ciel/[C]i.sjEl/41	·[ffi|fi|li|pi|ppli|rri|ti]cier,·[gi|li|mi|ni|ri|si|ti|tri|ï]cien,·[mi|ni|pi|ti]culier | ·[bi|ci|ffi|mi|si|ssi]lier,·[ffi|fi|gi|tri]ciel | ·[bi|ci|di|dri|mi|pi|ppi|qui|sci|si|ssi|ti|tri]ller | ·[bri|ci|cri|di|gni|i|li|ni|nni|pli|ri|rri|si|thi|ti|tri|vi|zi]fier | ·[a|den|gi|go|lec|li|mi|mys|qua|so|ten|then|u|ver|vé]tifier	·[ffi|fi|li|pi|ppli|rri|ti]cier~·[ffi|fi|gi|tri]ciel:11(o,arti) ; ·[bi|ci|di|dri|mi|pi|ppi|qui|sci|si|ssi|ti|tri]ller~·[gi|li|mi|ni|ri|si|ti|tri|ï]cien:3(ma) ; ·[bri|ci|cri|di|gni|i|li|ni|nni|pli|ri|rri|si|thi|ti|tri|vi|zi]fier~·[bi|ci|ffi|mi|si|ssi]lier:2(mo) ; ·[bri|ci|cri|di|gni|i|li|ni|nni|pli|ri|rri|si|thi|ti|tri|vi|zi]fier~·[ffi|fi|li|pi|ppli|rri|ti]cier:2(jus,) ; ·[bri|ci|cri|di|gni|i|li|ni|nni|pli|ri|rri|si|thi|ti|tri|vi|zi]fier~·[bi|ci|di|dri|mi|pi|ppi|qui|sci|si|ssi|ti|tri]ller:1(qua,mor,ma)	863	594.3	1260.9		
P038	prefix	ar/aR/605 gar/gaR/481 car/kaR/64 éaR·/e.aR/28 écar/e.kaR/21 bar/baR/31 har/aR/20	gar,éaR· | écar,bar | ar | car | har	éaR·~écar:5(ter,tel,quiller) ; ar~éaR·:3(ter) ; ar~écar:3(ter) ; gar~bar:2(der) ; gar~car:0(bur,der,don)	592	1228.4	1255.9		
S058	suffix	·[a|ba|bra|ca|cia|da|dia|ga|gna|gra|la|lia|lla|ma|mma|na|nna|pa|pha|pla|qua|ra|ria|rra|sa|sla|ta|tia|tra|va|voi|xa|xploi]teur/[C]a.t9R/269 ·[bi|ci|cy|di|gni|i|li|lli|ni|ri|si|ti]taire/[C]i.tER/103 ·[a|ba|bla|ca|da|dra|ga|gia|gna|la|ma|mma|nia|ra|sla|ta|tra]ture/[C]a.tyR/97 ·[bi|ci|di|ffi|fi|mi|ni|ri|si|ti|tri|vi|xci]teur/[C]i.t9R/57 ·[den|man|men|mmen|pen|ven]taire/[C]@.tER/47 ·[bé|cré|dé|gé|lé|mé|né|pe|phé|ppré|pré|pé|té|vé]rateur/[C]e.a.t9R/31 ·[ba|ca|da|ga|gna|na|ta|va]taire/[C]a.tER/37	·[a|ba|bra|ca|cia|da|dia|ga|gna|gra|la|lia|lla|ma|mma|na|nna|pa|pha|pla|qua|ra|ria|rra|sa|sla|ta|tia|tra|va|voi|xa|xploi]teur | ·[a|ba|bla|ca|da|dra|ga|gia|gna|la|ma|mma|nia|ra|sla|ta|tra]ture,·[den|man|men|mmen|pen|ven]taire | ·[bi|ci|cy|di|gni|i|li|lli|ni|ri|si|ti]taire,·[bé|cré|dé|gé|lé|mé|né|pe|phé|ppré|pré|pé|té|vé]rateur,·[ba|ca|da|ga|gna|na|ta|va]taire | ·[bi|ci|di|ffi|fi|mi|ni|ri|si|ti|tri|vi|xci]teur	·[a|ba|bra|ca|cia|da|dia|ga|gna|gra|la|lia|lla|ma|mma|na|nna|pa|pha|pla|qua|ra|ria|rra|sa|sla|ta|tia|tra|va|voi|xa|xploi]teur~·[a|ba|bla|ca|da|dra|ga|gia|gna|la|ma|mma|nia|ra|sla|ta|tra]ture:10(cr,dic,ar) ; ·[a|ba|bra|ca|cia|da|dia|ga|gna|gra|la|lia|lla|ma|mma|na|nna|pa|pha|pla|qua|ra|ria|rra|sa|sla|ta|tia|tra|va|voi|xa|xploi]teur~·[bé|cré|dé|gé|lé|mé|né|pe|phé|ppré|pré|pé|té|vé]rateur:2(o,,inci) ; ·[bi|ci|cy|di|gni|i|li|lli|ni|ri|si|ti]taire~·[a|ba|bla|ca|da|dra|ga|gia|gna|la|ma|mma|nia|ra|sla|ta|tra]ture:2(mi) ; ·[a|ba|bra|ca|cia|da|dia|ga|gna|gra|la|lia|lla|ma|mma|na|nna|pa|pha|pla|qua|ra|ria|rra|sa|sla|ta|tia|tra|va|voi|xa|xploi]teur~·[bi|ci|di|ffi|fi|mi|ni|ri|si|ti|tri|vi|xci]teur:1(,cr,d) ; ·[a|ba|bra|ca|cia|da|dia|ga|gna|gra|la|lia|lla|ma|mma|na|nna|pa|pha|pla|qua|ra|ria|rra|sa|sla|ta|tia|tra|va|voi|xa|xploi]teur~·[den|man|men|mmen|pen|ven]taire:1(el,,s)	849	611.9	1252.7		
P039	prefix	dii·/di.i/232 ini·/5.i/225 sii·/si.i/88 vii·/vi.i/34 ii·/i.i/23 disi·/dis.i/22	ini·,sii· | dii·,vii·,disi· | ii·	ini·~vii·:21(ter) ; ini·~ii·:9(ter,mit,cit) ; vii·~ii·:7(ter) ; dii·~ini·:5(ger,nuer,dent) ; sii·~vii·:1(lit,fier,liser)	682	625.1	1250.2		
P040	prefix	en[che|ge|gre|le|re|se]·/@.[C]°/123 en[ché|cé|fié|grai|nei|qué|quê|ra|raie|ré|te|traî|té|tê]·/@.[C]e/88 em[bra|braie|mé|mê|pié|pre|pê]·/@.[C]e/82 en[chaî|fe|grai|lè|nei|quê|ra|se|sei|te|traî|tê|ve]·/@.[C]E/75 é[chau|clo|co|lo|mo|ro|to|vo]·/e.[C]o/67 en[cer|fer|ver]·/@.[C]ER/61 é[chi|di|li|mi|pi|ti|tri|vi]·/e.[C]i/52 em[bra|bê|mè|mê|pe|pei|pie|pre|pê]·/@.[C]E/40 é[bran|chan|den|lan|tan|ten|ven]·/e.[C]@/36	en[che|ge|gre|le|re|se]·,en[chaî|fe|grai|lè|nei|quê|ra|se|sei|te|traî|tê|ve]·,en[cer|fer|ver]·,é[chi|di|li|mi|pi|ti|tri|vi]· | é[chau|clo|co|lo|mo|ro|to|vo]·,em[bra|bê|mè|mê|pe|pei|pie|pre|pê]·,é[bran|chan|den|lan|tan|ten|ven]· | en[ché|cé|fié|grai|nei|qué|quê|ra|raie|ré|te|traî|té|tê]· | em[bra|braie|mé|mê|pié|pre|pê]·	é[chi|di|li|mi|pi|ti|tri|vi]·~é[bran|chan|den|lan|tan|ten|ven]·:1(ler) ; en[chaî|fe|grai|lè|nei|quê|ra|se|sei|te|traî|tê|ve]·~em[bra|bê|mè|mê|pe|pei|pie|pre|pê]·:0(yer) ; en[ché|cé|fié|grai|nei|qué|quê|ra|raie|ré|te|traî|té|tê]·~em[bra|braie|mé|mê|pié|pre|pê]·:0(ter) ; em[bra|braie|mé|mê|pié|pre|pê]·~é[chi|di|li|mi|pi|ti|tri|vi]·:0(ler) ; em[bra|braie|mé|mê|pié|pre|pê]·~é[bran|chan|den|lan|tan|ten|ven]·:0(ler)	759	624.6	1249.2		
S059	suffix	·[a|ba|bla|bra|bâ|ca|cca|cha|cia|da|dia|droi|ga|geoi|gna|gra|la|loi|lâ|ma|mma|na|nia|niâ|nna|noi|noî|pa|pha|qua|quoi|ra|ria|roi|rra|sa|soi|ssa|ssoi|ta|tia|toi|tra|tta|va|via|voua|xa|za|ça]blement/[C]a.*-{s°,ti}.m@/407 ·[a|ba|bla|bra|bâ|ca|cca|cha|cia|da|dia|droi|ga|geoi|gna|gra|la|loi|lâ|ma|mma|na|nia|niâ|nna|noi|noî|pa|pha|pla|qua|quoi|ra|ria|roi|rra|sa|soi|ssa|ssoi|ta|tia|toi|tra|tta|va|via|xa|za|ça]blement/[C]a.°.m@/403 ·[a|ba|bla|bra|bâ|ca|cca|cha|cia|da|dia|droi|ga|geoi|gna|gra|la|loi|lâ|ma|mma|na|nia|niâ|nna|noi|noî|pa|pha|pla|qua|quoi|ra|ria|roi|rra|sa|soi|ssa|ssoi|ta|tia|toi|tra|tta|va|via|xa|za|ça]blement/[C]a.[C]°.m@/402	·[a|ba|bla|bra|bâ|ca|cca|cha|cia|da|dia|droi|ga|geoi|gna|gra|la|loi|lâ|ma|mma|na|nia|niâ|nna|noi|noî|pa|pha|pla|qua|quoi|ra|ria|roi|rra|sa|soi|ssa|ssoi|ta|tia|toi|tra|tta|va|via|xa|za|ça]blement | ·[a|ba|bla|bra|bâ|ca|cca|cha|cia|da|dia|droi|ga|geoi|gna|gra|la|loi|lâ|ma|mma|na|nia|niâ|nna|noi|noî|pa|pha|pla|qua|quoi|ra|ria|roi|rra|sa|soi|ssa|ssoi|ta|tia|toi|tra|tta|va|via|xa|za|ça]blement | ·[a|ba|bla|bra|bâ|ca|cca|cha|cia|da|dia|droi|ga|geoi|gna|gra|la|loi|lâ|ma|mma|na|nia|niâ|nna|noi|noî|pa|pha|qua|quoi|ra|ria|roi|rra|sa|soi|ssa|ssoi|ta|tia|toi|tra|tta|va|via|voua|xa|za|ça]blement	·[a|ba|bla|bra|bâ|ca|cca|cha|cia|da|dia|droi|ga|geoi|gna|gra|la|loi|lâ|ma|mma|na|nia|niâ|nna|noi|noî|pa|pha|pla|qua|quoi|ra|ria|roi|rra|sa|soi|ssa|ssoi|ta|tia|toi|tra|tta|va|via|xa|za|ça]blement~·[a|ba|bla|bra|bâ|ca|cca|cha|cia|da|dia|droi|ga|geoi|gna|gra|la|loi|lâ|ma|mma|na|nia|niâ|nna|noi|noî|pa|pha|pla|qua|quoi|ra|ria|roi|rra|sa|soi|ssa|ssoi|ta|tia|toi|tra|tta|va|via|xa|za|ça]blement:394(pro,imm,fi) ; ·[a|ba|bla|bra|bâ|ca|cca|cha|cia|da|dia|droi|ga|geoi|gna|gra|la|loi|lâ|ma|mma|na|nia|niâ|nna|noi|noî|pa|pha|qua|quoi|ra|ria|roi|rra|sa|soi|ssa|ssoi|ta|tia|toi|tra|tta|va|via|voua|xa|za|ça]blement~·[a|ba|bla|bra|bâ|ca|cca|cha|cia|da|dia|droi|ga|geoi|gna|gra|la|loi|lâ|ma|mma|na|nia|niâ|nna|noi|noî|pa|pha|pla|qua|quoi|ra|ria|roi|rra|sa|soi|ssa|ssoi|ta|tia|toi|tra|tta|va|via|xa|za|ça]blement:390(pro,imm,fi) ; ·[a|ba|bla|bra|bâ|ca|cca|cha|cia|da|dia|droi|ga|geoi|gna|gra|la|loi|lâ|ma|mma|na|nia|niâ|nna|noi|noî|pa|pha|qua|quoi|ra|ria|roi|rra|sa|soi|ssa|ssoi|ta|tia|toi|tra|tta|va|via|voua|xa|za|ça]blement~·[a|ba|bla|bra|bâ|ca|cca|cha|cia|da|dia|droi|ga|geoi|gna|gra|la|loi|lâ|ma|mma|na|nia|niâ|nna|noi|noî|pa|pha|pla|qua|quoi|ra|ria|roi|rra|sa|soi|ssa|ssoi|ta|tia|toi|tra|tta|va|via|xa|za|ça]blement:390(pro,imm,fi)	307	415.6	1246.7		
S060	suffix	·[bé|cé|fu|ge|gou|leu|lheu|lou|lé|mou|nheu|né|quo|si|ssié|sé|tu|vou|vé]reux/*.R2/244 ·[bre|bé|ca|ce|ga|le|lle|lé|ma|mé|pe|que|qué|re|ré|se|sé|ta|ti|té|za]ro/*.Ro/188 ·[ffé|fé|nhé|pa|ppa|é]rent/*.R@/99 ·[be|ca|ce|che|de|fa|fé|ga|ge|gne|le|lle|me|mo|pe|ppe|que|se|te|ti|tu|vi]ron/*.R§/91	·[bé|cé|fu|ge|gou|leu|lheu|lou|lé|mou|nheu|né|quo|si|ssié|sé|tu|vou|vé]reux | ·[be|ca|ce|che|de|fa|fé|ga|ge|gne|le|lle|me|mo|pe|ppe|que|se|te|ti|tu|vi]ron | ·[bre|bé|ca|ce|ga|le|lle|lé|ma|mé|pe|que|qué|re|ré|se|sé|ta|ti|té|za]ro | ·[ffé|fé|nhé|pa|ppa|é]rent	·[bé|cé|fu|ge|gou|leu|lheu|lou|lé|mou|nheu|né|quo|si|ssié|sé|tu|vou|vé]reux~·[be|ca|ce|che|de|fa|fé|ga|ge|gne|le|lle|me|mo|pe|ppe|que|se|te|ti|tu|vi]ron:9(cha,bi,a) ; ·[bé|cé|fu|ge|gou|leu|lheu|lou|lé|mou|nheu|né|quo|si|ssié|sé|tu|vou|vé]reux~·[bre|bé|ca|ce|ga|le|lle|lé|ma|mé|pe|que|qué|re|ré|se|sé|ta|ti|té|za]ro:2(a,va,li) ; ·[bre|bé|ca|ce|ga|le|lle|lé|ma|mé|pe|que|qué|re|ré|se|sé|ta|ti|té|za]ro~·[be|ca|ce|che|de|fa|fé|ga|ge|gne|le|lle|me|mo|pe|ppe|que|se|te|ti|tu|vi]ron:1(a,li) ; ·[bre|bé|ca|ce|ga|le|lle|lé|ma|mé|pe|que|qué|re|ré|se|sé|ta|ti|té|za]ro~·[ffé|fé|nhé|pa|ppa|é]rent:1(a,r) ; ·[ffé|fé|nhé|pa|ppa|é]rent~·[be|ca|ce|che|de|fa|fé|ga|ge|gne|le|lle|me|mo|pe|ppe|que|se|te|ti|tu|vi]ron:1(a,inter)	158	621.8	1243.7		
S061	suffix	·cheter/S°.te/228 ·@ter/@.te/240 ·oté/o.te/72 ·[bri|com|pri|ter|to|tra]été/*.e.te/33 ·°té/°.te/48 ·eté/e.te/37	·cheter,·oté,·[bri|com|pri|ter|to|tra]été | ·°té,·eté | ·@ter	·[bri|com|pri|ter|to|tra]été~·°té:4(pro) ; ·oté~·eté:1(com) ; ·@ter~·°té:0(fer) ; ·cheter~·°té:0(cro,reca,deca) ; ·@ter~·[bri|com|pri|ter|to|tra]été:0(con,rein)	1553	624.4	1225.1		
S062	suffix	·[a|ba|bi|ca|cia|da|dua|dé|ga|gi|gra|ma|na|nna|qui|ra|ri|ria|sa|sua|ta|ti|tia|tra|tua|va|vi|via|xua]-{mi}lité/*-{mi}.li.te/244 ·[ba|ca|da|dem|der|dium|ffi|gi|gui|li|ma|mi|mmu|ré|scé|ter|ti|tu|tur|vi]-{py}nité/*-{py}.ni.te/87 ·[ba|ca|da|dem|der|dium|gi|le|li|ma|mi|mmu|re|ré|ter|ti|tu|vi]-{py}nité/*-{py}.ni.te/81 ·[bli|bri|ca|co|di|fi|ga|li|na|ni|pa|pli|pro|qua|ra|ri|ria|ti|tri|tro|va|ï]-{Ro}cité/*-{Ro}.si.te/77	·[ba|ca|da|dem|der|dium|ffi|gi|gui|li|ma|mi|mmu|ré|scé|ter|ti|tu|tur|vi]-{py}nité | ·[ba|ca|da|dem|der|dium|gi|le|li|ma|mi|mmu|re|ré|ter|ti|tu|vi]-{py}nité | ·[a|ba|bi|ca|cia|da|dua|dé|ga|gi|gra|ma|na|nna|qui|ra|ri|ria|sa|sua|ta|ti|tia|tra|tua|va|vi|via|xua]-{mi}lité | ·[bli|bri|ca|co|di|fi|ga|li|na|ni|pa|pli|pro|qua|ra|ri|ria|ti|tri|tro|va|ï]-{Ro}cité	·[ba|ca|da|dem|der|dium|ffi|gi|gui|li|ma|mi|mmu|ré|scé|ter|ti|tu|tur|vi]-{py}nité~·[ba|ca|da|dem|der|dium|gi|le|li|ma|mi|mmu|re|ré|ter|ti|tu|vi]-{py}nité:77(hu,,oppor) ; ·[a|ba|bi|ca|cia|da|dua|dé|ga|gi|gra|ma|na|nna|qui|ra|ri|ria|sa|sua|ta|ti|tia|tra|tua|va|vi|via|xua]-{mi}lité~·[ba|ca|da|dem|der|dium|ffi|gi|gui|li|ma|mi|mmu|ré|scé|ter|ti|tu|tur|vi]-{py}nité:14(,s,fra) ; ·[a|ba|bi|ca|cia|da|dua|dé|ga|gi|gra|ma|na|nna|qui|ra|ri|ria|sa|sua|ta|ti|tia|tra|tua|va|vi|via|xua]-{mi}lité~·[ba|ca|da|dem|der|dium|gi|le|li|ma|mi|mmu|re|ré|ter|ti|tu|vi]-{py}nité:14(,s,fra) ; ·[ba|ca|da|dem|der|dium|ffi|gi|gui|li|ma|mi|mmu|ré|scé|ter|ti|tu|tur|vi]-{py}nité~·[bli|bri|ca|co|di|fi|ga|li|na|ni|pa|pli|pro|qua|ra|ri|ria|ti|tri|tro|va|ï]-{Ro}cité:3(f,a,mo) ; ·[ba|ca|da|dem|der|dium|gi|le|li|ma|mi|mmu|re|ré|ter|ti|tu|vi]-{py}nité~·[bli|bri|ca|co|di|fi|ga|li|na|ni|pa|pli|pro|qua|ra|ri|ria|ti|tri|tro|va|ï]-{Ro}cité:2(f,mo,la)	346	407.6	1223.0		
S063	suffix	ture/tyR/903 ·[a|ba|bla|ca|che|cri|cul|da|dra|fac|fai|fec|fi|ga|ge|gia|gna|la|ma|me|mma|ni|nia|pos|pul|punc|ra|rri|sla|ta|tec|ti|tra|van|ven|ver|vol]ture/*.tyR/284 ·ature/a.tyR/70 ·iture/i.tyR/62 ·[cu|di|e|gi|gis|llé|lo|men|ppo|pri|pé|ri|tté]rature/*.a.tyR/31	·[a|ba|bla|ca|che|cri|cul|da|dra|fac|fai|fec|fi|ga|ge|gia|gna|la|ma|me|mma|ni|nia|pos|pul|punc|ra|rri|sla|ta|tec|ti|tra|van|ven|ver|vol]ture | ture,·ature,·iture,·[cu|di|e|gi|gis|llé|lo|men|ppo|pri|pé|ri|tté]rature	·[a|ba|bla|ca|che|cri|cul|da|dra|fac|fai|fec|fi|ga|ge|gia|gna|la|ma|me|mma|ni|nia|pos|pul|punc|ra|rri|sla|ta|tec|ti|tra|van|ven|ver|vol]ture~·iture:58(nou,con,pou) ; ·[a|ba|bla|ca|che|cri|cul|da|dra|fac|fai|fec|fi|ga|ge|gia|gna|la|ma|me|mma|ni|nia|pos|pul|punc|ra|rri|sla|ta|tec|ti|tra|van|ven|ver|vol]ture~·ature:53(cr,temp,litt) ; ture~·[a|ba|bla|ca|che|cri|cul|da|dra|fac|fai|fec|fi|ga|ge|gia|gna|la|ma|me|mma|ni|nia|pos|pul|punc|ra|rri|sla|ta|tec|ti|tra|van|ven|ver|vol]ture:4(cou,pr,mou) ; ·[a|ba|bla|ca|che|cri|cul|da|dra|fac|fai|fec|fi|ga|ge|gia|gna|la|ma|me|mma|ni|nia|pos|pul|punc|ra|rri|sla|ta|tec|ti|tra|van|ven|ver|vol]ture~·[cu|di|e|gi|gis|llé|lo|men|ppo|pri|pé|ri|tté]rature:0(li,a,im)	174	903.6	1218.7	suffix consonant clusters (tre taire ture fre vre fer vaire erve ste sque ce th ille reille gnon cis ci rbe rne)	
S064	suffix	·[ca|chai|char|chaî|ci|cu|dai|di|ffi|fi|lai|li|mai|mi|qui|rai|rei|ri|rrai|sai|scè|ser|tai|ter|ti|to|tour|traî|tri|tti|ver|vi|vè|vé]nement/*.n°.m@/188 ·[bar|bli|bri|chi|cho|cli|di|fi|gi|li|mi|ni|nia|nni|phi|pi|pro|ra|res|ri|si|ssi|sè|tes|thi|ti|tri|ï]quement/*.k°.m@/98 ·[chè|di|grè|lè|ner|sci|si|ssi|ti|vi|è|ï]vement/*.v°.m@/73 ·[chè|lè|ner|sci|si|ssi|ti|vi|è|ï]vement/*.v°.m@/46 ·[bo|cie|die|do|e|fo|gno|illo|llo|mo|o|po|ro|sio|so|sso|tie|tio|to|ço]nnement/*.n°.m@/44 ·Onnement/O.n°.m@/34	·[chè|di|grè|lè|ner|sci|si|ssi|ti|vi|è|ï]vement | ·[chè|lè|ner|sci|si|ssi|ti|vi|è|ï]vement | ·[bo|cie|die|do|e|fo|gno|illo|llo|mo|o|po|ro|sio|so|sso|tie|tio|to|ço]nnement | ·[bar|bli|bri|chi|cho|cli|di|fi|gi|li|mi|ni|nia|nni|phi|pi|pro|ra|res|ri|si|ssi|sè|tes|thi|ti|tri|ï]quement,·Onnement | ·[ca|chai|char|chaî|ci|cu|dai|di|ffi|fi|lai|li|mai|mi|qui|rai|rei|ri|rrai|sai|scè|ser|tai|ter|ti|to|tour|traî|tri|tti|ver|vi|vè|vé]nement	·[chè|di|grè|lè|ner|sci|si|ssi|ti|vi|è|ï]vement~·[chè|lè|ner|sci|si|ssi|ti|vi|è|ï]vement:43(effec,en,rela) ; ·[bo|cie|die|do|e|fo|gno|illo|llo|mo|o|po|ro|sio|so|sso|tie|tio|to|ço]nnement~·Onnement:33(envi,rai,fonc) ; ·[ca|chai|char|chaî|ci|cu|dai|di|ffi|fi|lai|li|mai|mi|qui|rai|rei|ri|rrai|sai|scè|ser|tai|ter|ti|to|tour|traî|tri|tti|ver|vi|vè|vé]nement~·[chè|di|grè|lè|ner|sci|si|ssi|ti|vi|è|ï]vement:10(en,sou,a) ; ·[ca|chai|char|chaî|ci|cu|dai|di|ffi|fi|lai|li|mai|mi|qui|rai|rei|ri|rrai|sai|scè|ser|tai|ter|ti|to|tour|traî|tri|tti|ver|vi|vè|vé]nement~·[chè|lè|ner|sci|si|ssi|ti|vi|è|ï]vement:10(en,sou,a) ; ·[ca|chai|char|chaî|ci|cu|dai|di|ffi|fi|lai|li|mai|mi|qui|rai|rei|ri|rrai|sai|scè|ser|tai|ter|ti|to|tour|traî|tri|tti|ver|vi|vè|vé]nement~·[bo|cie|die|do|e|fo|gno|illo|llo|mo|o|po|ro|sio|so|sso|tie|tio|to|ço]nnement:3(,ra,a)	431	402.4	1207.2		
S065	suffix	·tention/t@.sj§/380 ·ppression/pRe.sj§/106 ·@tion/@.sj§/45 ·vention/v@.sj§/36 ·cession/se.sj§/35 ·ession/e.sj§/32 vention/v@.sj§/28	·ppression,·@tion | vention | ·vention | ·cession | ·ession | ·tention	·@tion~vention:23(inter,con,contra) ; ·@tion~·vention:21(inter,con,sub) ; ·vention~vention:21(inter,con,sub) ; ·cession~·ession:10(con,pro,suc) ; ·tention~·vention:9(in,pr,con)	77	593.0	1185.9		
S066	suffix	·mandé/m@.de/509 ·vanté/v@.te/40 ·manter/m@.te/40 menter/m@.te/40	·vanté,·manter | ·mandé,menter	·manter~menter:19(aug,ali,tour) ; ·mandé~·manter:1(co) ; ·mandé~·vanté:0(d)	313	594.0	1182.7		
S067	suffix	·[fi|jeu|ste|u|ve|ver]-{t°}nir/*-{t°}.niR/471 ·[a|bbi|bi|bo|ca|chi|chro|clo|co|do|dé|fo|ga|go|gy|gé|i|ka|li|lli|llé|ma|mi|mo|mé|no|o|pa|pho|phré|ra|rai|ro|so|ta|tech|thé|to|tro|va|vio]-{Zje}nique/*-{Zje}.nik/53 ·[a|bé|chlo|fu|go|gou|gy|klo|llu|lo|lé|mé|ni|né|o|pho|phé|pi|tho|ti|to|vé]-{te}rique/*-{te}.Rik/35 ·[chi|ché|clys|cé|der|dé|ga|gas|la|li|lu|lé|na|no|ny|plas|ra|rith|ré|sa|sla|so|tal|ther|thy|to|té|xys]-{ne}mique/*-{ne}.mik/31	·[fi|jeu|ste|u|ve|ver]-{t°}nir | ·[chi|ché|clys|cé|der|dé|ga|gas|la|li|lu|lé|na|no|ny|plas|ra|rith|ré|sa|sla|so|tal|ther|thy|to|té|xys]-{ne}mique | ·[a|bbi|bi|bo|ca|chi|chro|clo|co|do|dé|fo|ga|go|gy|gé|i|ka|li|lli|llé|ma|mi|mo|mé|no|o|pa|pho|phré|ra|rai|ro|so|ta|tech|thé|to|tro|va|vio]-{Zje}nique | ·[a|bé|chlo|fu|go|gou|gy|klo|llu|lo|lé|mé|ni|né|o|pho|phé|pi|tho|ti|to|vé]-{te}rique	·[fi|jeu|ste|u|ve|ver]-{t°}nir~·[chi|ché|clys|cé|der|dé|ga|gas|la|li|lu|lé|na|no|ny|plas|ra|rith|ré|sa|sla|so|tal|ther|thy|to|té|xys]-{ne}mique:5(a) ; ·[a|bbi|bi|bo|ca|chi|chro|clo|co|do|dé|fo|ga|go|gy|gé|i|ka|li|lli|llé|ma|mi|mo|mé|no|o|pa|pho|phré|ra|rai|ro|so|ta|tech|thé|to|tro|va|vio]-{Zje}nique~·[chi|ché|clys|cé|der|dé|ga|gas|la|li|lu|lé|na|no|ny|plas|ra|rith|ré|sa|sla|so|tal|ther|thy|to|té|xys]-{ne}mique:2(i,bio,cata) ; ·[a|bbi|bi|bo|ca|chi|chro|clo|co|do|dé|fo|ga|go|gy|gé|i|ka|li|lli|llé|ma|mi|mo|mé|no|o|pa|pho|phré|ra|rai|ro|so|ta|tech|thé|to|tro|va|vio]-{Zje}nique~·[a|bé|chlo|fu|go|gou|gy|klo|llu|lo|lé|mé|ni|né|o|pho|phé|pi|tho|ti|to|vé]-{te}rique:2(his,tel,sa) ; ·[a|bé|chlo|fu|go|gou|gy|klo|llu|lo|lé|mé|ni|né|o|pho|phé|pi|tho|ti|to|vé]-{te}rique~·[chi|ché|clys|cé|der|dé|ga|gas|la|li|lu|lé|na|no|ny|plas|ra|rith|ré|sa|sla|so|tal|ther|thy|to|té|xys]-{ne}mique:1(a,g,i) ; ·[fi|jeu|ste|u|ve|ver]-{t°}nir~·[a|bé|chlo|fu|go|gou|gy|klo|llu|lo|lé|mé|ni|né|o|pho|phé|pi|tho|ti|to|vé]-{te}rique:0(a)	402	590.2	1180.5		
S068	suffix	·[bi|ci|gi|ni|pi|ri]tal/[C]i.tal/146 ·[di|i|lli|ni|ri|sci|ti|tri|vi]cule/[C]i.kyl/113 ·[di|fi|gi|li|mi|ni|pi|ri|si|ti|tri|vi|xi]cal/[C]i.kal/78 ·[bi|fi|mi|qui|ri|rri|vi|xci]table/[C]i.tabl/50 ·[ci|cry|ni|si|ti|xi]mal/[C]i.mal/49 ·[ci|di|gi|mi|ri|ti|tri]nal/[C]i.nal/48 ·[di|fi|li|ni]cat/[C]i.ka/39 ·[dan|den|men|nen|ren|rien]tal/[C]@.tal/33 ·[cen|llan|men|pen|ren|van]tage/[C]@.taZ/30	·[ci|cry|ni|si|ti|xi]mal,·[dan|den|men|nen|ren|rien]tal | ·[di|i|lli|ni|ri|sci|ti|tri|vi]cule,·[di|fi|li|ni]cat,·[cen|llan|men|pen|ren|van]tage | ·[di|fi|gi|li|mi|ni|pi|ri|si|ti|tri|vi|xi]cal,·[bi|fi|mi|qui|ri|rri|vi|xci]table,·[ci|di|gi|mi|ri|ti|tri]nal | ·[bi|ci|gi|ni|pi|ri]tal	·[ci|cry|ni|si|ti|xi]mal~·[cen|llan|men|pen|ren|van]tage:17(a) ; ·[di|fi|gi|li|mi|ni|pi|ri|si|ti|tri|vi|xi]cal~·[ci|cry|ni|si|ti|xi]mal:4(a) ; ·[di|fi|gi|li|mi|ni|pi|ri|si|ti|tri|vi|xi]cal~·[cen|llan|men|pen|ren|van]tage:4(a) ; ·[di|i|lli|ni|ri|sci|ti|tri|vi]cule~·[ci|di|gi|mi|ri|ti|tri]nal:3(ma,r) ; ·[di|fi|gi|li|mi|ni|pi|ri|si|ti|tri|vi|xi]cal~·[di|fi|li|ni]cat:1(syn,ponti)	322	584.9	1169.8		
S069	suffix	·mener/m°.ne/322 ·miné/mi.ne/212 miner/mi.ne/218 ·[a|che|cri|do|li|llu|lu|ssé|ta|ter|xter]miner/*.mi.ne/80	·mener,·miné | miner,·[a|che|cri|do|li|llu|lu|ssé|ta|ter|xter]miner	·miné~miner:63(ter,exa,eli) ; ·mener~·[a|che|cri|do|li|llu|lu|ssé|ta|ter|xter]miner:1(a) ; ·miné~·[a|che|cri|do|li|llu|lu|ssé|ta|ter|xter]miner:0(d)	325	550.3	1164.3		
S070	suffix	·[ba|be|ble|brai|bre|ce|che|cié|cre|cu|de|dre|fe|ffe|ffle|fle|fre|fré|ge|gle|gne|gneu|go|gre|gue|ille|le|lle|lo|me|moi|ne|nie|nne|nu|o|pe|pho|phé|que|re|rre|se|sse|ta|te|tre|tte|tu|té|ve|vre]ries/*.Ri/418 rie/Ri/449 ·°rie/°.Ri/199 ri/Ri/273	·[ba|be|ble|brai|bre|ce|che|cié|cre|cu|de|dre|fe|ffe|ffle|fle|fre|fré|ge|gle|gne|gneu|go|gre|gue|ille|le|lle|lo|me|moi|ne|nie|nne|nu|o|pe|pho|phé|que|re|rre|se|sse|ta|te|tre|tte|tu|té|ve|vre]ries,ri | ·°rie | rie	·[ba|be|ble|brai|bre|ce|che|cié|cre|cu|de|dre|fe|ffe|ffle|fle|fre|fré|ge|gle|gne|gneu|go|gre|gue|ille|le|lle|lo|me|moi|ne|nie|nne|nu|o|pe|pho|phé|que|re|rre|se|sse|ta|te|tre|tte|tu|té|ve|vre]ries~·°rie:158(salo,plaisan,arti) ; rie~·°rie:0(chi,coqu) ; ·[ba|be|ble|brai|bre|ce|che|cié|cre|cu|de|dre|fe|ffe|ffle|fle|fre|fré|ge|gle|gne|gneu|go|gre|gue|ille|le|lle|lo|me|moi|ne|nie|nne|nu|o|pe|pho|phé|que|re|rre|se|sse|ta|te|tre|tte|tu|té|ve|vre]ries~rie:0(coqu)	667	733.3	1163.2		
P041	prefix	au/o/1042 o/o/114	au,o		238	1155.3	1155.3		
P042	prefix	main/m5/1153	main		42	1152.5	1152.5		
S071	suffix	·[bé|cré|cé|dé|fé|gré|gé|llé|lé|mé|né|pré|pé|rré|scé|sé|té|vé|é]ration/[C]e.a.sj§/149 ·[bé|cé|dé|fé|gé|lé|mé|né|pé|rrié|scé|sé|té]ration/[C]e.Ra.sj§/119 ·[bé|dé|fé|gé|lé|mé|né|pé|té|é]ration/[C]e.Ra.sj§/117 ·[bor|for|or|por|xpor]mations/[C]OR.a.sj§/72 ·[can|cen|man|men|mman|pen|plan|quen|ren|rien|sen|tan|ten|ven]tration/[C]@.a.sj§/63 ·[ber|cer|ser|sser|ter|ver]sation/[C]ER.a.sj§/61 ·[can|man|men|plan|quen|rien|sen|ten]tation/[C]@.ta.sj§/49 ·[can|men|plan|quen|rien|sen|ten]tation/[C]@.ta.sj§/41 ·[mi|pi|spi|xpi]ration/[C]i.Ra.sj§/33 ·[mi|pi|xpi]ration/[C]i.Ra.sj§/33	·[bé|cré|cé|dé|fé|gré|gé|llé|lé|mé|né|pré|pé|rré|scé|sé|té|vé|é]ration | ·[bé|cé|dé|fé|gé|lé|mé|né|pé|rrié|scé|sé|té]ration,·[mi|pi|spi|xpi]ration | ·[bé|dé|fé|gé|lé|mé|né|pé|té|é]ration,·[mi|pi|xpi]ration | ·[can|cen|man|men|mman|pen|plan|quen|ren|rien|sen|tan|ten|ven]tration | ·[can|man|men|plan|quen|rien|sen|ten]tation | ·[can|men|plan|quen|rien|sen|ten]tation | ·[ber|cer|ser|sser|ter|ver]sation | ·[bor|for|or|por|xpor]mations	·[bé|cré|cé|dé|fé|gré|gé|llé|lé|mé|né|pré|pé|rré|scé|sé|té|vé|é]ration~·[bé|cé|dé|fé|gé|lé|mé|né|pé|rrié|scé|sé|té]ration:98(o,g,li) ; ·[bé|cré|cé|dé|fé|gré|gé|llé|lé|mé|né|pré|pé|rré|scé|sé|té|vé|é]ration~·[bé|dé|fé|gé|lé|mé|né|pé|té|é]ration:95(o,g,li) ; ·[bé|cé|dé|fé|gé|lé|mé|né|pé|rrié|scé|sé|té]ration~·[bé|dé|fé|gé|lé|mé|né|pé|té|é]ration:95(o,g,li) ; ·[can|cen|man|men|mman|pen|plan|quen|ren|rien|sen|tan|ten|ven]tration~·[can|man|men|plan|quen|rien|sen|ten]tation:40(repr,aug,ali) ; ·[can|cen|man|men|mman|pen|plan|quen|ren|rien|sen|tan|ten|ven]tration~·[can|men|plan|quen|rien|sen|ten]tation:32(repr,ali,pr)	217	379.9	1139.8		
S072	suffix	·[comp|con|ffron|fron|mon]ter/[C]§.te/181 ·[fon|mon|nnon|non]cer/[C]§.se/105 ·[is|kys|sis|ssis]ter/[C]is.te/84 ·[bec|fec|ffec|jec|mec|nnec|pec|tec]ter/[C]Ek.te/78 ·[domp|ffron|fron|lon|mon]té/[C]§.te/51 ·[fes|les|nes|pes|tes|ttes]ter/[C]Es.te/32 ·[llon|lon|pon|son]ger/[C]§.Ze/31	·[comp|con|ffron|fron|mon]ter | ·[fon|mon|nnon|non]cer | ·[is|kys|sis|ssis]ter | ·[llon|lon|pon|son]ger | ·[fes|les|nes|pes|tes|ttes]ter | ·[bec|fec|ffec|jec|mec|nnec|pec|tec]ter | ·[domp|ffron|fron|lon|mon]té	·[comp|con|ffron|fron|mon]ter~·[fon|mon|nnon|non]cer:38(a,r,d) ; ·[comp|con|ffron|fron|mon]ter~·[is|kys|sis|ssis]ter:30(r,a,d) ; ·[fon|mon|nnon|non]cer~·[is|kys|sis|ssis]ter:28(r,a,d) ; ·[fon|mon|nnon|non]cer~·[llon|lon|pon|son]ger:13(a,pro,) ; ·[fon|mon|nnon|non]cer~·[fes|les|nes|pes|tes|ttes]ter:11(d,pro,a)	358	561.8	1123.6		
P043	prefix	cou/ku/643 écou/e.ku/227	cou,écou		233	869.8	1096.5		
S073	suffix	tique/tik/506 fique/fik/137 nique/nik/110 gique/Zik/67 lique/lik/51 mique/mik/49 sque/sk°/49 rique/Rik/44 trique/tRik/41 sique/zik/37	tique,fique,gique,lique,sque,trique,sique | mique,rique | nique	tique~rique:2(gen) ; tique~nique:0(bio,pho,demo) ; tique~mique:0(plas,paroxys,orgas) ; nique~rique:0(eth,eupho)	1461	1092.8	1092.8	suffix consonant clusters (tre taire ture fre vre fer vaire erve ste sque ce th ille reille gnon cis ci rbe rne)	
S074	suffix	·[bo|ca|ci|cu|dai|di|die|do|e|fi|fo|gno|illo|lai|li|llo|mai|mi|mo|o|po|qui|rai|rei|ri|ro|rrai|sai|scè|ser|sio|so|sso|tai|ter|ti|tio|tour|traî|tri|tti|ver|vi|vè|vé|ço]-{SE,tO}nement/*-{SE,tO}.n°.m@/225 ·[a|au|bi|bli|bou|bri|ca|cai|chi|ci|di|dre|dri|gi|gri|gui|i|illi|la|li|lli|mi|mou|na|ni|nni|noui|pa|pi|pli|re|ri|roi|rra|rri|si|ssi|ti|tri|tti|vi|vri]-{bE,pRE}ssement/*-{bE,pRE}.s°.m@/75 ·[bar|bi|bor|ci|con|di|fi|gau|gi|illar|li|man|men|mi|mman|mmo|nar|pi|ssa|sur|tar|ten|vi]-{mER}dement/*-{mER}.d°.m@/64	·[bo|ca|ci|cu|dai|di|die|do|e|fi|fo|gno|illo|lai|li|llo|mai|mi|mo|o|po|qui|rai|rei|ri|ro|rrai|sai|scè|ser|sio|so|sso|tai|ter|ti|tio|tour|traî|tri|tti|ver|vi|vè|vé|ço]-{SE,tO}nement | ·[bar|bi|bor|ci|con|di|fi|gau|gi|illar|li|man|men|mi|mman|mmo|nar|pi|ssa|sur|tar|ten|vi]-{mER}dement | ·[a|au|bi|bli|bou|bri|ca|cai|chi|ci|di|dre|dri|gi|gri|gui|i|illi|la|li|lli|mi|mou|na|ni|nni|noui|pa|pi|pli|re|ri|roi|rra|rri|si|ssi|ti|tri|tti|vi|vri]-{bE,pRE}ssement	·[bo|ca|ci|cu|dai|di|die|do|e|fi|fo|gno|illo|lai|li|llo|mai|mi|mo|o|po|qui|rai|rei|ri|ro|rrai|sai|scè|ser|sio|so|sso|tai|ter|ti|tio|tour|traî|tri|tti|ver|vi|vè|vé|ço]-{SE,tO}nement~·[bar|bi|bor|ci|con|di|fi|gau|gi|illar|li|man|men|mi|mman|mmo|nar|pi|ssa|sur|tar|ten|vi]-{mER}dement:7(a,en,ra) ; ·[a|au|bi|bli|bou|bri|ca|cai|chi|ci|di|dre|dri|gi|gri|gui|i|illi|la|li|lli|mi|mou|na|ni|nni|noui|pa|pi|pli|re|ri|roi|rra|rri|si|ssi|ti|tri|tti|vi|vri]-{bE,pRE}ssement~·[bar|bi|bor|ci|con|di|fi|gau|gi|illar|li|man|men|mi|mman|mmo|nar|pi|ssa|sur|tar|ten|vi]-{mER}dement:4(r,ra,d) ; ·[bo|ca|ci|cu|dai|di|die|do|e|fi|fo|gno|illo|lai|li|llo|mai|mi|mo|o|po|qui|rai|rei|ri|ro|rrai|sai|scè|ser|sio|so|sso|tai|ter|ti|tio|tour|traî|tri|tti|ver|vi|vè|vé|ço]-{SE,tO}nement~·[a|au|bi|bli|bou|bri|ca|cai|chi|ci|di|dre|dri|gi|gri|gui|i|illi|la|li|lli|mi|mou|na|ni|nni|noui|pa|pi|pli|re|ri|roi|rra|rri|si|ssi|ti|tri|tti|vi|vri]-{bE,pRE}ssement:3(ra,r,d)	357	363.8	1091.4		
S075	suffix	·[a|ba|bra|ca|cia|da|dia|ga|gia|gna|gra|la|le|lia|lla|ma|na|nha|nia|nna|pa|pla|ra|ria|sa|ssa|ta|tia|tra|va|via]lité/[C]a.i.te/220 ·[a|ba|bra|ca|cia|da|dia|ga|gia|gra|ma|na|nia|nna|pa|ra|ria|sa|ssa|ta|tia|tra|va|via]lité/[C]a.li.te/149 ·[a|ba|ca|cia|da|ga|gra|ma|na|nna|ra|ria|sa|ta|tia|tra|va|via]lité/[C]a.li.te/142 ·[a|ba|ca|cia|cra|da|ga|gna|ma|na|nna|ra|ria|ta|tia|tra|va|via]lisé/[C]a.li.ze/107 ·[ca|ga|ma|ta|va]niser/[C]a.ni.ze/37 ·[ca|ga|le|ma|ra|ta|va]niser/[C]a.ni.ze/32	·[a|ba|bra|ca|cia|da|dia|ga|gia|gna|gra|la|le|lia|lla|ma|na|nha|nia|nna|pa|pla|ra|ria|sa|ssa|ta|tia|tra|va|via]lité | ·[a|ba|bra|ca|cia|da|dia|ga|gia|gra|ma|na|nia|nna|pa|ra|ria|sa|ssa|ta|tia|tra|va|via]lité,·[ca|ga|ma|ta|va]niser | ·[a|ba|ca|cia|da|ga|gra|ma|na|nna|ra|ria|sa|ta|tia|tra|va|via]lité,·[ca|ga|le|ma|ra|ta|va]niser | ·[a|ba|ca|cia|cra|da|ga|gna|ma|na|nna|ra|ria|ta|tia|tra|va|via]lisé	·[a|ba|bra|ca|cia|da|dia|ga|gia|gna|gra|la|le|lia|lla|ma|na|nha|nia|nna|pa|pla|ra|ria|sa|ssa|ta|tia|tra|va|via]lité~·[a|ba|bra|ca|cia|da|dia|ga|gia|gra|ma|na|nia|nna|pa|ra|ria|sa|ssa|ta|tia|tra|va|via]lité:135(r,perso,sp) ; ·[a|ba|bra|ca|cia|da|dia|ga|gia|gra|ma|na|nia|nna|pa|ra|ria|sa|ssa|ta|tia|tra|va|via]lité~·[a|ba|ca|cia|da|ga|gra|ma|na|nna|ra|ria|sa|ta|tia|tra|va|via]lité:128(r,perso,sp) ; ·[a|ba|bra|ca|cia|da|dia|ga|gia|gna|gra|la|le|lia|lla|ma|na|nha|nia|nna|pa|pla|ra|ria|sa|ssa|ta|tia|tra|va|via]lité~·[a|ba|ca|cia|da|ga|gra|ma|na|nna|ra|ria|sa|ta|tia|tra|va|via]lité:128(r,perso,sp) ; ·[a|ba|bra|ca|cia|da|dia|ga|gia|gna|gra|la|le|lia|lla|ma|na|nha|nia|nna|pa|pla|ra|ria|sa|ssa|ta|tia|tra|va|via]lité~·[a|ba|ca|cia|cra|da|ga|gna|ma|na|nna|ra|ria|ta|tia|tra|va|via]lisé:25(r,hospi,ri) ; ·[a|ba|bra|ca|cia|da|dia|ga|gia|gra|ma|na|nia|nna|pa|ra|ria|sa|ssa|ta|tia|tra|va|via]lité~·[a|ba|ca|cia|cra|da|ga|gna|ma|na|nna|ra|ria|ta|tia|tra|va|via]lisé:24(r,hospi,ri)	694	364.9	1089.1		
S076	suffix	per/pe/636 pper/pe/216 pect/pE/97 pé/pe/72 ·opper/o.pe/25 pée/pe/31	per,pect,·opper | pper,pé | pée	per~pé:24(occu,cou,trem) ; per~pée:1(cou,equi,lam) ; pé~pée:1(cou,equi) ; per~pper:0(recha) ; pper~·opper:0(st)	651	1058.8	1081.5		
S077	suffix	·iner/i.ne/445 ·aner/a.ne/62 ·iper/i.pe/34 ·inier/i.nje/27	·iner,·iper | ·inier | ·aner	·iner~·inier:7(cui,jar,maga) ; ·iner~·aner:1(con,can,bou) ; ·aner~·inier:0(can)	1234	568.5	1077.3		
S078	suffix	er/e/983 é/e/67	er | é	er~é:17(employ,oubli,envoy)	586	1049.5	1049.5		
S079	suffix	·[bé|cé|du|dé|gu|jo|mi|mmo|mo|mé|né|po|pé|ro|scé|sso|to|tu|té|vi]ral/*.Ral/213 ·[ar|di|fi|li|ni|vo]cat/*.ka/144 ·[a|ba|be|ca|cca|de|dou|go|lé|mo|mé|no|pe|pu|pé|re|sé|vie]ra/*.Ra/81 ·[a|ar|di|dia|fi|gi|li|ma|mi|na|ni|pi|ra|ri|si|ti|tri|vi|xi]cal/*.kal/78	·[bé|cé|du|dé|gu|jo|mi|mmo|mo|mé|né|po|pé|ro|scé|sso|to|tu|té|vi]ral | ·[a|ba|be|ca|cca|de|dou|go|lé|mo|mé|no|pe|pu|pé|re|sé|vie]ra | ·[ar|di|fi|li|ni|vo]cat | ·[a|ar|di|dia|fi|gi|li|ma|mi|na|ni|pi|ra|ri|si|ti|tri|vi|xi]cal	·[bé|cé|du|dé|gu|jo|mi|mmo|mo|mé|né|po|pé|ro|scé|sso|to|tu|té|vi]ral~·[a|ba|be|ca|cca|de|dou|go|lé|mo|mé|no|pe|pu|pé|re|sé|vie]ra:10(ca,li,tem) ; ·[bé|cé|du|dé|gu|jo|mi|mmo|mo|mé|né|po|pé|ro|scé|sso|to|tu|té|vi]ral~·[ar|di|fi|li|ni|vo]cat:10(a) ; ·[ar|di|fi|li|ni|vo]cat~·[a|ar|di|dia|fi|gi|li|ma|mi|na|ni|pi|ra|ri|si|ti|tri|vi|xi]cal:5(a,syn,patri) ; ·[bé|cé|du|dé|gu|jo|mi|mmo|mo|mé|né|po|pé|ro|scé|sso|to|tu|té|vi]ral~·[a|ar|di|dia|fi|gi|li|ma|mi|na|ni|pi|ra|ri|si|ti|tri|vi|xi]cal:4(a,cor,ca) ; ·[a|ba|be|ca|cca|de|dou|go|lé|mo|mé|no|pe|pu|pé|re|sé|vie]ra~·[a|ar|di|dia|fi|gi|li|ma|mi|na|ni|pi|ra|ri|si|ti|tri|vi|xi]cal:0(m,a,ca)	248	516.5	1032.9		
P044	prefix	man/m@/411 mé/me/368 men/m@/200 me/m°/45	man,mé,me | men	mé~men:7(tal)	483	1024.6	1024.6		
S080	suffix	·[bi|di|gi|gli|li|lli|mi|ni|phi|qui|ri|ti|ty|vi|xi|ï]liser/[C]i.i.ze/172 ·[bi|gi|phi|ri|ti|vi]liser/[C]i.li.ze/162 ·[bi|gi|gli|li|lli|mi|ni|phi|qui|ri|ti|vi|xi|ï]liser/[C]i.[C]i.ze/140 ·[bi|gi|phi|qui|ri|ti|vi]liser/[C]i.li.ze/137 ·[bi|bri|ci|gi|ni|ri|ti|vi]lité/[C]i.li.te/85 ·[bi|ci|gi|qui|ri|ti|vi]lité/[C]i.li.te/84 ·[bli|bri|di|fi|li|ni|pli|ri|ti|tri|xi|ï]cité/[C]i.si.te/45 ·[ci|cli|sci|si|ssi|ti]vité/[C]i.vi.te/41 ·[bli|li|ni|ti|tri|ï]cité/[C]i.si.te/32	·[bi|di|gi|gli|li|lli|mi|ni|phi|qui|ri|ti|ty|vi|xi|ï]liser | ·[bi|gi|gli|li|lli|mi|ni|phi|qui|ri|ti|vi|xi|ï]liser | ·[bi|gi|phi|qui|ri|ti|vi]liser,·[bli|li|ni|ti|tri|ï]cité | ·[bi|gi|phi|ri|ti|vi]liser,·[ci|cli|sci|si|ssi|ti]vité | ·[bi|bri|ci|gi|ni|ri|ti|vi]lité | ·[bi|ci|gi|qui|ri|ti|vi]lité | ·[bli|bri|di|fi|li|ni|pli|ri|ti|tri|xi|ï]cité	·[bi|di|gi|gli|li|lli|mi|ni|phi|qui|ri|ti|ty|vi|xi|ï]liser~·[bi|gi|gli|li|lli|mi|ni|phi|qui|ri|ti|vi|xi|ï]liser:74(u,culpa,sta) ; ·[bi|di|gi|gli|li|lli|mi|ni|phi|qui|ri|ti|ty|vi|xi|ï]liser~·[bi|gi|phi|qui|ri|ti|vi]liser:72(u,culpa,sta) ; ·[bi|gi|gli|li|lli|mi|ni|phi|qui|ri|ti|vi|xi|ï]liser~·[bi|gi|phi|qui|ri|ti|vi]liser:72(u,culpa,sta) ; ·[bi|di|gi|gli|li|lli|mi|ni|phi|qui|ri|ti|ty|vi|xi|ï]liser~·[bi|gi|phi|ri|ti|vi]liser:71(u,culpa,sta) ; ·[bi|gi|phi|ri|ti|vi]liser~·[bi|gi|gli|li|lli|mi|ni|phi|qui|ri|ti|vi|xi|ï]liser:71(u,culpa,sta)	582	350.4	1024.5		
S081	suffix	·iser/i.ze/497 liser/li.ze/274 ·liser/li.ze/252 niser/ni.ze/49 ·aliser/a.li.ze/32 ·niser/ni.ze/42 ·isan/i.z@/22	·iser | ·liser,·aliser,·niser | liser,niser | ·isan	·iser~·liser:122(uti,rea,loca) ; ·iser~liser:116(uti,rea,loca) ; liser~·liser:114(uti,rea,loca) ; ·iser~·niser:19(orga,reorga,eter) ; ·iser~niser:19(orga,reorga,eter)	2507	524.0	1011.6		
P045	prefix	a[che|ge|me|pe|ve]·/a.[C]°/185 ra[cle|ge|me|pe|te|ve]·/Ra.[C]°/105 a[ba|bâ|ca|cha|droi|ma|na|pâ|ra|sa|ta|va|voi]·/a.[C]a/62 a[bo|cho|co|do|mo|po|so|to]·/a.[C]o/51 pa[la|pa|ra|ta|va]·/pa.[C]a/35 a[bou|dou|jou|vou|voue]·/a.[C]u/35 ra[ba|bâ|da|ga|ma|pa|ta|va]·/Ra.[C]a/32	a[che|ge|me|pe|ve]·,a[ba|bâ|ca|cha|droi|ma|na|pâ|ra|sa|ta|va|voi]·,a[bo|cho|co|do|mo|po|so|to]·,a[bou|dou|jou|vou|voue]· | ra[cle|ge|me|pe|te|ve]·,ra[ba|bâ|da|ga|ma|pa|ta|va]· | pa[la|pa|ra|ta|va]·	a[che|ge|me|pe|ve]·~ra[cle|ge|me|pe|te|ve]·:36(ner) ; a[ba|bâ|ca|cha|droi|ma|na|pâ|ra|sa|ta|va|voi]·~ra[ba|bâ|da|ga|ma|pa|ta|va]·:0(sser,rrer,leur) ; pa[la|pa|ra|ta|va]·~ra[ba|bâ|da|ga|ma|pa|ta|va]·:0(tin) ; a[che|ge|me|pe|ve]·~pa[la|pa|ra|ta|va]·:0(ver)	554	504.1	1008.2		
P046	prefix	bon/b§/764 mon/m§/210 fon/f§/33	bon | fon | mon	bon~fon:0(der) ; bon~mon:0(der) ; mon~fon:0(der)	161	1007.2	1007.2		
S082	suffix	·[bli|gré|llé|loy|mé|nnay|pay|pli|roy|toy|ttoy|vé]able/*.abl/173 ·[bou|bé|chi|cou|cu|do|du|dé|fé|lio|lé|mi|mo|no|né|o|pa|pi|plo|po|pé|su|sé|ti|té|vo]rable/*.Rabl/114 table/tabl/191 able/abl/180 rable/Rabl/116 ·[bor|fen|gar|mi|mman|mo|non|son]dable/*.dabl/57 sable/sabl/79 dable/dabl/57 ·erable/e.Rabl/23 nnable/nabl/34	·[bli|gré|llé|loy|mé|nnay|pay|pli|roy|toy|ttoy|vé]able,table,able,rable,sable,·erable,nnable | ·[bou|bé|chi|cou|cu|do|du|dé|fé|lio|lé|mi|mo|no|né|o|pa|pi|plo|po|pé|su|sé|ti|té|vo]rable,dable | ·[bor|fen|gar|mi|mman|mo|non|son]dable	·[bli|gré|llé|loy|mé|nnay|pay|pli|roy|toy|ttoy|vé]able~·[bou|bé|chi|cou|cu|do|du|dé|fé|lio|lé|mi|mo|no|né|o|pa|pi|plo|po|pé|su|sé|ti|té|vo]rable:23(a,per,d) ; ·[bou|bé|chi|cou|cu|do|du|dé|fé|lio|lé|mi|mo|no|né|o|pa|pi|plo|po|pé|su|sé|ti|té|vo]rable~·erable:18(vul,pr,into) ; ·[bou|bé|chi|cou|cu|do|du|dé|fé|lio|lé|mi|mo|no|né|o|pa|pi|plo|po|pé|su|sé|ti|té|vo]rable~·[bor|fen|gar|mi|mman|mo|non|son]dable:1(in,a,d) ; ·[bli|gré|llé|loy|mé|nnay|pay|pli|roy|toy|ttoy|vé]able~·[bor|fen|gar|mi|mman|mo|non|son]dable:0(a,d) ; ·[bou|bé|chi|cou|cu|do|du|dé|fé|lio|lé|mi|mo|no|né|o|pa|pi|plo|po|pé|su|sé|ti|té|vo]rable~table:0(ins)	359	657.2	1001.4		
S083	suffix	trer/tRe/767 tier/tje/129 trier/tRij.e/34 tiser/ti.ze/21	tier,trier | trer,tiser	tier~tiser:1(cour) ; trer~tier:1(cha,ren) ; trer~trier:0(pla)	628	952.5	1000.8		
S084	suffix	·[ccu|chi|ci|cu|di|gi|i|li|lli|mi|ni|ri|thi|ti|tri|va|vi]sation/*.za.sj§/108 ·[con|li|lli|llu|man|mi|ti|tio]citations/*.si.a.sj§/76 ·[cqui|po|ppo|qui|xpo]sition/*.zi.sj§/88 ·[ccu|cu|i|li|ni|ri|ti|tri|vi]sation/*.za.sj§/72 ·[a|ba|bo|ca|chro|co|dem|der|ga|gé|lli|lo|ma|mi|mmu|mo|no|ta|ter|ti]nisation/*.ni.a.sj§/46 ·osition/o.zi.sj§/45 position/po.zi.sj§/45	·[ccu|chi|ci|cu|di|gi|i|li|lli|mi|ni|ri|thi|ti|tri|va|vi]sation,·osition | ·[ccu|cu|i|li|ni|ri|ti|tri|vi]sation,position | ·[cqui|po|ppo|qui|xpo]sition | ·[con|li|lli|llu|man|mi|ti|tio]citations | ·[a|ba|bo|ca|chro|co|dem|der|ga|gé|lli|lo|ma|mi|mmu|mo|no|ta|ter|ti]nisation	·[ccu|chi|ci|cu|di|gi|i|li|lli|mi|ni|ri|thi|ti|tri|va|vi]sation~·[ccu|cu|i|li|ni|ri|ti|tri|vi]sation:58(orga,a,civi) ; ·[cqui|po|ppo|qui|xpo]sition~·osition:38(pro,dis,com) ; ·[cqui|po|ppo|qui|xpo]sition~position:38(pro,dis,com) ; ·osition~position:38(pro,dis,com) ; ·[con|li|lli|llu|man|mi|ti|tio]citations~·[a|ba|bo|ca|chro|co|dem|der|ga|gé|lli|lo|ma|mi|mmu|mo|no|ta|ter|ti]nisation:2(r,f)	284	292.5	999.3		
S085	suffix	·ission/i.sj§/295 ·mission/mi.sj§/113 ·sition/zi.sj§/112 ·ddition/di.sj§/110 sition/zi.sj§/92 dition/di.sj§/81 mission/mi.sj§/43 ·nitions/ni.sj§/38 ·tition/ti.sj§/34 tition/ti.sj§/31	·ission | sition,dition,·nitions,·tition | ·sition,·ddition,mission,tition | ·mission	·ission~sition:80(propo,dispo,expo) ; ·ission~dition:53(con,tra,exp) ; ·ission~·ddition:51(con,tra,exp) ; ·ddition~dition:51(con,tra,exp) ; ·ission~·sition:43(dispo,depo,oppo)	153	491.2	982.4		
P047	prefix	em°·/@.°/257 é@·/e.@/122 en@·/@.@/66 emE·/@.E/43	em°·,é@· | en@· | emE·	é@·~en@·:1(tin,cher,ter) ; en@·~emE·:0(ger,der) ; é@·~emE·:0(ger)	772	488.8	977.6		
S086	suffix	·[car|cen|fi|gé|la|lo|mo|mé|no|pé|ro|so]die/*.di/134 ·[dor|ga|la|nne|ri|ta|té]mi/*.mi/123 ·[bon|dre|fon|gan|gou|gour|me|mi|roi|rron|sour|ti|tour|xti]di/*.di/87 ·[co|for|gi|go|gy|gé|le|lo|lom|lé|ma|mi|mo|pha|pho|phré|pé|ro|som|ta|tech|thé|to]nie/*.ni/73 ·[cra|cri|di|geoi|gné|gé|lou|ly|no|né|pha|pi|pla|ré|ta|tai|thé|toi|é]sie/*.zi/66	·[car|cen|fi|gé|la|lo|mo|mé|no|pé|ro|so]die,·[dor|ga|la|nne|ri|ta|té]mi | ·[co|for|gi|go|gy|gé|le|lo|lom|lé|ma|mi|mo|pha|pho|phré|pé|ro|som|ta|tech|thé|to]nie | ·[bon|dre|fon|gan|gou|gour|me|mi|roi|rron|sour|ti|tour|xti]di | ·[cra|cri|di|geoi|gné|gé|lou|ly|no|né|pha|pi|pla|ré|ta|tai|thé|toi|é]sie	·[car|cen|fi|gé|la|lo|mo|mé|no|pé|ro|so]die~·[co|for|gi|go|gy|gé|le|lo|lom|lé|ma|mi|mo|pha|pho|phré|pé|ro|som|ta|tech|thé|to]nie:8(co,in,ortho) ; ·[dor|ga|la|nne|ri|ta|té]mi~·[bon|dre|fon|gan|gou|gour|me|mi|roi|rron|sour|ti|tour|xti]di:4(sa,,en) ; ·[bon|dre|fon|gan|gou|gour|me|mi|roi|rron|sour|ti|tour|xti]di~·[co|for|gi|go|gy|gé|le|lo|lom|lé|ma|mi|mo|pha|pho|phré|pé|ro|som|ta|tech|thé|to]nie:0(a) ; ·[bon|dre|fon|gan|gou|gour|me|mi|roi|rron|sour|ti|tour|xti]di~·[cra|cri|di|geoi|gné|gé|lou|ly|no|né|pha|pi|pla|ré|ta|tai|thé|toi|é]sie:0(a) ; ·[co|for|gi|go|gy|gé|le|lo|lom|lé|ma|mi|mo|pha|pho|phré|pé|ro|som|ta|tech|thé|to]nie~·[cra|cri|di|geoi|gné|gé|lou|ly|no|né|pha|pi|pla|ré|ta|tai|thé|toi|é]sie:0(a)	273	482.6	965.3		
S087	suffix	·[bé|cé|dé|mé|né|pé|scé|té]ral/[C]e.Ral/184 ·[loy|roy|toy|ttoy]able/[C]aj.abl/112 ·[gré|llé|mé|vé]able/[C]e.abl/56 ·[do|lio|mo|no|o|plo|po|vo]rable/[C]o.Rabl/48 ·[bé|dé|fé|gé|lé|né|pé|sé|té]rable/[C]e.Rabl/45 ·[ché|dé|né|ré]al/[C]e.al/31	·[bé|cé|dé|mé|né|pé|scé|té]ral,·[loy|roy|toy|ttoy]able,·[gré|llé|mé|vé]able | ·[do|lio|mo|no|o|plo|po|vo]rable,·[bé|dé|fé|gé|lé|né|pé|sé|té]rable,·[ché|dé|né|ré]al	·[gré|llé|mé|vé]able~·[do|lio|mo|no|o|plo|po|vo]rable:23(a) ; ·[bé|cé|dé|mé|né|pé|scé|té]ral~·[bé|dé|fé|gé|lé|né|pé|sé|té]rable:1(mi,li) ; ·[loy|roy|toy|ttoy]able~·[ché|dé|né|ré]al:0(pi)	155	475.4	950.7		
S088	suffix	·ablement/a.bl°.m@/97 ·alement/a.l°.m@/71 ·bablement/ba.°.m@/71 ·talement/ta.*-{s°,ti}.m@/62 ·talement/ta.°.m@/56 ·nalement/na.*-{s°,ti}.m@/55 ·nalement/na.°.m@/55 ·galement/ga.°.m@/52 ·galement/ga.*-{s°,ti}.m@/52 ·nalement/na.l°.m@/47 ·talement/ta.l°.m@/40 ·galement/ga.l°.m@/39	·ablement,·nalement,·talement | ·bablement,·nalement,·galement | ·talement,·nalement | ·talement | ·galement | ·galement | ·alement	·ablement~·bablement:69(pro,impertur) ; ·talement~·talement:55(to,men,bru) ; ·nalement~·nalement:54(fi,dem,conv) ; ·galement~·galement:49(,en,l) ; ·nalement~·nalement:47(fi,machi,ba)	222	314.8	944.4		
S089	suffix	·[bi|bli|bri|chi|di|fi|gi|i|li|mi|mmi|pi|pli|ppli|qui|ri|si|ti|tri|vi|xi|xpli]-{n,s}nation/[C-{n,s}]i.[C]a.sj§/281 ·[bi|ci|cri|di|fi|gi|li|pli|ri|rri|si|ssi|ti|vi]-{N,n}lisation/[C-{N,n}]i.[C-{n,s}]i.[C]a.sj§/47 ·[a|ca|cia|ga|gra|la|ma|na|ra|ta|tra|va]gination/[C]a.[C-{n,s}]i.[C]a.sj§/39	·[bi|bli|bri|chi|di|fi|gi|i|li|mi|mmi|pi|pli|ppli|qui|ri|si|ti|tri|vi|xi|xpli]-{n,s}nation | ·[a|ca|cia|ga|gra|la|ma|na|ra|ta|tra|va]gination | ·[bi|ci|cri|di|fi|gi|li|pli|ri|rri|si|ssi|ti|vi]-{N,n}lisation	·[bi|bli|bri|chi|di|fi|gi|i|li|mi|mmi|pi|pli|ppli|qui|ri|si|ti|tri|vi|xi|xpli]-{n,s}nation~·[a|ca|cia|ga|gra|la|ma|na|ra|ta|tra|va]gination:5(i,,r) ; ·[bi|bli|bri|chi|di|fi|gi|i|li|mi|mmi|pi|pli|ppli|qui|ri|si|ti|tri|vi|xi|xpli]-{n,s}nation~·[bi|ci|cri|di|fi|gi|li|pli|ri|rri|si|ssi|ti|vi]-{N,n}lisation:5(,pu,mo) ; ·[bi|ci|cri|di|fi|gi|li|pli|ri|rri|si|ssi|ti|vi]-{N,n}lisation~·[a|ca|cia|ga|gra|la|ma|na|ra|ta|tra|va]gination:1(ci,,demo)	240	281.4	929.8		
S090	suffix	quer/ke/758 qué/ke/72 ·oquer/o.ke/33 quet/kE/42	quer,·oquer | qué,quet	quer~qué:26(ris,communi,compli) ; quer~quet:2(cro,bri,tro)	901	876.9	906.2		
P048	prefix	ca[bi|li|ni|pi|ri|si|vi|ï]·/ka.[C]i/172 réa[gi|li|ni]·/Re.a.[C]i/113 re[bi|cy|di|fi|gli|li|mi|pi|pri|ti|vi]·/R°.[C]i/70 réa[ffi|gi|li|ni|ssi]·/Re.a.[C]i/31 ré[ci|cri|crie|di|i|joui|mi|pli|pri|si|tri|vi]·/Re.[C]i/35	réa[gi|li|ni]·,re[bi|cy|di|fi|gli|li|mi|pi|pri|ti|vi]· | ca[bi|li|ni|pi|ri|si|vi|ï]·,ré[ci|cri|crie|di|i|joui|mi|pli|pri|si|tri|vi]· | réa[ffi|gi|li|ni|ssi]·	réa[gi|li|ni]·~ré[ci|cri|crie|di|i|joui|mi|pli|pri|si|tri|vi]·:4(ser,gner) ; ca[bi|li|ni|pi|ri|si|vi|ï]·~réa[gi|li|ni]·:1(t) ; réa[ffi|gi|li|ni|ssi]·~ré[ci|cri|crie|di|i|joui|mi|pli|pri|si|tri|vi]·:1(mer,gner) ; réa[gi|li|ni]·~réa[ffi|gi|li|ni|ssi]·:0(gner)	394	393.4	903.2		
P049	prefix	impor/5.pOR/245 impo·/5.po/183 imo·/5.o/26	impor,impo·,imo·		171	451.0	902.1		
S091	suffix	·onner/o.ne/376 ·donnez/do.ne/160 ·onnier/o.nje/64	·onner | ·donnez,·onnier	·onner~·donnez:52(aban,par,coor) ; ·onner~·onnier:1(chi,can,bra)	1496	461.9	894.4		
P050	prefix	pa/pa/877	pa		303	876.7	876.7		
S092	suffix	·[ba|blo|bo|cho|co|do|dro|e|ffo|fo|geo|gno|go|illo|llo|lo|mo|no|o|pio|po|ro|sio|so|ssio|sso|tio|to|tro|vo|xo|ço]nnez/*.ne/346 ·[blo|bo|cho|co|do|dro|ffo|fo|geo|gno|go|illo|llo|lo|mo|no|o|pio|po|ro|sio|so|ssio|sso|tio|to|tro|vo|xo|ço]nnez/[C]o.ne/346 ·[blo|bo|cho|co|dio|do|fflo|fo|fro|gno|illo|llo|lo|mmo|mo|no|o|po|ppro|pro|ro|sio|so|sso|tio|to|vo|vro|zo]nnement/[C]O.°.m@/60 ·[blo|bo|cho|co|dio|do|fflo|fo|fro|gno|illo|llo|lo|mmo|mo|no|o|po|ppro|pro|ro|sio|so|sso|tio|to|vo|vro|zo]nnement/[C]O.[C]°.m@/59 ·[blo|bo|cho|co|dio|do|fflo|fo|fro|gno|illo|llo|lo|mmo|mo|no|o|po|ppro|pro|ro|sio|so|sso|tio|to|vo|vro|zo]nnement/[C]O.*-{s°,ti}.m@/58	·[ba|blo|bo|cho|co|do|dro|e|ffo|fo|geo|gno|go|illo|llo|lo|mo|no|o|pio|po|ro|sio|so|ssio|sso|tio|to|tro|vo|xo|ço]nnez | ·[blo|bo|cho|co|do|dro|ffo|fo|geo|gno|go|illo|llo|lo|mo|no|o|pio|po|ro|sio|so|ssio|sso|tio|to|tro|vo|xo|ço]nnez | ·[blo|bo|cho|co|dio|do|fflo|fo|fro|gno|illo|llo|lo|mmo|mo|no|o|po|ppro|pro|ro|sio|so|sso|tio|to|vo|vro|zo]nnement | ·[blo|bo|cho|co|dio|do|fflo|fo|fro|gno|illo|llo|lo|mmo|mo|no|o|po|ppro|pro|ro|sio|so|sso|tio|to|vo|vro|zo]nnement | ·[blo|bo|cho|co|dio|do|fflo|fo|fro|gno|illo|llo|lo|mmo|mo|no|o|po|ppro|pro|ro|sio|so|sso|tio|to|vo|vro|zo]nnement	·[ba|blo|bo|cho|co|do|dro|e|ffo|fo|geo|gno|go|illo|llo|lo|mo|no|o|pio|po|ro|sio|so|ssio|sso|tio|to|tro|vo|xo|ço]nnez~·[blo|bo|cho|co|do|dro|ffo|fo|geo|gno|go|illo|llo|lo|mo|no|o|pio|po|ro|sio|so|ssio|sso|tio|to|tro|vo|xo|ço]nnez:138(aban,par,d) ; ·[blo|bo|cho|co|dio|do|fflo|fo|fro|gno|illo|llo|lo|mmo|mo|no|o|po|ppro|pro|ro|sio|so|sso|tio|to|vo|vro|zo]nnement~·[blo|bo|cho|co|dio|do|fflo|fo|fro|gno|illo|llo|lo|mmo|mo|no|o|po|ppro|pro|ro|sio|so|sso|tio|to|vo|vro|zo]nnement:54(envi,dev,i) ; ·[blo|bo|cho|co|dio|do|fflo|fo|fro|gno|illo|llo|lo|mmo|mo|no|o|po|ppro|pro|ro|sio|so|sso|tio|to|vo|vro|zo]nnement~·[blo|bo|cho|co|dio|do|fflo|fo|fro|gno|illo|llo|lo|mmo|mo|no|o|po|ppro|pro|ro|sio|so|sso|tio|to|vo|vro|zo]nnement:53(envi,dev,i) ; ·[blo|bo|cho|co|dio|do|fflo|fo|fro|gno|illo|llo|lo|mmo|mo|no|o|po|ppro|pro|ro|sio|so|sso|tio|to|vo|vro|zo]nnement~·[blo|bo|cho|co|dio|do|fflo|fo|fro|gno|illo|llo|lo|mmo|mo|no|o|po|ppro|pro|ro|sio|so|sso|tio|to|vo|vro|zo]nnement:53(envi,dev,i) ; ·[ba|blo|bo|cho|co|do|dro|e|ffo|fo|geo|gno|go|illo|llo|lo|mo|no|o|pio|po|ro|sio|so|ssio|sso|tio|to|tro|vo|xo|ço]nnez~·[blo|bo|cho|co|dio|do|fflo|fo|fro|gno|illo|llo|lo|mmo|mo|no|o|po|ppro|pro|ro|sio|so|sso|tio|to|vo|vro|zo]nnement:17(rai,fonc,empoi)	885	406.0	871.9		
P051	prefix	ui·/y.i/305 mui·/my.i/36 sui·/sy.i/34 oui·/u.i/30 pui·/py.i/27	ui·,mui·,sui·,oui· | pui·	ui·~pui·:1(fier,cit) ; sui·~pui·:0(cation,cit)	305	433.0	866.0		
P052	prefix	fa/fa/866	fa		90	865.7	865.7		
P053	prefix	ca[ba|bi|bo|bou|car|far|fou|gou|la|li|lo|ma|me|mou|na|ni|no|pe|pi|po|que|què|ra|ri|si|sé|va|vi|ï]-{S°}·/ka.*-{S°}/203 sou[ba|le|li|lè|me|mi|pe|pè|ri|rii|ta|te|ti|ve|vien]-{t°}·/su.*-{t°}/190 chan[ce|cè|de|ge|so|to]-{t°}·/S@.*-{t°}/39	ca[ba|bi|bo|bou|car|far|fou|gou|la|li|lo|ma|me|mou|na|ni|no|pe|pi|po|que|què|ra|ri|si|sé|va|vi|ï]-{S°}·,sou[ba|le|li|lè|me|mi|pe|pè|ri|rii|ta|te|ti|ve|vien]-{t°}·,chan[ce|cè|de|ge|so|to]-{t°}·		300	432.0	864.1		
P054	prefix	be/b°/775 ban/b@/45 bé/be/29	be,ban,bé		156	848.6	848.6		
S093	suffix	·[bli|bri|di|fi|ni|pli|ppli|ti|xi|xpli]cation/[C]i.ka.sj§/98 ·[chi|ci|di|gi|i|li|lli|mi|ni|ri|thi|ti|tri|vi]sation/[C]i.za.sj§/88 ·[chi|ci|cli|di|gi|gri|mi|pi|sci|sti|ti|vi]nation/[C]i.na.sj§/78 ·[chi|ci|cli|di|gi|mi|sci|ti|vi]nation/[C]i.na.sj§/75 ·[i|li|ni|ri|ti|tri|vi]sation/[C]i.za.sj§/52 ·[bi|bri|ci|di|gni|i|li|mi|ni|nni|pli|ri|si|ssi|ti|tri|vi|zi]fication/[C]i.i.ka.sj§/36 ·[bri|ci|di|gni|i|li|mi|ni|nni|pli|ri|si|ssi|ti|tri|vi|zi]fication/[C]i.[C]i.ka.sj§/36 ·[bi|bri|ci|di|gni|i|li|mi|ni|nni|pli|ri|si|ssi|ti|tri|vi|zi]fication/[C]i.fi.ka.sj§/36 ·[bri|ci|di|gni|i|li|mi|ni|nni|pli|ri|si|ssi|ti|tri|vi|zi]fication/[C]i.fi.ka.sj§/36	·[chi|ci|di|gi|i|li|lli|mi|ni|ri|thi|ti|tri|vi]sation,·[chi|ci|cli|di|gi|gri|mi|pi|sci|sti|ti|vi]nation | ·[chi|ci|cli|di|gi|mi|sci|ti|vi]nation,·[i|li|ni|ri|ti|tri|vi]sation | ·[bi|bri|ci|di|gni|i|li|mi|ni|nni|pli|ri|si|ssi|ti|tri|vi|zi]fication | ·[bri|ci|di|gni|i|li|mi|ni|nni|pli|ri|si|ssi|ti|tri|vi|zi]fication | ·[bi|bri|ci|di|gni|i|li|mi|ni|nni|pli|ri|si|ssi|ti|tri|vi|zi]fication | ·[bri|ci|di|gni|i|li|mi|ni|nni|pli|ri|si|ssi|ti|tri|vi|zi]fication | ·[bli|bri|di|fi|ni|pli|ppli|ti|xi|xpli]cation	·[chi|ci|cli|di|gi|gri|mi|pi|sci|sti|ti|vi]nation~·[chi|ci|cli|di|gi|mi|sci|ti|vi]nation:67(ima,des,hallu) ; ·[chi|ci|di|gi|i|li|lli|mi|ni|ri|thi|ti|tri|vi]sation~·[i|li|ni|ri|ti|tri|vi]sation:46(orga,civi,uti) ; ·[bi|bri|ci|di|gni|i|li|mi|ni|nni|pli|ri|si|ssi|ti|tri|vi|zi]fication~·[bri|ci|di|gni|i|li|mi|ni|nni|pli|ri|si|ssi|ti|tri|vi|zi]fication:30(iden,si,v) ; ·[bi|bri|ci|di|gni|i|li|mi|ni|nni|pli|ri|si|ssi|ti|tri|vi|zi]fication~·[bi|bri|ci|di|gni|i|li|mi|ni|nni|pli|ri|si|ssi|ti|tri|vi|zi]fication:29(iden,si,v) ; ·[bi|bri|ci|di|gni|i|li|mi|ni|nni|pli|ri|si|ssi|ti|tri|vi|zi]fication~·[bri|ci|di|gni|i|li|mi|ni|nni|pli|ri|si|ssi|ti|tri|vi|zi]fication:29(iden,si,v)	405	270.2	847.0		
P055	prefix	éi·/e.i/305 ei·/E.i/111	éi· | ei·	éi·~ei·:3(ter,tant,tabl)	532	416.5	832.9		
S094	suffix	·[chi|dy|li|ly|mi|ni|phi|ri|thri|vi]tique/[C]i.tik/80 ·[bé|dé|gné|gé|lé|mé|né|phré|phé|ré|scé|thé|té|vié|vé|é]tique/[C]e.tik/69 ·[a|ba|bba|cra|dia|dra|ma|na|pa|pha|pra|ra|sia|ta|tia|xta]tique/[C]a.tik/65 ·[a|ba|bat|bla|ca|cia|da|ga|la|ma|na|pla|ra|rra|sa|sla|ta|tra|va|via|xa]tif/[C]a.tif/61 ·[cro|cré|for|go|llo|lé|mis|mo|ni|nig|no|né|plo|reau|ro|so|tas|thé|tis|to|té]matique/*.[C]a.tik/38 ·[cas|gas|las|nas|ras|tas]tique/[C]as.tik/44 ·[ci|ddi|di|gi|mi|ni|si|ti|tri]tif/[C]i.tif/39 ·[a|ga|la|ma|na|ra|ta|tia]tive/[C]a.tiv/36	·[chi|dy|li|ly|mi|ni|phi|ri|thri|vi]tique,·[cas|gas|las|nas|ras|tas]tique,·[a|ga|la|ma|na|ra|ta|tia]tive | ·[ci|ddi|di|gi|mi|ni|si|ti|tri]tif | ·[bé|dé|gné|gé|lé|mé|né|phré|phé|ré|scé|thé|té|vié|vé|é]tique | ·[a|ba|bat|bla|ca|cia|da|ga|la|ma|na|pla|ra|rra|sa|sla|ta|tra|va|via|xa]tif,·[cro|cré|for|go|llo|lé|mis|mo|ni|nig|no|né|plo|reau|ro|so|tas|thé|tis|to|té]matique | ·[a|ba|bba|cra|dia|dra|ma|na|pa|pha|pra|ra|sia|ta|tia|xta]tique	·[chi|dy|li|ly|mi|ni|phi|ri|thri|vi]tique~·[ci|ddi|di|gi|mi|ni|si|ti|tri]tif:12(po) ; ·[bé|dé|gné|gé|lé|mé|né|phré|phé|ré|scé|thé|té|vié|vé|é]tique~·[ci|ddi|di|gi|mi|ni|si|ti|tri]tif:3(po,a) ; ·[a|ba|bat|bla|ca|cia|da|ga|la|ma|na|pla|ra|rra|sa|sla|ta|tra|va|via|xa]tif~·[a|ga|la|ma|na|ra|ta|tia]tive:3(coop,alter,affir) ; ·[chi|dy|li|ly|mi|ni|phi|ri|thri|vi]tique~·[bé|dé|gné|gé|lé|mé|né|phré|phé|ré|scé|thé|té|vié|vé|é]tique:3(po) ; ·[bé|dé|gné|gé|lé|mé|né|phré|phé|ré|scé|thé|té|vié|vé|é]tique~·[cro|cré|for|go|llo|lé|mis|mo|ni|nig|no|né|plo|reau|ro|so|tas|thé|tis|to|té]matique:3(ma,di,a)	581	394.9	827.6		
S095	suffix	·[a|ba|ca|cia|cra|da|ga|la|le|lia|ma|na|nna|pa|ra|ria|sla|ssoi|ta|tia|tra|va|via]lisé/[C]a.[C]i.ze/149 ·[a|ba|ca|cia|cra|da|la|le|lia|ma|na|nna|pa|ra|ria|sla|ssoi|ta|tia|tra|va|via]-{g}lisé/[C-{g}]a.i.ze/136 ·[a|ba|ca|cia|dia|ga|lia|ma|na|nia|nna|pha|ra|ria|sa|ssa|ta|tia|tra|va]liste/[C]a.list/89 ·[a|ba|ca|cia|cra|da|dia|ga|gna|la|ma|na|nna|ra|ria|ta|tia|tra|va]nisation/[C]a.i.za.sj§/38 ·[a|ba|ca|cia|cra|da|dia|ga|gna|la|ma|na|nna|ra|ria|ta|tia|tra|va|xtra]nisation/[C]a.*.za.sj§/38 ·[a|ba|ca|cia|cra|da|dia|ga|gna|la|ma|na|nna|ra|ria|ta|tia|tra|va]nisation/[C]a.[C]i.za.sj§/38	·[a|ba|ca|cia|cra|da|ga|la|le|lia|ma|na|nna|pa|ra|ria|sla|ssoi|ta|tia|tra|va|via]lisé | ·[a|ba|ca|cia|cra|da|la|le|lia|ma|na|nna|pa|ra|ria|sla|ssoi|ta|tia|tra|va|via]-{g}lisé | ·[a|ba|ca|cia|cra|da|dia|ga|gna|la|ma|na|nna|ra|ria|ta|tia|tra|va]nisation | ·[a|ba|ca|cia|cra|da|dia|ga|gna|la|ma|na|nna|ra|ria|ta|tia|tra|va|xtra]nisation | ·[a|ba|ca|cia|cra|da|dia|ga|gna|la|ma|na|nna|ra|ria|ta|tia|tra|va]nisation | ·[a|ba|ca|cia|dia|ga|lia|ma|na|nia|nna|pha|ra|ria|sa|ssa|ta|tia|tra|va]liste	·[a|ba|ca|cia|cra|da|ga|la|le|lia|ma|na|nna|pa|ra|ria|sla|ssoi|ta|tia|tra|va|via]lisé~·[a|ba|ca|cia|cra|da|la|le|lia|ma|na|nna|pa|ra|ria|sla|ssoi|ta|tia|tra|va|via]-{g}lisé:49(r,lo,a) ; ·[a|ba|ca|cia|cra|da|dia|ga|gna|la|ma|na|nna|ra|ria|ta|tia|tra|va]nisation~·[a|ba|ca|cia|cra|da|dia|ga|gna|la|ma|na|nna|ra|ria|ta|tia|tra|va|xtra]nisation:34(or,r,lo) ; ·[a|ba|ca|cia|cra|da|dia|ga|gna|la|ma|na|nna|ra|ria|ta|tia|tra|va]nisation~·[a|ba|ca|cia|cra|da|dia|ga|gna|la|ma|na|nna|ra|ria|ta|tia|tra|va]nisation:34(or,r,lo) ; ·[a|ba|ca|cia|cra|da|dia|ga|gna|la|ma|na|nna|ra|ria|ta|tia|tra|va|xtra]nisation~·[a|ba|ca|cia|cra|da|dia|ga|gna|la|ma|na|nna|ra|ria|ta|tia|tra|va]nisation:34(or,r,lo) ; ·[a|ba|ca|cia|cra|da|ga|la|le|lia|ma|na|nna|pa|ra|ria|sla|ssoi|ta|tia|tra|va|via]lisé~·[a|ba|ca|cia|cra|da|dia|ga|gna|la|ma|na|nna|ra|ria|ta|tia|tra|va|xtra]nisation:24(or,r,lo)	1037	296.4	825.0		
S096	suffix	·[bo|bu|bé|cla|cu|cé|do|dé|fo|fé|gu|gé|ju|lio|lo|lé|mi|mo|mé|né|pa|pi|plo|po|ppu|pu|pé|rio|scé|su|sé|to|tu|té|xplo]-{ko}ration/*-{ko}.Ra.sj§/222 ·[bo|bu|bé|cla|cu|dé|fo|fé|gu|gé|jo|ju|lio|lo|lé|mi|mo|mé|né|pa|pi|plo|po|ppu|pu|pé|tu|té|xplo|é]-{ko,to}ration/*-{ko,to}.Ra.sj§/213 ·[bo|bu|bé|co|cu|do|dé|fo|gé|lio|lé|mi|mé|né|pa|pi|po|pu|pé|tu|xplo]-{to}rateur/*-{to}.Ra.t9R/49	·[bo|bu|bé|cla|cu|cé|do|dé|fo|fé|gu|gé|ju|lio|lo|lé|mi|mo|mé|né|pa|pi|plo|po|ppu|pu|pé|rio|scé|su|sé|to|tu|té|xplo]-{ko}ration | ·[bo|bu|bé|cla|cu|dé|fo|fé|gu|gé|jo|ju|lio|lo|lé|mi|mo|mé|né|pa|pi|plo|po|ppu|pu|pé|tu|té|xplo|é]-{ko,to}ration | ·[bo|bu|bé|co|cu|do|dé|fo|gé|lio|lé|mi|mé|né|pa|pi|po|pu|pé|tu|xplo]-{to}rateur	·[bo|bu|bé|cla|cu|cé|do|dé|fo|fé|gu|gé|ju|lio|lo|lé|mi|mo|mé|né|pa|pi|plo|po|ppu|pu|pé|rio|scé|su|sé|to|tu|té|xplo]-{ko}ration~·[bo|bu|bé|cla|cu|dé|fo|fé|gu|gé|jo|ju|lio|lo|lé|mi|mo|mé|né|pa|pi|plo|po|ppu|pu|pé|tu|té|xplo|é]-{ko,to}ration:180(o,d,g) ; ·[bo|bu|bé|cla|cu|cé|do|dé|fo|fé|gu|gé|ju|lio|lo|lé|mi|mo|mé|né|pa|pi|plo|po|ppu|pu|pé|rio|scé|su|sé|to|tu|té|xplo]-{ko}ration~·[bo|bu|bé|co|cu|do|dé|fo|gé|lio|lé|mi|mé|né|pa|pi|po|pu|pé|tu|xplo]-{to}rateur:29(g,o,ad) ; ·[bo|bu|bé|cla|cu|dé|fo|fé|gu|gé|jo|ju|lio|lo|lé|mi|mo|mé|né|pa|pi|plo|po|ppu|pu|pé|tu|té|xplo|é]-{ko,to}ration~·[bo|bu|bé|co|cu|do|dé|fo|gé|lio|lé|mi|mé|né|pa|pi|po|pu|pé|tu|xplo]-{to}rateur:29(g,o,ad)	235	272.4	817.4		
S097	suffix	·[bi|bli|bri|di|ffi|fi|gi|gui|li|lli|ni|pi|pli|qui|ri|si|ti|tri|vi|xi|xpli|ï]-{m,s}lité/[C-{m,s}]i.i.te/227 ·[a|ac|aus|ca|ci|cia|cu|da|des|duc|ffec|ga|ges|gi|gna|jec|la|lec|lla|llec|mes|mmo|mo|na|né|pa|rac|rio|sa|si|ta|then|tho|ti|to|va|xclu]-{ny}bilité/*-{ny}.[C-{m,s}]i.i.te/95 ·[dio|mé|pe|po|pon|pé|ré|sen|si]sabilité/*.*-{ny}.[C-{m,s}]i.i.te/39	·[bi|bli|bri|di|ffi|fi|gi|gui|li|lli|ni|pi|pli|qui|ri|si|ti|tri|vi|xi|xpli|ï]-{m,s}lité | ·[a|ac|aus|ca|ci|cia|cu|da|des|duc|ffec|ga|ges|gi|gna|jec|la|lec|lla|llec|mes|mmo|mo|na|né|pa|rac|rio|sa|si|ta|then|tho|ti|to|va|xclu]-{ny}bilité | ·[dio|mé|pe|po|pon|pé|ré|sen|si]sabilité	·[bi|bli|bri|di|ffi|fi|gi|gui|li|lli|ni|pi|pli|qui|ri|si|ti|tri|vi|xi|xpli|ï]-{m,s}lité~·[a|ac|aus|ca|ci|cia|cu|da|des|duc|ffec|ga|ges|gi|gna|jec|la|lec|lla|llec|mes|mmo|mo|na|né|pa|rac|rio|sa|si|ta|then|tho|ti|to|va|xclu]-{ny}bilité:6(u,in,pro) ; ·[bi|bli|bri|di|ffi|fi|gi|gui|li|lli|ni|pi|pli|qui|ri|si|ti|tri|vi|xi|xpli|ï]-{m,s}lité~·[dio|mé|pe|po|pon|pé|ré|sen|si]sabilité:1(ra,in,com) ; ·[a|ac|aus|ca|ci|cia|cu|da|des|duc|ffec|ga|ges|gi|gna|jec|la|lec|lla|llec|mes|mmo|mo|na|né|pa|rac|rio|sa|si|ta|then|tho|ti|to|va|xclu]-{ny}bilité~·[dio|mé|pe|po|pon|pé|ré|sen|si]sabilité:0(in,hyp)	349	227.2	814.1		
P056	prefix	ine·/5.e/321 in@·/5.@/83 inven/5.v@/47	in@· | inven | ine·	in@·~inven:15(ter,tair,tif) ; ine·~in@·:13(ter,chi) ; ine·~inven:11(ter)	281	404.0	807.9		
S098	suffix	·[gi|lo|mi|pi|ter]nel/*.nEl/207 ·[le|sio|so|ssio|tio]nnel/*.nEl/195 ·onnel/o.nEl/185 nel/nEl/209 nnel/nEl/195	·[le|sio|so|ssio|tio]nnel,nel,nnel | ·[gi|lo|mi|pi|ter]nel,·onnel	·[le|sio|so|ssio|tio]nnel~·onnel:100(per,prof,excep) ; ·[gi|lo|mi|pi|ter]nel~·[le|sio|so|ssio|tio]nnel:1(pa)	291	404.8	807.4		
P057	prefix	ia·/i.a/153 ena·/@.a/99 éa·/e.a/90 ea·/E.a/59	éa· | ea· | ena· | ia·	éa·~ea·:5(ter,tiqu,der) ; ena·~éa·:4(ger,ter,bl) ; ena·~ea·:1(ter,tiqu,ver) ; ia·~éa·:0(ter,tant,ger) ; ia·~ea·:0(ter,tant,tiqu)	811	400.9	801.8		
S099	suffix	·[be|bi|bou|ce|cke|cu|de|do|du|fou|ga|ge|ghi|gna|gou|i|mu|ne|o|ppe|pu|que|ra|rio|ro|se|so|sse|sseu|te|ti|toi|trô|tu|ve|vio|vé]-{fi,ny}lé/*-{fi,ny}.le/353 ·[bi|bus|di|ffus|lo|ni|nia|pli|ppli|ra|slo|ti|tra|tri|vo|xi|xpli|ï]-{fis}qué/*-{fis}.ke/43	·[be|bi|bou|ce|cke|cu|de|do|du|fou|ga|ge|ghi|gna|gou|i|mu|ne|o|ppe|pu|que|ra|rio|ro|se|so|sse|sseu|te|ti|toi|trô|tu|ve|vio|vé]-{fi,ny}lé | ·[bi|bus|di|ffus|lo|ni|nia|pli|ppli|ra|slo|ti|tra|tri|vo|xi|xpli|ï]-{fis}qué	·[be|bi|bou|ce|cke|cu|de|do|du|fou|ga|ge|ghi|gna|gou|i|mu|ne|o|ppe|pu|que|ra|rio|ro|se|so|sse|sseu|te|ti|toi|trô|tu|ve|vio|vé]-{fi,ny}lé~·[bi|bus|di|ffus|lo|ni|nia|pli|ppli|ra|slo|ti|tra|tri|vo|xi|xpli|ï]-{fis}qué:2(d,,a)	332	395.6	791.2		
S100	suffix	·[au|ca|cai|ce|cha|chi|ci|di|dre|dri|fe|gi|gre|i|li|mi|ni|nnai|pai|pli|ppre|pre|ri|rri|sse|ta|ti|tri|trou|vi]sseur/*.s9R/145 ·[bra|ce|cu|di|gi|gui|gé|llé|mi|mo|pa|pli|ri|ro|te|ter|tri|té]naire/*.nER/113 ·[bou|clai|co|cou|cu|lu|pa|pe|pé|ro|ssu|su|vo|xplo]reur/*.R9R/61 ·[bi|bor|ca|ci|gor|mi|mo|pi|poui|pre|qui|ri|te|ti|traî|ver|vi]neur/*.n9R/42 ·[cen|den|en|fen|ffen|pen|pul|scen|ver|xten]seur/*.s9R/33	·[au|ca|cai|ce|cha|chi|ci|di|dre|dri|fe|gi|gre|i|li|mi|ni|nnai|pai|pli|ppre|pre|ri|rri|sse|ta|ti|tri|trou|vi]sseur | ·[bou|clai|co|cou|cu|lu|pa|pe|pé|ro|ssu|su|vo|xplo]reur | ·[bra|ce|cu|di|gi|gui|gé|llé|mi|mo|pa|pli|ri|ro|te|ter|tri|té]naire,·[cen|den|en|fen|ffen|pen|pul|scen|ver|xten]seur | ·[bi|bor|ca|ci|gor|mi|mo|pi|poui|pre|qui|ri|te|ti|traî|ver|vi]neur	·[au|ca|cai|ce|cha|chi|ci|di|dre|dri|fe|gi|gre|i|li|mi|ni|nnai|pai|pli|ppre|pre|ri|rri|sse|ta|ti|tri|trou|vi]sseur~·[bou|clai|co|cou|cu|lu|pa|pe|pé|ro|ssu|su|vo|xplo]reur:32(pro,,a) ; ·[au|ca|cai|ce|cha|chi|ci|di|dre|dri|fe|gi|gre|i|li|mi|ni|nnai|pai|pli|ppre|pre|ri|rri|sse|ta|ti|tri|trou|vi]sseur~·[cen|den|en|fen|ffen|pen|pul|scen|ver|xten]seur:7(a,pro,o) ; ·[au|ca|cai|ce|cha|chi|ci|di|dre|dri|fe|gi|gre|i|li|mi|ni|nnai|pai|pli|ppre|pre|ri|rri|sse|ta|ti|tri|trou|vi]sseur~·[bi|bor|ca|ci|gor|mi|mo|pi|poui|pre|qui|ri|te|ti|traî|ver|vi]neur:3(con,en,d) ; ·[bou|clai|co|cou|cu|lu|pa|pe|pé|ro|ssu|su|vo|xplo]reur~·[cen|den|en|fen|ffen|pen|pul|scen|ver|xten]seur:2(a,pro,d) ; ·[bi|bor|ca|ci|gor|mi|mo|pi|poui|pre|qui|ri|te|ti|traî|ver|vi]neur~·[cen|den|en|fen|ffen|pen|pul|scen|ver|xten]seur:0(d,r,con)	273	394.8	789.5		
P058	prefix	ra/Ra/739 dra/dRa/50	ra,dra		725	788.6	788.6		
P059	prefix	res/REs/664 respec/REs.pEk/47	res | respec	res~respec:18(ter)	125	710.9	757.7		
S101	suffix	·ytion/y.sj§/125 ·llution/ly.sj§/104 ·ccusation/ky.a.sj§/54 ·ccusation/ky.[C]a.sj§/48 ·pputation/py.a.sj§/41 ·ylation/y.la.sj§/32 lution/ly.sj§/39 ·ysion/y.zj§/32 culation/ky.la.sj§/21 tution/ty.sj§/26 cution/ky.sj§/21	·ytion,·ccusation | ·llution,·ccusation,tution,cution | ·ylation,lution,·ysion | ·pputation,culation	·ytion~·llution:36(revo,evo,reso) ; ·ytion~lution:36(revo,evo,reso) ; ·llution~lution:36(revo,evo,reso) ; ·ccusation~·ccusation:35(a,cir,o) ; ·ytion~tution:23(prosti,consti,insti)	163	324.5	751.7		
P060	prefix	nou/nu/445 dou/du/135 ou/u/122 fou/fu/27	nou,dou,ou | fou	dou~fou:0(leur)	172	728.6	728.6		
S102	suffix	·citations/si.a.sj§/83 ·itation/i.ta.sj§/69 ·ication/i.ka.sj§/68 ·@tation/@.ta.sj§/41 ·ffication/fi.a.sj§/37 fication/fi.ka.sj§/36 ·fication/fi.ka.sj§/36 ·itution/i.ty.sj§/26 titution/ti.ty.sj§/26 ciation/sja.sj§/22	·citations,·ication,·itution,ciation | ·itation,·@tation,fication,titution | ·ffication | ·fication	·ication~fication:30(identi,signi,veri) ; ·ication~·ffication:30(identi,signi,veri) ; ·ication~·fication:30(identi,signi,veri) ; ·ffication~fication:30(identi,signi,veri) ; ·ffication~·fication:30(identi,signi,veri)	270	250.2	728.4	suffix -tion (tion ssion sion ration cation lation ciation ction ntion ition ption rtion ...)	
S103	suffix	·mmédiatement/me.[C]a.°.m@/62 ·issement/i.s°.m@/59 ·ivement/i.v°.m@/51 ·cilement/si.*-{s°,ti}.m@/50 ·tivement/ti.v°.m@/46 tivement/ti.v°.m@/45 ·cilement/si.°.m@/38 ·cilement/si.[C]°.m@/34 tissement/ti.s°.m@/23	·mmédiatement,·ivement,tissement | ·tivement,·cilement | tivement,·cilement | ·issement,·cilement	·ivement~·tivement:45(effec,defini,atten) ; ·ivement~tivement:45(effec,defini,atten) ; ·tivement~tivement:45(effec,defini,atten) ; ·cilement~·cilement:33(fa,diffi,expli) ; ·cilement~·cilement:33(fa,diffi,expli)	266	222.2	728.1		
S104	suffix	·tainement/tE.°.m@/93 ·tainement/tE.[C]°.m@/88 ·vernement/vER.°.m@/67 ·cegnements/sE.°.m@/45 ·cegnements/sE.[C]°.m@/44 ·vainements/vE.°.m@/35 ·vainements/vE.[C]°.m@/34 ·tairrement/tE.R°.m@/32	·tainement,·vernement,·vainements | ·tainement,·vainements | ·cegnements | ·cegnements | ·tairrement	·tainement~·tainement:85(cer,en,volon) ; ·cegnements~·cegnements:30(sin,ren,har) ; ·tainement~·tairrement:29(en,volon,involon) ; ·tainement~·tairrement:29(en,volon,involon) ; ·vainements~·vainements:19(,s,r)	72	239.6	718.8		
S105	suffix	·[ca|ccu|ci|co|cou|cul|lo|lou|qui|ssa|ssi|sur|ta|tom|ttra|ty|xtir]-{Ra,k@}per/*-{Ra,k@}.pe/342 ·[les|man|o|sé|ti|é]-{di}ciper/*-{di}.*-{Ra,k@}.pe/35	·[ca|ccu|ci|co|cou|cul|lo|lou|qui|ssa|ssi|sur|ta|tom|ttra|ty|xtir]-{Ra,k@}per | ·[les|man|o|sé|ti|é]-{di}ciper	·[ca|ccu|ci|co|cou|cul|lo|lou|qui|ssa|ssi|sur|ta|tom|ttra|ty|xtir]-{Ra,k@}per~·[les|man|o|sé|ti|é]-{di}ciper:0(,r,d)	148	341.9	718.7		
S106	suffix	·pérer/pe.Re/149 ·[as|cu|o|ses|tu]pérer/*.pe.Re/79 ·fférent/fe.R@/92 pérer/pe.Re/87 férer/fe.Re/83 ·fféré/fe.Re/55	·pérer,férer | pérer,·fféré | ·[as|cu|o|ses|tu]pérer | ·fférent	·pérer~pérer:53(recu,coo,deses) ; férer~·fféré:9(trans,pr,inter) ; ·pérer~·[as|cu|o|ses|tu]pérer:8(r) ; ·[as|cu|o|ses|tu]pérer~·fféré:1(r,d) ; ·pérer~·fféré:1(r)	485	333.4	708.6		
S107	suffix	·[a|bo|bou|com|cri|de|do|ga|li|llan|llo|lo|ma|po|ra|ré|sci|se|ssa|ta|ter|té|xter]-{ly}giner/*-{ly}.[C]i.ne/185 ·[a|bi|ca|ci|cri|di|fi|ga|gé|lli|na|ni|nnih|né|or|pli|po|ra|ri|si|ssi|sé|ta|ti|tra|ven|vi|vé|xter]-{my}lisateur/*-{my}.[C]i.a.t9R/37 ·[a|bi|ca|ci|di|fi|ga|gé|lli|na|ni|nnih|né|or|pli|po|ra|ri|si|ssi|sé|ta|ti|tra|ven|vi|vé|xter]-{my}lisateur/*-{my}.[C]i.[C]a.t9R/34	·[a|bi|ca|ci|cri|di|fi|ga|gé|lli|na|ni|nnih|né|or|pli|po|ra|ri|si|ssi|sé|ta|ti|tra|ven|vi|vé|xter]-{my}lisateur | ·[a|bi|ca|ci|di|fi|ga|gé|lli|na|ni|nnih|né|or|pli|po|ra|ri|si|ssi|sé|ta|ti|tra|ven|vi|vé|xter]-{my}lisateur | ·[a|bo|bou|com|cri|de|do|ga|li|llan|llo|lo|ma|po|ra|ré|sci|se|ssa|ta|ter|té|xter]-{ly}giner	·[a|bi|ca|ci|cri|di|fi|ga|gé|lli|na|ni|nnih|né|or|pli|po|ra|ri|si|ssi|sé|ta|ti|tra|ven|vi|vé|xter]-{my}lisateur~·[a|bi|ca|ci|di|fi|ga|gé|lli|na|ni|nnih|né|or|pli|po|ra|ri|si|ssi|sé|ta|ti|tra|ven|vi|vé|xter]-{my}lisateur:26(r,pa,or) ; ·[a|bo|bou|com|cri|de|do|ga|li|llan|llo|lo|ma|po|ra|ré|sci|se|ssa|ta|ter|té|xter]-{ly}giner~·[a|bi|ca|ci|cri|di|fi|ga|gé|lli|na|ni|nnih|né|or|pli|po|ra|ri|si|ssi|sé|ta|ti|tra|ven|vi|vé|xter]-{my}lisateur:3(ex,,d) ; ·[a|bo|bou|com|cri|de|do|ga|li|llan|llo|lo|ma|po|ra|ré|sci|se|ssa|ta|ter|té|xter]-{ly}giner~·[a|bi|ca|ci|di|fi|ga|gé|lli|na|ni|nnih|né|or|pli|po|ra|ri|si|ssi|sé|ta|ti|tra|ven|vi|vé|xter]-{my}lisateur:2(,d,in)	261	221.6	699.5		
P061	prefix	ra[ba|bo|bou|brou|bâ|cle|co|con|da|do|dou|fraî|ga|jus|ma|me|men|mo|mè|ni|pa|pe|ta|te|va|ve|vi]-{Zu,bE}·/Ra.*-{Zu,bE}/299 réa[bo|ccou|che|dap|ffec|ffi|gen|gi|li|mor|mé|ni|per|ppe|ppre|ppren|ppro|rran|ssem|ssi|ssor|ssu|tta]-{Zys,pa}·/Re.a.*-{Zys,pa}/33	ra[ba|bo|bou|brou|bâ|cle|co|con|da|do|dou|fraî|ga|jus|ma|me|men|mo|mè|ni|pa|pe|ta|te|va|ve|vi]-{Zu,bE}· | réa[bo|ccou|che|dap|ffec|ffi|gen|gi|li|mor|mé|ni|per|ppe|ppre|ppren|ppro|rran|ssem|ssi|ssor|ssu|tta]-{Zys,pa}·	ra[ba|bo|bou|brou|bâ|cle|co|con|da|do|dou|fraî|ga|jus|ma|me|men|mo|mè|ni|pa|pe|ta|te|va|ve|vi]-{Zu,bE}·~réa[bo|ccou|che|dap|ffec|ffi|gen|gi|li|mor|mé|ni|per|ppe|ppre|ppren|ppro|rran|ssem|ssi|ssor|ssu|tta]-{Zys,pa}·:0(ter,ler)	495	331.4	695.5		
P062	prefix	eni·/@.i/125 si/si/198 ci/si/131 seni·/s@.i/34 soi·/so.i/24	eni·,si,seni·,soi· | ci	si~ci:0(lic)	734	512.2	695.5		
S108	suffix	·[ber|bor|car|chi|ci|dam|di|fa|gi|gri|gé|lié|ma|mi|pa|sci|sti|ter|ti|to|vi]nation/*.na.sj§/93 ·[car|chi|ci|dam|di|fa|gi|lié|mi|sci|ter|ti|to|vi]nation/*.na.sj§/86 mation/ma.sj§/110 ·mations/ma.sj§/107 nation/na.sj§/97 ·nation/na.sj§/91 gation/ga.sj§/33 vation/va.sj§/29 dation/da.sj§/22	mation,nation,gation,vation,dation | ·mations,·nation | ·[ber|bor|car|chi|ci|dam|di|fa|gi|gri|gé|lié|ma|mi|pa|sci|sti|ter|ti|to|vi]nation | ·[car|chi|ci|dam|di|fa|gi|lié|mi|sci|ter|ti|to|vi]nation	nation~·nation:79(imagi,desti,condam) ; ·[ber|bor|car|chi|ci|dam|di|fa|gi|gri|gé|lié|ma|mi|pa|sci|sti|ter|ti|to|vi]nation~·[car|chi|ci|dam|di|fa|gi|lié|mi|sci|ter|ti|to|vi]nation:77(ima,des,con) ; mation~·mations:55(infor,for,transfor) ; ·[ber|bor|car|chi|ci|dam|di|fa|gi|gri|gé|lié|ma|mi|pa|sci|sti|ter|ti|to|vi]nation~·nation:1(do,pro) ; ·[car|chi|ci|dam|di|fa|gi|lié|mi|sci|ter|ti|to|vi]nation~·nation:1(do,pro)	280	298.8	691.0		
P063	prefix	ve/v°/448 vé/ve/198 ven/v@/45	ve,vé,ven		121	690.9	690.9	prefix consonant+en (fin fen ten tén ven vén)	
P064	prefix	aOR·/a.OR/199 aaR·/a.aR/95 aER·/a.ER/47	aOR· | aaR·,aER·	aOR·~aER·:2(ter,tir,tisseur) ; aOR·~aaR·:2(der,dement)	430	341.1	682.1		
P065	prefix	ren[car|ché|co|con|de|dor|fer|fi|flou|floue|four|ga|gai|gor|gra|qui|ve|ver|voy|voyi]-{fOR}·/R@.*-{fOR}/287 rem[ba|bar|bo|bou|bru|me|mè|pa|pi|pla|pli|plu|po|por]-{buR}·/R@.*-{buR}/54	ren[car|ché|co|con|de|dor|fer|fi|flou|floue|four|ga|gai|gor|gra|qui|ve|ver|voy|voyi]-{fOR}· | rem[ba|bar|bo|bou|bru|me|mè|pa|pi|pla|pli|plu|po|por]-{buR}·	ren[car|ché|co|con|de|dor|fer|fi|flou|floue|four|ga|gai|gor|gra|qui|ve|ver|voy|voyi]-{fOR}·~rem[ba|bar|bo|bou|bru|me|mè|pa|pi|pla|pli|plu|po|por]-{buR}·:0(ner)	353	340.2	680.4		
P066	prefix	mi/mi/317 méi·/me.i/81 mii·/mi.i/73 médi/me.di/36 moi·/mo.i/26	méi·,moi· | médi | mii· | mi	méi·~médi:16(cal,ter,cation) ; méi·~mii·:1(tant,ter) ; mi~méi·:0(ter) ; mi~médi:0(ter) ; mii·~moi·:0(lier,fier)	422	495.4	674.7		
S109	suffix	·[bo|co|ffer|mi|pa|ppa|ri|té|va]ressant/*.E.s@/105 ·[ba|co|com|cu|do|flu|ni|se|te]mmencer/*.@.se/67 ·Esser/E.se/78 ·@cer/@.se/74 ·pensé/p@.se/37	·[bo|co|ffer|mi|pa|ppa|ri|té|va]ressant | ·[ba|co|com|cu|do|flu|ni|se|te]mmencer | ·@cer | ·pensé | ·Esser	·[bo|co|ffer|mi|pa|ppa|ri|té|va]ressant~·[ba|co|com|cu|do|flu|ni|se|te]mmencer:14(r,in,con) ; ·@cer~·pensé:5(recom,com,dis) ; ·[ba|co|com|cu|do|flu|ni|se|te]mmencer~·pensé:2(r,d) ; ·[bo|co|ffer|mi|pa|ppa|ri|té|va]ressant~·pensé:2(r,dis) ; ·Esser~·@cer:0(con,com,decom)	518	282.2	674.4		
S110	suffix	·[a|ba|bé|ca|cca|ci|cia|di|ga|gi|illi|la|ma|mma|mmo|ni|nia|pa|ra|ria|sa|si|ssi|ta|ti|tra|tta|va|via|vra|vé|xi|ça]bilité/*.i.li.te/110 ·[a|ba|ca|cca|ci|cia|di|ga|gi|illi|la|lu|ma|mma|mmo|ni|nia|pa|ra|ria|sa|si|ssi|ta|ti|tra|tta|va|via|vra|xi|ça]bilité/*.bi.li.te/109 ·ilité/i.li.te/126 bilité/bi.li.te/111 ·bilité/bi.i.te/65 ·tivité/ti.i.te/65 ·bilité/bi.li.te/64 ·cibilité/si.bi.li.te/34 ·tivité/ti.[C]i.te/44 ·tivité/ti.vi.te/35	·ilité,·cibilité,·tivité | ·[a|ba|bé|ca|cca|ci|cia|di|ga|gi|illi|la|ma|mma|mmo|ni|nia|pa|ra|ria|sa|si|ssi|ta|ti|tra|tta|va|via|vra|vé|xi|ça]bilité,bilité,·tivité | ·[a|ba|ca|cca|ci|cia|di|ga|gi|illi|la|lu|ma|mma|mmo|ni|nia|pa|ra|ria|sa|si|ssi|ta|ti|tra|tta|va|via|vra|xi|ça]bilité,·bilité | ·bilité | ·tivité	·ilité~bilité:88(responsa,possi,culpa) ; ·[a|ba|bé|ca|cca|ci|cia|di|ga|gi|illi|la|ma|mma|mmo|ni|nia|pa|ra|ria|sa|si|ssi|ta|ti|tra|tta|va|via|vra|vé|xi|ça]bilité~·[a|ba|ca|cca|ci|cia|di|ga|gi|illi|la|lu|ma|mma|mmo|ni|nia|pa|ra|ria|sa|si|ssi|ta|ti|tra|tta|va|via|vra|xi|ça]bilité:85(respon,po,cul) ; ·bilité~·bilité:52(responsa,culpa,sensi) ; ·ilité~·bilité:51(responsa,culpa,sensi) ; ·ilité~·bilité:51(responsa,culpa,sensi)	393	186.2	668.3	suffix -ité (ité rité ilité bilité bité vité cité sité)	
P067	prefix	conti/k§.ti/306 senti/s@.ti/27	conti,senti		56	332.9	665.7		
S111	suffix	·[bi|ci|cié|dan|den|do|gi|gé|jec|lec|men|mmen|mu|na|nen|ni|pi|ren|ri|rié|tho|zon]-{Rj@}tal/*-{Rj@}.tal/178 ·[mos|ros|sul|ten|tes|tos|tten]-{bi}tats/*-{bi}.ta/76 ·[au|bo|cen|che|cho|chou|chu|co|cryp|cu|do|fa|gno|go|ille|le|lle|lo|ma|mec|men|mi|mo|no|nu|pac|pen|pis|po|por|pé|que|re|reau|ri|ro|si|ssar|va|van|ve|vol|yo|zu]-{Ra}tage/*-{Ra}.taZ/74	·[mos|ros|sul|ten|tes|tos|tten]-{bi}tats | ·[au|bo|cen|che|cho|chou|chu|co|cryp|cu|do|fa|gno|go|ille|le|lle|lo|ma|mec|men|mi|mo|no|nu|pac|pen|pis|po|por|pé|que|re|reau|ri|ro|si|ssar|va|van|ve|vol|yo|zu]-{Ra}tage | ·[bi|ci|cié|dan|den|do|gi|gé|jec|lec|men|mmen|mu|na|nen|ni|pi|ren|ri|rié|tho|zon]-{Rj@}tal	·[mos|ros|sul|ten|tes|tos|tten]-{bi}tats~·[au|bo|cen|che|cho|chou|chu|co|cryp|cu|do|fa|gno|go|ille|le|lle|lo|ma|mec|men|mi|mo|no|nu|pac|pen|pis|po|por|pé|que|re|reau|ri|ro|si|ssar|va|van|ve|vol|yo|zu]-{Ra}tage:22(a,r) ; ·[bi|ci|cié|dan|den|do|gi|gé|jec|lec|men|mmen|mu|na|nen|ni|pi|ren|ri|rié|tho|zon]-{Rj@}tal~·[au|bo|cen|che|cho|chou|chu|co|cryp|cu|do|fa|gno|go|ille|le|lle|lo|ma|mec|men|mi|mo|no|nu|pac|pen|pis|po|por|pé|que|re|reau|ri|ro|si|ssar|va|van|ve|vol|yo|zu]-{Ra}tage:2(r,pa,ca) ; ·[bi|ci|cié|dan|den|do|gi|gé|jec|lec|men|mmen|mu|na|nen|ni|pi|ren|ri|rié|tho|zon]-{Rj@}tal~·[mos|ros|sul|ten|tes|tos|tten]-{bi}tats:1(r)	209	327.7	655.4		
S112	suffix	di/di/179 die/di/134 dit/di/91 dier/dje/81 din/d5/71 dien/dj5/61 dir/diR/34	di,die,dit | dier,din,dien,dir	die~dien:5(com,trag) ; di~dir:2(approfon,degour,engour) ; die~dier:1(incen,psalmo,paro) ; di~din:0(bou)	405	650.6	650.6		
S113	suffix	ssance/s@s/149 rence/R@s/123 dence/d@s/58 ·idence/i.d@s/28 rance/R@s/53 lence/l@s/48 gence/Z@s/35 dance/d@s/35 geance/Z@s/31 quence/k@s/31 lance/l@s/29 ance/@s/27	ssance,rence,dence,·idence,rance,lence,gence,dance,geance,quence,lance,ance		247	620.7	648.4	suffix -ance/-ande/-cte	
S114	suffix	toire/twaR/485 ·atoire/a.twaR/54 loir/lwaR/99 ratoire/Ra.twaR/21	toire,·atoire,loir | ratoire	·atoire~ratoire:18(labo,respi,op)	209	585.8	640.0		
S115	suffix	·[bi|cen|ches|con|feu|fil|gis|llus|lâ|mon|mé|nes|nis|né|pi|pé|pê|ques|ven|xfil]trer/*.tRe/279 ·[cen|chia|dia|gas|lec|mé|ria|sté|xcen]trique/*.tRik/39	·[bi|cen|ches|con|feu|fil|gis|llus|lâ|mon|mé|nes|nis|né|pi|pé|pê|ques|ven|xfil]trer | ·[cen|chia|dia|gas|lec|mé|ria|sté|xcen]trique	·[bi|cen|ches|con|feu|fil|gis|llus|lâ|mon|mé|nes|nis|né|pi|pé|pê|ques|ven|xfil]trer~·[cen|chia|dia|gas|lec|mé|ria|sté|xcen]trique:1(,p,con)	190	318.8	637.5		
P068	prefix	réa[bo|che|gi|jus|li|mé|ni|per|ra]·/Re.a.*/122 réa[bo|che|gi|jus|li|mé|ni|per]·/Re.a.*/113 réa/Re.a/168 réa·/Re.a/78 réac·/Re.ak/36 rea·/R°.a/31	réa[bo|che|gi|jus|li|mé|ni|per|ra]·,réa,rea· | réa[bo|che|gi|jus|li|mé|ni|per]·,réa·,réac·	réa[bo|che|gi|jus|li|mé|ni|per|ra]·~réa[bo|che|gi|jus|li|mé|ni|per]·:70(t,ser,nagement) ; réa~réa·:10(gir,menagement,justement) ; réa[bo|che|gi|jus|li|mé|ni|per|ra]·~réac·:5(tion) ; réac·~rea·:1(tif)	642	256.4	634.6		
S116	suffix	·ager/a.Ze/190 ·gagez/ga.Ze/90 tager/ta.Ze/59 ·ménager/me.na.Ze/36 ·tager/ta.Ze/47 ·nager/na.Ze/38 nager/na.Ze/36 ·ageux/a.Z2/31	·ager,·ménager | ·gagez,tager,nager | ·tager,·nager | ·ageux	·ager~tager:35(par,depar,avan) ; ·ager~·tager:34(par,avan,desavan) ; tager~·tager:34(par,avan,desavan) ; ·ager~nager:18(dem,emm,am) ; ·ager~·nager:18(dem,emm,am)	711	317.2	630.5		
S117	suffix	·[bli|ce|li|lo|ni|pa|ten|ti|tri|ver|ï]sité/*.si.te/104 ·cité/si.te/107 ·vités/vi.te/80 cité/si.te/79 ·[mmen|ten|ver]sité/*.si.te/48 ·[ca|ci|cli|gra|gé|sci|si|ssi|ti]vité/*.vi.te/42 sité/si.te/50 vité/vi.te/50 ·icité/i.si.te/28	·[bli|ce|li|lo|ni|pa|ten|ti|tri|ver|ï]sité,·cité,vité | ·vités,cité,·[ca|ci|cli|gra|gé|sci|si|ssi|ti]vité,sité,·icité | ·[mmen|ten|ver]sité	·cité~sité:45(univer,inten,den) ; ·cité~cité:43(electri,publi,capa) ; ·[bli|ce|li|lo|ni|pa|ten|ti|tri|ver|ï]sité~·[mmen|ten|ver]sité:43(uni,in,di) ; ·vités~vité:22(acti,gra,relati) ; ·[bli|ce|li|lo|ni|pa|ten|ti|tri|ver|ï]sité~·icité:16(elec,elas,tech)	269	232.5	625.4	suffix -ité (ité rité ilité bilité bité vité cité sité)	
S118	suffix	gner/Ne/233 gneur/N9R/154 guer/ge/135 gué/ge/55 gler/gle/40	gner,guer,gler | gneur,gué	guer~gué:10(fati,distin,dro) ; gner~gneur:0(bai,soi,surli)	557	617.3	617.3		
S119	suffix	sseur/s9R/187 ssure/syR/119 ssaire/sER/110 reur/R9R/67 seur/s9R/46 geur/Z9R/32 veur/v9R/25 ceur/s9R/25	sseur,ssaire,reur,seur,veur,ceur | ssure,geur	sseur~geur:1(rou) ; sseur~ssure:0(chau,vomi,sali) ; geur~ceur:0(for)	411	611.5	611.5		
P069	prefix	hôi·/o.i/305 ori/o.Ri/31	hôi· | ori	hôi·~ori:24(gin,fic,gan)	155	304.7	609.4		
S120	suffix	·isation/i.za.sj§/87 ·ination/i.na.sj§/66 ·nisation/ni.a.sj§/51 ·nisation/ni.[C]a.sj§/47 ·thination/ti.a.sj§/36 ·lisation/li.a.sj§/35 ·lisation/li.za.sj§/33 lisation/li.za.sj§/33 ·tination/ti.[C]a.sj§/31 nisation/ni.za.sj§/26 risation/Ri.za.sj§/23	·nisation,·thination | ·nisation,·tination | ·isation,·ination | ·lisation,nisation | ·lisation,risation | lisation	·nisation~·nisation:40(orga,commu,rea) ; ·isation~·lisation:29(civi,uti,rea) ; ·isation~·lisation:29(civi,uti,rea) ; ·lisation~·lisation:29(civi,uti,rea) ; ·isation~lisation:29(civi,uti,rea)	341	202.5	607.4		
P070	prefix	tée·/te.e/265 télé/te.le/262 télé[a|ca|char|ci|co|con|di|fa|gra|gui|gé|mar|me|mé|ob|pho|promp|re|ri|ro|sur|tra|ven|vi]·/te.e.*/76 télé[a|ca|char|ci|co|con|di|fa|gra|gui|gé|mar|me|mé|ob|pho|promp|re|ro|sur|tra|ven|vi]·/te.le.*/75 télévi·/te.le.vi/32	tée·,télé[a|ca|char|ci|co|con|di|fa|gra|gui|gé|mar|me|mé|ob|pho|promp|re|ri|ro|sur|tra|ven|vi]· | télé,télé[a|ca|char|ci|co|con|di|fa|gra|gui|gé|mar|me|mé|ob|pho|promp|re|ro|sur|tra|ven|vi]· | télévi·	tée·~télé:214(phon,vision,gramm) ; télé[a|ca|char|ci|co|con|di|fa|gra|gui|gé|mar|me|mé|ob|pho|promp|re|ri|ro|sur|tra|ven|vi]·~télé[a|ca|char|ci|co|con|di|fa|gra|gui|gé|mar|me|mé|ob|pho|promp|re|ro|sur|tra|ven|vi]·:44(sion,niqu,mmand) ; télé[a|ca|char|ci|co|con|di|fa|gra|gui|gé|mar|me|mé|ob|pho|promp|re|ri|ro|sur|tra|ven|vi]·~télévi·:30(sion,s,seur) ; télé[a|ca|char|ci|co|con|di|fa|gra|gui|gé|mar|me|mé|ob|pho|promp|re|ro|sur|tra|ven|vi]·~télévi·:30(sion,s,seur)	129	265.1	606.3		
P071	prefix	dis/dis/345 disy·/dis.y/112 discu/dis.ky/80 disa·/dis.a/29	dis,disy·,disa· | discu	disy·~discu:51(ter,tabl,tailler)	503	464.3	605.8		
S121	suffix	·ateur/a.t9R/245 ·nateur/na.t9R/66 rateur/Ra.t9R/56 ·rateur/Ra.t9R/52 nateur/na.t9R/49 ·isateur/i.za.t9R/25 lisateur/li.za.t9R/21 ·ataire/a.tER/29 sateur/za.t9R/26 tateur/ta.t9R/22	·ateur,·isateur | rateur,nateur,lisateur,·ataire,sateur,tateur | ·nateur,·rateur	·ateur~nateur:38(ordi,deto,dessi) ; ·ateur~rateur:37(gen,op,aspi) ; ·ateur~·rateur:37(gen,op,aspi) ; rateur~·rateur:37(gen,op,aspi) ; ·ateur~·nateur:37(ordi,deto,extermi)	813	296.8	599.4		
P072	prefix	cai·/ka.i/242 capi/ka.pi/180 cri/kRi/42 cani·/k@.i/20 cli/kli/30	cai·,cri | capi,cani·,cli	cai·~capi:172(tain,tal,tan) ; cai·~cani·:0(fier,fiabl) ; cri~cani·:0(nier) ; cri~cli:0(quet)	218	334.3	596.2		
P073	prefix	vi/vi/383 évi/e.vi/106	vi | évi	vi~évi:0(der)	209	488.8	595.0		
P074	prefix	fai·/fa.i/158 féi·/fe.i/78 fi/fi/119	fai· | féi·,fi	fai·~fi:1(lier) ; fai·~féi·:0(lit)	250	355.6	591.8		
S122	suffix	·peration/pe.a.sj§/70 ·peration/pe.[C]a.sj§/70 ·miliation/mi.a.sj§/43 ·miliation/mi.[C]a.sj§/41 ·[cen|ches|fil|llus|mons|nes|nis|né|pé|ques|ven|xfil]tration/*.tRa.sj§/36 ·[cen|ches|fil|llus|mons|nis|né]tration/*.tRa.sj§/35 ·piration/pi.a.sj§/32 ·piration/pi.[C]a.sj§/31 tration/tRa.sj§/40 ·tration/tRa.sj§/39 ·iration/i.Ra.sj§/23 ·eration/e.Ra.sj§/22	·peration,·miliation,tration | ·peration,·miliation,·tration | ·[cen|ches|fil|llus|mons|nes|nis|né|pé|ques|ven|xfil]tration,·eration | ·[cen|ches|fil|llus|mons|nis|né]tration,·piration | ·piration | ·iration	·peration~·peration:58(o,coo,recu) ; ·miliation~·miliation:37(hu,i,ad) ; tration~·tration:37(adminis,concen,demons) ; ·[cen|ches|fil|llus|mons|nes|nis|né|pé|ques|ven|xfil]tration~·[cen|ches|fil|llus|mons|nis|né]tration:33(admi,con,d) ; ·piration~·piration:28(res,ins,cons)	165	198.6	591.8		
P075	prefix	préi·/pRe.i/149 rii·/Ri.i/71 rai·/Ra.i/44 réi·/Re.i/30	préi·,rii· | réi· | rai·	préi·~réi·:1(dent,der,cation) ; rii·~rai·:1(dit,ver,cul) ; rai·~réi·:1(mer,cul) ; rii·~réi·:0(cul)	385	294.1	588.2		
P076	prefix	déi·/de.i/293 déci/de.si/173 déli/de.li/57	déi· | déci,déli	déi·~déci:47(der,dement,mer) ; déi·~déli:32(cieux,cat,ber)	399	292.7	585.4		
P077	prefix	décou·/de.ku/133 décou/de.ku/85 déo·/de.o/72 dépo·/de.po/48 déco·/de.ko/32 démo/de.mo/21	décou·,dépo·,démo | décou | déo· | déco·	décou·~décou:18(vert,per,pag) ; déo·~démo:8(lir,lisseur,graphi) ; déo·~déco·:2(der,cher) ; décou·~déo·:0(cher) ; décou~déo·:0(cher)	613	290.4	580.9		
S123	suffix	·yter/y.te/145 ·yler/y.le/80 ·ylter/yl.te/33 ·iteur/i.t9R/28 ·yteur/y.t9R/23	·yter,·yler,·ylter,·iteur | ·yteur	·yter~·yteur:1(ex,per,chah)	807	309.1	578.6		
S124	suffix	·[ce|mi|po|pre]ssible/*.sibl/165 ssible/sibl/167 ·[bour|pen|pon|ver]sable/*.sabl/79 sible/sibl/45 sible/zibl/38	·[ce|mi|po|pre]ssible,ssible,sible,sible | ·[bour|pen|pon|ver]sable	·[ce|mi|po|pre]ssible~·[bour|pen|pon|ver]sable:3(im)	86	327.9	571.7		
S125	suffix	·[bu|ccha|ci|di|dé|fer|gi|gio|go|gu|mi|mmu|mo|mé|o|ri|ro|ré|sa|se|tha|ti|tio|to|tom|tri|tro|tur|ver]nal/*.nal/152 nal/nal/226 ·[a|bi|bli|di|ly|na|no|ri|ta|tes|ti|to|tri|tu]ginal/*.*.nal/43 ·inel/i.nEl/63 ·[bi|bli|di|do|no|ri|tes|tu]ginal/*.i.nal/31 ·inal/i.nal/47 ·onal/o.nal/23	·[bu|ccha|ci|di|dé|fer|gi|gio|go|gu|mi|mmu|mo|mé|o|ri|ro|ré|sa|se|tha|ti|tio|to|tom|tri|tro|tur|ver]nal,nal | ·[a|bi|bli|di|ly|na|no|ri|ta|tes|ti|to|tri|tu]ginal,·inal,·onal | ·inel,·[bi|bli|di|do|no|ri|tes|tu]ginal	·[bu|ccha|ci|di|dé|fer|gi|gio|go|gu|mi|mmu|mo|mé|o|ri|ro|ré|sa|se|tha|ti|tio|to|tom|tri|tro|tur|ver]nal~·inal:27(ori,car,ter) ; ·[a|bi|bli|di|ly|na|no|ri|ta|tes|ti|to|tri|tu]ginal~·[bi|bli|di|do|no|ri|tes|tu]ginal:18(o,in,m) ; ·[bu|ccha|ci|di|dé|fer|gi|gio|go|gu|mi|mmu|mo|mé|o|ri|ro|ré|sa|se|tha|ti|tio|to|tom|tri|tro|tur|ver]nal~·onal:9(interna,hor,octo) ; ·[bu|ccha|ci|di|dé|fer|gi|gio|go|gu|mi|mmu|mo|mé|o|ri|ro|ré|sa|se|tha|ti|tio|to|tom|tri|tro|tur|ver]nal~·inel:1(ori) ; ·inel~·inal:1(ori)	251	301.3	570.9	suffix -al/-el/-ble (ral bal ble rbal rible nal val vail vel el elle uel ette)	
S126	suffix	·porté/pOR.te/209 ·former/fOR.me/56 ·ORter/OR.te/46 porter/pOR.te/40 ·ORmer/OR.me/32 former/fOR.me/32	·ORter | porter | ·porté | ·ORmer | former | ·former	·ORter~porter:17(trans,com,rem) ; ·porté~·ORter:14(trans,com,col) ; ·porté~porter:14(trans,com,col) ; ·ORmer~former:13(trans,con,retrans) ; ·former~·ORmer:12(trans,con,chloro)	273	292.2	570.6		
S127	suffix	·tiliser/ti.i.ze/144 ·tiliser/ti.[C]i.ze/118 ·tiliser/ti.li.ze/117 ·ganiser/ga.i.ze/38 ·ganiser/ga.[C]i.ze/33 ·iliser/i.li.ze/26	·tiliser,·ganiser | ·tiliser,·ganiser | ·tiliser | ·iliser	·tiliser~·tiliser:63(u,rela,reu) ; ·tiliser~·tiliser:63(u,reu,fer) ; ·tiliser~·tiliser:63(u,reu,fer) ; ·ganiser~·ganiser:16(or,,reor) ; ·tiliser~·iliser:1(reu,fer,sub)	401	204.4	570.5		
P078	prefix	amé[an|di|ge|na|nu|nue|ra|ri|ti]·/a.e.*/119 opé[i|o|ra|si]·/o.e.*/69	amé[an|di|ge|na|nu|nue|ra|ri|ti]· | opé[i|o|ra|si]·	amé[an|di|ge|na|nu|nue|ra|ri|ti]·~opé[i|o|ra|si]·:2(tion,t)	68	188.0	564.0		
P079	prefix	éu·/e.u/249 enu·/@.u/31	éu· | enu·	éu·~enu·:0(ter,tant)	326	280.4	560.9		
S128	suffix	·[co|go|lo|mo|pho|ro|to]nie/[C]o.ni/59 ·[go|lo]gie/[C]o.Zi/57 ·[bo|co|coo|drau|go|jo|tho|to]lique/[C]o.lik/46 ·[go|lo|o|pho]rie/[C]o.Ri/42 ·[gné|gé|né|ré|tai|thé|tré|é]sie/[C]e.zi/37 ·[go|llo|lo]gique/[C]o.Zik/37	·[co|go|lo|mo|pho|ro|to]nie,·[go|lo]gie,·[go|lo|o|pho]rie | ·[gné|gé|né|ré|tai|thé|tré|é]sie,·[go|llo|lo]gique | ·[bo|co|coo|drau|go|jo|tho|to]lique	·[go|lo]gie~·[go|llo|lo]gique:23(psycho,bio,ideo) ; ·[co|go|lo|mo|pho|ro|to]nie~·[bo|co|coo|drau|go|jo|tho|to]lique:1(sym,dia) ; ·[co|go|lo|mo|pho|ro|to]nie~·[go|llo|lo]gique:0(i,dia) ; ·[bo|co|coo|drau|go|jo|tho|to]lique~·[go|lo|o|pho]rie:0(ca) ; ·[co|go|lo|mo|pho|ro|to]nie~·[gné|gé|né|ré|tai|thé|tré|é]sie:0(a)	338	277.6	555.2		
S129	suffix	age/aZ/137 tage/taZ/99 rage/RaZ/84 ·onnage/o.naZ/34 vage/vaZ/53 mage/maZ/43 nage/naZ/40 nnage/naZ/39 llage/jaZ/26	age,tage,rage,·onnage,vage | mage,nage,nnage | llage	vage~mage:1(arri) ; tage~nnage:0(pilo,cano) ; ·onnage~llage:0(gri,maqui) ; tage~mage:0(fil) ; ·onnage~mage:0(gri)	420	520.5	554.1		
S130	suffix	·[flec|jec|lec|llec|pec|rec|tec|vec]teur/[C]Ek.t9R/165 ·[dduc|duc|truc]teur/[C]yk.t9R/42 ·[pec|rec|spec|tec|vec]tive/[C]Ek.tiv/36 ·[fec|ffec|jec|lec|llec|pec|rec]tif/[C]Ek.tif/34	·[flec|jec|lec|llec|pec|rec|tec|vec]teur | ·[dduc|duc|truc]teur | ·[pec|rec|spec|tec|vec]tive | ·[fec|ffec|jec|lec|llec|pec|rec]tif	·[flec|jec|lec|llec|pec|rec|tec|vec]teur~·[dduc|duc|truc]teur:7(pro,ins,r) ; ·[flec|jec|lec|llec|pec|rec|tec|vec]teur~·[pec|rec|spec|tec|vec]tive:6(d,di,pros) ; ·[flec|jec|lec|llec|pec|rec|tec|vec]teur~·[fec|ffec|jec|lec|llec|pec|rec]tif:2(co,,ob) ; ·[pec|rec|spec|tec|vec]tive~·[fec|ffec|jec|lec|llec|pec|rec]tif:0(di,d,retros) ; ·[dduc|duc|truc]teur~·[fec|ffec|jec|lec|llec|pec|rec]tif:0(s,pro,a)	124	276.8	553.7		
S131	suffix	·[boi|bra|bu|cheu|cieu|deu|dieu|dio|eu|geoi|geu|gieu|gneu|gueu|gui|illeu|leu|lleu|loi|lou|meu|mu|neu|nieu|nneu|noi|nueu|nui|peu|pieu|pui|queu|quieu|quoi|reu|rieu|ro|roi|sseu|teu|tieu|toi|treu|tueu|vai|veu|voi|vreu|xueu|y]-{fR2}sement/*-{fR2}.z°.m@/164 ·2sement/2.z°.m@/105 reusement/R2.z°.m@/83 ·reusement/R2.z°.m@/83 ·[bo|bour|bra|bu|con|cor|cu|da|dan|di|du|ffec|ffi|ge|gi|gou|gra|gue|gé|len|leu|lheu|li|lli|lo|lou|lup|lé|mi|mo|mul|nheu|ni|nu|né|pec|pi|pri|pu|ra|re|ren|ri|scien|sti|sé|ta|te|ten|ti|tio|to|tra|tri|tru|tu|té|vei|vou]reusement/*.*-{fR2}.z°.m@/60 ·[bo|bra|bu|con|cor|cu|da|dan|di|du|ffi|ge|gi|gou|gra|gue|gé|len|leu|lheu|li|lli|lo|lou|lé|mi|mo|mou|nheu|ni|nu|né|pi|pri|pu|ra|re|ren|ri|scien|sti|sé|ta|te|ten|ti|tio|to|tra|tri|tru|tu|té|vei|vou]reusement/*.2.z°.m@/58 ·[ge|gou|leu|lheu|lou|lé|mou|nheu|né|vou]reusement/*.R2.z°.m@/43 ·rieusement/Rj2.z°.m@/44	·[boi|bra|bu|cheu|cieu|deu|dieu|dio|eu|geoi|geu|gieu|gneu|gueu|gui|illeu|leu|lleu|loi|lou|meu|mu|neu|nieu|nneu|noi|nueu|nui|peu|pieu|pui|queu|quieu|quoi|reu|rieu|ro|roi|sseu|teu|tieu|toi|treu|tueu|vai|veu|voi|vreu|xueu|y]-{fR2}sement | ·2sement,·[bo|bour|bra|bu|con|cor|cu|da|dan|di|du|ffec|ffi|ge|gi|gou|gra|gue|gé|len|leu|lheu|li|lli|lo|lou|lup|lé|mi|mo|mul|nheu|ni|nu|né|pec|pi|pri|pu|ra|re|ren|ri|scien|sti|sé|ta|te|ten|ti|tio|to|tra|tri|tru|tu|té|vei|vou]reusement | reusement,·[bo|bra|bu|con|cor|cu|da|dan|di|du|ffi|ge|gi|gou|gra|gue|gé|len|leu|lheu|li|lli|lo|lou|lé|mi|mo|mou|nheu|ni|nu|né|pi|pri|pu|ra|re|ren|ri|scien|sti|sé|ta|te|ten|ti|tio|to|tra|tri|tru|tu|té|vei|vou]reusement,·rieusement | ·reusement,·[ge|gou|leu|lheu|lou|lé|mou|nheu|né|vou]reusement	·[boi|bra|bu|cheu|cieu|deu|dieu|dio|eu|geoi|geu|gieu|gneu|gueu|gui|illeu|leu|lleu|loi|lou|meu|mu|neu|nieu|nneu|noi|nueu|nui|peu|pieu|pui|queu|quieu|quoi|reu|rieu|ro|roi|sseu|teu|tieu|toi|treu|tueu|vai|veu|voi|vreu|xueu|y]-{fR2}sement~·2sement:105(heu,malheu,mervei) ; ·[boi|bra|bu|cheu|cieu|deu|dieu|dio|eu|geoi|geu|gieu|gneu|gueu|gui|illeu|leu|lleu|loi|lou|meu|mu|neu|nieu|nneu|noi|nueu|nui|peu|pieu|pui|queu|quieu|quoi|reu|rieu|ro|roi|sseu|teu|tieu|toi|treu|tueu|vai|veu|voi|vreu|xueu|y]-{fR2}sement~reusement:83(heu,malheu,dang) ; ·[boi|bra|bu|cheu|cieu|deu|dieu|dio|eu|geoi|geu|gieu|gneu|gueu|gui|illeu|leu|lleu|loi|lou|meu|mu|neu|nieu|nneu|noi|nueu|nui|peu|pieu|pui|queu|quieu|quoi|reu|rieu|ro|roi|sseu|teu|tieu|toi|treu|tueu|vai|veu|voi|vreu|xueu|y]-{fR2}sement~·reusement:83(heu,malheu,dang) ; ·2sement~reusement:83(heu,malheu,dang) ; ·2sement~·reusement:83(heu,malheu,dang)	163	163.9	551.9		
S132	suffix	·thiquement/ti.°.m@/105 ·thiquement/ti.[C]°.m@/83 quement/k°.m@/109 ·quement/k°.m@/107 ·iquement/i.k°.m@/64 ·thiquement/ti.*-{s°,ti}.m@/59 ·niquement/ni.°.m@/34 ·niquement/ni.[C]°.m@/33 ·niquement/ni.*-{s°,ti}.m@/32 ·niquement/ni.k°.m@/31 tiquement/ti.k°.m@/28	·thiquement,quement | ·thiquement,·quement | ·thiquement | ·niquement,tiquement | ·niquement | ·niquement | ·niquement | ·iquement	quement~·quement:104(uni,prati,physi) ; ·thiquement~·thiquement:79(pra,effec,aver) ; ·thiquement~·thiquement:59(pra,effec,rela) ; ·thiquement~·thiquement:59(pra,effec,rela) ; ·niquement~·niquement:33(u,tech,iro)	348	189.4	544.2		
S133	suffix	rir/RiR/325 ·[cou|ppau|trou]vrir/*.vRiR/40 vir/viR/77 vrir/vRiR/63 rrir/RiR/39	rir,·[cou|ppau|trou]vrir,rrir | vir,vrir	rir~vrir:21(cou,recou) ; rir~vir:0(ch)	69	503.7	543.5		
P080	prefix	bou/bu/488 bou°·/bu.°/31	bou | bou°·	bou~bou°·:0(let,lier)	317	511.9	543.0		
S134	suffix	·[an|can|cen|dan|fa|ffi|fi|go|la|lan|li|ma|man|mer|nan|pi|ppli|ppré|pré|ren|rri|san|tan|ten|ti|tran|ïen]-{so}cier/*-{so}.sje/223 ·[cen|da|dan|di|gra|len|li|lla|pi|pri|ren|ri|scien|sou|ten|tu]-{fi}cieux/*-{fi}.sj2/44	·[an|can|cen|dan|fa|ffi|fi|go|la|lan|li|ma|man|mer|nan|pi|ppli|ppré|pré|ren|rri|san|tan|ten|ti|tran|ïen]-{so}cier | ·[cen|da|dan|di|gra|len|li|lla|pi|pri|ren|ri|scien|sou|ten|tu]-{fi}cieux	·[an|can|cen|dan|fa|ffi|fi|go|la|lan|li|ma|man|mer|nan|pi|ppli|ppré|pré|ren|rri|san|tan|ten|ti|tran|ïen]-{so}cier~·[cen|da|dan|di|gra|len|li|lla|pi|pri|ren|ri|scien|sou|ten|tu]-{fi}cieux:1(li,d,dis)	139	267.5	534.9		
P081	prefix	ra§·/Ra.§/152 a§·/a.§/112	ra§· | a§·	ra§·~a§·:20(ter,ger)	212	264.3	528.6		
S135	suffix	cuter/ky.te/109 ·cuter/ky.te/92 ·cculez/ky.le/78 ·cculé/ky.le/38 culer/ky.le/36 ·pputer/py.te/30 cler/kle/25	cuter,·cculez,cler | ·cuter,culer | ·cculé,·pputer	cuter~·cuter:61(dis,ex,pers) ; ·cculez~culer:14(cir,cal,bas) ; cuter~·pputer:11(dis) ; ·cuter~·pputer:11(dis) ; ·cculez~·cculé:6(en,r,arti)	434	283.5	521.8		
S136	suffix	·[bli|cla|ffa|ffir|for|gra|lli|nhu|qua|so|ti|to|xcla|xi]-{fla,ni}mations/*-{fla,ni}.ma.sj§/85 ·[bli|ccla|cla|ffa|for|lli|nhu|qua|ti|to|u|xcla|xi]-{fiR,ni}mations/*-{fiR,ni}.ma.sj§/83 ·[a|bi|bri|bu|co|cu|du|ge|gu|i|mi|mu|nnu|nu|pe|pi|pu|so|su|ta|ti|tu|vu|vé]-{Ze,na}lation/*-{Ze,na}.la.sj§/76 ·[a|bi|bu|co|cu|du|gu|i|mi|mu|nnu|nu|pi|po|pu|so|ti|tu|vu|vé]-{Ze,na}lation/*-{Ze,na}.la.sj§/76	·[a|bi|bri|bu|co|cu|du|ge|gu|i|mi|mu|nnu|nu|pe|pi|pu|so|su|ta|ti|tu|vu|vé]-{Ze,na}lation | ·[a|bi|bu|co|cu|du|gu|i|mi|mu|nnu|nu|pi|po|pu|so|ti|tu|vu|vé]-{Ze,na}lation | ·[bli|cla|ffa|ffir|for|gra|lli|nhu|qua|so|ti|to|xcla|xi]-{fla,ni}mations | ·[bli|ccla|cla|ffa|for|lli|nhu|qua|ti|to|u|xcla|xi]-{fiR,ni}mations	·[a|bi|bri|bu|co|cu|du|ge|gu|i|mi|mu|nnu|nu|pe|pi|pu|so|su|ta|ti|tu|vu|vé]-{Ze,na}lation~·[a|bi|bu|co|cu|du|gu|i|mi|mu|nnu|nu|pi|po|pu|so|ti|tu|vu|vé]-{Ze,na}lation:60(po,cir,r) ; ·[bli|cla|ffa|ffir|for|gra|lli|nhu|qua|so|ti|to|xcla|xi]-{fla,ni}mations~·[bli|ccla|cla|ffa|for|lli|nhu|qua|ti|to|u|xcla|xi]-{fiR,ni}mations:36(in,trans,es) ; ·[bli|cla|ffa|ffir|for|gra|lli|nhu|qua|so|ti|to|xcla|xi]-{fla,ni}mations~·[a|bi|bu|co|cu|du|gu|i|mi|mu|nnu|nu|pi|po|pu|so|ti|tu|vu|vé]-{Ze,na}lation:8(con,a,r) ; ·[bli|cla|ffa|ffir|for|gra|lli|nhu|qua|so|ti|to|xcla|xi]-{fla,ni}mations~·[a|bi|bri|bu|co|cu|du|ge|gu|i|mi|mu|nnu|nu|pe|pi|pu|so|su|ta|ti|tu|vu|vé]-{Ze,na}lation:7(con,a,r) ; ·[bli|ccla|cla|ffa|for|lli|nhu|qua|ti|to|u|xcla|xi]-{fiR,ni}mations~·[a|bi|bu|co|cu|du|gu|i|mi|mu|nnu|nu|pi|po|pu|so|ti|tu|vu|vé]-{Ze,na}lation:3(r,d,in)	149	173.3	519.8		
S137	suffix	·[cha|fra|gri|lo|na|ra]pper/*.pe/98 ·[bli|clé|ffray|loy|pay|pli|ppuy|pri|stru|tri|voy]és/*.e/59 ·[ca|car|ccu|ci|co|cou|cul|lou|na|no|o|qui|ssi|ti|ty]pé/*.pe/56 ·[ju|lo|lé|ti|tin]gué/*.ge/46	·[cha|fra|gri|lo|na|ra]pper | ·[bli|clé|ffray|loy|pay|pli|ppuy|pri|stru|tri|voy]és | ·[ca|car|ccu|ci|co|cou|cul|lou|na|no|o|qui|ssi|ti|ty]pé | ·[ju|lo|lé|ti|tin]gué	·[cha|fra|gri|lo|na|ra]pper~·[bli|clé|ffray|loy|pay|pli|ppuy|pri|stru|tri|voy]és:3(,a,d) ; ·[bli|clé|ffray|loy|pay|pli|ppuy|pri|stru|tri|voy]és~·[ca|car|ccu|ci|co|cou|cul|lou|na|no|o|qui|ssi|ti|ty]pé:1(,d) ; ·[cha|fra|gri|lo|na|ra]pper~·[ca|car|ccu|ci|co|cou|cul|lou|na|no|o|qui|ssi|ti|ty]pé:1(,d) ; ·[ca|car|ccu|ci|co|cou|cul|lou|na|no|o|qui|ssi|ti|ty]pé~·[ju|lo|lé|ti|tin]gué:0(d) ; ·[bli|clé|ffray|loy|pay|pli|ppuy|pri|stru|tri|voy]és~·[ju|lo|lé|ti|tin]gué:0(d)	236	259.3	518.6		
S138	suffix	·[ba|bon|ci|con|cor|cui|dju|gar|gra|li|mer|mi|mman|mmo|nau|pi|pon|ra|rau|ssé|sé|ten|xcé|xy]-{p@,s@}dant/*-{p@,s@}.d@/106 ·[fon|me|que|si|ten|tten|ven|vi]-{f@,p@}du/*-{f@,p@}.dy/99 ·[bar|bor|ca|ccor|far|fon|la|man|mar|mer|mman|na|nau|pan|par|pon|pu|rau|ssa|ven]-{f@,t@}deur/*-{f@,t@}.d9R/49	·[ba|bon|ci|con|cor|cui|dju|gar|gra|li|mer|mi|mman|mmo|nau|pi|pon|ra|rau|ssé|sé|ten|xcé|xy]-{p@,s@}dant | ·[fon|me|que|si|ten|tten|ven|vi]-{f@,p@}du | ·[bar|bor|ca|ccor|far|fon|la|man|mar|mer|mman|na|nau|pan|par|pon|pu|rau|ssa|ven]-{f@,t@}deur	·[ba|bon|ci|con|cor|cui|dju|gar|gra|li|mer|mi|mman|mmo|nau|pi|pon|ra|rau|ssé|sé|ten|xcé|xy]-{p@,s@}dant~·[fon|me|que|si|ten|tten|ven|vi]-{f@,p@}du:6(a,pr,d) ; ·[ba|bon|ci|con|cor|cui|dju|gar|gra|li|mer|mi|mman|mmo|nau|pi|pon|ra|rau|ssé|sé|ten|xcé|xy]-{p@,s@}dant~·[bar|bor|ca|ccor|far|fon|la|man|mar|mer|mman|na|nau|pan|par|pon|pu|rau|ssa|ven]-{f@,t@}deur:6(co,em,d) ; ·[fon|me|que|si|ten|tten|ven|vi]-{f@,p@}du~·[bar|bor|ca|ccor|far|fon|la|man|mar|mer|mman|na|nau|pan|par|pon|pu|rau|ssa|ven]-{f@,t@}deur:2(r,d,a)	168	254.3	508.7		
S139	suffix	·yktion/yk.sj§/86 ·rection/REk.sj§/59 ·Ektion/Ek.sj§/55 truction/tRyk.sj§/54 ·tructions/tRyk.sj§/54 ·dduction/dyk.sj§/41 ·fection/fEk.sj§/34 duction/dyk.sj§/31 ·aktion/ak.sj§/21	·yktion,·rection | truction,duction | ·tructions,·dduction | ·Ektion | ·fection | ·aktion	·yktion~truction:36(des,cons,ins) ; ·yktion~·tructions:36(des,cons,ins) ; truction~·tructions:36(des,cons,ins) ; ·yktion~duction:29(pro,tra,repro) ; ·yktion~·dduction:28(pro,tra,repro)	108	254.0	508.0		
P082	prefix	com[che|de|ge|pre|que|re|ve]-{t}·/kO+kOR+kOl+kOm+ko+k§.[C-{t}]°/99 com[a|ba|ca|fa|fra|ga|ma|pa|sa|scie]-{d}·/kO+kOR+kOl+kOm+ko+k§.[C-{d}]a/95 consi[dé|gna|gne|ma|nan|ne|toy]-{gy}·/kO+kOR+kOl+kOm+ko+k§.[C]i.*-{gy}/39	com[che|de|ge|pre|que|re|ve]-{t}·,com[a|ba|ca|fa|fra|ga|ma|pa|sa|scie]-{d}· | consi[dé|gna|gne|ma|nan|ne|toy]-{gy}·	com[a|ba|ca|fa|fra|ga|ma|pa|sa|scie]-{d}·~consi[dé|gna|gne|ma|nan|ne|toy]-{gy}·:6(rer)	241	233.1	504.7		
S140	suffix	·voyé/vwaj.e/209 voyer/vwaj.e/43	·voyé | voyer	·voyé~voyer:1(con,lou,four)	87	251.0	500.7		
S141	suffix	·[ba|go|ller|llur|lo|ner|pha|plé|rra|rur|tal|thar|tur|té|vral|xal]gie/*.Zi/144 ·[go|la|ller|llo|llur|lo|ner|plé|rra|rur|tal|thar|tur|té|vral|xal]gique/*.Zik/53 ·[bo|bu|ca|co|coo|cry|drau|dé|go|gé|jo|mé|ny|o|pha|phi|si|tho|thy|to|tu|té|vé|é]lique/*.lik/51	·[ba|go|ller|llur|lo|ner|pha|plé|rra|rur|tal|thar|tur|té|vral|xal]gie | ·[go|la|ller|llo|llur|lo|ner|plé|rra|rur|tal|thar|tur|té|vral|xal]gique | ·[bo|bu|ca|co|coo|cry|drau|dé|go|gé|jo|mé|ny|o|pha|phi|si|tho|thy|to|tu|té|vé|é]lique	·[ba|go|ller|llur|lo|ner|pha|plé|rra|rur|tal|thar|tur|té|vral|xal]gie~·[go|la|ller|llo|llur|lo|ner|plé|rra|rur|tal|thar|tur|té|vral|xal]gique:31(psycho,bio,a) ; ·[go|la|ller|llo|llur|lo|ner|plé|rra|rur|tal|thar|tur|té|vral|xal]gique~·[bo|bu|ca|co|coo|cry|drau|dé|go|gé|jo|mé|ny|o|pha|phi|si|tho|thy|to|tu|té|vé|é]lique:1(a,,para) ; ·[ba|go|ller|llur|lo|ner|pha|plé|rra|rur|tal|thar|tur|té|vral|xal]gie~·[bo|bu|ca|co|coo|cry|drau|dé|go|gé|jo|mé|ny|o|pha|phi|si|tho|thy|to|tu|té|vé|é]lique:1(a,,meta)	390	248.7	497.4		
S142	suffix	·amment/a.m@/201 ·[cu|ffé|ppa|vé]remment/*.Ra.m@/52 ·[bon|cé|pen|pru|vi]demment/*.da.m@/41 ·ramment/Ra.m@/53 ·damment/da.m@/45 demment/da.m@/43	·amment,·[cu|ffé|ppa|vé]remment | ·[bon|cé|pen|pru|vi]demment,·ramment,·damment | demment	·amment~·ramment:53(appa,diff,cou) ; ·amment~·damment:44(evi,prec,pru) ; ·amment~demment:43(evi,prec,pru) ; ·damment~demment:43(evi,prec,pru) ; ·[cu|ffé|ppa|vé]remment~·[bon|cé|pen|pru|vi]demment:0(a)	94	202.4	497.4		
P083	prefix	co°·/kO.°/97 co@·/ko.@/79 cau°·/ko.°/41 coe·/ko.e/29	co°·,coe· | co@·,cau°·	co°·~cau°·:0(ri,mar,let) ; co°·~co@·:0(ter)	163	246.4	492.9		
P084	prefix	ca/ka/491	ca		367	491.4	491.4		
P085	prefix	di/di/448 indi/5.di/21	di | indi	di~indi:2(gestion,gest,visibl)	243	468.2	488.8		
P086	prefix	dis[co|con|cor|cou|cour|cré|cur|gra|joi|join|pa|pen|po|pro|pu|qua|tan|ten|ti|tor|trac|trai|tray|tri]-{pER}·/dis.*-{pER}/224 dispo[ce|cieu|di|dri|li|por|rai|raî|se|si|te|ti]·/dis.*-{pER}.*/38	dis[co|con|cor|cou|cour|cré|cur|gra|joi|join|pa|pen|po|pro|pu|qua|tan|ten|ti|tor|trac|trai|tray|tri]-{pER}· | dispo[ce|cieu|di|dri|li|por|rai|raî|se|si|te|ti]·	dis[co|con|cor|cou|cour|cré|cur|gra|joi|join|pa|pen|po|pro|pu|qua|tan|ten|ti|tor|trac|trai|tray|tri]-{pER}·~dispo[ce|cieu|di|dri|li|por|rai|raî|se|si|te|ti]·:3(tion)	220	224.4	486.6		
S143	suffix	·[bar|bli|bri|di|du|ffo|ffus|fi|fur|llo|lo|mar|ni|slo|ter|ti|vo|xi|xpli]-{pli}cation/*-{pli}.ka.sj§/140 ·[bar|bli|bri|di|du|ffo|fi|fé|llo|lo|ni|ti|vo|xi|xpli]-{pli}cation/*-{pli}.ka.sj§/128 ·[bri|ci|cor|di|gni|li|mes|mi|mmu|ni|nni|phis|pli|pu|ri|si|ssi|ti|to|tri|ven|vi|zi|é]nication/*.*-{pli}.ka.sj§/62 ·[bi|bri|ci|cor|di|dju|du|gni|li|mes|mi|mmu|mé|na|ni|nni|phis|pli|pu|ri|si|ssi|ti|to|tri|ven|vi|zi]nication/*.i.ka.sj§/61 ·[bri|ci|cor|di|gni|li|mes|mi|mmu|na|ni|nni|phis|pli|pu|ri|si|ssi|ti|to|tri|ven|vi|zi]nication/*.[C]i.ka.sj§/60 ·[ci|cor|di|gni|li|mmu|ni|pli|pu|ra|ri|si|ssi|ti|to|ven|é]nication/*.*-{pli}.ka.sj§/53 ·[ci|cor|di|gni|li|mmu|na|ni|pli|pu|ra|ri|si|ssi|ti|to|ven]nication/*.[C]i.ka.sj§/51	·[bar|bli|bri|di|du|ffo|ffus|fi|fur|llo|lo|mar|ni|slo|ter|ti|vo|xi|xpli]-{pli}cation | ·[bar|bli|bri|di|du|ffo|fi|fé|llo|lo|ni|ti|vo|xi|xpli]-{pli}cation | ·[bi|bri|ci|cor|di|dju|du|gni|li|mes|mi|mmu|mé|na|ni|nni|phis|pli|pu|ri|si|ssi|ti|to|tri|ven|vi|zi]nication | ·[bri|ci|cor|di|gni|li|mes|mi|mmu|na|ni|nni|phis|pli|pu|ri|si|ssi|ti|to|tri|ven|vi|zi]nication | ·[bri|ci|cor|di|gni|li|mes|mi|mmu|ni|nni|phis|pli|pu|ri|si|ssi|ti|to|tri|ven|vi|zi|é]nication | ·[ci|cor|di|gni|li|mmu|ni|pli|pu|ra|ri|si|ssi|ti|to|ven|é]nication | ·[ci|cor|di|gni|li|mmu|na|ni|pli|pu|ra|ri|si|ssi|ti|to|ven]nication	·[bar|bli|bri|di|du|ffo|ffus|fi|fur|llo|lo|mar|ni|slo|ter|ti|vo|xi|xpli]-{pli}cation~·[bar|bli|bri|di|du|ffo|fi|fé|llo|lo|ni|ti|vo|xi|xpli]-{pli}cation:103(,commu,identi) ; ·[bi|bri|ci|cor|di|dju|du|gni|li|mes|mi|mmu|mé|na|ni|nni|phis|pli|pu|ri|si|ssi|ti|to|tri|ven|vi|zi]nication~·[bri|ci|cor|di|gni|li|mes|mi|mmu|na|ni|nni|phis|pli|pu|ri|si|ssi|ti|to|tri|ven|vi|zi]nication:47(co,iden,si) ; ·[bri|ci|cor|di|gni|li|mes|mi|mmu|ni|nni|phis|pli|pu|ri|si|ssi|ti|to|tri|ven|vi|zi|é]nication~·[bi|bri|ci|cor|di|dju|du|gni|li|mes|mi|mmu|mé|na|ni|nni|phis|pli|pu|ri|si|ssi|ti|to|tri|ven|vi|zi]nication:47(co,iden,si) ; ·[bri|ci|cor|di|gni|li|mes|mi|mmu|ni|nni|phis|pli|pu|ri|si|ssi|ti|to|tri|ven|vi|zi|é]nication~·[bri|ci|cor|di|gni|li|mes|mi|mmu|na|ni|nni|phis|pli|pu|ri|si|ssi|ti|to|tri|ven|vi|zi]nication:47(co,iden,si) ; ·[bri|ci|cor|di|gni|li|mes|mi|mmu|ni|nni|phis|pli|pu|ri|si|ssi|ti|to|tri|ven|vi|zi|é]nication~·[ci|cor|di|gni|li|mmu|ni|pli|pu|ra|ri|si|ssi|ti|to|ven|é]nication:42(co,iden,si)	161	140.9	486.5		
S144	suffix	·[a|bé|ci|cia|ffi|gi|la|men|mi|mmor|ni|né|o|pa|pi|po|ri|ré|sa|se|si|so|ta|ten|tio|té|ver|vi|â]-{mo}bilité/*-{mo}.*-{mi}.li.te/96 ·[ce|dap|fi|mo|mé|ni|no|noeu|né|o|pa|pon|rri|si|ti|vi|vio|vo]-{pEk}sabilité/*-{pEk}.[C]a.bi.li.te/41 ·[bé|ca|ci|cu|den|ffi|gi|gu|li|men|mi|mmor|ni|né|o|pi|po|pu|ri|ré|so|ti|tio|té|ver|vi|â]-{le,mo}nnalité/*-{le,mo}.[C]a.[C]i.te/46 ·[bé|ci|ffi|gi|men|mi|mmor|ni|né|o|pi|po|ré|so|ten|tio|té|ver|vi|â]-{mo}nnalité/*-{mo}.[C]a.li.te/35	·[bé|ca|ci|cu|den|ffi|gi|gu|li|men|mi|mmor|ni|né|o|pi|po|pu|ri|ré|so|ti|tio|té|ver|vi|â]-{le,mo}nnalité | ·[bé|ci|ffi|gi|men|mi|mmor|ni|né|o|pi|po|ré|so|ten|tio|té|ver|vi|â]-{mo}nnalité | ·[a|bé|ci|cia|ffi|gi|la|men|mi|mmor|ni|né|o|pa|pi|po|ri|ré|sa|se|si|so|ta|ten|tio|té|ver|vi|â]-{mo}bilité | ·[ce|dap|fi|mo|mé|ni|no|noeu|né|o|pa|pon|rri|si|ti|vi|vio|vo]-{pEk}sabilité	·[bé|ca|ci|cu|den|ffi|gi|gu|li|men|mi|mmor|ni|né|o|pi|po|pu|ri|ré|so|ti|tio|té|ver|vi|â]-{le,mo}nnalité~·[bé|ci|ffi|gi|men|mi|mmor|ni|né|o|pi|po|ré|so|ten|tio|té|ver|vi|â]-{mo}nnalité:31(per,hos,i) ; ·[a|bé|ci|cia|ffi|gi|la|men|mi|mmor|ni|né|o|pa|pi|po|ri|ré|sa|se|si|so|ta|ten|tio|té|ver|vi|â]-{mo}bilité~·[bé|ca|ci|cu|den|ffi|gi|gu|li|men|mi|mmor|ni|né|o|pi|po|pu|ri|ré|so|ti|tio|té|ver|vi|â]-{le,mo}nnalité:31(per,hos,i) ; ·[a|bé|ci|cia|ffi|gi|la|men|mi|mmor|ni|né|o|pa|pi|po|ri|ré|sa|se|si|so|ta|ten|tio|té|ver|vi|â]-{mo}bilité~·[bé|ci|ffi|gi|men|mi|mmor|ni|né|o|pi|po|ré|so|ten|tio|té|ver|vi|â]-{mo}nnalité:30(per,hos,i) ; ·[ce|dap|fi|mo|mé|ni|no|noeu|né|o|pa|pon|rri|si|ti|vi|vio|vo]-{pEk}sabilité~·[bé|ca|ci|cu|den|ffi|gi|gu|li|men|mi|mmor|ni|né|o|pi|po|pu|ri|ré|so|ti|tio|té|ver|vi|â]-{le,mo}nnalité:0(i,in,r) ; ·[a|bé|ci|cia|ffi|gi|la|men|mi|mmor|ni|né|o|pa|pi|po|ri|ré|sa|se|si|so|ta|ten|tio|té|ver|vi|â]-{mo}bilité~·[ce|dap|fi|mo|mé|ni|no|noeu|né|o|pa|pon|rri|si|ti|vi|vio|vo]-{pEk}sabilité:0(i,in,per)	152	111.4	486.4		
S145	suffix	·sionnel/sjo.nEl/104 ·sionné/sjo.ne/76 ·[bi|cep|ddi|di|fec|lec|llec|lu|mi|por|pre|si|ti|ven|xcur]ssionné/*.sjo.ne/44 tionnel/sjo.nEl/60 tionner/sjo.ne/47 ·sionnaire/sjo.nER/37 tionnaire/sjo.nER/26	·sionnel,·[bi|cep|ddi|di|fec|lec|llec|lu|mi|por|pre|si|ti|ven|xcur]ssionné | tionnel | ·sionné | tionner | ·sionnaire | tionnaire	·sionnel~tionnel:28(excep,sensa,emo) ; ·sionné~tionner:18(fonc,men,audi) ; ·sionnaire~tionnaire:16(revolu,fonc,dic) ; ·sionné~·sionnaire:7(fonc,revolu,sta) ; ·sionné~tionnaire:6(fonc,revolu,sta)	528	221.9	483.5		
S146	suffix	ber/be/339 bler/ble/109 blant/bl@/30	ber,bler | blant	bler~blant:10(sem,ressem,trou)	321	478.0	478.0		
S147	suffix	vail/vaj/367 val/val/103	vail,val		27	470.7	470.7	suffix -al/-el/-ble (ral bal ble rbal rible nal val vail vel el elle uel ette)	
P087	prefix	es/Es/470	es		134	470.2	470.2		
P088	prefix	imai·/i.ma.i/56 sai·/sa.i/55 pai·/pe.i/53 pai·/pa.i/23 mai·/ma.i/20	pai· | mai· | imai·,sai· | pai·	pai·~mai·:3(cul,nier,fier) ; imai·~mai·:1(nation,cul) ; sai·~pai·:1(fier,ver,tair) ; sai·~pai·:0(fi,fier,nier) ; imai·~pai·:0(cul)	346	206.4	468.7		
S148	suffix	reux/R2/413 eux/2/55	reux,eux		49	468.5	468.5		
S149	suffix	·litaire/li.tER/74 ·inaire/i.nER/49 ·etaire/e.tER/43 ·mantaire/m@.tER/42 ·@taire/@.tER/29 mentaire/m@.tER/29 ·itaire/i.tER/25	·litaire,·inaire,·etaire,·@taire | mentaire,·itaire | ·mantaire	·@taire~mentaire:20(docu,ali,suppl) ; ·mantaire~·@taire:19(docu,ali,suppl) ; ·mantaire~mentaire:19(docu,ali,suppl) ; ·litaire~·itaire:0(uti,ega,tota)	155	234.0	467.9		
S150	suffix	·[bli|co|cu|den|di|fi|ga|gle|gu|jo|le|li|llé|lo|lé|ma|no|o|pho|plé|po|pplé|pri|ra|ta|tar|te|ti|to|ver|vo|xcé]-{Re,my}étaire/*-{Re,my}.*.tER/115 ·[chi|di|gi|gis|gri|gé|i|llé|lo|pé|ri|sci|sin|ti|to|trou|tté|ves|é]-{ky}rature/*-{ky}.*.tyR/40	·[bli|co|cu|den|di|fi|ga|gle|gu|jo|le|li|llé|lo|lé|ma|no|o|pho|plé|po|pplé|pri|ra|ta|tar|te|ti|to|ver|vo|xcé]-{Re,my}étaire | ·[chi|di|gi|gis|gri|gé|i|llé|lo|pé|ri|sci|sin|ti|to|trou|tté|ves|é]-{ky}rature	·[bli|co|cu|den|di|fi|ga|gle|gu|jo|le|li|llé|lo|lé|ma|no|o|pho|plé|po|pplé|pri|ra|ta|tar|te|ti|to|ver|vo|xcé]-{Re,my}étaire~·[chi|di|gi|gis|gri|gé|i|llé|lo|pé|ri|sci|sin|ti|to|trou|tté|ves|é]-{ky}rature:7(a,pro,ma)	117	155.2	465.7		
S151	suffix	·neries/n°.Ri/118 ·terie/t°.Ri/64 ·[au|blan|ble|bo|cu|cui|dan|fan|ffron|ffé|gen|ja|jou|la|lan|lle|lou|men|mis|ne|nis|nne|nnè|nu|pe|pia|pis|pè|que|què|ra|ris|san|sen|ssu|tis]terie/*.t°.Ri/37 ·[au|blan|bo|cu|cui|dan|fan|ffle|fflè|ffron|ffé|gen|ja|jou|la|lan|lle|lou|men|mis|ne|nis|nne|nnè|nu|pe|pia|pis|pè|que|què|ra|ris|rro|san|sen|ssu|tis]terie/*.t°.Ri/36 terie/t°.Ri/38 perie/p°.Ri/27	·terie | ·[au|blan|ble|bo|cu|cui|dan|fan|ffron|ffé|gen|ja|jou|la|lan|lle|lou|men|mis|ne|nis|nne|nnè|nu|pe|pia|pis|pè|que|què|ra|ris|san|sen|ssu|tis]terie,terie | ·neries,·[au|blan|bo|cu|cui|dan|fan|ffle|fflè|ffron|ffé|gen|ja|jou|la|lan|lle|lou|men|mis|ne|nis|nne|nnè|nu|pe|pia|pis|pè|que|què|ra|ris|rro|san|sen|ssu|tis]terie,perie	·terie~terie:32(plaisan,infan,argen) ; ·[au|blan|ble|bo|cu|cui|dan|fan|ffron|ffé|gen|ja|jou|la|lan|lle|lou|men|mis|ne|nis|nne|nnè|nu|pe|pia|pis|pè|que|què|ra|ris|san|sen|ssu|tis]terie~·[au|blan|bo|cu|cui|dan|fan|ffle|fflè|ffron|ffé|gen|ja|jou|la|lan|lle|lou|men|mis|ne|nis|nne|nnè|nu|pe|pia|pis|pè|que|què|ra|ris|rro|san|sen|ssu|tis]terie:31(plai,in,ar) ; ·terie~·[au|blan|ble|bo|cu|cui|dan|fan|ffron|ffé|gen|ja|jou|la|lan|lle|lou|men|mis|ne|nis|nne|nnè|nu|pe|pia|pis|pè|que|què|ra|ris|san|sen|ssu|tis]terie:1(ga,ba,co) ; ·terie~·[au|blan|bo|cu|cui|dan|fan|ffle|fflè|ffron|ffé|gen|ja|jou|la|lan|lle|lou|men|mis|ne|nis|nne|nnè|nu|pe|pia|pis|pè|que|què|ra|ris|rro|san|sen|ssu|tis]terie:1(ga,ba) ; ·neries~·[au|blan|ble|bo|cu|cui|dan|fan|ffron|ffé|gen|ja|jou|la|lan|lle|lou|men|mis|ne|nis|nne|nnè|nu|pe|pia|pis|pè|que|què|ra|ris|san|sen|ssu|tis]terie:1(co,ta,a)	188	208.9	454.8		
S152	suffix	veau/vo/389 vo/vo/58	veau,vo		24	447.1	447.1		
S153	suffix	sir/ziR/253 soir/swaR/162 ssir/siR/25	sir,soir,ssir		36	439.6	439.6		
P089	prefix	oy·/o.y/220	oy·		52	219.7	439.5		
S154	suffix	·[a|ba|ca|cca|cia|ga|la|ma|mma|nia|pa|ra|ria|sa|ta|tra|tta|va|via|vra|ça]bilité/[C]a.i.li.te/68 ·[a|ba|ca|cca|cia|ga|la|ma|mma|nia|pa|ra|ria|sa|ta|tra|tta|va|via|vra|ça]bilité/[C]a.bi.li.te/67 ·[a|cia|lu|mmo|pa|sa|si|ta]bilité/*.bi.i.te/62 ·[a|cia|fer|la|mmo|pa|sa|si|ta|vé]bilité/*.[C]i.li.te/61 ·[a|cia|la|mmo|pa|sa|si|ta]bilité/*.[C]i.li.te/61 ·[a|cia|lu|mmo|pa|sa|si|ta]bilité/*.bi.li.te/61 ·[a|cia|pa|sa|ta]bilité/[C]a.bi.i.te/55 ·[a|cia|la|pa|sa|ta|â]bilité/[C]a.*-{mi}.li.te/54 ·[a|cia|la|pa|sa|ta]bilité/[C]a.[C]i.li.te/54 ·[a|cia|pa|sa|ta]bilité/[C]a.bi.li.te/54 ·[ci|di|gi|illi|ni|si|ssi|ti|xi]bilité/[C]i.bi.li.te/41	·[a|ba|ca|cca|cia|ga|la|ma|mma|nia|pa|ra|ria|sa|ta|tra|tta|va|via|vra|ça]bilité | ·[a|ba|ca|cca|cia|ga|la|ma|mma|nia|pa|ra|ria|sa|ta|tra|tta|va|via|vra|ça]bilité | ·[a|cia|fer|la|mmo|pa|sa|si|ta|vé]bilité | ·[a|cia|la|mmo|pa|sa|si|ta]bilité | ·[a|cia|lu|mmo|pa|sa|si|ta]bilité | ·[a|cia|lu|mmo|pa|sa|si|ta]bilité | ·[a|cia|pa|sa|ta]bilité,·[ci|di|gi|illi|ni|si|ssi|ti|xi]bilité | ·[a|cia|la|pa|sa|ta|â]bilité | ·[a|cia|la|pa|sa|ta]bilité | ·[a|cia|pa|sa|ta]bilité	·[a|ba|ca|cca|cia|ga|la|ma|mma|nia|pa|ra|ria|sa|ta|tra|tta|va|via|vra|ça]bilité~·[a|ba|ca|cca|cia|ga|la|ma|mma|nia|pa|ra|ria|sa|ta|tra|tta|va|via|vra|ça]bilité:53(respon,cul,comp) ; ·[a|cia|fer|la|mmo|pa|sa|si|ta|vé]bilité~·[a|cia|la|mmo|pa|sa|si|ta]bilité:49(respon,cul,sen) ; ·[a|cia|lu|mmo|pa|sa|si|ta]bilité~·[a|cia|fer|la|mmo|pa|sa|si|ta|vé]bilité:49(respon,cul,sen) ; ·[a|cia|lu|mmo|pa|sa|si|ta]bilité~·[a|cia|la|mmo|pa|sa|si|ta]bilité:49(respon,cul,sen) ; ·[a|cia|lu|mmo|pa|sa|si|ta]bilité~·[a|cia|lu|mmo|pa|sa|si|ta]bilité:49(respon,cul,sen)	236	109.8	439.1		
P090	prefix	die·/di.e/137 lie·/li.e/46 ie·/i.e/37	die·,lie· | ie·	die·~ie·:0(rent)	145	218.9	437.8		
S155	suffix	·[ai|ba|cai|chi|ciè|cè|dai|diai|fè|ga|gai|gu|gè|lai|liè|miè|mmai|mè|nai|niai|niè|nnai|plai|rai|rieu|soi|ssai|ssiè|ssoi|ssu|su|tai|te|ti|toi|trai|tè|vi|vè|za]-{tjE}rrement/*-{tjE}.R°.m@/127 ·[ai|cai|ciè|clai|cè|dai|diai|fè|gai|gè|lai|liè|miè|mmai|mè|nai|niai|niè|nnai|plai|rai|ssai|sse|ssiè|tai|te|trai|tè|vè]-{tj}rrement/[C-{tj}]E.R°.m@/112 ·[ai|ba|cai|chi|ciè|cè|dai|diai|fè|ga|gai|gu|gè|lai|liè|miè|mmai|mè|nai|niai|niè|nnai|plai|rai|rieu|soi|ssai|ssiè|ssoi|ssu|tai|ti|tiè|toi|trai|tè|vi|vè]rement/*.R°.m@/110 ·[ai|cai|ciè|clai|cè|dai|diai|fè|gai|gè|lai|liè|miè|mmai|mè|nai|niai|niè|nnai|plai|rai|ssai|ssiè|tai|tiè|trai|tè|vè]rement/[C]E.R°.m@/102	·[ai|ba|cai|chi|ciè|cè|dai|diai|fè|ga|gai|gu|gè|lai|liè|miè|mmai|mè|nai|niai|niè|nnai|plai|rai|rieu|soi|ssai|ssiè|ssoi|ssu|su|tai|te|ti|toi|trai|tè|vi|vè|za]-{tjE}rrement | ·[ai|cai|ciè|clai|cè|dai|diai|fè|gai|gè|lai|liè|miè|mmai|mè|nai|niai|niè|nnai|plai|rai|ssai|sse|ssiè|tai|te|trai|tè|vè]-{tj}rrement | ·[ai|ba|cai|chi|ciè|cè|dai|diai|fè|ga|gai|gu|gè|lai|liè|miè|mmai|mè|nai|niai|niè|nnai|plai|rai|rieu|soi|ssai|ssiè|ssoi|ssu|tai|ti|tiè|toi|trai|tè|vi|vè]rement | ·[ai|cai|ciè|clai|cè|dai|diai|fè|gai|gè|lai|liè|miè|mmai|mè|nai|niai|niè|nnai|plai|rai|ssai|ssiè|tai|tiè|trai|tè|vè]rement	·[ai|ba|cai|chi|ciè|cè|dai|diai|fè|ga|gai|gu|gè|lai|liè|miè|mmai|mè|nai|niai|niè|nnai|plai|rai|rieu|soi|ssai|ssiè|ssoi|ssu|su|tai|te|ti|toi|trai|tè|vi|vè|za]-{tjE}rrement~·[ai|cai|ciè|clai|cè|dai|diai|fè|gai|gè|lai|liè|miè|mmai|mè|nai|niai|niè|nnai|plai|rai|ssai|sse|ssiè|tai|te|trai|tè|vè]-{tj}rrement:110(en,particu,sin) ; ·[ai|ba|cai|chi|ciè|cè|dai|diai|fè|ga|gai|gu|gè|lai|liè|miè|mmai|mè|nai|niai|niè|nnai|plai|rai|rieu|soi|ssai|ssiè|ssoi|ssu|su|tai|te|ti|toi|trai|tè|vi|vè|za]-{tjE}rrement~·[ai|ba|cai|chi|ciè|cè|dai|diai|fè|ga|gai|gu|gè|lai|liè|miè|mmai|mè|nai|niai|niè|nnai|plai|rai|rieu|soi|ssai|ssiè|ssoi|ssu|tai|ti|tiè|toi|trai|tè|vi|vè]rement:109(en,particu,sin) ; ·[ai|ba|cai|chi|ciè|cè|dai|diai|fè|ga|gai|gu|gè|lai|liè|miè|mmai|mè|nai|niai|niè|nnai|plai|rai|rieu|soi|ssai|ssiè|ssoi|ssu|su|tai|te|ti|toi|trai|tè|vi|vè|za]-{tjE}rrement~·[ai|cai|ciè|clai|cè|dai|diai|fè|gai|gè|lai|liè|miè|mmai|mè|nai|niai|niè|nnai|plai|rai|ssai|ssiè|tai|tiè|trai|tè|vè]rement:102(en,particu,sin) ; ·[ai|cai|ciè|clai|cè|dai|diai|fè|gai|gè|lai|liè|miè|mmai|mè|nai|niai|niè|nnai|plai|rai|ssai|sse|ssiè|tai|te|trai|tè|vè]-{tj}rrement~·[ai|ba|cai|chi|ciè|cè|dai|diai|fè|ga|gai|gu|gè|lai|liè|miè|mmai|mè|nai|niai|niè|nnai|plai|rai|rieu|soi|ssai|ssiè|ssoi|ssu|tai|ti|tiè|toi|trai|tè|vi|vè]rement:102(en,particu,sin) ; ·[ai|cai|ciè|clai|cè|dai|diai|fè|gai|gè|lai|liè|miè|mmai|mè|nai|niai|niè|nnai|plai|rai|ssai|sse|ssiè|tai|te|trai|tè|vè]-{tj}rrement~·[ai|cai|ciè|clai|cè|dai|diai|fè|gai|gè|lai|liè|miè|mmai|mè|nai|niai|niè|nnai|plai|rai|ssai|ssiè|tai|tiè|trai|tè|vè]rement:102(en,particu,sin)	103	144.4	433.3		
P091	prefix	séy·/se.y/121 éy·/e.y/69 déy·/de.y/20	séy·,éy· | déy·	éy·~déy·:0(der,mer,ver)	262	209.3	418.5		
S156	suffix	to/to/237 teau/to/177	to,teau		102	414.3	414.3		
P092	prefix	po/po/393 pom/p§/21	po,pom		162	413.6	413.6		
P093	prefix	dis[gra|joi|pa|qua]·/dis.[C]a/168 dis[co|po|pro]·/dis.[C]o/38	dis[gra|joi|pa|qua]·,dis[co|po|pro]·		107	206.3	412.6		
P094	prefix	géné/Ze.ne/205	géné		23	204.5	409.1		
S157	suffix	voir/vwaR/337 ·[breu|ce|de|mou|ser|tre]voir/*.vwaR/67 ·cevoir/s°.vwaR/55	voir,·[breu|ce|de|mou|ser|tre]voir | ·cevoir	·[breu|ce|de|mou|ser|tre]voir~·cevoir:55(r,d,aper)	20	337.0	403.5	suffix other	
S158	suffix	·poser/po.ze/189 ·oser/o.ze/79 poser/po.ze/73	·oser | poser | ·poser	·oser~poser:26(pro,dis,com) ; ·poser~·oser:26(pro,dis,com) ; ·poser~poser:26(pro,dis,com)	317	205.4	401.2		
S159	suffix	·ifier/i.fje/116 ·rifier/Ri.fje/98 tifier/ti.fje/69 ·thifier/ti.fje/58	·ifier | ·rifier,tifier | ·thifier	·ifier~tifier:28(iden,jus,rec) ; ·ifier~·thifier:28(iden,jus,rec) ; tifier~·thifier:28(iden,jus,rec) ; ·ifier~·rifier:4(cla,rev,glo)	617	210.4	399.7		
S160	suffix	·[di|gi|gui|mi|pli|ri|tri]naire/[C]i.nER/73 ·[bu|cu|du|fu|gu|llu|mu|nnu|nu|pu|su|tu]laire/[C]y.lER/57 ·[co|coo|cro|dio|do|gro|llo|lo|mo|nio|no|o|pho|po|ro|sio|to|tro|vio|zo]mètres/[C]o.mEtR/35 ·[ce|te]naire/[C]°.nER/34	·[di|gi|gui|mi|pli|ri|tri]naire,·[bu|cu|du|fu|gu|llu|mu|nnu|nu|pu|su|tu]laire,·[ce|te]naire | ·[co|coo|cro|dio|do|gro|llo|lo|mo|nio|no|o|pho|po|ro|sio|to|tro|vio|zo]mètres	·[bu|cu|du|fu|gu|llu|mu|nnu|nu|pu|su|tu]laire~·[co|coo|cro|dio|do|gro|llo|lo|mo|nio|no|o|pho|po|ro|sio|to|tro|vio|zo]mètres:0(an,gra) ; ·[co|coo|cro|dio|do|gro|llo|lo|mo|nio|no|o|pho|po|ro|sio|to|tro|vio|zo]mètres~·[ce|te]naire:0(par)	205	198.4	396.8		
P095	prefix	ins/5s/296 inci/5.si/26 insi·/5s.i/23	ins,insi· | inci	ins~inci:0(tant)	139	345.1	394.2	prefix nasal+consonant (ent end int ind in ins ens)	
P096	prefix	reco[dè|nnai|nnaî]·/R°.[C]o.[C]E/63 répé[chi|cri|di|li|qui|ti]·/Re.[C]e.[C]i/34 réa[ffi|gi|li|ni|pi|ssi]·/Re.[C]a.[C]i/33	reco[dè|nnai|nnaî]·,répé[chi|cri|di|li|qui|ti]·,réa[ffi|gi|li|ni|pi|ssi]·		154	131.0	393.0		
S161	suffix	mi/mi/202 mis/mi/69 ·omie/o.mi/33 mie/mi/66 ·emie/e.mi/23 nomie/no.mi/22	mi,mis,·omie,mie,·emie | nomie	·omie~nomie:14(eco,auto,astro)	177	336.6	392.4		
P097	prefix	ay·/a.y/142 amy·/@.y/52	ay· | amy·	ay·~amy·:3(ranc,mer,ter)	354	194.5	389.1		
S162	suffix	·[ci|di|gi|li|mi|pi|si|vi|xci]-{b}tations/[C-{b}]i.ta.sj§/108 ·[a|bi|ca|ccré|ci|di|gra|gur|li|lli|re]-{me}citations/*-{me}.i.ta.sj§/66 ·[bi|ca|ccré|ci|di|gra|gur|li|lli|re]-{me}citations/*-{me}.[C-{b}]i.ta.sj§/65 ·[di|gi|li|mi|pi|si|vi|xci]-{b,s}tation/[C-{b,s}]i.ta.sj§/42	·[ci|di|gi|li|mi|pi|si|vi|xci]-{b}tations | ·[di|gi|li|mi|pi|si|vi|xci]-{b,s}tation | ·[a|bi|ca|ccré|ci|di|gra|gur|li|lli|re]-{me}citations | ·[bi|ca|ccré|ci|di|gra|gur|li|lli|re]-{me}citations	·[ci|di|gi|li|mi|pi|si|vi|xci]-{b}tations~·[di|gi|li|mi|pi|si|vi|xci]-{b,s}tation:35(in,a,) ; ·[a|bi|ca|ccré|ci|di|gra|gur|li|lli|re]-{me}citations~·[bi|ca|ccré|ci|di|gra|gur|li|lli|re]-{me}citations:5(pr,reha,f) ; ·[ci|di|gi|li|mi|pi|si|vi|xci]-{b}tations~·[a|bi|ca|ccré|ci|di|gra|gur|li|lli|re]-{me}citations:0(a,r,in) ; ·[ci|di|gi|li|mi|pi|si|vi|xci]-{b}tations~·[bi|ca|ccré|ci|di|gra|gur|li|lli|re]-{me}citations:0(a,r,in) ; ·[a|bi|ca|ccré|ci|di|gra|gur|li|lli|re]-{me}citations~·[di|gi|li|mi|pi|si|vi|xci]-{b,s}tation:0(a,in)	53	107.7	388.7		
P098	prefix	réu·/Re.y/101 réy·/Re.y/48 rey·/R°.y/34 récu/Re.ky/20 ru/Ry/25	réu·,réy·,ru | rey·,récu	réy·~rey·:1(ter,mer) ; réy·~récu:0(rag,sabl)	309	205.5	386.3		
S163	suffix	·[a|bi|bli|bou|ca|chi|ci|di|dri|gi|goi|gri|gui|i|joui|la|li|lli|mi|ni|nnai|nni|noui|pi|pli|pou|ppre|pui|rai|re|ri|roi|rra|rri|si|ssi|ti|tri|tti|va|vi|vri]ssant/*.s@/118 ·[i|joui|nai|nnai|pui|roi]ssance/*.s@s/70	·[a|bi|bli|bou|ca|chi|ci|di|dri|gi|goi|gri|gui|i|joui|la|li|lli|mi|ni|nnai|nni|noui|pi|pli|pou|ppre|pui|rai|re|ri|roi|rra|rri|si|ssi|ti|tri|tti|va|vi|vri]ssant | ·[i|joui|nai|nnai|pui|roi]ssance	·[a|bi|bli|bou|ca|chi|ci|di|dri|gi|goi|gri|gui|i|joui|la|li|lli|mi|ni|nnai|nni|noui|pi|pli|pou|ppre|pui|rai|re|ri|roi|rra|rri|si|ssi|ti|tri|tti|va|vi|vri]ssant~·[i|joui|nai|nnai|pui|roi]ssance:16(reco,im,r)	178	187.8	375.7		
S164	suffix	leur/l9R/229 ·[bu|ca|co|cu|du|fu|gu|llu|mi|mo|mu|nnu|nu|o|po|pu|si|so|su|to|tu]laire/*.lER/64 laire/lER/72 ·ylaire/y.lER/29	leur,·[bu|ca|co|cu|du|fu|gu|llu|mi|mo|mu|nnu|nu|o|po|pu|si|so|su|to|tu]laire,laire | ·ylaire	·[bu|ca|co|cu|du|fu|gu|llu|mi|mo|mu|nnu|nu|o|po|pu|si|so|su|to|tu]laire~·ylaire:21(for,specta,mol) ; laire~·ylaire:0(sca)	270	305.1	372.6	suffix -eur (teur trice deur gueur neur eur peur leur)	
P099	prefix	mou/mu/351 mous/mus/20	mou,mous		95	371.4	371.4		
P100	prefix	plu/ply/215 pla/pla/108 plan/pl@/48	pla | plan | plu	pla~plan:0(qu) ; plu~plan:0(ton,cher) ; plu~pla:0(toniqu)	136	370.3	370.3		
S165	suffix	·lever/l°.ve/179 ·°ver/°.ve/24	·lever | ·°ver	·lever~·°ver:8(sou,pr,canti)	81	185.9	369.2		
S166	suffix	·[jo|lo|no|o|rio|to]rité/[C]o.[C]i.te/62 ·[jo|no|o|rio|to]rité/[C]o.Ri.te/62 ·[bo|chro|co|coo|do|go|lo|mo|no|po|pro|rio|ro|rro|sau|so|to|vo]risé/[C]o.i.ze/63 ·[bo|chro|co|do|go|lo|mo|no|o|po|pro|rio|ro|rro|so|to|vo]risé/[C]o.[C]i.ze/53 ·[bo|do|go|lo|mo|no|po|rio|rro|sau|so|to|vo]risé/[C]o.Ri.ze/36 ·[bo|do|go|lo|mo|no|o|po|rio|rro|so|to|vo]risé/[C]o.Ri.ze/32	·[jo|lo|no|o|rio|to]rité | ·[jo|no|o|rio|to]rité | ·[bo|chro|co|coo|do|go|lo|mo|no|po|pro|rio|ro|rro|sau|so|to|vo]risé | ·[bo|chro|co|do|go|lo|mo|no|o|po|pro|rio|ro|rro|so|to|vo]risé | ·[bo|do|go|lo|mo|no|po|rio|rro|sau|so|to|vo]risé | ·[bo|do|go|lo|mo|no|o|po|rio|rro|so|to|vo]risé	·[jo|lo|no|o|rio|to]rité~·[jo|no|o|rio|to]rité:43(au,ma,pri) ; ·[bo|chro|co|coo|do|go|lo|mo|no|po|pro|rio|ro|rro|sau|so|to|vo]risé~·[bo|chro|co|do|go|lo|mo|no|o|po|pro|rio|ro|rro|so|to|vo]risé:21(eco,au,im) ; ·[bo|chro|co|coo|do|go|lo|mo|no|po|pro|rio|ro|rro|sau|so|to|vo]risé~·[bo|do|go|lo|mo|no|po|rio|rro|sau|so|to|vo]risé:9(au,t,m) ; ·[bo|chro|co|coo|do|go|lo|mo|no|po|pro|rio|ro|rro|sau|so|to|vo]risé~·[bo|do|go|lo|mo|no|o|po|rio|rro|so|to|vo]risé:9(au,t,m) ; ·[bo|chro|co|do|go|lo|mo|no|o|po|pro|rio|ro|rro|so|to|vo]risé~·[bo|do|go|lo|mo|no|po|rio|rro|sau|so|to|vo]risé:9(au,t,m)	366	125.4	368.3		
P101	prefix	exa/Egz.a/84 ex/Egz/152 ex[a|al|i|oph|or]·/Egz.*/63 exa·/Egz.a/58 exi·/Egz.i/20	exa,ex,ex[a|al|i|oph|or]· | exa·,exi·	ex[a|al|i|oph|or]·~exa·:30(men,cerb,ction) ; exa~exi·:2(ger)	190	227.2	365.3	prefix ex- (ex exce exci)	
P102	prefix	te/t°/131 ten/t@/86 té/te/85 thé/te/42 tem/t@/21	te,ten,thé,tem | té	ten~té:0(ter)	135	365.1	365.1	prefix consonant+en (fin fen ten tén ven vén)	
S167	suffix	mal/mal/184 cal/kal/87 ·[ché|dri|dé|loy|né|ré]al/*.al/32 al/al/62	mal,cal,·[ché|dri|dé|loy|né|ré]al,al		173	332.9	365.0		
P103	prefix	eme·/@.e/107 ee·/E.e/46 ée·/e.e/28	eme· | ee· | ée·	eme·~ee·:1(rieur,ter) ; ee·~ée·:0(tiqu,niqu) ; eme·~ée·:0(rit,cher)	326	181.4	362.9		
S168	suffix	·[bli|bon|cha|con|cé|di|dép|ffi|ffé|gli|gui|lli|lé|nno|pen|pi|pé|sé|ti|vei|vi|vé|xce]-{pa,to}caments/*-{pa,to}.a.m@/120 ·[bli|bon|cha|con|cé|ffi|ffé|gli|gui|lli|lé|nno|pen|pi|pri|sé|ti|vei|vi|vé|xce]-{pa,to}demment/*-{pa,to}.[C]a.m@/74	·[bli|bon|cha|con|cé|di|dép|ffi|ffé|gli|gui|lli|lé|nno|pen|pi|pé|sé|ti|vei|vi|vé|xce]-{pa,to}caments | ·[bli|bon|cha|con|cé|ffi|ffé|gli|gui|lli|lé|nno|pen|pi|pri|sé|ti|vei|vi|vé|xce]-{pa,to}demment	·[bli|bon|cha|con|cé|di|dép|ffi|ffé|gli|gui|lli|lé|nno|pen|pi|pé|sé|ti|vei|vi|vé|xce]-{pa,to}caments~·[bli|bon|cha|con|cé|ffi|ffé|gli|gui|lli|lé|nno|pen|pi|pri|sé|ti|vei|vi|vé|xce]-{pa,to}demment:74(,su,pr)	32	120.4	361.1		
S169	suffix	·[bli|cis|fri|ni|ri|ro|xi|ï]cain/*.k5/113 ·[bé|ché|cé|du|dé|lé|mé|né|pé|ré|sé|toy|tri|tzsché|té]ens/*.5/37 ·[ber|bleau|bo|co|des|dias|dic|fan|gan|gen|go|gus|illo|la|len|les|lle|man|men|pen|po|que|ra|re|ren|ré|san|tes|van|ver|zan]tin/*.t5/31	·[bli|cis|fri|ni|ri|ro|xi|ï]cain,·[bé|ché|cé|du|dé|lé|mé|né|pé|ré|sé|toy|tri|tzsché|té]ens | ·[ber|bleau|bo|co|des|dias|dic|fan|gan|gen|go|gus|illo|la|len|les|lle|man|men|pen|po|que|ra|re|ren|ré|san|tes|van|ver|zan]tin	·[bli|cis|fri|ni|ri|ro|xi|ï]cain~·[ber|bleau|bo|co|des|dias|dic|fan|gan|gen|go|gus|illo|la|len|les|lle|man|men|pen|po|que|ra|re|ren|ré|san|tes|van|ver|zan]tin:0(m,ma,a)	172	180.0	359.9		
P104	prefix	io·/i.o/154 kio·/ki.o/26	io·,kio·		177	179.9	359.8		
S170	suffix	·[bec|cons|cque|dis|fec|ffe|mi|pen|por|pé|sis|ssis|trai]tance/*.t@s/106 tance/t@s/144 ·[is|ni|po|ppé|pé]tence/*.t@s/36 tence/t@s/44 tesse/tEs/25	·[bec|cons|cque|dis|fec|ffe|mi|pen|por|pé|sis|ssis|trai]tance,tance,tence,tesse | ·[is|ni|po|ppé|pé]tence	·[bec|cons|cque|dis|fec|ffe|mi|pen|por|pé|sis|ssis|trai]tance~·[is|ni|po|ppé|pé]tence:0(im,pr,a)	87	213.6	355.5		
P105	prefix	poi·/po.i/101 poli/po.li/77 poli·/po.li/44 poi/pwa/64	poi·,poli·,poi | poli	poi·~poli:60(tiqu,tiser)	143	209.1	353.7		
S171	suffix	dre/dR/145 duire/d8iR/89 deur/d9R/89 daire/dER/28	dre,duire,daire | deur	dre~deur:0(tor,mor)	180	350.8	350.8	suffix -eur (teur trice deur gueur neur eur peur leur)	
S172	suffix	·Essant/E.s@/105 ·raissant/RE.s@/65 ·naissance/nE.s@s/61 ·issant/i.s@/27	·Essant,·issant | ·raissant,·naissance	·Essant~·raissant:60(int,inint,dispa) ; ·Essant~·naissance:10(reco)	252	192.8	348.7		
P106	prefix	i/i/296 hi/i/51	i,hi		142	346.8	346.8		
S173	suffix	·[a|an|ba|bi|bo|bé|char|chro|cia|co|cra|cré|cu|da|dar|dgé|dia|for|ga|gli|go|gé|la|lan|li|lli|lo|ma|mi|mmu|mo|mé|na|ni|nna|no|né|po|pro|ra|rar|ri|ria|rio|sec|sep|ssi|ssu|sua|ta|ter|teu|ti|tia|to|tra|tu|tua|té|va|vi|vé|xi]-{Na,ka}risation/*-{Na,ka}.i.za.sj§/82 ·[a|an|ba|bi|bo|bé|char|chro|cia|co|cra|cré|cu|da|dar|dgé|dia|for|ga|gli|go|gé|la|lli|lo|ma|mi|mmu|mo|mé|na|ni|nna|no|né|po|pro|ra|rar|ri|ria|rio|sec|sep|ssi|ssu|sua|ta|ter|teu|ti|tia|to|tra|tu|tua|té|va|vi|vé|xi|xtra]-{Na,ka}risation/*-{Na,ka}.*.za.sj§/82 ·[a|an|ba|bi|bo|bé|char|chro|cia|co|cra|cré|cu|da|dar|dgé|dia|for|ga|gli|go|gé|la|lli|lo|ma|mi|mmu|mo|mé|na|ni|nna|no|né|po|pro|ra|rar|ri|ria|rio|sec|sep|ssi|ssu|sua|ta|ter|teu|ti|tia|to|tra|tu|tua|té|va|vi|vé|xi]-{Na,ka}risation/*-{Na,ka}.[C]i.za.sj§/82 ·[a|bi|bo|cia|cu|ga|gé|lli|lo|ma|mo|na|no|né|po|pro|ra|ri|ta|ti|tra|té|vi|vé]-{ka}nisation/*-{ka}.[C]i.za.sj§/48 ·[a|ba|bi|bo|ca|ci|cia|cra|cu|dia|ga|gé|ma|na|nna|ra|ri|ria|so|ssi|sua|ta|ti|tia|tra|tua|va|vi]-{Na}lisation/*-{Na}.li.a.sj§/34 ·[a|ba|bi|bo|ca|cia|cra|cu|dia|ga|gé|ma|na|nna|ra|ri|ria|ssi|sua|ta|ti|tia|tra|tua|vi]-{Na}lisation/*-{Na}.li.za.sj§/32 ·[a|ba|bi|bo|ca|cia|cra|cu|cuo|dia|ga|gé|ma|na|nna|ra|ri|ria|ssi|sua|ta|ti|tia|tra|tua|vi|vé]-{Na}lisation/*-{Na}.li.za.sj§/32	·[a|an|ba|bi|bo|bé|char|chro|cia|co|cra|cré|cu|da|dar|dgé|dia|for|ga|gli|go|gé|la|lan|li|lli|lo|ma|mi|mmu|mo|mé|na|ni|nna|no|né|po|pro|ra|rar|ri|ria|rio|sec|sep|ssi|ssu|sua|ta|ter|teu|ti|tia|to|tra|tu|tua|té|va|vi|vé|xi]-{Na,ka}risation | ·[a|an|ba|bi|bo|bé|char|chro|cia|co|cra|cré|cu|da|dar|dgé|dia|for|ga|gli|go|gé|la|lli|lo|ma|mi|mmu|mo|mé|na|ni|nna|no|né|po|pro|ra|rar|ri|ria|rio|sec|sep|ssi|ssu|sua|ta|ter|teu|ti|tia|to|tra|tu|tua|té|va|vi|vé|xi|xtra]-{Na,ka}risation | ·[a|an|ba|bi|bo|bé|char|chro|cia|co|cra|cré|cu|da|dar|dgé|dia|for|ga|gli|go|gé|la|lli|lo|ma|mi|mmu|mo|mé|na|ni|nna|no|né|po|pro|ra|rar|ri|ria|rio|sec|sep|ssi|ssu|sua|ta|ter|teu|ti|tia|to|tra|tu|tua|té|va|vi|vé|xi]-{Na,ka}risation | ·[a|bi|bo|cia|cu|ga|gé|lli|lo|ma|mo|na|no|né|po|pro|ra|ri|ta|ti|tra|té|vi|vé]-{ka}nisation | ·[a|ba|bi|bo|ca|ci|cia|cra|cu|dia|ga|gé|ma|na|nna|ra|ri|ria|so|ssi|sua|ta|ti|tia|tra|tua|va|vi]-{Na}lisation | ·[a|ba|bi|bo|ca|cia|cra|cu|dia|ga|gé|ma|na|nna|ra|ri|ria|ssi|sua|ta|ti|tia|tra|tua|vi]-{Na}lisation | ·[a|ba|bi|bo|ca|cia|cra|cu|cuo|dia|ga|gé|ma|na|nna|ra|ri|ria|ssi|sua|ta|ti|tia|tra|tua|vi|vé]-{Na}lisation	·[a|an|ba|bi|bo|bé|char|chro|cia|co|cra|cré|cu|da|dar|dgé|dia|for|ga|gli|go|gé|la|lan|li|lli|lo|ma|mi|mmu|mo|mé|na|ni|nna|no|né|po|pro|ra|rar|ri|ria|rio|sec|sep|ssi|ssu|sua|ta|ter|teu|ti|tia|to|tra|tu|tua|té|va|vi|vé|xi]-{Na,ka}risation~·[a|an|ba|bi|bo|bé|char|chro|cia|co|cra|cré|cu|da|dar|dgé|dia|for|ga|gli|go|gé|la|lli|lo|ma|mi|mmu|mo|mé|na|ni|nna|no|né|po|pro|ra|rar|ri|ria|rio|sec|sep|ssi|ssu|sua|ta|ter|teu|ti|tia|to|tra|tu|tua|té|va|vi|vé|xi|xtra]-{Na,ka}risation:74(au,or,ci) ; ·[a|an|ba|bi|bo|bé|char|chro|cia|co|cra|cré|cu|da|dar|dgé|dia|for|ga|gli|go|gé|la|lan|li|lli|lo|ma|mi|mmu|mo|mé|na|ni|nna|no|né|po|pro|ra|rar|ri|ria|rio|sec|sep|ssi|ssu|sua|ta|ter|teu|ti|tia|to|tra|tu|tua|té|va|vi|vé|xi]-{Na,ka}risation~·[a|an|ba|bi|bo|bé|char|chro|cia|co|cra|cré|cu|da|dar|dgé|dia|for|ga|gli|go|gé|la|lli|lo|ma|mi|mmu|mo|mé|na|ni|nna|no|né|po|pro|ra|rar|ri|ria|rio|sec|sep|ssi|ssu|sua|ta|ter|teu|ti|tia|to|tra|tu|tua|té|va|vi|vé|xi]-{Na,ka}risation:74(au,or,ci) ; ·[a|an|ba|bi|bo|bé|char|chro|cia|co|cra|cré|cu|da|dar|dgé|dia|for|ga|gli|go|gé|la|lli|lo|ma|mi|mmu|mo|mé|na|ni|nna|no|né|po|pro|ra|rar|ri|ria|rio|sec|sep|ssi|ssu|sua|ta|ter|teu|ti|tia|to|tra|tu|tua|té|va|vi|vé|xi|xtra]-{Na,ka}risation~·[a|an|ba|bi|bo|bé|char|chro|cia|co|cra|cré|cu|da|dar|dgé|dia|for|ga|gli|go|gé|la|lli|lo|ma|mi|mmu|mo|mé|na|ni|nna|no|né|po|pro|ra|rar|ri|ria|rio|sec|sep|ssi|ssu|sua|ta|ter|teu|ti|tia|to|tra|tu|tua|té|va|vi|vé|xi]-{Na,ka}risation:74(au,or,ci) ; ·[a|an|ba|bi|bo|bé|char|chro|cia|co|cra|cré|cu|da|dar|dgé|dia|for|ga|gli|go|gé|la|lan|li|lli|lo|ma|mi|mmu|mo|mé|na|ni|nna|no|né|po|pro|ra|rar|ri|ria|rio|sec|sep|ssi|ssu|sua|ta|ter|teu|ti|tia|to|tra|tu|tua|té|va|vi|vé|xi]-{Na,ka}risation~·[a|bi|bo|cia|cu|ga|gé|lli|lo|ma|mo|na|no|né|po|pro|ra|ri|ta|ti|tra|té|vi|vé]-{ka}nisation:42(or,ci,u) ; ·[a|an|ba|bi|bo|bé|char|chro|cia|co|cra|cré|cu|da|dar|dgé|dia|for|ga|gli|go|gé|la|lli|lo|ma|mi|mmu|mo|mé|na|ni|nna|no|né|po|pro|ra|rar|ri|ria|rio|sec|sep|ssi|ssu|sua|ta|ter|teu|ti|tia|to|tra|tu|tua|té|va|vi|vé|xi|xtra]-{Na,ka}risation~·[a|bi|bo|cia|cu|ga|gé|lli|lo|ma|mo|na|no|né|po|pro|ra|ri|ta|ti|tra|té|vi|vé]-{ka}nisation:42(or,ci,u)	195	86.6	346.3		
S174	suffix	·[fer|ler|mer|per|scer|ser|ter|ver|xper]nement/[C]ER.*-{s°,ti}.m@/75 ·[ber|fer|ler|mer|per|scer|ser|ter|ver|xper]nement/[C]ER.°.m@/69 ·[fec|jec|rec|rrec]tement/[C]Ek.*-{s°,ti}.m@/39 ·[jec|rec|rrec]tement/[C]Ek.t°.m@/39	·[fer|ler|mer|per|scer|ser|ter|ver|xper]nement | ·[ber|fer|ler|mer|per|scer|ser|ter|ver|xper]nement | ·[fec|jec|rec|rrec]tement | ·[jec|rec|rrec]tement	·[fer|ler|mer|per|scer|ser|ter|ver|xper]nement~·[ber|fer|ler|mer|per|scer|ser|ter|ver|xper]nement:64(gou,ou,di) ; ·[fec|jec|rec|rrec]tement~·[jec|rec|rrec]tement:39(di,co,indi) ; ·[fer|ler|mer|per|scer|ser|ter|ver|xper]nement~·[fec|jec|rec|rrec]tement:1(di,in) ; ·[fer|ler|mer|per|scer|ser|ter|ver|xper]nement~·[jec|rec|rrec]tement:1(di) ; ·[ber|fer|ler|mer|per|scer|ser|ter|ver|xper]nement~·[fec|jec|rec|rrec]tement:1(di,in)	31	115.0	345.1		
P107	prefix	ba/ba/256 bâ/ba/59 bas/bas/27	ba,bâ | bas	bâ~bas:1(ton,tonner,ter)	464	341.9	341.9		
S175	suffix	·[a|ba|bi|bri|ca|cia|cu|dia|dua|ga|gi|gé|i|lia|llé|ma|na|nia|nna|o|pha|pu|ra|ria|sa|ssa|sua|ta|tia|tra|tua|té|va]liste/*.list/93 ·aliste/a.list/72 ·[a|ba|bo|ca|chi|ci|der|do|ga|gié|go|lié|llé|lo|lé|ma|mi|mmu|na|ni|o|pho|pi|qui|ro|sé|ta|ter|ti|to|tu|vi]niste/*.nist/41 ·naliste/na.list/40 naliste/na.list/39 ·[a|bo|cou|ffai|go|klo|le|lo|mo|mé|na|nié|quo|rrié|rro|ssoi|ta|ti|to|tu|é]ristes/*.Rist/35	·[a|ba|bi|bri|ca|cia|cu|dia|dua|ga|gi|gé|i|lia|llé|ma|na|nia|nna|o|pha|pu|ra|ria|sa|ssa|sua|ta|tia|tra|tua|té|va]liste | ·aliste,·[a|ba|bo|ca|chi|ci|der|do|ga|gié|go|lié|llé|lo|lé|ma|mi|mmu|na|ni|o|pho|pi|qui|ro|sé|ta|ter|ti|to|tu|vi]niste | ·naliste,·[a|bo|cou|ffai|go|klo|le|lo|mo|mé|na|nié|quo|rrié|rro|ssoi|ta|ti|to|tu|é]ristes | naliste	·[a|ba|bi|bri|ca|cia|cu|dia|dua|ga|gi|gé|i|lia|llé|ma|na|nia|nna|o|pha|pu|ra|ria|sa|ssa|sua|ta|tia|tra|tua|té|va]liste~·aliste:49(jour,sp,capi) ; ·[a|ba|bi|bri|ca|cia|cu|dia|dua|ga|gi|gé|i|lia|llé|ma|na|nia|nna|o|pha|pu|ra|ria|sa|ssa|sua|ta|tia|tra|tua|té|va]liste~·naliste:27(jour,natio,fi) ; ·aliste~·naliste:26(jour,natio,pater) ; ·aliste~naliste:26(jour,natio,pater) ; ·[a|ba|bi|bri|ca|cia|cu|dia|dua|ga|gi|gé|i|lia|llé|ma|na|nia|nna|o|pha|pu|ra|ria|sa|ssa|sua|ta|tia|tra|tua|té|va]liste~naliste:26(jour,natio,pater)	377	170.2	340.5		
P108	prefix	trans/tR@s/175 tran/tR@/134 bran/bR@/31 trans/tR@z/0	trans,tran,trans | bran	tran~bran:4(cher)	494	340.4	340.4	prefix Latin (inter super multi trans re)	
S176	suffix	·[bli|bra|co|cro|dio|dro|ga|glo|go|lo|ly|lé|mo|no|o|pho|ta|ter|to|tro|xi|xo]phone/*.fOn/170 phone/fOn/170	·[bli|bra|co|cro|dio|dro|ga|glo|go|lo|ly|lé|mo|no|o|pho|ta|ter|to|tro|xi|xo]phone,phone		53	170.1	340.3		
P109	prefix	véi·/ve.i/170 véri/ve.Ri/144	véi· | véri	véi·~véri:73(fier,tabl,fi)	66	169.7	339.4		
S177	suffix	velle/vEl/208 rel/REl/58 el/El/42 vel/vEl/31	velle,rel,el | vel	velle~vel:31(nou)	88	338.9	338.9	suffix -al/-el/-ble (ral bal ble rbal rible nal val vail vel el elle uel ette)	
S178	suffix	·[ma|mi|mé|pu|sa|ta|to|tra]ricain/*.i.k5/122 ·[mé|ta|to]ricain/*.Ri.k5/112 ·icain/i.k5/122 ricain/Ri.k5/112	·[ma|mi|mé|pu|sa|ta|to|tra]ricain,·icain | ·[mé|ta|to]ricain,ricain	·[ma|mi|mé|pu|sa|ta|to|tra]ricain~·[mé|ta|to]ricain:47(a,por,pana) ; ·icain~ricain:47(am,porto,panam)	64	121.7	336.1		
S179	suffix	·Ellement/E.l°.m@/86 ·naillement/nE.°.m@/48 ·[di|gi|le|lho|mi|sio|so|ssio|ter|tio]nnellement/*.nE.°.m@/36 ·[gi|le|mi|sio|so|ssio|ter|tio]nnellement/*.nE.l°.m@/35 ·nellement/nE.l°.m@/35 nnellement/nE.l°.m@/26	·Ellement,·[di|gi|le|lho|mi|sio|so|ssio|ter|tio]nnellement | ·naillement,·[gi|le|mi|sio|so|ssio|ter|tio]nnellement | ·nellement | nnellement	·Ellement~·naillement:35(perso,eter,sol) ; ·Ellement~·nellement:35(perso,eter,sol) ; ·naillement~·nellement:35(perso,eter,sol) ; ·[di|gi|le|lho|mi|sio|so|ssio|ter|tio]nnellement~·[gi|le|mi|sio|so|ssio|ter|tio]nnellement:35(per,,so) ; ·Ellement~nnellement:26(perso,sol,emotio)	84	99.6	334.4		
S180	suffix	·[bi|den|ffi|fi|gi|le|llec|mi|nen|nou|po|quen|ri|rré|sio|so|ssio|stan|ten|ter|ti|tio|tri|tu|té|ver|vi]-{s@,v@}rellement/*-{s@,v@}.*.l°.m@/83 ·[cor|den|ffi|fi|gi|le|man|mi|nen|nou|po|quen|ra|rré|sio|so|ssio|stan|ten|ter|tio|tri|tu|té|ver]-{s@}rellement/*-{s@}.E.l°.m@/74 ·[den|ffi|fi|gi|le|mi|nen|nou|po|quen|rré|sio|so|ssio|stan|ten|ter|tio|tri|tu|té|ver]-{s@}rellement/*-{s@}.[C]E.l°.m@/74	·[bi|den|ffi|fi|gi|le|llec|mi|nen|nou|po|quen|ri|rré|sio|so|ssio|stan|ten|ter|ti|tio|tri|tu|té|ver|vi]-{s@,v@}rellement | ·[cor|den|ffi|fi|gi|le|man|mi|nen|nou|po|quen|ra|rré|sio|so|ssio|stan|ten|ter|tio|tri|tu|té|ver]-{s@}rellement | ·[den|ffi|fi|gi|le|mi|nen|nou|po|quen|rré|sio|so|ssio|stan|ten|ter|tio|tri|tu|té|ver]-{s@}rellement	·[bi|den|ffi|fi|gi|le|llec|mi|nen|nou|po|quen|ri|rré|sio|so|ssio|stan|ten|ter|ti|tio|tri|tu|té|ver|vi]-{s@,v@}rellement~·[cor|den|ffi|fi|gi|le|man|mi|nen|nou|po|quen|ra|rré|sio|so|ssio|stan|ten|ter|tio|tri|tu|té|ver]-{s@}rellement:74(na,per,o) ; ·[bi|den|ffi|fi|gi|le|llec|mi|nen|nou|po|quen|ri|rré|sio|so|ssio|stan|ten|ter|ti|tio|tri|tu|té|ver|vi]-{s@,v@}rellement~·[den|ffi|fi|gi|le|mi|nen|nou|po|quen|rré|sio|so|ssio|stan|ten|ter|tio|tri|tu|té|ver]-{s@}rellement:74(na,per,o) ; ·[cor|den|ffi|fi|gi|le|man|mi|nen|nou|po|quen|ra|rré|sio|so|ssio|stan|ten|ter|tio|tri|tu|té|ver]-{s@}rellement~·[den|ffi|fi|gi|le|mi|nen|nou|po|quen|rré|sio|so|ssio|stan|ten|ter|tio|tri|tu|té|ver]-{s@}rellement:74(na,per,o)	60	82.9	331.6		
S181	suffix	lot/lo/226 lon/l§/65 lo/lo/39	lot,lo | lon	lot~lon:1(bou,gr)	132	330.1	330.1		
S182	suffix	sin/z5/172 sine/zin/88 sie/zi/69	sin,sine,sie		85	328.6	328.6		
S183	suffix	·[ffe|ga|ge|jo|lle|mou|pé|que|su|tu]rette/*.REt/70 ·[ca|po|so|tu]rel/*.REl/58 ·[a|mo|so|té]riel/*.RjEl/35	·[ffe|ga|ge|jo|lle|mou|pé|que|su|tu]rette,·[ca|po|so|tu]rel | ·[a|mo|so|té]riel	·[ffe|ga|ge|jo|lle|mou|pé|que|su|tu]rette~·[a|mo|so|té]riel:1(ma,m)	96	163.0	326.0		
P110	prefix	pro[co|mo|no|po|ro|so|to|vo]·/pRo.[C]o/83 pro[con|fon|lon|non]·/pRo.[C]§/42 pré[cau|chau|co|do|mo|no|o|po|ro|so|vau|vô]·/pRe.[C]o/38	pro[co|mo|no|po|ro|so|to|vo]·,pro[con|fon|lon|non]· | pré[cau|chau|co|do|mo|no|o|po|ro|so|vau|vô]·	pro[co|mo|no|po|ro|so|to|vo]·~pré[cau|chau|co|do|mo|no|o|po|ro|so|vau|vô]·:5(tion,sition)	166	162.5	324.9		
S184	suffix	·[bra|can|fan|jec|la|nu|rec|sa|trac|via]tile/*.til/85 ·[a|ga|jonc|la|ma|mo|na|pec|ra|rec|si|spec|ta|tec|tia|vec]tive/*.tiv/77	·[bra|can|fan|jec|la|nu|rec|sa|trac|via]tile | ·[a|ga|jonc|la|ma|mo|na|pec|ra|rec|si|spec|ta|tec|tia|vec]tive	·[bra|can|fan|jec|la|nu|rec|sa|trac|via]tile~·[a|ga|jonc|la|ma|mo|na|pec|ra|rec|si|spec|ta|tec|tia|vec]tive:0(r,in,con)	71	162.2	324.4		
P111	prefix	reco[bi|de|duc|dui|dè|gra|mman|mmen|nnec|se|si]-{nE}·/R°.[C]o.*-{nE}/70 reco[mman|mmen|nnec|pie]-{nE}·/R°.ko.*-{nE}/58 retrou[bli|pe|to|ve|vri]-{s°}·/R°.[C]u.*-{s°}/36	reco[bi|de|duc|dui|dè|gra|mman|mmen|nnec|se|si]-{nE}·,retrou[bli|pe|to|ve|vri]-{s°}· | reco[mman|mmen|nnec|pie]-{nE}·	reco[bi|de|duc|dui|dè|gra|mman|mmen|nnec|se|si]-{nE}·~reco[mman|mmen|nnec|pie]-{nE}·:30(cer,der,ter)	160	106.7	320.2		
S185	suffix	·litique/li.tik/80 ·astique/as.tik/42 ·ifique/i.fik/38	·litique,·astique,·ifique		72	160.0	320.0		
S186	suffix	·[bri|ci|di|fi|gi|i|li|lli|mi|ni|pi|pli|qui|ri|sci|ssi|ti|vi]nateur/[C]i.a.t9R/108 ·[bri|ci|di|fi|gi|i|li|lli|mi|ni|pi|pli|qui|ri|sci|ssi|ti|vi]nateur/[C]i.[C]a.t9R/100 ·[ci|di|mi|ssi|vi]nateur/[C]i.na.t9R/44 ·[di|mi|vi]nateur/[C]i.na.t9R/40	·[bri|ci|di|fi|gi|i|li|lli|mi|ni|pi|pli|qui|ri|sci|ssi|ti|vi]nateur | ·[bri|ci|di|fi|gi|i|li|lli|mi|ni|pi|pli|qui|ri|sci|ssi|ti|vi]nateur | ·[ci|di|mi|ssi|vi]nateur | ·[di|mi|vi]nateur	·[bri|ci|di|fi|gi|i|li|lli|mi|ni|pi|pli|qui|ri|sci|ssi|ti|vi]nateur~·[bri|ci|di|fi|gi|i|li|lli|mi|ni|pi|pli|qui|ri|sci|ssi|ti|vi]nateur:78(or,rea,as) ; ·[bri|ci|di|fi|gi|i|li|lli|mi|ni|pi|pli|qui|ri|sci|ssi|ti|vi]nateur~·[ci|di|mi|ssi|vi]nateur:35(or,d,exa) ; ·[bri|ci|di|fi|gi|i|li|lli|mi|ni|pi|pli|qui|ri|sci|ssi|ti|vi]nateur~·[ci|di|mi|ssi|vi]nateur:33(or,exter,coor) ; ·[bri|ci|di|fi|gi|i|li|lli|mi|ni|pi|pli|qui|ri|sci|ssi|ti|vi]nateur~·[di|mi|vi]nateur:33(or,exter,coor) ; ·[bri|ci|di|fi|gi|i|li|lli|mi|ni|pi|pli|qui|ri|sci|ssi|ti|vi]nateur~·[di|mi|vi]nateur:33(or,exter,coor)	266	108.3	319.3		
S187	suffix	·[den|gen|len|men|nen|ner|quen|ren|rren|ssen|stan|ten]tiel/*.sjEl/55 ·[den|gen|len|men|nen|quen|ren|rren|ssen|stan|ten]tiel/[C]@.sjEl/54 cial/sjal/99 ·[ffi|fi|gi|ren|tan|tri]ciel/*.sjEl/41 tiel/sjEl/59 ciel/sjEl/41 ·@tiel/@.sjEl/20 tial/sjal/24	·[den|gen|len|men|nen|ner|quen|ren|rren|ssen|stan|ten]tiel,cial,·[ffi|fi|gi|ren|tan|tri]ciel,tiel | ·[den|gen|len|men|nen|quen|ren|rren|ssen|stan|ten]tiel,ciel,tial | ·@tiel	·[den|gen|len|men|nen|ner|quen|ren|rren|ssen|stan|ten]tiel~·[den|gen|len|men|nen|quen|ren|rren|ssen|stan|ten]tiel:36(,po,confi) ; ·[den|gen|len|men|nen|ner|quen|ren|rren|ssen|stan|ten]tiel~·@tiel:10(confi,presi,resi) ; ·[den|gen|len|men|nen|quen|ren|rren|ssen|stan|ten]tiel~·@tiel:10(confi,presi,resi) ; tiel~tial:0(par) ; ·[ffi|fi|gi|ren|tan|tri]ciel~·@tiel:0(circons,rev)	192	223.1	318.7	suffix -tion (tion ssion sion ration cation lation ciation ction ntion ition ption rtion ...)	
P112	prefix	pu/py/317	pu		24	317.0	317.0		
S188	suffix	·[bo|co|do|dro|ffo|fo|geo|go|lo|no|rro|so|sso|to|tro|vo|ço]nniers/*.nje/61 ·[bo|co|do|dro|ffo|fo|geo|lo|no|rro|so|sso|to|tro|vo|ço]nniers/[C]o.nje/61 ·[cho|co|cro|do|dro|ffo|fo|go|lo|mo|po|ro|rro|so|sso|to|tro|vro|ço]perie/[C]O.°.Ri/39 ·[cho|co|cro|do|dro|ffo|fo|go|lo|mo|po|ro|rro|so|sso|to|vro|ço]perie/[C]O.[C]°.Ri/38 ·[cho|co|die|do|dro|ffo|geo|gno|llo|lo|mio|o|pa|pe|pho|pio|po|sio|so|sso|to|vo|ço]nnage/*.naZ/39 ·[cho|co|do|dro|ffo|geo|gno|llo|lo|mio|o|pio|po|sio|so|sso|to|vo|ço]nnage/[C]o.naZ/38	·[bo|co|do|dro|ffo|fo|geo|go|lo|no|rro|so|sso|to|tro|vo|ço]nniers | ·[bo|co|do|dro|ffo|fo|geo|lo|no|rro|so|sso|to|tro|vo|ço]nniers | ·[cho|co|cro|do|dro|ffo|fo|go|lo|mo|po|ro|rro|so|sso|to|tro|vro|ço]perie | ·[cho|co|cro|do|dro|ffo|fo|go|lo|mo|po|ro|rro|so|sso|to|vro|ço]perie | ·[cho|co|die|do|dro|ffo|geo|gno|llo|lo|mio|o|pa|pe|pho|pio|po|sio|so|sso|to|vo|ço]nnage | ·[cho|co|do|dro|ffo|geo|gno|llo|lo|mio|o|pio|po|sio|so|sso|to|vo|ço]nnage	·[bo|co|do|dro|ffo|fo|geo|go|lo|no|rro|so|sso|to|tro|vo|ço]nniers~·[bo|co|do|dro|ffo|fo|geo|lo|no|rro|so|sso|to|tro|vo|ço]nniers:35(pri,cor,ti) ; ·[cho|co|cro|do|dro|ffo|fo|go|lo|mo|po|ro|rro|so|sso|to|tro|vro|ço]perie~·[cho|co|cro|do|dro|ffo|fo|go|lo|mo|po|ro|rro|so|sso|to|vro|ço]perie:28(sa,es,co) ; ·[cho|co|die|do|dro|ffo|geo|gno|llo|lo|mio|o|pa|pe|pho|pio|po|sio|so|sso|to|vo|ço]nnage~·[cho|co|do|dro|ffo|geo|gno|llo|lo|mio|o|pio|po|sio|so|sso|to|vo|ço]nnage:26(per,es,eta) ; ·[cho|co|cro|do|dro|ffo|fo|go|lo|mo|po|ro|rro|so|sso|to|tro|vro|ço]perie~·[cho|co|die|do|dro|ffo|geo|gno|llo|lo|mio|o|pa|pe|pho|pio|po|sio|so|sso|to|vo|ço]nnage:3(es,ca,sa) ; ·[cho|co|cro|do|dro|ffo|fo|go|lo|mo|po|ro|rro|so|sso|to|vro|ço]perie~·[cho|co|die|do|dro|ffo|geo|gno|llo|lo|mio|o|pa|pe|pho|pio|po|sio|so|sso|to|vo|ço]nnage:3(es,ca,sa)	156	138.7	316.3		
S189	suffix	·[ce|dé|fé|gré|mmé|mé|né|ré|scé|sé|tté|té]-{l}diatement/[C-{l}]e.[C]a.*-{s°,ti}.m@/77 ·[ce|dé|gré|mmé|mé|né|ré|scé|sé|tté|té]-{l}diatement/[C-{l}]e.[C]a.°.m@/77	·[ce|dé|fé|gré|mmé|mé|né|ré|scé|sé|tté|té]-{l}diatement | ·[ce|dé|gré|mmé|mé|né|ré|scé|sé|tté|té]-{l}diatement	·[ce|dé|fé|gré|mmé|mé|né|ré|scé|sé|tté|té]-{l}diatement~·[ce|dé|gré|mmé|mé|né|ré|scé|sé|tté|té]-{l}diatement:77(i,g,li)	24	77.4	309.8		
S190	suffix	·ologie/o.lo.Zi/41 ·ogique/o.Zik/37 ·llogique/lo.Zik/36 logique/lo.Zik/36 ·ologique/o.lo.Zik/20 ·onique/o.nik/25 ·orique/o.Rik/21	·ogique,·ologique | logique,·orique | ·llogique | ·ologie | ·onique	·ogique~logique:28(psycho,bio,eco) ; ·ogique~·llogique:28(psycho,bio,eco) ; ·llogique~logique:28(psycho,bio,eco) ; ·ologie~·ologique:13(psy,id,tech) ; ·ologie~·orique:2(th,his)	308	124.2	309.4	suffix -logie (logie logique logiste logue)	
S191	suffix	·[ma|mi|mé|pu]ricain/*.[C]i.k5/91 ·[bli|fri|ni|ri|xi|ï]cain/[C]i.k5/109	·[ma|mi|mé|pu]ricain | ·[bli|fri|ni|ri|xi|ï]cain	·[ma|mi|mé|pu]ricain~·[bli|fri|ni|ri|xi|ï]cain:3(a)	28	108.7	308.1		
S192	suffix	·alité/a.li.te/70 ·manité/ma.i.te/32 ·nalité/na.i.te/32 ·manité/ma.[C]i.te/32	·manité,·nalité | ·manité | ·alité	·manité~·manité:28(hu,for,nor) ; ·alité~·nalité:20(perso,natio,crimi) ; ·alité~·manité:5(for,nor,anor) ; ·alité~·manité:5(for,nor,deci)	198	101.6	304.8		
S193	suffix	·térieur/te.Rj9R/109 rieur/Rj9R/194	·térieur,rieur		46	193.9	303.3		
P113	prefix	auto/o.to/121 to/to/59	auto | to	auto~to:0(mat)	273	179.8	300.9		
S194	suffix	liste/list/95 riste/Rist/54 niste/nist/48 lisme/lizm/29 tisme/tizm/26 tiste/tist/25 nisme/nizm/24	liste,niste,tisme | riste,lisme,tiste,nisme	liste~lisme:17(socia,journa,capita) ; niste~nisme:8(commu,alpi,orga) ; tisme~tiste:1(defai,parachu,eli) ; liste~riste:0(documenta)	705	300.8	300.8		
P114	prefix	homo[bio|bron|cen|che|co|con|cri|cré|cui|des|di|dé|fi|ge|ges|gra|gui|gé|li|lo|mi|mo|mu|mé|ne|pi|plas|por|pro|pu|ra|rou|ré|sa|se|su|sub|sug|sur|vi|zy|é]-{Ri}·/o.o.*-{Ri}/36 expli[ca|ci|lo|me|te]-{Ra}·/E.i.*-{Ra}/33 abo[a|ba|ca|che|ci|cé|di|ge|gra|li|ma|mi|né|pho|ple|pri|prii|qui|vi]-{Ra}·/a.o.*-{Ra}/30	expli[ca|ci|lo|me|te]-{Ra}· | abo[a|ba|ca|che|ci|cé|di|ge|gra|li|ma|mi|né|pho|ple|pri|prii|qui|vi]-{Ra}· | homo[bio|bron|cen|che|co|con|cri|cré|cui|des|di|dé|fi|ge|ges|gra|gui|gé|li|lo|mi|mo|mu|mé|ne|pi|plas|por|pro|pu|ra|rou|ré|sa|se|su|sub|sug|sur|vi|zy|é]-{Ri}·	expli[ca|ci|lo|me|te]-{Ra}·~abo[a|ba|ca|che|ci|cé|di|ge|gra|li|ma|mi|né|pho|ple|pri|prii|qui|vi]-{Ra}·:1(tion) ; homo[bio|bron|cen|che|co|con|cri|cré|cui|des|di|dé|fi|ge|ges|gra|gui|gé|li|lo|mi|mo|mu|mé|ne|pi|plas|por|pro|pu|ra|rou|ré|sa|se|su|sub|sug|sur|vi|zy|é]-{Ri}·~abo[a|ba|ca|che|ci|cé|di|ge|gra|li|ma|mi|né|pho|ple|pri|prii|qui|vi]-{Ra}·:0(tion,ti,phi) ; homo[bio|bron|cen|che|co|con|cri|cré|cui|des|di|dé|fi|ge|ges|gra|gui|gé|li|lo|mi|mo|mu|mé|ne|pi|plas|por|pro|pu|ra|rou|ré|sa|se|su|sub|sug|sur|vi|zy|é]-{Ri}·~expli[ca|ci|lo|me|te]-{Ra}·:0(tion)	248	99.6	298.9		
S195	suffix	·céder/se.de/53 ·ider/i.de/42 ·aRder/aR.de/27 ·@der/@.de/25 ·eder/e.de/25 céder/se.de/20	·céder,·aRder,·@der | ·eder | céder | ·ider	·céder~·eder:9(pro,suc,con) ; ·céder~céder:9(pro,suc,con) ; ·eder~céder:9(pro,suc,con) ; ·ider~·@der:0(tru) ; ·céder~·ider:0(pr)	638	155.3	296.8		
P115	prefix	tra/tRa/192 trahi·/tRa.i/28 tri/tRi/45	tra,trahi· | tri	tra~tri:0(mer) ; trahi·~tri:0(coter)	295	265.3	293.8		
P116	prefix	le/l°/198 lé/le/71 lan/l@/24	le,lé | lan	lé~lan:0(ger)	156	293.2	293.2		
S196	suffix	tout/tu/291	tout		8	291.3	291.3		
S197	suffix	·[ac|an|aus|ba|brep|bé|ca|cas|cep|cra|cu|des|do|fan|fec|ffec|ga|gi|gné|guis|je|jec|la|lec|len|li|lis|llec|ly|ma|man|mes|mi|mé|na|ni|no|nu|né|o|pa|pec|pes|phé|pla|ra|san|sis|ta|tas|thé|tinc|tis|tra|ven|ver|ves|xta]-{t@,zi}tivement/*-{t@,zi}.ti.°.m@/72 ·[an|aus|ba|brep|bé|cas|cep|cra|des|do|fan|fec|ffec|ga|gi|gné|guis|je|jec|la|lec|len|li|lis|llec|ly|ma|man|mes|mi|mé|na|no|nu|né|o|pa|pec|phé|ra|sis|tas|then|thé|tinc|tis|ver|ves|xta]-{bu,zi}tivement/*-{bu,zi}.ti.[C]°.m@/60 ·[aus|ba|bé|cas|cep|cra|crip|dac|des|do|fan|fec|ffec|ga|gi|gné|guis|jec|la|lec|li|lis|llec|ly|ma|man|mes|mi|mé|na|no|nu|né|o|pa|pec|phé|ra|sis|tas|then|thé|tinc|tis|tui|xta]-{zi}tivement/*-{zi}.ti.*-{s°,ti}.m@/38	·[ac|an|aus|ba|brep|bé|ca|cas|cep|cra|cu|des|do|fan|fec|ffec|ga|gi|gné|guis|je|jec|la|lec|len|li|lis|llec|ly|ma|man|mes|mi|mé|na|ni|no|nu|né|o|pa|pec|pes|phé|pla|ra|san|sis|ta|tas|thé|tinc|tis|tra|ven|ver|ves|xta]-{t@,zi}tivement | ·[an|aus|ba|brep|bé|cas|cep|cra|des|do|fan|fec|ffec|ga|gi|gné|guis|je|jec|la|lec|len|li|lis|llec|ly|ma|man|mes|mi|mé|na|no|nu|né|o|pa|pec|phé|ra|sis|tas|then|thé|tinc|tis|ver|ves|xta]-{bu,zi}tivement | ·[aus|ba|bé|cas|cep|cra|crip|dac|des|do|fan|fec|ffec|ga|gi|gné|guis|jec|la|lec|li|lis|llec|ly|ma|man|mes|mi|mé|na|no|nu|né|o|pa|pec|phé|ra|sis|tas|then|thé|tinc|tis|tui|xta]-{zi}tivement	·[ac|an|aus|ba|brep|bé|ca|cas|cep|cra|cu|des|do|fan|fec|ffec|ga|gi|gné|guis|je|jec|la|lec|len|li|lis|llec|ly|ma|man|mes|mi|mé|na|ni|no|nu|né|o|pa|pec|pes|phé|pla|ra|san|sis|ta|tas|thé|tinc|tis|tra|ven|ver|ves|xta]-{t@,zi}tivement~·[an|aus|ba|brep|bé|cas|cep|cra|des|do|fan|fec|ffec|ga|gi|gné|guis|je|jec|la|lec|len|li|lis|llec|ly|ma|man|mes|mi|mé|na|no|nu|né|o|pa|pec|phé|ra|sis|tas|then|thé|tinc|tis|ver|ves|xta]-{bu,zi}tivement:56(,a,in) ; ·[an|aus|ba|brep|bé|cas|cep|cra|des|do|fan|fec|ffec|ga|gi|gné|guis|je|jec|la|lec|len|li|lis|llec|ly|ma|man|mes|mi|mé|na|no|nu|né|o|pa|pec|phé|ra|sis|tas|then|thé|tinc|tis|ver|ves|xta]-{bu,zi}tivement~·[aus|ba|bé|cas|cep|cra|crip|dac|des|do|fan|fec|ffec|ga|gi|gné|guis|jec|la|lec|li|lis|llec|ly|ma|man|mes|mi|mé|na|no|nu|né|o|pa|pec|phé|ra|sis|tas|then|thé|tinc|tis|tui|xta]-{zi}tivement:38(,r,po) ; ·[ac|an|aus|ba|brep|bé|ca|cas|cep|cra|cu|des|do|fan|fec|ffec|ga|gi|gné|guis|je|jec|la|lec|len|li|lis|llec|ly|ma|man|mes|mi|mé|na|ni|no|nu|né|o|pa|pec|pes|phé|pla|ra|san|sis|ta|tas|thé|tinc|tis|tra|ven|ver|ves|xta]-{t@,zi}tivement~·[aus|ba|bé|cas|cep|cra|crip|dac|des|do|fan|fec|ffec|ga|gi|gné|guis|jec|la|lec|li|lis|llec|ly|ma|man|mes|mi|mé|na|no|nu|né|o|pa|pec|phé|ra|sis|tas|then|thé|tinc|tis|tui|xta]-{zi}tivement:38(,r,po)	114	72.8	291.1		
S198	suffix	naire/nER/114 ·onnaire/o.nER/39 ·°naire/°.nER/34 tenaire/t°.nER/30 ·tenaire/t°.nER/30 nnaire/nER/52 neur/n9R/49	naire,·onnaire,·°naire,nnaire | tenaire,neur | ·tenaire	·°naire~tenaire:24(par,cen,cinquan) ; ·°naire~·tenaire:24(par,cen,cinquan) ; tenaire~·tenaire:24(par,cen,cinquan) ; ·onnaire~neur:0(demi)	261	217.0	290.0	suffix -eur (teur trice deur gueur neur eur peur leur)	
S199	suffix	·[ca|cca|ci|dac|ddi|di|dic|fe|fonc|la|men|mo|per|ra|rra|rrec|sa|se|si|ta|tri|tu|tua|vi|xcep]-{pOR,v@}ssionnel/*-{pOR,v@}.*.nEl/94 ·[ac|cca|ci|ddi|di|fe|fonc|la|men|mo|per|ra|rra|rrec|sa|se|ta|tri|tu|vi|xcep]-{pOR,v@}ssionnel/*-{pOR,v@}.o.nEl/93 ·[ac|ddi|di|fe|fonc|la|men|mo|ra|rra|rrec|sa|se|ta|ten|tri|tu|xcep]-{v@}ssionnel/*-{v@}.sjo.nEl/92 ·[ac|ddi|di|fonc|la|mo|por|ra|rra|rrec|sa|ta|ten|tri|tu|xcep]-{v@}tionnel/*-{v@}.sjo.nEl/55	·[ca|cca|ci|dac|ddi|di|dic|fe|fonc|la|men|mo|per|ra|rra|rrec|sa|se|si|ta|tri|tu|tua|vi|xcep]-{pOR,v@}ssionnel | ·[ac|cca|ci|ddi|di|fe|fonc|la|men|mo|per|ra|rra|rrec|sa|se|ta|tri|tu|vi|xcep]-{pOR,v@}ssionnel | ·[ac|ddi|di|fe|fonc|la|men|mo|ra|rra|rrec|sa|se|ta|ten|tri|tu|xcep]-{v@}ssionnel | ·[ac|ddi|di|fonc|la|mo|por|ra|rra|rrec|sa|ta|ten|tri|tu|xcep]-{v@}tionnel	·[ca|cca|ci|dac|ddi|di|dic|fe|fonc|la|men|mo|per|ra|rra|rrec|sa|se|si|ta|tri|tu|tua|vi|xcep]-{pOR,v@}ssionnel~·[ac|cca|ci|ddi|di|fe|fonc|la|men|mo|per|ra|rra|rrec|sa|se|ta|tri|tu|vi|xcep]-{pOR,v@}ssionnel:45(pro,,sen) ; ·[ca|cca|ci|dac|ddi|di|dic|fe|fonc|la|men|mo|per|ra|rra|rrec|sa|se|si|ta|tri|tu|tua|vi|xcep]-{pOR,v@}ssionnel~·[ac|ddi|di|fe|fonc|la|men|mo|ra|rra|rrec|sa|se|ta|ten|tri|tu|xcep]-{v@}ssionnel:44(pro,,sen) ; ·[ac|cca|ci|ddi|di|fe|fonc|la|men|mo|per|ra|rra|rrec|sa|se|ta|tri|tu|vi|xcep]-{pOR,v@}ssionnel~·[ac|ddi|di|fe|fonc|la|men|mo|ra|rra|rrec|sa|se|ta|ten|tri|tu|xcep]-{v@}ssionnel:44(pro,,sen) ; ·[ac|ddi|di|fe|fonc|la|men|mo|ra|rra|rrec|sa|se|ta|ten|tri|tu|xcep]-{v@}ssionnel~·[ac|ddi|di|fonc|la|mo|por|ra|rra|rrec|sa|ta|ten|tri|tu|xcep]-{v@}tionnel:26(,sen,tra) ; ·[ca|cca|ci|dac|ddi|di|dic|fe|fonc|la|men|mo|per|ra|rra|rrec|sa|se|si|ta|tri|tu|tua|vi|xcep]-{pOR,v@}ssionnel~·[ac|ddi|di|fonc|la|mo|por|ra|rra|rrec|sa|ta|ten|tri|tu|xcep]-{v@}tionnel:25(,sen,tra)	166	95.5	286.4		
P117	prefix	je/Z°/151 gé/Ze/77 ge/Z°/57	je,gé | ge	gé~ge:0(lin)	108	285.5	285.5		
S200	suffix	tin/t5/145 tain/t5/82 tien/tj5/58	tin,tien | tain	tin~tain:0(hau)	164	284.7	284.7		
P118	prefix	comman/ko.m@/63 coy·/ko.y/49 commu/ko.my/49 communi/ko.my.ni/24	comman,coy·,communi | commu	coy·~commu:38(naut,niquer,niqu)	113	129.6	282.9		
P119	prefix	habi/a.bi/109 bi/bi/65	habi,bi		262	173.6	282.4		
S201	suffix	·[mi|po|so|sti|sé|ti|tri|tro|ttri|vo|é]-{zo}lution/*-{zo}.[C]y.sj§/92 ·[dro|llo|po|so|sso|tro|vo]-{z}lution/[C-{z}]o.y.sj§/36 ·[so|sso|tro|vo]-{z}lution/[C-{z}]o.[C]y.sj§/35 ·[po|so|sso|vo]-{zo}lution/*-{zo}.ly.sj§/35 ·[so|sso|vo]-{z}lution/[C-{z}]o.ly.sj§/35	·[mi|po|so|sti|sé|ti|tri|tro|ttri|vo|é]-{zo}lution | ·[dro|llo|po|so|sso|tro|vo]-{z}lution | ·[so|sso|tro|vo]-{z}lution | ·[po|so|sso|vo]-{zo}lution | ·[so|sso|vo]-{z}lution	·[mi|po|so|sti|sé|ti|tri|tro|ttri|vo|é]-{zo}lution~·[dro|llo|po|so|sso|tro|vo]-{z}lution:34(r,,ab) ; ·[mi|po|so|sti|sé|ti|tri|tro|ttri|vo|é]-{zo}lution~·[so|sso|tro|vo]-{z}lution:33(r,,ab) ; ·[dro|llo|po|so|sso|tro|vo]-{z}lution~·[so|sso|tro|vo]-{z}lution:33(r,,ab) ; ·[mi|po|so|sti|sé|ti|tri|tro|ttri|vo|é]-{zo}lution~·[po|so|sso|vo]-{zo}lution:33(r,,ab) ; ·[mi|po|so|sti|sé|ti|tri|tro|ttri|vo|é]-{zo}lution~·[so|sso|vo]-{z}lution:33(r,,ab)	40	93.3	279.8		
S202	suffix	·[gé|per|so|ssi|ten|ti|xté]lument/*.y.m@/92	·[gé|per|so|ssi|ten|ti|xté]lument		8	91.7	275.0		
S203	suffix	·[con|mi|mmo|ni|pi|pis|ti]-{Re}culier/*-{Re}.*.lje/48 ·[a|den|em|gi|go|jus|lec|li|mi|mys|pa|qua|so|u|ver|vi|vé|zé]-{t@}tifier/*-{t@}.i.fje/46	·[con|mi|mmo|ni|pi|pis|ti]-{Re}culier | ·[a|den|em|gi|go|jus|lec|li|mi|mys|pa|qua|so|u|ver|vi|vé|zé]-{t@}tifier	·[con|mi|mmo|ni|pi|pis|ti]-{Re}culier~·[a|den|em|gi|go|jus|lec|li|mi|mys|pa|qua|so|u|ver|vi|vé|zé]-{t@}tifier:7(i,r,)	193	93.1	273.7		
S204	suffix	gie/Zi/164 ·ogie/o.Zi/58 logie/lo.Zi/57 ·logie/lo.Zi/56 logue/lOg/49	gie,·ogie | logie | ·logie | logue	·ogie~logie:54(techno,psycho,bio) ; ·ogie~·logie:53(techno,psycho,bio) ; logie~·logie:53(techno,psycho,bio) ; ·ogie~logue:15(psycho,archeo,neuro) ; logie~logue:15(psycho,archeo,neuro)	277	214.7	272.9	suffix -logie (logie logique logiste logue)	
S205	suffix	·Ekteur/Ek.t9R/84 ·Ekter/Ek.te/58 pecter/pEk.te/48 ·pecter/pEk.te/38	·Ekter | pecter | ·pecter | ·Ekteur	·Ekter~pecter:23(res,ins,sus) ; ·Ekter~·pecter:23(res,ins,sus) ; pecter~·pecter:23(res,ins,sus) ; ·Ekteur~·Ekter:4(ins,pros) ; ·Ekteur~pecter:4(ins,pros)	154	142.0	271.6		
P120	prefix	por/pOR/213 por°·/pOR.°/35 porte/pOR.t°/29	por,por°· | porte	por°·~porte:17(feuill,manteau,ri)	95	235.2	270.2		
S206	suffix	·[bi|bé|ci|gi|gni|gri|li|ni|pi|pli|plé|quié|sué|vi]-{ti}tude/*-{ti}.tyd/135 ·[bi|ci|gi|gni|gri|li|ni|pi|pli|vi]-{t}tude/[C-{t}]i.tyd/125	·[bi|bé|ci|gi|gni|gri|li|ni|pi|pli|plé|quié|sué|vi]-{ti}tude | ·[bi|ci|gi|gni|gri|li|ni|pi|pli|vi]-{t}tude	·[bi|bé|ci|gi|gni|gri|li|ni|pi|pli|plé|quié|sué|vi]-{ti}tude~·[bi|ci|gi|gni|gri|li|ni|pi|pli|vi]-{t}tude:115(ha,so,solli)	29	134.9	269.9		
S207	suffix	tif/tif/184 ·atif/a.tif/50 ·itif/i.tif/31	tif,·atif | ·itif	·atif~·itif:0(pri)	618	210.5	269.3		
S208	suffix	·[ber|di|i|lli|lé|mal|ni|non|nus|pus|sci|ta|ti|tri|vi]cule/*.kyl/132 cule/kyl/135 ·icule/i.kyl/31	·[ber|di|i|lli|lé|mal|ni|non|nus|pus|sci|ta|ti|tri|vi]cule,cule | ·icule	·[ber|di|i|lli|lé|mal|ni|non|nus|pus|sci|ta|ti|tri|vi]cule~·icule:20(veh,cla,par)	74	135.3	267.6		
S209	suffix	·cision/si.zj§/78 ·vision/vi.zj§/55 ·ision/i.zj§/47 vision/vi.zj§/38	·vision | ·ision | vision | ·cision	·vision~·ision:28(tel,pr,pro) ; ·vision~vision:28(tel,pr,pro) ; ·ision~vision:28(tel,pr,pro) ; ·cision~·ision:7(pr,circon,con) ; ·cision~·vision:1(pr,impr)	30	133.0	265.9		
P121	prefix	atten/a.t@/74 atta/a.ta/58	atten,atta		66	132.6	265.2		
P122	prefix	entre/@.tR°/104 contre/k§.tR°/28	entre,contre		481	132.0	264.1		
S210	suffix	·[bio|cho|co|dio|gio|lli|lo|ly|lé|mo|no|o|per|po|pro|rio|ro|ré|tho|to|tro]sophie/*.*.fi/33 ·[ci|co|cri|dio|dri|dro|gno|lhar|lo|ly|lé|mo|no|o|pho|pi|ras|ro|ré|so|ta|tec|tho|to|zo]monie/*.*.ni/31 ·[bio|dro|gio|lli|llo|lo|ly|lé|mo|o|pi|po|ra|rio|ro|ré|si|tho|to|tro]-{no}graphe/*-{no}.gRaf/36	·[bio|cho|co|dio|gio|lli|lo|ly|lé|mo|no|o|per|po|pro|rio|ro|ré|tho|to|tro]sophie | ·[bio|dro|gio|lli|llo|lo|ly|lé|mo|o|pi|po|ra|rio|ro|ré|si|tho|to|tro]-{no}graphe | ·[ci|co|cri|dio|dri|dro|gno|lhar|lo|ly|lé|mo|no|o|pho|pi|ras|ro|ré|so|ta|tec|tho|to|zo]monie	·[bio|cho|co|dio|gio|lli|lo|ly|lé|mo|no|o|per|po|pro|rio|ro|ré|tho|to|tro]sophie~·[bio|dro|gio|lli|llo|lo|ly|lé|mo|o|pi|po|ra|rio|ro|ré|si|tho|to|tro]-{no}graphe:8(pho,cho,hy) ; ·[bio|cho|co|dio|gio|lli|lo|ly|lé|mo|no|o|per|po|pro|rio|ro|ré|tho|to|tro]sophie~·[ci|co|cri|dio|dri|dro|gno|lhar|lo|ly|lé|mo|no|o|pho|pi|ras|ro|ré|so|ta|tec|tho|to|zo]monie:1(pho,,phi) ; ·[ci|co|cri|dio|dri|dro|gno|lhar|lo|ly|lé|mo|no|o|pho|pi|ras|ro|ré|so|ta|tec|tho|to|zo]monie~·[bio|dro|gio|lli|llo|lo|ly|lé|mo|o|pi|po|ra|rio|ro|ré|si|tho|to|tro]-{no}graphe:1(pho,t,or)	218	99.4	262.6		
S211	suffix	·[ci|gni|li|né|ri|rri|ti]-{le}fique/*-{le}.fik/131 ·[ci|gni|li|ri|rri|ti]fique/[C]i.fik/130	·[ci|gni|li|né|ri|rri|ti]-{le}fique | ·[ci|gni|li|ri|rri|ti]fique	·[ci|gni|li|né|ri|rri|ti]-{le}fique~·[ci|gni|li|ri|rri|ti]fique:108(ma,scien,sp)	28	131.3	262.5		
P123	prefix	rée·/Re.e/104 fée·/fe.e/26	rée·,fée·		156	130.2	260.5		
S212	suffix	·iqué/i.ke/97 ·pliqué/pli.ke/52	·iqué | ·pliqué	·iqué~·pliqué:2(com)	313	133.7	259.8		
S213	suffix	tal/tal/227 ·@tal/@.tal/30 mental/m@.tal/23	tal,·@tal | mental	·@tal~mental:11(senti,experi,fonda)	180	229.7	256.9		
S214	suffix	·ERser/ER.se/111 ·verser/vER.se/83 verser/vER.se/89 ·ERner/ER.ne/21	·ERser | verser | ·verser | ·ERner	·ERser~verser:32(tra,ren,boul) ; ·ERser~·verser:32(tra,ren,boul) ; ·verser~verser:32(tra,ren,boul) ; ·ERser~·ERner:0(con) ; ·verser~·ERner:0(con)	263	139.2	256.7		
S215	suffix	·[bio|cho|cio|co|cro|dio|do|mio|mo|no|o|pho|po|pro|rio|ro|sio|tho|to|tro|tyo|xo]logie/[C]o.*.Zi/59 ·[a|bio|chi|cio|cro|da|dio|do|dé|go|ma|mio|mo|na|no|o|pho|po|pro|rio|ro|sio|ta|tho|to|tro|tyo|xo]-{ko}logie/*-{ko}.*.Zi/55 ·[a|bio|cho|cio|co|cro|da|dio|do|dro|llo|ma|mio|mo|na|no|o|pho|po|pro|rio|ro|sio|ta|tho|to|tro|tyo|xo]logie/*.o.Zi/53 ·[a|bio|cho|cio|co|cro|da|dio|do|ma|mio|mo|na|no|o|pho|po|pro|rio|ro|sio|ta|tho|to|tro|tyo|xo]logie/*.[C]o.Zi/52 ·[a|bio|cho|cio|co|cro|dio|do|dro|llo|mio|mo|na|no|o|pho|po|pro|rio|ro|sio|tho|to|tro|tyo|xo]logie/*.lo.Zi/52 ·[a|bio|cho|cio|co|cro|dio|do|mio|mo|na|no|o|pho|po|pro|rio|ro|sio|tho|to|tro|tyo|xo]logie/*.lo.Zi/51 ·[bio|cho|cio|co|cro|dio|do|dro|llo|mio|mo|no|o|pho|po|pro|rio|ro|sio|tho|to|tro|tyo|xo]logie/[C]o.lo.Zi/51 ·[bio|cho|cio|co|cro|dio|do|mio|mo|no|o|pho|po|pro|rio|ro|sio|tho|to|tro|tyo|xo]logie/[C]o.lo.Zi/50 ·[bo|ca|cho|cio|co|cro|dio|do|go|lo|mo|na|no|o|pho|pi|po|ro|ta|tho|to|tro|xo]logue/*.lOg/31	·[a|bio|cho|cio|co|cro|da|dio|do|dro|llo|ma|mio|mo|na|no|o|pho|po|pro|rio|ro|sio|ta|tho|to|tro|tyo|xo]logie | ·[a|bio|cho|cio|co|cro|da|dio|do|ma|mio|mo|na|no|o|pho|po|pro|rio|ro|sio|ta|tho|to|tro|tyo|xo]logie | ·[a|bio|cho|cio|co|cro|dio|do|dro|llo|mio|mo|na|no|o|pho|po|pro|rio|ro|sio|tho|to|tro|tyo|xo]logie | ·[a|bio|cho|cio|co|cro|dio|do|mio|mo|na|no|o|pho|po|pro|rio|ro|sio|tho|to|tro|tyo|xo]logie | ·[bio|cho|cio|co|cro|dio|do|dro|llo|mio|mo|no|o|pho|po|pro|rio|ro|sio|tho|to|tro|tyo|xo]logie | ·[bio|cho|cio|co|cro|dio|do|mio|mo|no|o|pho|po|pro|rio|ro|sio|tho|to|tro|tyo|xo]logie | ·[a|bio|chi|cio|cro|da|dio|do|dé|go|ma|mio|mo|na|no|o|pho|po|pro|rio|ro|sio|ta|tho|to|tro|tyo|xo]-{ko}logie | ·[bio|cho|cio|co|cro|dio|do|mio|mo|no|o|pho|po|pro|rio|ro|sio|tho|to|tro|tyo|xo]logie | ·[bo|ca|cho|cio|co|cro|dio|do|go|lo|mo|na|no|o|pho|pi|po|ro|ta|tho|to|tro|xo]logue	·[a|bio|cho|cio|co|cro|da|dio|do|dro|llo|ma|mio|mo|na|no|o|pho|po|pro|rio|ro|sio|ta|tho|to|tro|tyo|xo]logie~·[a|bio|cho|cio|co|cro|da|dio|do|ma|mio|mo|na|no|o|pho|po|pro|rio|ro|sio|ta|tho|to|tro|tyo|xo]logie:49(tech,psy,id) ; ·[a|bio|cho|cio|co|cro|da|dio|do|dro|llo|ma|mio|mo|na|no|o|pho|po|pro|rio|ro|sio|ta|tho|to|tro|tyo|xo]logie~·[a|bio|cho|cio|co|cro|dio|do|dro|llo|mio|mo|na|no|o|pho|po|pro|rio|ro|sio|tho|to|tro|tyo|xo]logie:49(tech,psy,id) ; ·[a|bio|cho|cio|co|cro|da|dio|do|dro|llo|ma|mio|mo|na|no|o|pho|po|pro|rio|ro|sio|ta|tho|to|tro|tyo|xo]logie~·[a|bio|cho|cio|co|cro|dio|do|mio|mo|na|no|o|pho|po|pro|rio|ro|sio|tho|to|tro|tyo|xo]logie:48(tech,psy,id) ; ·[a|bio|cho|cio|co|cro|da|dio|do|ma|mio|mo|na|no|o|pho|po|pro|rio|ro|sio|ta|tho|to|tro|tyo|xo]logie~·[a|bio|cho|cio|co|cro|dio|do|dro|llo|mio|mo|na|no|o|pho|po|pro|rio|ro|sio|tho|to|tro|tyo|xo]logie:48(tech,psy,id) ; ·[a|bio|cho|cio|co|cro|da|dio|do|ma|mio|mo|na|no|o|pho|po|pro|rio|ro|sio|ta|tho|to|tro|tyo|xo]logie~·[a|bio|cho|cio|co|cro|dio|do|mio|mo|na|no|o|pho|po|pro|rio|ro|sio|tho|to|tro|tyo|xo]logie:48(tech,psy,id)	221	95.6	255.6		
S216	suffix	tude/tyd/188 ·titude/ti.tyd/52 ·itude/i.tyd/32 titude/ti.tyd/26	tude,·itude | titude | ·titude	·itude~titude:24(cer,gra,incer) ; ·titude~·itude:20(cer,gra,mul) ; ·titude~titude:20(cer,gra,mul)	64	192.4	254.8	suffix vowel/glide endings (on ène aire aux tude oine ouine ué oué quel)	
S217	suffix	·[bi|boî|cep|con|cu|domp|dou|fi|for|fu|la|lec|men|mi|mo|nné|pec|po|por|ppor|pré|quen|qui|ri|rien|rri|sen|trac|van|vi|xploi]-{lyk,tEs}table/*-{lyk,tEs}.tabl/126	·[bi|boî|cep|con|cu|domp|dou|fi|for|fu|la|lec|men|mi|mo|nné|pec|po|por|ppor|pré|quen|qui|ri|rien|rri|sen|trac|van|vi|xploi]-{lyk,tEs}table		76	125.6	251.1		
S218	suffix	ral/Ral/217 tral/tRal/33	ral,tral		168	250.0	250.0	suffix -al/-el/-ble (ral bal ble rbal rible nal val vail vel el elle uel ette)	
P124	prefix	pri/pRi/180 bri/bRi/39 ri/Ri/31	pri | ri | bri	pri~ri:3(ver,mer) ; bri~ri:0(der,mer) ; pri~bri:0(mer)	309	249.6	249.6		
P125	prefix	inté/5.te/125	inté		15	124.6	249.2		
S219	suffix	·[a|ca|cia|da|ga|gna|la|lla|na|pa|sa|ta|va]bilité/[C]a.[C-{m,s}]i.i.te/62 ·[a|ca|cia|ga|la|na|pa|sa|ta]bilité/[C]a.[C]i.[C]i.te/57	·[a|ca|cia|da|ga|gna|la|lla|na|pa|sa|ta|va]bilité | ·[a|ca|cia|ga|la|na|pa|sa|ta]bilité	·[a|ca|cia|da|ga|gna|la|lla|na|pa|sa|ta|va]bilité~·[a|ca|cia|ga|la|na|pa|sa|ta]bilité:46(respon,cul,comp)	51	61.7	246.6		
P126	prefix	ani/a.ni/97 anti/@.ti/26	ani,anti		304	122.3	244.7		
S220	suffix	fois/fwa/197 nois/nwa/41	fois,nois		25	238.5	238.5		
S221	suffix	·[bé|ci|do|dé|fon|for|gé|lai|mi|mmen|mmu|nor|pa|pi|ppo|pu|pé|ssio|ssu|sti|su|ta|tu|xpre|é]-{v9,za}dément/*-{v9,za}.e.m@/79	·[bé|ci|do|dé|fon|for|gé|lai|mi|mmen|mmu|nor|pa|pi|ppo|pu|pé|ssio|ssu|sti|su|ta|tu|xpre|é]-{v9,za}dément		35	79.0	237.0		
S222	suffix	·[ci|co|di|dio|do|gro|lli|llo|lo|mo|nio|no|o|pho|po|ra|re|ri|ro|se|si|sio|ta|ti|to|tra|tro|vio|xi|zo]mètres/*.mEtR/54 ·paraître/pa.REtR/36 mètre/mEtR/56 mettre/mEtR/54 raître/REtR/36	·[ci|co|di|dio|do|gro|lli|llo|lo|mo|nio|no|o|pho|po|ra|re|ri|ro|se|si|sio|ta|ti|to|tra|tro|vio|xi|zo]mètres,·paraître,mètre,raître | mettre	·paraître~mettre:0(trans)	113	146.4	236.8		
P127	prefix	mala/ma.la/82 mal/mal/72	mala,mal		118	153.7	235.6		
P128	prefix	oe·/o.e/74 au°·/o.°/43	oe·,au°·		58	117.3	234.7		
S223	suffix	sé/ze/119 sant/z@/76 san/z@/36	sé,san | sant	sé~sant:5(epui,compo,paraly)	674	231.8	231.8		
P129	prefix	uni/y.ni/84 humi/y.mi/32	uni,humi		82	115.5	231.1		
P130	prefix	pi/pi/162 pis/pis/43 pié/pje/26	pi | pié | pis	pi~pié:2(ger,ton) ; pis~pié:1(ton,ter) ; pi~pis:0(ton,tonner)	312	231.1	231.1		
S224	suffix	·asser/a.se/119 ·rasser/Ra.se/51	·asser | ·rasser	·asser~·rasser:34(deba,emba,pap)	511	121.4	228.3		
S225	suffix	dat/da/148 tat/ta/79	dat,tat		40	227.3	227.3		
S226	suffix	·[cur|le|ne|ner|pra|rri|ser|ti]-{S°,pRu}vé/*-{S°,pRu}.ve/113	·[cur|le|ne|ner|pra|rri|ser|ti]-{S°,pRu}vé		73	113.0	226.1		
S227	suffix	cin/s5/149 ssin/s5/74	cin,ssin		37	222.3	222.3		
S228	suffix	·[ce|tre]voir/[C]°.vwaR/56 ·[a|ba|bra|ca|ga|gra|la|lla|ma|mma|na|pa|ra|sa|ta|va|xa|xpia]toire/[C]a.twaR/54	·[ce|tre]voir,·[a|ba|bra|ca|ga|gra|la|lla|ma|mma|na|pa|ra|sa|ta|va|xa|xpia]toire		121	110.1	220.2		
S229	suffix	mir/miR/178 mar/maR/39	mir,mar		25	217.0	217.0		
P131	prefix	infor[ma|me|mu|po|tu]·/5.[C]OR.*/72 infor[ma|me|mu|tu]·/5.fOR.*/71	infor[ma|me|mu|po|tu]· | infor[ma|me|mu|tu]·	infor[ma|me|mu|po|tu]·~infor[ma|me|mu|tu]·:28(tion,teur,n)	26	71.8	215.3		
S230	suffix	ro/Ro/189 reau/Ro/25	ro,reau		73	214.1	214.1		
S231	suffix	lette/lEt/112 rette/REt/72 quette/kEt/30	lette,rette,quette		144	213.6	213.6		
P132	prefix	per[chlo|co|du|fo|for|fu|me|mi|mu|si|sé]-{tyR,vER}·/pER.*-{tyR,vER}/107	per[chlo|co|du|fo|for|fu|me|mi|mu|si|sé]-{tyR,vER}·		66	106.7	213.4		
S232	suffix	·[mi|si|ter|ti|tté|xté]nuer/*.n8e/105 nuer/n8e/105	·[mi|si|ter|ti|tté|xté]nuer,nuer		33	104.9	209.7		
P133	prefix	télé[co|pho]·/te.le.[C]o/36 télé[ci|di|gui|ri|vi]·/te.e.[C]i/34 télé[ci|di|gui|vi]·/te.le.[C]i/33	télé[co|pho]·,télé[ci|di|gui|ri|vi]· | télé[ci|di|gui|vi]·	télé[ci|di|gui|ri|vi]·~télé[ci|di|gui|vi]·:30(sion,s,seur)	43	69.8	209.5		
P134	prefix	hu/y/141 u/y/68	hu,u		73	209.2	209.2		
S233	suffix	·fférence/fe.R@s/99 ·erence/e.R@s/38	·fférence | ·erence	·fférence~·erence:27(con,pr,indi)	31	103.9	207.8		
S234	suffix	·formations/fOR.ma.sj§/69	·formations		14	69.3	207.8		
S235	suffix	·oler/o.le/70 ·olet/o.lE/37	·oler | ·olet	·oler~·olet:0(con,fla,cabri)	272	107.5	206.2		
P135	prefix	impre·/5.pRe/103	impre·		22	102.7	205.4		
P136	prefix	inco·/5.ko/53 incom·/5.k§/48	inco·,incom·		151	101.6	203.2		
P137	prefix	ta/ta/172 tar/taR/29	ta | tar	ta~tar:0(guer,tin,tar)	398	200.9	200.9		
S236	suffix	·[cen|clip|ffen|pen|per|pul|vul|xpul]-{buR,vER}sé/*-{buR,vER}.se/68 ·[ba|by|cra|cé|dio|don|gu|ma|nu|phé|pé|ri|vi|é]-{nER,nEp}tie/*-{nER,nEp}.si/32	·[cen|clip|ffen|pen|per|pul|vul|xpul]-{buR,vER}sé | ·[ba|by|cra|cé|dio|don|gu|ma|nu|phé|pé|ri|vi|é]-{nER,nEp}tie	·[cen|clip|ffen|pen|per|pul|vul|xpul]-{buR,vER}sé~·[ba|by|cra|cé|dio|don|gu|ma|nu|phé|pé|ri|vi|é]-{nER,nEp}tie:0(pro)	105	100.2	200.3		
P138	prefix	voy/vwaj/198	voy		20	197.6	197.6		
S237	suffix	·athique/a.tik/75 ·[ba|blé|cho|cro|cré|dra|for|ga|go|llo|lé|mis|mo|ni|nig|no|né|o|phrag|plo|reau|ris|ro|ré|so|ssé|tas|thé|ti|to|té]matique/*.a.tik/43 ·[blé|dio|dra|for|go|lé|mis|nig|né|phrag|plo|ris|ro|so|ssé|thé|to|té]matique/*.ma.tik/34 matique/ma.tik/48 ·[for|go|lé|mis|nig|né|plo|ro|so|thé|to|té]matique/*.ma.tik/31 ·matique/ma.tik/43	·athique | ·[ba|blé|cho|cro|cré|dra|for|ga|go|llo|lé|mis|mo|ni|nig|no|né|o|phrag|plo|reau|ris|ro|ré|so|ssé|tas|thé|ti|to|té]matique,matique | ·[blé|dio|dra|for|go|lé|mis|nig|né|phrag|plo|ris|ro|so|ssé|thé|to|té]matique,·matique | ·[for|go|lé|mis|nig|né|plo|ro|so|thé|to|té]matique	·athique~matique:38(infor,dra,auto) ; ·athique~·matique:33(infor,dra,auto) ; matique~·matique:33(infor,dra,auto) ; ·[ba|blé|cho|cro|cré|dra|for|ga|go|llo|lé|mis|mo|ni|nig|no|né|o|phrag|plo|reau|ris|ro|ré|so|ssé|tas|thé|ti|to|té]matique~·[blé|dio|dra|for|go|lé|mis|nig|né|phrag|plo|ris|ro|so|ssé|thé|to|té]matique:26(in,au,di) ; ·[ba|blé|cho|cro|cré|dra|for|ga|go|llo|lé|mis|mo|ni|nig|no|né|o|phrag|plo|reau|ris|ro|ré|so|ssé|tas|thé|ti|to|té]matique~·[for|go|lé|mis|nig|né|plo|ro|so|thé|to|té]matique:23(in,au,di)	151	75.2	193.4		
P139	prefix	la/la/192	la		122	192.3	192.3		
S238	suffix	ffer/fe/82 fait/fE/57 ffeur/f9R/54	ffer,fait | ffeur	ffer~ffeur:13(chau,coi,bou)	169	192.1	192.1		
S239	suffix	du/dy/192	du		146	191.5	191.5		
P140	prefix	inis·/5.is/39 inyl·/5.yl/30 inEs·/5.Es/26	inis· | inyl· | inEs·	inis·~inyl·:6(ter,tant) ; inis·~inEs·:0(ter) ; inyl·~inEs·:0(ter)	160	95.6	191.3		
S240	suffix	·[ac|aus|ba|ca|ce|cu|ffec|ga|gi|gre|jec|la|lec|llec|ma|mi|na|ni|pec|pes|pla|pul|ra|si|ta|tinc|tra|tten|tui|ven|xclu]-{kse}tivement/*-{kse}.*.v°.m@/48 ·[ac|aus|ba|ca|ce|cu|ffec|ga|gi|gre|jec|la|lec|llec|ma|mi|na|ni|pec|pes|pla|pul|ra|si|ta|tinc|tra|tten|tui|ven|xclu]-{kse}tivement/*-{kse}.i.v°.m@/48 ·[ac|aus|ba|ca|cu|ffec|ga|gi|jec|la|lec|llec|ma|mi|na|ni|pec|pes|pla|ra|si|ta|tinc|tra|tten|tui|ven]tivement/*.ti.v°.m@/43	·[ac|aus|ba|ca|ce|cu|ffec|ga|gi|gre|jec|la|lec|llec|ma|mi|na|ni|pec|pes|pla|pul|ra|si|ta|tinc|tra|tten|tui|ven|xclu]-{kse}tivement | ·[ac|aus|ba|ca|ce|cu|ffec|ga|gi|gre|jec|la|lec|llec|ma|mi|na|ni|pec|pes|pla|pul|ra|si|ta|tinc|tra|tten|tui|ven|xclu]-{kse}tivement | ·[ac|aus|ba|ca|cu|ffec|ga|gi|jec|la|lec|llec|ma|mi|na|ni|pec|pes|pla|ra|si|ta|tinc|tra|tten|tui|ven]tivement	·[ac|aus|ba|ca|ce|cu|ffec|ga|gi|gre|jec|la|lec|llec|ma|mi|na|ni|pec|pes|pla|pul|ra|si|ta|tinc|tra|tten|tui|ven|xclu]-{kse}tivement~·[ac|aus|ba|ca|ce|cu|ffec|ga|gi|gre|jec|la|lec|llec|ma|mi|na|ni|pec|pes|pla|pul|ra|si|ta|tinc|tra|tten|tui|ven|xclu]-{kse}tivement:48(,defi,a) ; ·[ac|aus|ba|ca|ce|cu|ffec|ga|gi|gre|jec|la|lec|llec|ma|mi|na|ni|pec|pes|pla|pul|ra|si|ta|tinc|tra|tten|tui|ven|xclu]-{kse}tivement~·[ac|aus|ba|ca|cu|ffec|ga|gi|jec|la|lec|llec|ma|mi|na|ni|pec|pes|pla|ra|si|ta|tinc|tra|tten|tui|ven]tivement:43(,defi,a) ; ·[ac|aus|ba|ca|ce|cu|ffec|ga|gi|gre|jec|la|lec|llec|ma|mi|na|ni|pec|pes|pla|pul|ra|si|ta|tinc|tra|tten|tui|ven|xclu]-{kse}tivement~·[ac|aus|ba|ca|cu|ffec|ga|gi|jec|la|lec|llec|ma|mi|na|ni|pec|pes|pla|ra|si|ta|tinc|tra|tten|tui|ven]tivement:43(,defi,a)	48	47.6	190.4		
P141	prefix	pé/pe/108 pan/p@/49 pen/p@/30	pé,pan | pen	pé~pen:2(cher)	328	185.9	185.9		
P142	prefix	vo/vo/165 vau/vo/21	vo | vau	vo~vau:0(dou)	124	185.9	185.9		
S241	suffix	·nnoncer/n§.se/92	·nnoncer		35	92.4	184.9		
P143	prefix	trans[bah|bor|ca|cas|con|cu|der|fi|for|fu|fé|mi|mu|na|pa|per|plan|po|pon|por|sah|se|si|va]-{mE,pi}·/tR@s.*-{mE,pi}/92	trans[bah|bor|ca|cas|con|cu|der|fi|for|fu|fé|mi|mu|na|pa|per|plan|po|pon|por|sah|se|si|va]-{mE,pi}·		211	91.5	183.0		
P144	prefix	comp/k§/122 compa/k§.pa/29	comp,compa		81	150.8	179.7		
P145	prefix	inter[ca|ce|chan|co|con|cos|cul|cé|di|dic|dé|fé|ga|gla|gou|je|li|lo|mez|mi|na|pla|po|pro|pré|pé|ra|re|sai|si|ste|sub|tri|ve|ven|ver|vien]-{sek}·/5.tER.*-{sek}/60	inter[ca|ce|chan|co|con|cos|cul|cé|di|dic|dé|fé|ga|gla|gou|je|li|lo|mez|mi|na|pla|po|pro|pré|pé|ra|re|sai|si|ste|sub|tri|ve|ven|ver|vien]-{sek}·		214	59.6	178.9		
S242	suffix	·[bor|cri|des|gglu|li|ma|or|ré|ssé|sé|ta|ter|ti|tio|xter]-{bo,ly}gination/*-{bo,ly}.i.na.sj§/43 ·[cri|des|gglu|in|li|ma|or|ré|ssé|sé|ta|ter|ti|tio|xter]-{bo,ly}gination/*-{bo,ly}.*.na.sj§/43 ·[cri|des|gglu|li|ma|or|ré|ssé|sé|ta|ter|ti|tio|xter]-{bo,ly}gination/*-{bo,ly}.[C]i.na.sj§/42 ·[cri|gglu|li|ma|or|sé|ta|ter|xter]-{bo,ly}gination/*-{bo,ly}.[C]i.na.sj§/40	·[bor|cri|des|gglu|li|ma|or|ré|ssé|sé|ta|ter|ti|tio|xter]-{bo,ly}gination | ·[cri|des|gglu|in|li|ma|or|ré|ssé|sé|ta|ter|ti|tio|xter]-{bo,ly}gination | ·[cri|des|gglu|li|ma|or|ré|ssé|sé|ta|ter|ti|tio|xter]-{bo,ly}gination | ·[cri|gglu|li|ma|or|sé|ta|ter|xter]-{bo,ly}gination	·[bor|cri|des|gglu|li|ma|or|ré|ssé|sé|ta|ter|ti|tio|xter]-{bo,ly}gination~·[cri|des|gglu|in|li|ma|or|ré|ssé|sé|ta|ter|ti|tio|xter]-{bo,ly}gination:40(i,,d) ; ·[bor|cri|des|gglu|li|ma|or|ré|ssé|sé|ta|ter|ti|tio|xter]-{bo,ly}gination~·[cri|des|gglu|li|ma|or|ré|ssé|sé|ta|ter|ti|tio|xter]-{bo,ly}gination:40(i,,d) ; ·[cri|des|gglu|in|li|ma|or|ré|ssé|sé|ta|ter|ti|tio|xter]-{bo,ly}gination~·[cri|des|gglu|li|ma|or|ré|ssé|sé|ta|ter|ti|tio|xter]-{bo,ly}gination:40(i,,d) ; ·[bor|cri|des|gglu|li|ma|or|ré|ssé|sé|ta|ter|ti|tio|xter]-{bo,ly}gination~·[cri|gglu|li|ma|or|sé|ta|ter|xter]-{bo,ly}gination:39(i,,d) ; ·[cri|des|gglu|in|li|ma|or|ré|ssé|sé|ta|ter|ti|tio|xter]-{bo,ly}gination~·[cri|gglu|li|ma|or|sé|ta|ter|xter]-{bo,ly}gination:39(i,,d)	34	44.7	178.7		
S243	suffix	·[bu|bé|co|coeu|du|dé|fo|fé|gno|go|gu|gé|li|lo|lé|mu|no|né|pa|pi|plo|ppu|pé|qué|ssu|tau|to|tti|tu|vi|vé|xpi]-{fa,la}rant/*-{fa,la}.R@/89	·[bu|bé|co|coeu|du|dé|fo|fé|gno|go|gu|gé|li|lo|lé|mu|no|né|pa|pi|plo|ppu|pé|qué|ssu|tau|to|tti|tu|vi|vé|xpi]-{fa,la}rant		109	89.1	178.2		
P146	prefix	esa·/Es.a/89 esca/Es.ka/47 espa/Es.pa/41	esa· | esca | espa	esa·~esca:32(lier,dron,lad) ; esa·~espa:22(gnol,don,drill) ; esca~espa:0(drill,lier)	52	89.0	178.0		
S244	suffix	·[a|ba|bi|bra|ca|cri|cu|dic|ga|gra|is|jec|la|lla|llu|ma|mi|mma|na|ni|pa|per|ra|remp|ri|rri|sa|si|sis|ta|u|va|xa|xpia]-{fEk}toire/*-{fEk}.twaR/88	·[a|ba|bi|bra|ca|cri|cu|dic|ga|gra|is|jec|la|lla|llu|ma|mi|mma|na|ni|pa|per|ra|remp|ri|rri|sa|si|sis|ta|u|va|xa|xpia]-{fEk}toire		153	88.0	176.0		
P147	prefix	sou°·/su.°/67 sau°·/so.°/21	sou°· | sau°·	sou°·~sau°·:1(ri)	101	87.9	175.8		
S245	suffix	cat/ka/145 ·icat/i.ka/29	cat,·icat		35	146.6	175.4		
S246	suffix	·[di|four|ju|la|lin|lo|lé|pa|ran|rin|rri|ti|tin|tri|vi|vul|za]-{va}gué/*-{va}.ge/87	·[di|four|ju|la|lin|lo|lé|pa|ran|rin|rri|ti|tin|tri|vi|vul|za]-{va}gué		123	87.4	174.9		
P148	prefix	extra[con|cor|ga|lu|or|po|sen|sys|te|va]·/E.kstRa.*/48 extraor[di|ju|lac|po|rri|so]·/E.kstRa.*.*/31 extra/E.kstRa/48	extra[con|cor|ga|lu|or|po|sen|sys|te|va]·,extraor[di|ju|lac|po|rri|so]·,extra		54	48.3	174.8		
P149	prefix	li/li/112 éli/e.li/32	li | éli	li~éli:0(mer)	176	143.1	174.7		
S247	suffix	·[a|bi|ce|ci|con|cu|dgé|di|dic|em|ga|gi|gu|li|llu|lon|lu|ma|men|mi|mé|nan|né|phé|po|pu|pé|ri|si|son|ssa|ta|tio|tu|té|va|vi|xté]lièrement/*.*.R°.m@/40 ·[ce|che|ci|con|cu|dgé|di|em|gi|gu|lho|li|lon|lu|ma|man|men|mer|mi|mé|nan|nhu|né|po|pu|ra|ri|si|son|ti|tio|tri|trin|tu|té|ve]lièrement/*.[C-{tR,tj}]E.[C]°.m@/38 ·[ce|che|ci|con|cu|dgé|di|em|gi|gu|lho|li|lon|lu|ma|man|men|mer|mi|mé|nan|nhu|né|po|pu|ra|ri|si|son|ti|tio|tri|trin|tu|ve]lièrement/*.[C-{tR,tj}]E.*-{s°,ti}.m@/38 ·[bi|ce|ci|con|cu|dgé|di|em|gi|gu|li|lon|lu|ma|men|mi|mé|nan|né|phé|po|pu|ri|si|son|ssa|tio|tu|va]lièrement/*.E.R°.m@/35	·[ce|che|ci|con|cu|dgé|di|em|gi|gu|lho|li|lon|lu|ma|man|men|mer|mi|mé|nan|nhu|né|po|pu|ra|ri|si|son|ti|tio|tri|trin|tu|té|ve]lièrement | ·[ce|che|ci|con|cu|dgé|di|em|gi|gu|lho|li|lon|lu|ma|man|men|mer|mi|mé|nan|nhu|né|po|pu|ra|ri|si|son|ti|tio|tri|trin|tu|ve]lièrement | ·[a|bi|ce|ci|con|cu|dgé|di|dic|em|ga|gi|gu|li|llu|lon|lu|ma|men|mi|mé|nan|né|phé|po|pu|pé|ri|si|son|ssa|ta|tio|tu|té|va|vi|xté]lièrement | ·[bi|ce|ci|con|cu|dgé|di|em|gi|gu|li|lon|lu|ma|men|mi|mé|nan|né|phé|po|pu|ri|si|son|ssa|tio|tu|va]lièrement	·[ce|che|ci|con|cu|dgé|di|em|gi|gu|lho|li|lon|lu|ma|man|men|mer|mi|mé|nan|nhu|né|po|pu|ra|ri|si|son|ti|tio|tri|trin|tu|té|ve]lièrement~·[ce|che|ci|con|cu|dgé|di|em|gi|gu|lho|li|lon|lu|ma|man|men|mer|mi|mé|nan|nhu|né|po|pu|ra|ri|si|son|ti|tio|tri|trin|tu|ve]lièrement:38(parti,r,vo) ; ·[a|bi|ce|ci|con|cu|dgé|di|dic|em|ga|gi|gu|li|llu|lon|lu|ma|men|mi|mé|nan|né|phé|po|pu|pé|ri|si|son|ssa|ta|tio|tu|té|va|vi|xté]lièrement~·[ce|che|ci|con|cu|dgé|di|em|gi|gu|lho|li|lon|lu|ma|man|men|mer|mi|mé|nan|nhu|né|po|pu|ra|ri|si|son|ti|tio|tri|trin|tu|té|ve]lièrement:35(parti,r,vo) ; ·[a|bi|ce|ci|con|cu|dgé|di|dic|em|ga|gi|gu|li|llu|lon|lu|ma|men|mi|mé|nan|né|phé|po|pu|pé|ri|si|son|ssa|ta|tio|tu|té|va|vi|xté]lièrement~·[ce|che|ci|con|cu|dgé|di|em|gi|gu|lho|li|lon|lu|ma|man|men|mer|mi|mé|nan|nhu|né|po|pu|ra|ri|si|son|ti|tio|tri|trin|tu|ve]lièrement:35(parti,r,vo) ; ·[a|bi|ce|ci|con|cu|dgé|di|dic|em|ga|gi|gu|li|llu|lon|lu|ma|men|mi|mé|nan|né|phé|po|pu|pé|ri|si|son|ssa|ta|tio|tu|té|va|vi|xté]lièrement~·[bi|ce|ci|con|cu|dgé|di|em|gi|gu|li|lon|lu|ma|men|mi|mé|nan|né|phé|po|pu|ri|si|son|ssa|tio|tu|va]lièrement:35(parti,r,vo) ; ·[ce|che|ci|con|cu|dgé|di|em|gi|gu|lho|li|lon|lu|ma|man|men|mer|mi|mé|nan|nhu|né|po|pu|ra|ri|si|son|ti|tio|tri|trin|tu|té|ve]lièrement~·[bi|ce|ci|con|cu|dgé|di|em|gi|gu|li|lon|lu|ma|men|mi|mé|nan|né|phé|po|pu|ri|si|son|ssa|tio|tu|va]lièrement:35(parti,r,vo)	74	43.6	174.3		
P150	prefix	ro/Ro/118 rou/Ru/56	ro | rou	ro~rou:4(main,tin,ter)	274	173.5	173.5		
S248	suffix	sseau/so/94 ceau/so/79	sseau,ceau		36	173.3	173.3		
P151	prefix	po[li|mé|po|ta|te|é]·/po.*/49 pan[cel|dé|ger|ta|te|thé]·/p@.*/38	po[li|mé|po|ta|te|é]·,pan[cel|dé|ger|ta|te|thé]·		61	86.5	172.9		
S249	suffix	·[bi|llec|nac|pé|ri|tinc|trac|ven]tuel/*.t8El/59 tuel/t8El/66 tel/tEl/45	·[bi|llec|nac|pé|ri|tinc|trac|ven]tuel,tuel,tel		97	111.2	170.4		
P152	prefix	expli/E.kspli/49 exci/E.ksi/36	expli,exci		51	84.8	169.7	prefix ex- (ex exce exci)	
S250	suffix	·[a|dem|ga|lli|ma|mmu|mo|ti]nisation/*.ni.[C]a.sj§/42	·[a|dem|ga|lli|ma|mmu|mo|ti]nisation		12	42.0	167.9		
S251	suffix	en/5/167	en		68	167.0	167.0		
P153	prefix	embra·/@.bRa/83 emb/@b/0	embra·,emb		54	82.9	165.8	prefix vowel+m+b/p (amp amb emp emb imp imb omp omb ump umb)	
S252	suffix	·tendu/t@.dy/80 ·@du/@.dy/24	·tendu | ·@du	·tendu~·@du:16(malen,ina,pr)	47	82.7	165.5		
P154	prefix	va/va/164	va		168	164.5	164.5		
P155	prefix	ga/ga/164	ga		103	164.0	164.0		
S253	suffix	·ternel/tER.nEl/47 ·tériel/te.RjEl/34 riel/RjEl/36	·ternel,riel | ·tériel	·ternel~·tériel:3(ma)	72	82.8	163.4		
S254	suffix	·[cri|di|lé|né|ri|ti]fice/*.fis/45 ·[gra|mor|so|tro]phie/*.fi/36	·[cri|di|lé|né|ri|ti]fice,·[gra|mor|so|tro]phie		112	81.3	162.6		
P156	prefix	mo/mo/106 mor/mOR/54	mo | mor	mo~mor:9(tel)	175	160.1	160.1		
P157	prefix	cal/kal/109 al/al/51	cal | al	cal~al:0(ter)	192	159.6	159.6		
S255	suffix	gramme/gRam/68 graphie/gRa.fi/27 graphe/gRaf/38	graphie | graphe | gramme	graphie~graphe:9(photo,bio,chor) ; gramme~graphe:2(tel,spectro,holo) ; gramme~graphie:1(mono,radio,crypto)	247	132.8	159.5		
P158	prefix	assu/a.sy/45 asso/a.so/34	assu,asso		47	78.7	157.3		
S256	suffix	·[dul|gli|lli|mer|ter|tin|tre|ver]gent/*.Z@/44 ·[dul|gli|i|li|lli|mer|sur|tin]-{vER}gence/*-{vER}.Z@s/34	·[dul|gli|lli|mer|ter|tin|tre|ver]gent | ·[dul|gli|i|li|lli|mer|sur|tin]-{vER}gence	·[dul|gli|lli|mer|ter|tin|tre|ver]gent~·[dul|gli|i|li|lli|mer|sur|tin]-{vER}gence:21(int,in,n)	39	78.0	156.1		
P159	prefix	héo·/e.o/45 théo·/te.o/33	héo· | théo·	héo·~théo·:0(logiqu)	213	77.7	155.4		
S257	suffix	·[go|gro|na|né|ra|zé]ma/*.ma/66 ma/ma/89	·[go|gro|na|né|ra|zé]ma,ma		39	89.3	155.2		
P160	prefix	cir[con|cons|cu]·/siR.*/35 ci[bou|ga|ma|me|men|sa|se|te|vi]·/si.*/33 cir/siR/52	cir[con|cons|cu]·,ci[bou|ga|ma|me|men|sa|se|te|vi]·,cir		100	84.9	153.6		
P161	prefix	fu/fy/153	fu		127	152.9	152.9		
S258	suffix	·[te|ti|ve]nue/*.ny/76 ·[te|ve]nue/[C]°.ny/41	·[te|ti|ve]nue | ·[te|ve]nue	·[te|ti|ve]nue~·[te|ve]nue:39(bien,a,r)	16	76.1	152.2		
S259	suffix	·[bi|cen|fa|ffec|pé|sti|ti]tuer/*.t8e/45 ·ituer/i.t8e/35 tuer/t8e/46 tueux/t82/24	·[bi|cen|fa|ffec|pé|sti|ti]tuer,tuer,tueux | ·ituer	·[bi|cen|fa|ffec|pé|sti|ti]tuer~·ituer:6(recons,cons,res)	205	92.7	152.1		
S260	suffix	·[bi|bli|bo|bu|bé|cha|ci|cu|du|ffa|fi|fla|fé|lé|mi|mmi|pa|phé|pi|rro|ser|si|ten|tur|xplo]-{pe}ratoire/*-{pe}.a.twaR/49 ·[bi|bli|bo|bu|bé|ci|cla|cu|du|fa|ffa|fi|fla|lo|lé|mi|pa|phé|pi|ppo|qui|rro|ser|si|ten|tur|xplo|é]-{pe,tRa}ratoire/*-{pe,tRa}.*-{fEk}.twaR/49 ·[bi|bli|bo|bu|bé|ci|cla|cu|du|fa|ffa|fi|fla|lé|mi|pa|phé|pi|rro|ser|si|ten|tur|xplo]-{pe}ratoire/*-{pe}.[C]a.twaR/47	·[bi|bli|bo|bu|bé|cha|ci|cu|du|ffa|fi|fla|fé|lé|mi|mmi|pa|phé|pi|rro|ser|si|ten|tur|xplo]-{pe}ratoire | ·[bi|bli|bo|bu|bé|ci|cla|cu|du|fa|ffa|fi|fla|lo|lé|mi|pa|phé|pi|ppo|qui|rro|ser|si|ten|tur|xplo|é]-{pe,tRa}ratoire | ·[bi|bli|bo|bu|bé|ci|cla|cu|du|fa|ffa|fi|fla|lé|mi|pa|phé|pi|rro|ser|si|ten|tur|xplo]-{pe}ratoire	·[bi|bli|bo|bu|bé|cha|ci|cu|du|ffa|fi|fla|fé|lé|mi|mmi|pa|phé|pi|rro|ser|si|ten|tur|xplo]-{pe}ratoire~·[bi|bli|bo|bu|bé|ci|cla|cu|du|fa|ffa|fi|fla|lo|lé|mi|pa|phé|pi|ppo|qui|rro|ser|si|ten|tur|xplo|é]-{pe,tRa}ratoire:40(la,int,o) ; ·[bi|bli|bo|bu|bé|cha|ci|cu|du|ffa|fi|fla|fé|lé|mi|mmi|pa|phé|pi|rro|ser|si|ten|tur|xplo]-{pe}ratoire~·[bi|bli|bo|bu|bé|ci|cla|cu|du|fa|ffa|fi|fla|lé|mi|pa|phé|pi|rro|ser|si|ten|tur|xplo]-{pe}ratoire:40(la,int,o) ; ·[bi|bli|bo|bu|bé|ci|cla|cu|du|fa|ffa|fi|fla|lo|lé|mi|pa|phé|pi|ppo|qui|rro|ser|si|ten|tur|xplo|é]-{pe,tRa}ratoire~·[bi|bli|bo|bu|bé|ci|cla|cu|du|fa|ffa|fi|fla|lé|mi|pa|phé|pi|rro|ser|si|ten|tur|xplo]-{pe}ratoire:40(la,int,o)	79	50.6	151.9		
S261	suffix	ent/@/104 ant/@/46	ent,ant		104	149.8	149.8		
S262	suffix	·onie/o.ni/43 nie/ni/77 monie/mo.ni/36 ·monie/mo.ni/36 ni/ni/28	·onie,nie,ni | monie | ·monie	·onie~monie:33(cer,har,pneu) ; ·onie~·monie:33(cer,har,pneu) ; monie~·monie:33(cer,har,pneu)	214	105.8	148.8		
S263	suffix	port/pOR/79 forme/fORm/36 fort/fOR/33	port,forme | fort	forme~fort:2(con)	56	148.5	148.5		
P162	prefix	obli/o.bli/74	obli		41	74.2	148.4		
P163	prefix	lai°·/lE.°/43 len°·/l@.°/31	lai°·,len°·		31	74.1	148.1		
S264	suffix	·[ffran|flé|fraî|ri]chir/*.SiR/56 chir/SiR/66 chi/Si/26	·[ffran|flé|fraî|ri]chir,chir | chi	chir~chi:2(refl,affran,blan)	65	91.7	147.5		
P164	prefix	na/na/81 ana/a.na/33	na,ana		143	113.7	146.8		
P165	prefix	extra[con|cor|ga|lu|or|po|sen|sys|te|tri|trie|trii|va]·/E.a.*/48	extra[con|cor|ga|lu|or|po|sen|sys|te|tri|trie|trii|va]·		57	48.0	144.1		
S265	suffix	cain/k5/113 quin/k5/30	cain | quin	cain~quin:0(maro)	69	143.2	143.2		
S266	suffix	·[di|fa|mi|so|ter|to|vi]-{si}nateur/*-{si}.na.t9R/48 ·[di|fa|mi|so|ter|to|vi]nateur/*.na.t9R/45	·[di|fa|mi|so|ter|to|vi]-{si}nateur | ·[di|fa|mi|so|ter|to|vi]nateur	·[di|fa|mi|so|ter|to|vi]-{si}nateur~·[di|fa|mi|so|ter|to|vi]nateur:36(or,d,exter)	45	47.6	141.7		
P166	prefix	sue·/sy.e/41 nue·/ny.e/29	sue·,nue·		75	70.5	140.9		
S267	suffix	·[bou|ma|or|ri|sci|té]dinaire/*.i.nER/46 ·[bou|ma|or|qua|quan|ran|ri|sci|to]dinaire/*.*.nER/41 ·[bou|ma|or|ri|sci]dinaire/*.[C]i.nER/40	·[bou|ma|or|ri|sci|té]dinaire | ·[bou|ma|or|qua|quan|ran|ri|sci|to]dinaire | ·[bou|ma|or|ri|sci]dinaire	·[bou|ma|or|ri|sci|té]dinaire~·[bou|ma|or|qua|quan|ran|ri|sci|to]dinaire:34(extra,i,o) ; ·[bou|ma|or|ri|sci|té]dinaire~·[bou|ma|or|ri|sci]dinaire:34(extra,i,o) ; ·[bou|ma|or|qua|quan|ran|ri|sci|to]dinaire~·[bou|ma|or|ri|sci]dinaire:34(extra,i,o)	30	46.7	140.2		
S268	suffix	·°nu/°.ny/56 ·venu/v°.ny/37 venu/v°.ny/23	·°nu | ·venu | venu	·°nu~·venu:15(bien,con,par) ; ·°nu~venu:15(bien,con,par) ; ·venu~venu:15(bien,con,par)	64	69.0	138.0		
S269	suffix	·[ca|da|ga|gi|go|gé|ma|na|né|pa|si|ta|ti|tra|tu|é]lien/*.lj5/53 lien/lj5/55 lin/l5/30	·[ca|da|ga|gi|go|gé|ma|na|né|pa|si|ta|ti|tra|tu|é]lien,lin | lien	·[ca|da|ga|gi|go|gé|ma|na|né|pa|si|ta|ti|tra|tu|é]lien~lien:3(isra,isma)	107	84.9	137.4		
S270	suffix	·[ga|la|llon|lo|lon|mma|na|ra|ran|rra|rran|ti|tran|va]-{SaR,bER}gement/*-{SaR,bER}.Z°.m@/46	·[ga|la|llon|lo|lon|mma|na|ra|ran|rra|rran|ti|tran|va]-{SaR,bER}gement		40	45.8	137.4		
P167	prefix	opé/o.pe/68	opé		13	68.4	136.8		
S271	suffix	pide/pid/84 pie/pi/28 pier/pje/25	pide,pie | pier	pie~pier:1(photoco,polyco)	130	136.2	136.2		
P168	prefix	ad/ad/99 ad[me|mi|mo|ve|vien]·/ad.*/36	ad,ad[me|mi|mo|ve|vien]·		91	99.0	135.0		
S272	suffix	nue/ny/76 nu/ny/58	nue | nu	nue~nu:14(bienv,conti,ret)	112	134.4	134.4		
S273	suffix	·iktion/ik.sj§/51 ·[cons|lé|né|ri|ré|ter|tra]diction/*.ik.sj§/33 ·[lé|né|ri|ter|tra]diction/*.dik.sj§/33 diction/dik.sj§/35	·iktion | ·[cons|lé|né|ri|ré|ter|tra]diction,diction | ·[lé|né|ri|ter|tra]diction	·iktion~diction:32(mal,ben,inter) ; ·[cons|lé|né|ri|ré|ter|tra]diction~·[lé|né|ri|ter|tra]diction:31(ma,b,in) ; ·iktion~·[cons|lé|né|ri|ré|ter|tra]diction:1(con) ; ·iktion~·[lé|né|ri|ter|tra]diction:1(con)	19	50.5	134.2		
S274	suffix	·[co|ge|pe|re|sse|ta|ti|xce]-{bE,ba}ller/*-{bE,ba}.le/67	·[co|ge|pe|re|sse|ta|ti|xce]-{bE,ba}ller		60	66.9	133.8		
S275	suffix	·ffusé/fy.ze/67	·ffusé		32	66.8	133.5		
S276	suffix	·[cru|gi|len|li|ma|man|mi|ni|ri|si|ti|tri|té|za|ï]cien/*.sj5/65 cien/sj5/65 ·icien/i.sj5/34	·[cru|gi|len|li|ma|man|mi|ni|ri|si|ti|tri|té|za|ï]cien,cien | ·icien	·[cru|gi|len|li|ma|man|mi|ni|ri|si|ti|tri|té|za|ï]cien~·icien:18(meca,tech,elec)	144	67.9	132.7	suffix -tion (tion ssion sion ration cation lation ciation ction ntion ition ption rtion ...)	
P169	prefix	mer/mER/89 mer[ce|cre|cu|de|dou|vei]·/mER.*/44	mer,mer[ce|cre|cu|de|dou|vei]·		37	88.8	132.5		
S277	suffix	·ative/a.tiv/36 ·atie/a.si/30	·ative,·atie		38	66.0	132.0		
S278	suffix	·[i|lai|mai|nai|ni|po|poi|rai|ri|ti]son/*.z§/34 ·[fi|lli|mi|pa|pi|qui|ta]gnon/*.N§/30	·[i|lai|mai|nai|ni|po|poi|rai|ri|ti]son,·[fi|lli|mi|pa|pi|qui|ta]gnon		32	63.7	127.5		
S279	suffix	·[a|ca|dé|lé|pri|ré|té]o/*.o/64 ·[dé|lé|ré|té]o/[C]e.o/59	·[a|ca|dé|lé|pri|ré|té]o | ·[dé|lé|ré|té]o	·[a|ca|dé|lé|pri|ré|té]o~·[dé|lé|ré|té]o:52(vi,m,st)	19	63.6	127.1		
P170	prefix	toi/twa/64 ti/ti/63	toi | ti	toi~ti:0(son)	136	127.0	127.0		
P171	prefix	tra[la|va|ve|ver]-{ka}·/tRa.*-{ka}/61	tra[la|va|ve|ver]-{ka}·		33	61.4	122.8		
P172	prefix	aéro/a.e.Ro/41	aéro		44	40.6	121.7		
P173	prefix	équi/e.ki/49 qui/ki/23	équi,qui		56	72.3	121.5		
S280	suffix	·[be|ce|che|cu|dau|de|ge|geo|gne|gno|gre|nne|o|pe|que|ri|ro|rre|se|sse|te|to|tou|va|ve]let/*.lE/61	·[be|ce|che|cu|dau|de|ge|geo|gne|gno|gre|nne|o|pe|que|ri|ro|rre|se|sse|te|to|tou|va|ve]let		86	60.5	121.1		
S281	suffix	rade/Rad/82 nade/nad/39	rade,nade		42	120.6	120.6		
S282	suffix	·[chi|ché|cé|do|dé|fa|ga|li|lié|lé|nho|no|ny|né|pé|rié|ré|so|ssé|ther|thy|to|tré]-{Rit}mie/*-{Rit}.mi/59	·[chi|ché|cé|do|dé|fa|ga|li|lié|lé|nho|no|ny|né|pé|rié|ré|so|ssé|ther|thy|to|tré]-{Rit}mie		98	59.2	118.5		
P174	prefix	eno·/@.o/29 eso·/Es.o/28	eno· | eso·	eno·~eso·:0(pi)	221	57.2	114.5		
P175	prefix	trans[bor|for|por]·/tR@s.[C]OR/57 transOR·/tR@s.OR/50	trans[bor|for|por]· | transOR·	trans[bor|for|por]·~transOR·:20(mer,ter,mateur)	76	57.2	114.4		
P176	prefix	cré/kRe/82 cra/kRa/31	cré | cra	cré~cra:0(cher,mer)	199	113.7	113.7		
P177	prefix	jo/Zo/112	jo		16	112.4	112.4		
S283	suffix	o/o/68 au/o/43	o,au		49	111.7	111.7		
S284	suffix	·[bo|ca|clo|co|coo|cro|gly|go|li|ly|no|o|po|ro|sio|ti|to|tro|té|xi]-{na,pi}démie/*-{na,pi}.*-{Rit}.mi/36	·[bo|ca|clo|co|coo|cro|gly|go|li|ly|no|o|po|ro|sio|ti|to|tro|té|xi]-{na,pi}démie		50	36.0	108.1		
P178	prefix	sur[bai|mè|pre|vei|vê]·/syR.[C]E/54	sur[bai|mè|pre|vei|vê]·		33	53.5	107.0		
P179	prefix	ac/ak/98	ac		53	97.9	97.9		
S285	suffix	·[ci|cry|ni|si|ti|tis|xi]-{nOR}mal/*-{nOR}.mal/49	·[ci|cry|ni|si|ti|tis|xi]-{nOR}mal		31	48.9	97.8		
P180	prefix	rapi[bo|boi|de|di|fie|me|ta]·/Ra.i.*/31	rapi[bo|boi|de|di|fie|me|ta]·		30	31.3	94.0		
P181	prefix	fo/fo/62 fau/fo/30	fo,fau		84	92.3	92.3		
S286	suffix	·cidéré/si.e.Re/32	·cidéré		94	32.3	91.0		
S287	suffix	·[ath|fa|ga|me|que|qui|ta]-{S°}lon/*-{S°}.l§/45	·[ath|fa|ga|me|que|qui|ta]-{S°}lon		13	45.4	90.9		
P182	prefix	chi/Si/66 cho/So/24	chi | cho	chi~cho:1(per,qu)	135	89.9	89.9		
P183	prefix	i[ce|dé|ma|mi|ri|sa]-{zo}·/i.*-{zo}/45	i[ce|dé|ma|mi|ri|sa]-{zo}·		49	44.6	89.2		
S288	suffix	·ykteur/yk.t9R/43 ·dducteur/dyk.t9R/34 ducteur/dyk.t9R/34	·ykteur | ·dducteur | ducteur	·ykteur~·dducteur:25(con,pro,tra) ; ·ykteur~ducteur:25(con,pro,tra) ; ·dducteur~ducteur:25(con,pro,tra)	72	46.2	88.1		
S289	suffix	pa/pa/86	pa		14	86.2	86.2		
P184	prefix	gué/ge/47 gui/gi/39	gué,gui		75	85.2	85.2		
S290	suffix	·[pa|qui|ssi|vi]gnol/*.NOl/42	·[pa|qui|ssi|vi]gnol		18	42.0	84.0		
P185	prefix	phoo·/fo.o/42 photo/fo.to/41	phoo· | photo	phoo·~photo:27(graph,graphi,geniqu)	57	42.0	84.0		
S291	suffix	·[bi|ci|di|dri|gri|gui|mi|ni|pi|ppi|ri|si|tei|ti|tti|vei]-{vi}llon/*-{vi}.j§/42 ·[bi|ci|di|dri|gri|mi|ni|pi|ppi|ri|si|ti|tti]-{v}llon/[C-{v}]i.j§/37	·[bi|ci|di|dri|gri|gui|mi|ni|pi|ppi|ri|si|tei|ti|tti|vei]-{vi}llon | ·[bi|ci|di|dri|gri|mi|ni|pi|ppi|ri|si|ti|tti]-{v}llon	·[bi|ci|di|dri|gri|gui|mi|ni|pi|ppi|ri|si|tei|ti|tti|vei]-{vi}llon~·[bi|ci|di|dri|gri|mi|ni|pi|ppi|ri|si|ti|tti]-{v}llon:25(echan,pa,tour)	72	42.0	84.0		
S292	suffix	·[cha|co|cre|cu|gi|su|ta|to|tu|vo]lat/*.la/38 ·olat/o.la/36 lat/la/38	·[cha|co|cre|cu|gi|su|ta|to|tu|vo]lat,lat | ·olat	·[cha|co|cre|cu|gi|su|ta|to|tu|vo]lat~·olat:31(cho,ben,apos)	35	40.9	81.7		
S293	suffix	fice/fis/45 phie/fi/36	fice,phie		114	81.3	81.3		
S294	suffix	ra/Ra/81	ra		48	81.2	81.2		
S295	suffix	gnol/NOl/45 gnon/N§/34	gnol,gnon		49	79.7	79.7	suffix consonant clusters (tre taire ture fre vre fer vaire erve ste sque ce th ille reille gnon cis ci rbe rne)	
P186	prefix	cu/ky/79	cu		62	78.8	78.8		
P187	prefix	pa[la|li|lu|pa|po|ra|ren|ta|ti|trou]-{ni,po}·/pa.*-{ni,po}/39	pa[la|li|lu|pa|po|ra|ren|ta|ti|trou]-{ni,po}·		60	38.7	77.4		
S296	suffix	no/no/74	no		52	73.7	73.7		
S297	suffix	·[ci|di|gi|i|li|lli|ni|ro|sci|si|te|ti]forme/*.fORm/34 ·[ci|di|gi|i|li|lli|ni|sci|si|ti]forme/[C]i.fORm/33	·[ci|di|gi|i|li|lli|ni|ro|sci|si|te|ti]forme | ·[ci|di|gi|i|li|lli|ni|sci|si|ti]forme	·[ci|di|gi|i|li|lli|ni|ro|sci|si|te|ti]forme~·[ci|di|gi|i|li|lli|ni|sci|si|ti]forme:27(u,cru,spon)	30	34.2	68.5		
S298	suffix	·[do|so|ssio|ço]nnable/*.nabl/34 ·[do|so|ssio|ço]nnable/[C]o.nabl/34 ·onnable/o.nabl/34	·[do|so|ssio|ço]nnable | ·[do|so|ssio|ço]nnable | ·onnable	·[do|so|ssio|ço]nnable~·[do|so|ssio|ço]nnable:30(rai,impar,derai) ; ·[do|so|ssio|ço]nnable~·onnable:30(rai,impar,derai) ; ·[do|so|ssio|ço]nnable~·onnable:30(rai,impar,derai)	16	33.8	67.5		
S299	suffix	·Eson/E.z§/33	·Eson		40	33.4	66.9		
S300	suffix	card/kaR/40 pard/paR/26	card,pard		43	66.2	66.2		
P188	prefix	no/no/66	no		64	66.0	66.0		
P189	prefix	mé[ca|co|con|cré|di|fie|fii|ju|pre|pren|pri|ri|ti]-{l@,na}·/me.*-{l@,na}/33	mé[ca|co|con|cré|di|fie|fii|ju|pre|pren|pri|ri|ti]-{l@,na}·		120	32.5	65.0		
S301	suffix	·°lé/°.le/33	·°lé		395	33.5	64.0		
P190	prefix	cam/k@/64	cam		40	63.7	63.7		
P191	prefix	sa[bor|bou|cré|la|le|li|lo|pris|ta|ti|to|va]-{bo,kRis}·/sa.*-{bo,kRis}/31	sa[bor|bou|cré|la|le|li|lo|pris|ta|ti|to|va]-{bo,kRis}·		57	31.3	62.5		
P192	prefix	débrou·/de.bRu/31	débrou·		35	30.6	61.2		
S302	suffix	ir/iR/31 illir/jiR/29	ir,illir		28	59.4	59.4		
P193	prefix	éEk·/e.Ek/30	éEk·		38	29.5	59.1		
S303	suffix	tu/ty/56	tu		27	56.1	56.1		
P194	prefix	ni/ni/56	ni		53	56.1	56.1		
P195	prefix	gra/gRa/34 gre/gR°/21	gra | gre	gra~gre:0(ver,din)	134	55.4	55.4		
S304	suffix	·ORtable/OR.tabl/28	·ORtable		10	27.6	55.3		
P196	prefix	ju/Zy/54	ju		104	54.0	54.0		
P197	prefix	fê/fE/30 fé/fe/22 fen/f@/1	fê,fé,fen		90	53.5	53.5	prefix consonant+en (fin fen ten tén ven vén)	
P198	prefix	super/sy.pER/26	super		85	26.3	52.7	prefix Latin (inter super multi trans re)	
P199	prefix	emp/@p/50	emp		33	50.4	50.4	prefix vowel+m+b/p (amp amb emp emb imp imb omp omb ump umb)	
P200	prefix	do/do/50	do		73	50.4	50.4		
S305	suffix	science/sj@s/47	science		7	46.9	46.9		
S306	suffix	go/go/46	go		44	45.9	45.9		
P201	prefix	lo/lo/44	lo		89	44.4	44.4		
P202	prefix	loa·/lo.a/21 loca/lo.ka/21	loa· | loca	loa·~loca:11(liser,tair,lis)	34	20.9	41.7		
P203	prefix	ami/a.mi/21	ami		25	20.8	41.7		
S307	suffix	lu/ly/41	lu		79	40.9	40.9		
P204	prefix	dia/dja/32	dia		57	31.5	31.5		
P205	prefix	bu/by/30	bu		50	30.4	30.4		
SEED:suffix -ier/-ien (ier ière ien ienne ième)	suffix	ier/je/7 ière/jER/1 ien/j5/0 ienne/jEn/0			14	8.3	8.3		
SEED:suffix vowel/glide endings (on ène aire aux tude oine ouine ué oué quel)	suffix	on/§/53 ène/En/0 aire/ER/17 tude/tyd/188			107	258.8	258.8		
SEED:suffix -eur (teur trice deur gueur neur eur peur leur)	suffix	peur/p9R/7 leur/l9R/229 teur/t9R/1045 trice/tRis/18 deur/d9R/89 gueur/g9R/12 neur/n9R/49 eur/9R/22			1492	1470.0	1470.0		
SEED:suffix consonant clusters (tre taire ture fre vre fer vaire erve ste sque ce th ille reille gnon cis ci rbe rne)	suffix	taire/tER/300 ture/tyR/903 cis/si/24 ci/si/1654 ce/tSe/2 sque/sk°/49 gnon/N§/34 fer/fe/9 vaire/vER/3			537	2977.9	2977.9		
SEED:suffix -al/-el/-ble (ral bal ble rbal rible nal val vail vel el elle uel ette)	suffix	ette/Et/3 el/El/42 elle/El/1 ral/Ral/217 bal/bal/9 ble/bl°/12 nal/nal/226 val/val/103 vail/vaj/367 vel/vEl/31			404	1012.6	1012.6		
SEED:suffix -tion (tion ssion sion ration cation lation ciation ction ntion ition ption rtion ...)	suffix	sion/zj§/314 zon/z§/9 cienne/sjEn/0 ssion/sj§/388 tion/sj§/2889 cial/sjal/99 tial/sjal/24 ciel/sjEl/41 tiel/sjEl/59 cien/sj5/65 cation/ka.sj§/153 ction/ksj§/6 ration/Ra.sj§/234 ciation/sja.sj§/22 lation/la.sj§/83 ption/psj§/1			2008	3933.6	4426.7		
SEED:suffix -ance/-ande/-cte	suffix	ance/@s/27 ence/@s/15			36	42.2	42.2		
SEED:suffix -ité (ité rité ilité bilité bité vité cité sité)	suffix	vité/vi.te/50 cité/si.te/79 ité/i.te/1 bité/bi.te/2 bilité/bi.li.te/111 rité/Ri.te/233 sité/si.te/50			617	525.4	1161.8		
SEED:suffix -if/-ive	suffix	if/if/0			2	0.0	0.0		
SEED:suffix verb -ise/-iger (lise bilise ralise igé iger éner)	suffix	lise/liz/0			4	0.1	0.1		
SEED:suffix -ment (ment vement)	suffix	ment/m@/4955 vement/v°.m@/121			2343	4981.4	5101.9		
SEED:suffix other	suffix	voir/vwaR/337			20	337.0	337.0		
SEED:suffix -logie (logie logique logiste logue)	suffix	logue/lOg/49 logie/lo.Zi/57 logiste/lo.Zist/4 logique/lo.Zik/36			371	146.8	244.3		
SEED:prefix con-/com- (con cons conn com comm coll corr)	prefix	cons/k§s/46			70	46.5	46.5		
SEED:prefix nasal+consonant (ent end int ind in ins ens)	prefix	ins/5s/296 in/5/991			1258	1286.8	1286.8		
SEED:prefix dé- (dé dés déc)	prefix	dé/de/3209			6013	3208.5	3208.5		
SEED:prefix Latin (inter super multi trans re)	prefix	super/sy.pER/26 multi/myl.ti/10 inter/5.tER/160 trans/tR@s/175 re/R°/5716			5535	6087.9	6284.8		
SEED:prefix ex- (ex exce exci)	prefix	ex/Egz/152 exci/E.ksi/36			101	187.8	224.0		
SEED:prefix vowel+m+b/p (amp amb emp emb imp imb omp omb ump umb)	prefix	emp/@p/50 emb/@b/0			37	50.4	50.4		
SEED:prefix consonant+en (fin fen ten tén ven vén)	prefix	fin/f5/2 fen/f@/1 ten/t@/86 ven/v@/45			141	134.0	134.0		
